"id";"data_inversa";"dia_semana";"horario";"uf";"br";"km";"municipio";"causa_acidente";"tipo_acidente";"classificacao_acidente";"fase_dia";"sentido_via";"condicao_metereologica";"tipo_pista";"tracado_via";"uso_solo";"pessoas";"mortos";"feridos_leves";"feridos_graves";"ilesos";"ignorados";"feridos";"veiculos";"latitude";"longitude";"regional";"delegacia";"uop"
575314;2024-01-17;"quarta-feira";"14:40:00";"PR";163;134;"CAPITAO LEONIDAS MARQUES";"Ausência de reação do condutor";"Colisão traseira";"Com Vítimas Feridas";"Pleno dia";"Decrescente";"Nublado";"Dupla";"Declive;Reta                  ";"Não";2;0;0;1;1;0;1;2;-25,546616;-53,59186798;"SPRF-PR";"DEL05-PR";"UOP05-DEL05-PR"
575317;2024-01-17;"quarta-feira";"15:48:00";"RN";101;83,7;"NATAL";"Reação tardia ou ineficiente do condutor";"Colisão traseira";"Com Vítimas Feridas";"Pleno dia";"Decrescente";"Céu Claro";"Dupla";"Reta";"Sim";2;0;0;1;1;0;1;2;-5,77313486;-35,2605021;"SPRF-RN";"DEL02-RN";"UOP01-DEL02-RN"
575318;2024-01-17;"quarta-feira";"15:35:00";"BA";324;616,8;"SALVADOR";"Acessar a via sem observar a presença dos outros veículos";"Colisão transversal";"Com Vítimas Fatais";"Pleno dia";"Decrescente";"Céu Claro";"Múltipla";"Reta";"Sim";2;1;0;0;1;0;0;2;-12,87957905;-38,43213893;"SPRF-BA";"DEL01-BA";"UOP01-DEL01-BA"
575324;2024-01-17;"quarta-feira";"12:49:00";"PE";423;170;"AGUAS BELAS";"Transitar na contramão";"Colisão lateral sentido oposto";"Com Vítimas Feridas";"Pleno dia";"Decrescente";"Céu Claro";"Simples";"Reta";"Não";2;0;0;1;1;0;1;2;-9,12796232;-37,05114797;"SPRF-AL";"DEL03-AL";"UOP02-DEL03-AL"
575326;2024-01-17;"quarta-feira";"14:50:00";"MS";267;147;"NOVA ANDRADINA";"Ausência de reação do condutor";"Capotamento";"Com Vítimas Fatais";"Pleno dia";"Decrescente";"Céu Claro";"Simples";"Reta";"Não";5;1;0;3;1;0;3;2;-21,65659582;-53,4462169;"SPRF-MS";"DEL02-MS";"UOP03-DEL02-MS"
575327;2024-01-17;"quarta-feira";"16:20:00";"PR";277;670,5;"MEDIANEIRA";"Transitar na contramão";"Colisão frontal";"Com Vítimas Feridas";"Pleno dia";"Decrescente";"Nublado";"Dupla";"Reta";"Sim";2;0;0;1;1;0;1;2;-25,28037085;-54,07911108;"SPRF-PR";"DEL05-PR";"UOP02-DEL05-PR"
575328;2024-01-17;"quarta-feira";"17:00:00";"MG";381;514;"IGARAPE";"Ausência de reação do condutor";"Colisão traseira";"Com Vítimas Feridas";"Pleno dia";"Decrescente";"Céu Claro";"Dupla";"Reta;Declive                  ";"Não";11;0;7;1;3;0;8;3;-20,1065028;-44,32327616;"SPRF-MG";"DEL01-MG";"UOP03-DEL01-MG"
575330;2024-01-17;"quarta-feira";"16:20:00";"SP";116;311;"SAO LOURENCO DA SERRA";"Ausência de reação do condutor";"Colisão lateral mesmo sentido";"Com Vítimas Feridas";"Pleno dia";"Crescente";"Céu Claro";"Dupla";"Reta;Declive                  ";"Não";6;0;1;0;5;0;1;5;-23,87725502;-46,96775798;"SPRF-SP";"DEL04-SP";"UOP01-DEL04-SP"
575334;2024-01-17;"quarta-feira";"16:25:00";"MG";116;410;"GOVERNADOR VALADARES";"Condutor deixou de manter distância do veículo da frente";"Colisão traseira";"Com Vítimas Feridas";"Pleno dia";"Crescente";"Sol";"Dupla";"Reta";"Sim";2;0;1;0;1;0;1;2;-18,855625;-41,975623;"SPRF-MG";"DEL06-MG";"UOP01-DEL06-MG"
575335;2024-01-17;"quarta-feira";"16:00:00";"MS";163;451,5;"CAMPO GRANDE";"Ausência de reação do condutor";"Tombamento";"Com Vítimas Feridas";"Pleno dia";"Crescente";"Nublado";"Simples";"Declive;Reta                  ";"Não";2;0;1;0;1;0;1;1;-20,71284752;-54,54527378;"SPRF-MS";"DEL01-MS";"UOP01-DEL01-MS"
575339;2024-01-17;"quarta-feira";"15:50:00";"RJ";40;67,9;"PETROPOLIS";"Carga excessiva e/ou mal acondicionada";"Tombamento";"Com Vítimas Feridas";"Pleno dia";"Decrescente";"Nublado";"Dupla";"Curva";"Sim";1;0;1;0;0;0;1;1;-22,43674775;-43,1756712;"SPRF-RJ";"DEL05-RJ";"UOP02-DEL05-RJ"
575340;2024-01-17;"quarta-feira";"16:10:00";"PR";277;484,2;"NOVA LARANJEIRAS";"Carga excessiva e/ou mal acondicionada";"Tombamento";"Com Vítimas Feridas";"Pleno dia";"Crescente";"Céu Claro";"Simples";"Aclive;Curva                  ";"Não";2;0;0;1;1;0;1;2;-25,27011524;-52,61299706;"SPRF-PR";"DEL04-PR";"UOP02-DEL04-PR"
575343;2024-01-17;"quarta-feira";"09:30:00";"SC";470;114,4;"IBIRAMA";"Ultrapassagem Indevida";"Colisão frontal";"Com Vítimas Feridas";"Pleno dia";"Decrescente";"Nublado";"Simples";"Curva";"Não";2;0;1;0;1;0;1;2;-27,086386;-49,478001;"SPRF-SC";"DEL04-SC";"UOP02-DEL04-SC"
575344;2024-01-17;"quarta-feira";"16:10:00";"MG";116;665,4;"SAO FRANCISCO DO GLORIA";"Condutor deixou de manter distância do veículo da frente";"Colisão traseira";"Com Vítimas Feridas";"Pleno dia";"Crescente";"Sol";"Simples";"Reta";"Não";2;0;1;0;1;0;1;2;-20,82713698;-42,32223579;"SPRF-MG";"DEL07-MG";"UOP02-DEL07-MG"
575351;2024-01-17;"quarta-feira";"16:30:00";"MT";163;118;"RONDONOPOLIS";"Reação tardia ou ineficiente do condutor";"Colisão traseira";"Sem Vítimas";"Pleno dia";"Crescente";"Céu Claro";"Dupla";"Reta";"Sim";2;0;0;0;2;0;0;2;-16,51361392;-54,65519619;"SPRF-MT";"DEL02-MT";"UOP01-DEL02-MT"
575352;2024-01-17;"quarta-feira";"17:20:00";"BA";324;550,5;"AMELIA RODRIGUES";"Acessar a via sem observar a presença dos outros veículos";"Colisão lateral mesmo sentido";"Sem Vítimas";"Anoitecer";"Decrescente";"Céu Claro";"Dupla";"Reta";"Não";4;0;0;0;4;0;0;2;-12,43832718;-38,72506515;"SPRF-BA";"DEL01-BA";"UOP03-DEL01-BA"
575367;2024-01-17;"quarta-feira";"13:30:00";"MT";174;265;"VALE DE SAO DOMINGOS";"Transitar na contramão";"Colisão frontal";"Com Vítimas Feridas";"Pleno dia";"Decrescente";"Céu Claro";"Simples";"Curva;Declive                 ";"Não";5;0;1;1;2;1;2;3;-15,387301;-59,1641;"SPRF-MT";"DEL04-MT";"UOP01-DEL04-MT"
575368;2024-01-17;"quarta-feira";"18:35:00";"PR";153;82,4;"CONSELHEIRO MAIRINCK";"Acessar a via sem observar a presença dos outros veículos";"Colisão frontal";"Com Vítimas Feridas";"Pleno dia";"Crescente";"Céu Claro";"Simples";"Reta";"Não";5;0;0;2;3;0;2;3;-23,62499418;-50,147717;"SPRF-PR";"DEL07-PR";"UOP04-DEL07-PR"
575370;2024-01-17;"quarta-feira";"18:20:00";"ES";101;102,3;"SOORETAMA";"Condutor deixou de manter distância do veículo da frente";"Colisão traseira";"Com Vítimas Feridas";"Anoitecer";"Crescente";"Céu Claro";"Simples";"Aclive;Reta                   ";"Não";4;0;2;0;2;0;2;2;-18,99655669;-40,00319452;"SPRF-ES";"DEL04-ES";"UOP01-DEL04-ES"
575384;2024-01-17;"quarta-feira";"21:30:00";"SP";116;205;"ARUJA";"Condutor deixou de manter distância do veículo da frente";"Colisão traseira";"Com Vítimas Feridas";"Plena Noite";"Decrescente";"Céu Claro";"Múltipla";"Reta";"Não";4;0;0;1;0;3;1;3;-23,41475243;-46,36600788;"SPRF-SP";"DEL01-SP";"UOP01-DEL01-SP"
575388;2024-01-17;"quarta-feira";"19:45:00";"BA";116;554;"MILAGRES";"Ultrapassagem Indevida";"Colisão frontal";"Com Vítimas Fatais";"Plena Noite";"Crescente";"Céu Claro";"Simples";"Aclive;Reta                   ";"Não";9;5;0;0;1;3;0;3;-12,90392626;-39,86139056;"SPRF-BA";"DEL03-BA";"UOP02-DEL03-BA"
575389;2024-01-17;"quarta-feira";"21:00:00";"RS";287;343;"SAO VICENTE DO SUL";"Objeto estático sobre o leito carroçável";"Colisão lateral mesmo sentido";"Com Vítimas Feridas";"Plena Noite";"Decrescente";"Nublado";"Simples";"Reta";"Não";2;0;1;0;1;0;1;2;-29,56983095;-54,68060641;"SPRF-RS";"DEL12-RS";"UOP02-DEL12-RS"
575393;2024-01-17;"quarta-feira";"22:00:00";"MG";381;757,1;"TRES CORACOES";"Condutor deixou de manter distância do veículo da frente";"Colisão traseira";"Com Vítimas Feridas";"Plena Noite";"Crescente";"Nublado";"Dupla";"Reta";"Não";2;0;1;0;1;0;1;2;-21,67816733;-45,34083366;"SPRF-MG";"DEL16-MG";"UOP02-DEL16-MG"
575396;2024-01-17;"quarta-feira";"17:40:00";"RO";364;724;"PORTO VELHO";"Curva acentuada";"Colisão frontal";"Com Vítimas Feridas";"Pleno dia";"Crescente";"Céu Claro";"Simples";"Curva";"Não";2;0;1;1;0;0;2;2;-8,84981407;-63,93819809;"SPRF-RO";"DEL01-RO";"UOP01-DEL01-RO"
575403;2024-01-18;"quinta-feira";"02:10:00";"PI";316;185,8;"VALENCA DO PIAUI";"Animais na Pista";"Atropelamento de Animal";"Sem Vítimas";"Plena Noite";"Decrescente";"Céu Claro";"Simples";"Ponte;Reta                    ";"Não";1;0;0;0;1;0;0;1;-6,27986853;-41,9457755;"SPRF-PI";"DEL04-PI";"UOP02-DEL04-PI"
575405;2024-01-18;"quinta-feira";"04:25:00";"SP";116;216;"GUARULHOS";"Condutor Dormindo";"Atropelamento de Pedestre";"Com Vítimas Fatais";"Plena Noite";"Crescente";"Nublado";"Múltipla";"Em Obras;Desvio Temporário    ";"Sim";7;1;2;2;2;0;4;4;-23,45056589;-46,46258105;"SPRF-SP";"DEL01-SP";"UOP01-DEL01-SP"
575407;2024-01-18;"quinta-feira";"00:20:00";"GO";70;449;"ARAGARCAS";"Demais falhas mecânicas ou elétricas";"Saída de leito carroçável";"Com Vítimas Feridas";"Plena Noite";"Crescente";"Céu Claro";"Simples";"Reta;Declive                  ";"Não";2;0;2;0;0;0;2;1;-15,90874974;-52,03344237;"SPRF-GO";"DEL04-GO";"UOP02-DEL04-GO"
575409;2024-01-18;"quinta-feira";"04:30:00";"RJ";116;202;"SEROPEDICA";"Reação tardia ou ineficiente do condutor";"Colisão transversal";"Com Vítimas Feridas";"Amanhecer";"Decrescente";"Céu Claro";"Dupla";"Reta";"Não";2;0;0;1;1;0;1;2;-22,72996588;-43,61317403;"SPRF-RJ";"DEL06-RJ";"UOP02-DEL06-RJ"
575411;2024-01-18;"quinta-feira";"04:45:00";"MG";40;669,2;"CARANDAI";"Condutor Dormindo";"Saída de leito carroçável";"Com Vítimas Feridas";"Plena Noite";"Crescente";"Céu Claro";"Simples";"Aclive;Reta                   ";"Não";1;0;1;0;0;0;1;1;-20,966099;-43,786759;"SPRF-MG";"DEL05-MG";"UOP02-DEL05-MG"
575418;2024-01-17;"quarta-feira";"15:30:00";"MT";70;28;"BARRA DO GARCAS";"Velocidade Incompatível";"Saída de leito carroçável";"Com Vítimas Feridas";"Pleno dia";"Decrescente";"Céu Claro";"Simples";"Curva";"Não";1;0;1;0;0;0;1;1;-15,81393036;-52,47756134;"SPRF-MT";"DEL07-MT";"UOP01-DEL07-MT"
575421;2024-01-17;"quarta-feira";"22:15:00";"SC";101;138;"BALNEARIO CAMBORIU";"Acesso irregular";"Colisão traseira";"Com Vítimas Feridas";"Plena Noite";"Crescente";"Nublado";"Dupla";"Reta";"Sim";8;0;1;0;7;0;1;3;-27,02397426;-48,60761649;"SPRF-SC";"DEL04-SC";"UOP03-DEL04-SC"
575423;2024-01-17;"quarta-feira";"08:55:00";"BA";110;147;"RIBEIRA DO POMBAL";"Objeto estático sobre o leito carroçável";"Colisão com objeto";"Com Vítimas Feridas";"Pleno dia";"Crescente";"Céu Claro";"Simples";"Reta";"Não";2;0;0;1;1;0;1;2;-10,67413598;-38,42456502;"SPRF-BA";"DEL07-BA";"UOP02-DEL07-BA"
575427;2024-01-18;"quinta-feira";"07:20:00";"RJ";101;308;"SAO GONCALO";"Condutor deixou de manter distância do veículo da frente";"Colisão traseira";"Sem Vítimas";"Pleno dia";"Crescente";"Céu Claro";"Dupla";"Reta";"Não";8;0;0;0;8;0;0;4;-22,79309326;-43,02479595;"SPRF-RJ";"DEL02-RJ";"UOP02-DEL02-RJ"
575431;2024-01-18;"quinta-feira";"07:45:00";"PR";116;116;"CURITIBA";"Acessar a via sem observar a presença dos outros veículos";"Colisão lateral mesmo sentido";"Com Vítimas Feridas";"Pleno dia";"Decrescente";"Céu Claro";"Dupla";"Reta";"Não";2;0;0;1;1;0;1;2;-25,55468195;-49,27402397;"SPRF-PR";"DEL01-PR";"UOP03-DEL01-PR"
575436;2024-01-18;"quinta-feira";"06:20:00";"PI";135;348;"BOM JESUS";"Reação tardia ou ineficiente do condutor";"Colisão traseira";"Sem Vítimas";"Pleno dia";"Decrescente";"Céu Claro";"Simples";"Reta";"Sim";4;0;0;0;4;0;0;2;-9,06601088;-44,32334311;"SPRF-PI";"DEL03-PI";"UOP02-DEL03-PI"
575437;2024-01-18;"quinta-feira";"05:00:00";"AL";101;29;"JOAQUIM GOMES";"Demais falhas na via";"Tombamento";"Com Vítimas Feridas";"Amanhecer";"Decrescente";"Céu Claro";"Simples";"Curva";"Não";1;0;1;0;0;0;1;1;-9,07654203;-35,74434506;"SPRF-AL";"DEL01-AL";"UOP02-DEL01-AL"
575449;2024-01-15;"segunda-feira";"06:45:00";"BA";116;736;"BOA NOVA";"Declive acentuado";"Tombamento";"Com Vítimas Feridas";"Pleno dia";"Decrescente";"Sol";"Simples";"Curva";"Não";1;0;1;0;0;0;1;1;-14,32130297;-40,32617043;"SPRF-BA";"DEL08-BA";"UOP02-DEL08-BA"
575450;2024-01-18;"quinta-feira";"07:10:00";"PR";376;10,5;"MARINGA";"Manobra de mudança de faixa";"Colisão lateral mesmo sentido";"Com Vítimas Feridas";"Pleno dia";"Decrescente";"Céu Claro";"Dupla";"Reta";"Não";2;0;0;1;1;0;1;2;-23,38215111;-51,91037698;"SPRF-PR";"DEL09-PR";"UOP01-DEL09-PR"
575464;2024-01-18;"quinta-feira";"09:29:00";"PE";101;44;"IGARASSU";"Condutor deixou de manter distância do veículo da frente";"Colisão traseira";"Com Vítimas Feridas";"Pleno dia";"Crescente";"Céu Claro";"Múltipla";"Reta";"Sim";3;0;1;0;2;0;1;3;-7,85637001;-34,90842109;"SPRF-PE";"DEL01-PE";"UOP02-DEL01-PE"
575466;2024-01-18;"quinta-feira";"09:40:00";"SC";470;56,2;"BLUMENAU";"Desrespeitar a preferência no cruzamento";"Colisão transversal";"Sem Vítimas";"Pleno dia";"Decrescente";"Chuva";"Simples";"Interseção de Vias;Reta       ";"Sim";6;0;0;0;6;0;0;2;-26,87674;-49,127743;"SPRF-SC";"DEL04-SC";"UOP01-DEL04-SC"
575471;2024-01-18;"quinta-feira";"09:00:00";"MS";163;88;"ITAQUIRAI";"Demais falhas mecânicas ou elétricas";"Eventos atípicos";"Com Vítimas Feridas";"Pleno dia";"Crescente";"Céu Claro";"Simples";"Reta;Ponte                    ";"Não";5;0;1;3;1;0;4;3;-23,38801296;-54,2114515;"SPRF-MS";"DEL09-MS";"UOP01-DEL09-MS"
575474;2024-01-18;"quinta-feira";"08:00:00";"BA";116;700;"JEQUIE";"Velocidade Incompatível";"Saída de leito carroçável";"Com Vítimas Feridas";"Pleno dia";"Decrescente";"Sol";"Simples";"Curva";"Não";1;0;1;0;0;0;1;1;-14,02757181;-40,19610925;"SPRF-BA";"DEL03-BA";"UOP01-DEL03-BA"
575478;2024-01-17;"quarta-feira";"07:00:00";"RJ";116;171;"RIO DE JANEIRO";"Ausência de reação do condutor";"Colisão traseira";"Com Vítimas Feridas";"Pleno dia";"Decrescente";"Céu Claro";"Dupla";"Reta";"Não";5;0;3;1;1;0;4;3;-22,8060415;-43,34289573;"SPRF-RJ";"DEL06-RJ";"UOP01-DEL06-RJ"
575482;2024-01-18;"quinta-feira";"11:05:00";"PR";277;321,1;"GUARAPUAVA";"Reação tardia ou ineficiente do condutor";"Colisão lateral sentido oposto";"Com Vítimas Feridas";"Pleno dia";"Decrescente";"Céu Claro";"Simples";"Curva;Declive                 ";"Não";5;0;1;0;4;0;1;3;-25,35344678;-51,22861718;"SPRF-PR";"DEL08-PR";"UOP01-DEL08-PR"
575484;2024-01-18;"quinta-feira";"11:10:00";"PE";232;17,9;"JABOATAO DOS GUARARAPES";"Avarias e/ou desgaste excessivo no pneu";"Queda de ocupante de veículo";"Com Vítimas Fatais";"Pleno dia";"Crescente";"Céu Claro";"Dupla";"Reta";"Não";3;1;0;1;1;0;1;2;-8,096947;-35,05353;"SPRF-PE";"DEL01-PE";"UOP01-DEL01-PE"
575488;2024-01-18;"quinta-feira";"11:31:00";"SC";101;233;"PALHOCA";"Ausência de reação do condutor";"Saída de leito carroçável";"Com Vítimas Feridas";"Pleno dia";"Crescente";"Chuva";"Múltipla";"Curva";"Não";4;0;1;0;3;0;1;3;-27,80376397;-48,63826211;"SPRF-SC";"DEL01-SC";"UOP02-DEL01-SC"
575490;2024-01-18;"quinta-feira";"12:10:00";"PA";316;20;"BENEVIDES";"Reação tardia ou ineficiente do condutor";"Colisão traseira";"Sem Vítimas";"Pleno dia";"Decrescente";"Sol";"Dupla";"Reta";"Sim";2;0;0;0;2;0;0;2;-1,3642339;-48,266582;"SPRF-PA";"DEL01-PA";"UOP01-DEL01-PA"
575492;2024-01-18;"quinta-feira";"08:10:00";"MG";381;592;"CARMOPOLIS DE MINAS";"Velocidade Incompatível";"Colisão lateral mesmo sentido";"Sem Vítimas";"Pleno dia";"Decrescente";"Céu Claro";"Dupla";"Curva";"Não";3;0;0;0;3;0;0;3;-20,57880683;-44,6872411;"SPRF-MG";"DEL04-MG";"UOP01-DEL04-MG"
575493;2024-01-18;"quinta-feira";"12:40:00";"RS";285;293,1;"PASSO FUNDO";"Acessar a via sem observar a presença dos outros veículos";"Colisão transversal";"Com Vítimas Feridas";"Pleno dia";"Crescente";"Chuva";"Simples";"Rotatória";"Sim";2;0;1;0;1;0;1;2;-28,236645;-52,375156;"SPRF-RS";"DEL08-RS";"UOP03-DEL08-RS"
575498;2024-01-18;"quinta-feira";"07:24:00";"MG";381;592,3;"CARMOPOLIS DE MINAS";"Velocidade Incompatível";"Saída de leito carroçável";"Com Vítimas Fatais";"Pleno dia";"Decrescente";"Céu Claro";"Dupla";"Curva";"Não";3;2;0;1;0;0;1;1;-20,560258;-44,663513;"SPRF-MG";"DEL04-MG";"UOP01-DEL04-MG"
575503;2024-01-14;"domingo";"13:50:00";"PR";376;488;"PONTA GROSSA";"Velocidade Incompatível";"Colisão lateral mesmo sentido";"Com Vítimas Feridas";"Pleno dia";"Crescente";"Céu Claro";"Dupla";"Interseção de Vias;Reta       ";"Sim";2;0;1;0;0;1;1;2;-25,13510082;-50,16497282;"SPRF-PR";"DEL03-PR";"UOP04-DEL03-PR"
575511;2024-01-18;"quinta-feira";"12:40:00";"SC";470;178,7;"POUSO REDONDO";"Reação tardia ou ineficiente do condutor";"Saída de leito carroçável";"Com Vítimas Feridas";"Pleno dia";"Crescente";"Chuva";"Simples";"Reta";"Não";2;0;2;0;0;0;2;1;-27,248392;-49,967083;"SPRF-SC";"DEL04-SC";"UOP02-DEL04-SC"
575519;2024-01-18;"quinta-feira";"15:30:00";"SC";101;228;"PALHOCA";"Condutor deixou de manter distância do veículo da frente";"Colisão traseira";"Com Vítimas Fatais";"Pleno dia";"Crescente";"Nublado";"Múltipla";"Aclive;Reta                   ";"Não";4;2;1;0;1;0;1;3;-27,7597249;-48,63078869;"SPRF-SC";"DEL01-SC";"UOP02-DEL01-SC"
575520;2024-01-18;"quinta-feira";"14:40:00";"MG";381;937,4;"EXTREMA";"Reação tardia ou ineficiente do condutor";"Engavetamento";"Com Vítimas Feridas";"Pleno dia";"Crescente";"Céu Claro";"Dupla";"Declive;Curva                 ";"Não";10;0;5;0;5;0;5;6;-22,83554657;-46,32086698;"SPRF-MG";"DEL16-MG";"UOP03-DEL16-MG"
575521;2024-01-18;"quinta-feira";"11:05:00";"RS";293;305,3;"SANTANA DO LIVRAMENTO";"Reação tardia ou ineficiente do condutor";"Saída de leito carroçável";"Com Vítimas Fatais";"Pleno dia";"Crescente";"Nublado";"Simples";"Reta;Em Obras;Declive;Interseç";"Não";8;2;0;3;1;2;3;3;-30,78765247;-55,18643031;"SPRF-RS";"DEL11-RS";"UOP01-DEL11-RS"
575527;2024-01-18;"quinta-feira";"15:50:00";"SC";101;114,2;"ITAJAI";"Retorno proibido";"Colisão lateral mesmo sentido";"Com Vítimas Feridas";"Pleno dia";"Decrescente";"Nublado";"Dupla";"Reta;Interseção de Vias       ";"Sim";2;0;0;1;1;0;1;2;-26,86192886;-48,7286704;"SPRF-SC";"DEL04-SC";"UOP04-DEL04-SC"
575535;2024-01-18;"quinta-feira";"15:55:00";"MS";158;108;"PARANAIBA";"Manobra de mudança de faixa";"Saída de leito carroçável";"Com Vítimas Feridas";"Pleno dia";"Decrescente";"Céu Claro";"Simples";"Reta";"Não";6;0;2;0;4;0;2;2;-19,77017499;-51,12058898;"SPRF-MS";"DEL08-MS";"UOP01-DEL08-MS"
575537;2024-01-18;"quinta-feira";"10:00:00";"SP";116;210;"GUARULHOS";"Manobra de mudança de faixa";"Colisão lateral mesmo sentido";"Sem Vítimas";"Pleno dia";"Crescente";"Céu Claro";"Dupla";"Reta";"Sim";3;0;0;0;3;0;0;2;-23,42870023;-46,41085991;"SPRF-SP";"DEL01-SP";"UOP01-DEL01-SP"
575542;2024-01-18;"quinta-feira";"15:38:00";"RN";304;161;"ANGICOS";"Velocidade Incompatível";"Colisão traseira";"Com Vítimas Feridas";"Pleno dia";"Decrescente";"Céu Claro";"Simples";"Reta";"Não";4;0;1;0;3;0;1;4;-5,68198485;-36,50597621;"SPRF-RN";"DEL01-RN";"UOP03-DEL01-RN"
575543;2024-01-18;"quinta-feira";"17:55:00";"RJ";101;259;"RIO BONITO";"Transitar no Acostamento";"Atropelamento de Pedestre";"Com Vítimas Feridas";"Pleno dia";"Crescente";"Céu Claro";"Dupla";"Reta";"Não";2;0;0;1;1;0;1;2;-22,70382012;-42,59637797;"SPRF-RJ";"DEL02-RJ";"UOP03-DEL02-RJ"
575546;2024-01-18;"quinta-feira";"17:35:00";"RJ";116;207;"SEROPEDICA";"Manobra de mudança de faixa";"Colisão lateral mesmo sentido";"Sem Vítimas";"Pleno dia";"Crescente";"Nublado";"Dupla";"Reta";"Não";3;0;0;0;3;0;0;2;-22,72454443;-43,66145706;"SPRF-RJ";"DEL06-RJ";"UOP02-DEL06-RJ"
575552;2024-01-18;"quinta-feira";"17:00:00";"BA";116;429,6;"FEIRA DE SANTANA";"Carga excessiva e/ou mal acondicionada";"Colisão com objeto";"Sem Vítimas";"Pleno dia";"Decrescente";"Céu Claro";"Dupla";"Reta";"Sim";1;0;0;0;1;0;0;1;-12,28847607;-39,01053786;"SPRF-BA";"DEL02-BA";"UOP01-DEL02-BA"
575557;2024-01-18;"quinta-feira";"14:30:00";"PR";153;507,1;"GENERAL CARNEIRO";"Acumulo de água sobre o pavimento";"Colisão frontal";"Com Vítimas Feridas";"Pleno dia";"Crescente";"Chuva";"Simples";"Reta";"Não";4;0;1;0;3;0;1;2;-26,50990453;-51,35421753;"SPRF-PR";"DEL02-PR";"UOP03-DEL02-PR"
575574;2024-01-18;"quinta-feira";"19:30:00";"TO";153;520;"PARAISO DO TOCANTINS";"Ultrapassagem Indevida";"Saída de leito carroçável";"Com Vítimas Feridas";"Plena Noite";"Crescente";"Céu Claro";"Simples";"Reta;Declive                  ";"Não";1;0;1;0;0;0;1;1;-10,38023302;-48,89309787;"SPRF-TO";"DEL01-TO";"UOP01-DEL01-TO"
575587;2024-01-18;"quinta-feira";"21:30:00";"ES";101;295;"CARIACICA";"Ausência de reação do condutor";"Colisão traseira";"Com Vítimas Fatais";"Plena Noite";"Crescente";"Céu Claro";"Dupla";"Reta";"Sim";4;1;0;1;2;0;1;3;-20,33223667;-40,40004683;"SPRF-ES";"DEL01-ES";"UOP01-DEL01-ES"
575590;2024-01-18;"quinta-feira";"20:30:00";"SC";470;235,2;"SAO CRISTOVAO DO SUL";"Transitar no Acostamento";"Colisão frontal";"Com Vítimas Feridas";"Anoitecer";"Decrescente";"Nublado";"Simples";"Curva";"Não";2;0;0;1;1;0;1;2;-27,302292;-50,439423;"SPRF-SC";"DEL05-SC";"UOP03-DEL05-SC"
575595;2024-01-18;"quinta-feira";"22:25:00";"SP";116;282;"EMBU DAS ARTES";"Acessar a via sem observar a presença dos outros veículos";"Colisão traseira";"Com Vítimas Feridas";"Plena Noite";"Crescente";"Garoa/Chuvisco";"Dupla";"Reta";"Sim";2;0;1;0;1;0;1;2;-23,68570216;-46,85970975;"SPRF-SP";"DEL04-SP";"UOP01-DEL04-SP"
575596;2024-01-18;"quinta-feira";"22:10:00";"MG";364;34,5;"FRUTAL";"Reação tardia ou ineficiente do condutor";"Colisão transversal";"Com Vítimas Feridas";"Plena Noite";"Crescente";"Céu Claro";"Simples";"Reta";"Não";3;0;0;2;1;0;2;2;-19,98406949;-48,95777009;"SPRF-MG";"DEL13-MG";"UOP02-DEL13-MG"
575610;2024-01-18;"quinta-feira";"19:40:00";"PR";277;332,8;"GUARAPUAVA";"Reação tardia ou ineficiente do condutor";"Engavetamento";"Com Vítimas Fatais";"Plena Noite";"Decrescente";"Chuva";"Dupla";"Reta";"Não";17;1;5;1;10;0;6;8;-25,346834;-51,382651;"SPRF-PR";"DEL08-PR";"UOP01-DEL08-PR"
575614;2024-01-19;"sexta-feira";"00:45:00";"MS";267;21,1;"BATAGUASSU";"Ultrapassagem Indevida";"Colisão lateral mesmo sentido";"Com Vítimas Feridas";"Plena Noite";"Decrescente";"Céu Claro";"Simples";"Reta;Declive                  ";"Não";3;0;1;0;2;0;1;2;-21,72693625;-52,34505699;"SPRF-MS";"DEL02-MS";"UOP04-DEL02-MS"
575615;2024-01-19;"sexta-feira";"02:20:00";"ES";101;356;"ANCHIETA";"Condutor Dormindo";"Saída de leito carroçável";"Sem Vítimas";"Plena Noite";"Crescente";"Céu Claro";"Dupla";"Reta";"Não";1;0;0;0;1;0;0;1;-20,69339794;-40,68748402;"SPRF-ES";"DEL03-ES";"UOP01-DEL03-ES"
575617;2024-01-19;"sexta-feira";"01:50:00";"MT";70;741;"CACERES";"Condutor Dormindo";"Colisão frontal";"Com Vítimas Feridas";"Plena Noite";"Decrescente";"Céu Claro";"Simples";"Reta";"Não";2;0;1;0;1;0;1;2;-16,022312;-57,732925;"SPRF-MT";"DEL03-MT";"UOP01-DEL03-MT"
575618;2024-01-18;"quinta-feira";"23:15:00";"MG";153;218,3;"FRUTAL";"Condutor Dormindo";"Colisão frontal";"Com Vítimas Fatais";"Plena Noite";"Decrescente";"Nublado";"Simples";"Reta";"Não";4;3;1;0;0;0;1;2;-20,092342;-49,084881;"SPRF-MG";"DEL13-MG";"UOP02-DEL13-MG"
575619;2024-01-19;"sexta-feira";"01:17:00";"RO";364;590;"ITAPUA DO OESTE";"Condutor Dormindo";"Tombamento";"Com Vítimas Feridas";"Plena Noite";"Crescente";"Chuva";"Simples";"Reta";"Não";1;0;1;0;0;0;1;1;-9,30997104;-63,14881615;"SPRF-RO";"DEL01-RO";"UOP04-DEL01-RO"