"id";"data_inversa";"dia_semana";"horario";"uf";"br";"km";"municipio";"causa_acidente";"tipo_acidente";"classificacao_acidente";"fase_dia";"sentido_via";"condicao_metereologica";"tipo_pista";"tracado_via";"uso_solo";"pessoas";"mortos";"feridos_leves";"feridos_graves";"ilesos";"ignorados";"feridos";"veiculos";"latitude";"longitude";"regional";"delegacia";"uop"
576745;2024-01-24;"quarta-feira";"04:10:00";"SC";101;121,7;"ITAJAI";"Demais falhas mecânicas ou elétricas";"Colisão traseira";"Com Vítimas Feridas";"Plena Noite";"Crescente";"Garoa/Chuvisco";"Múltipla";"Reta";"Não";2;0;1;0;1;0;1;2;-26,92103178;-48,70856446;"SPRF-SC";"DEL04-SC";"UOP04-DEL04-SC"
576747;2024-01-24;"quarta-feira";"05:00:00";"RS";392;61;"PELOTAS";"Reação tardia ou ineficiente do condutor";"Tombamento";"Com Vítimas Feridas";"Amanhecer";"Crescente";"Céu Claro";"Dupla";"Curva";"Não";1;0;1;0;0;0;1;1;-31,78533692;-52,35536814;"SPRF-RS";"DEL07-RS";"UOP01-DEL07-RS"
576748;2024-01-24;"quarta-feira";"06:40:00";"ES";101;125,4;"SOORETAMA";"Conversão proibida";"Colisão transversal";"Com Vítimas Feridas";"Pleno dia";"Crescente";"Chuva";"Simples";"Interseção de Vias;Curva      ";"Sim";2;0;1;0;1;0;1;2;-19,18496498;-40,09429827;"SPRF-ES";"DEL04-ES";"UOP01-DEL04-ES"
576749;2024-01-24;"quarta-feira";"02:10:00";"SC";280;46,6;"GUARAMIRIM";"Chuva";"Saída de leito carroçável";"Com Vítimas Feridas";"Plena Noite";"Crescente";"Chuva";"Simples";"Declive;Reta;Em Obras         ";"Não";1;0;1;0;0;0;1;1;-26,453163;-48,914103;"SPRF-SC";"DEL03-SC";"UOP03-DEL03-SC"
576751;2024-01-24;"quarta-feira";"05:10:00";"BA";116;908;"CANDIDO SALES";"Problema com o freio";"Incêndio";"Sem Vítimas";"Amanhecer";"Crescente";"Garoa/Chuvisco";"Simples";"Reta";"Sim";1;0;0;0;1;0;0;1;-15,50312166;-41,2351889;"SPRF-BA";"DEL08-BA";"UOP03-DEL08-BA"
576753;2024-01-24;"quarta-feira";"07:17:00";"SC";101;190;"BIGUACU";"Reação tardia ou ineficiente do condutor";"Colisão traseira";"Com Vítimas Feridas";"Pleno dia";"Decrescente";"Nublado";"Dupla";"Reta";"Não";2;0;1;0;1;0;1;2;-27,468056;-48,641712;"SPRF-SC";"DEL01-SC";"UOP01-DEL01-SC"
576754;2024-01-24;"quarta-feira";"05:40:00";"SP";116;31;"CRUZEIRO";"Ausência de reação do condutor";"Colisão traseira";"Sem Vítimas";"Amanhecer";"Crescente";"Céu Claro";"Múltipla";"Reta;Aclive                   ";"Não";2;0;0;0;2;0;0;2;-22,63966194;-44,93868903;"SPRF-SP";"DEL08-SP";"UOP02-DEL08-SP"
576757;2024-01-24;"quarta-feira";"08:00:00";"RN";101;108;"PARNAMIRIM";"Condutor deixou de manter distância do veículo da frente";"Colisão traseira";"Com Vítimas Feridas";"Pleno dia";"Decrescente";"Céu Claro";"Dupla";"Reta;Aclive;Viaduto           ";"Sim";5;0;2;0;3;0;2;2;-5,92825102;-35,26465683;"SPRF-RN";"DEL01-RN";"UOP01-DEL01-RN"
576758;2024-01-24;"quarta-feira";"07:40:00";"PB";101;95;"CONDE";"Demais falhas mecânicas ou elétricas";"Saída de leito carroçável";"Com Vítimas Feridas";"Pleno dia";"Decrescente";"Céu Claro";"Dupla";"Reta";"Não";1;0;1;0;0;0;1;1;-7,22379403;-34,91488195;"SPRF-PB";"DEL01-PB";"UOP02-DEL01-PB"
576761;2024-01-24;"quarta-feira";"06:00:00";"RJ";116;229,3;"PIRAI";"Velocidade Incompatível";"Tombamento";"Com Vítimas Feridas";"Amanhecer";"Decrescente";"Nublado";"Simples";"Declive";"Não";1;0;1;0;0;0;1;1;-22,6768598;-43,83399439;"SPRF-RJ";"DEL07-RJ";"UOP01-DEL07-RJ"
576762;2024-01-24;"quarta-feira";"08:25:00";"PB";101;88;"JOAO PESSOA";"Acessar a via sem observar a presença dos outros veículos";"Colisão lateral mesmo sentido";"Sem Vítimas";"Pleno dia";"Decrescente";"Céu Claro";"Dupla";"Curva;Interseção de Vias      ";"Sim";3;0;0;0;3;0;0;2;-7,1710694;-34,89765372;"SPRF-PB";"DEL01-PB";"UOP01-DEL01-PB"
576773;2024-01-24;"quarta-feira";"09:50:00";"SP";116;218;"GUARULHOS";"Ausência de reação do condutor";"Engavetamento";"Com Vítimas Feridas";"Pleno dia";"Crescente";"Sol";"Múltipla";"Reta";"Sim";4;0;1;0;3;0;1;4;-23,457972;-46,479927;"SPRF-SP";"DEL01-SP";"UOP01-DEL01-SP"
576777;2024-01-24;"quarta-feira";"09:00:00";"PR";277;450;"LARANJEIRAS DO SUL";"Ingestão de álcool pelo condutor";"Colisão traseira";"Com Vítimas Feridas";"Pleno dia";"Decrescente";"Céu Claro";"Simples";"Reta;Aclive                   ";"Não";2;0;1;0;1;0;1;2;-25,36762674;-52,35059397;"SPRF-PR";"DEL04-PR";"UOP02-DEL04-PR"
576780;2024-01-08;"segunda-feira";"12:15:00";"PA";316;76;"SAO FRANCISCO DO PARA";"Ultrapassagem Indevida";"Colisão frontal";"Com Vítimas Fatais";"Pleno dia";"Decrescente";"Nublado";"Simples";"Reta";"Não";2;1;1;0;0;0;1;2;-1,30223447;-47,80628622;"SPRF-PA";"DEL01-PA";"UOP01-DEL01-PA"
576783;2024-01-24;"quarta-feira";"09:05:00";"RS";386;135;"SARANDI";"Condutor deixou de manter distância do veículo da frente";"Saída de leito carroçável";"Sem Vítimas";"Pleno dia";"Decrescente";"Céu Claro";"Simples";"Curva";"Não";2;0;0;0;1;1;0;2;-27,96036;-52,91103;"SPRF-RS";"DEL08-RS";"UOP01-DEL08-RS"
576786;2024-01-24;"quarta-feira";"11:00:00";"GO";153;519,3;"APARECIDA DE GOIANIA";"Velocidade Incompatível";"Colisão traseira";"Com Vítimas Feridas";"Pleno dia";"Decrescente";"Chuva";"Dupla";"Aclive;Reta                   ";"Não";3;0;1;1;1;0;2;2;-16,8755;-49,2523;"SPRF-GO";"DEL01-GO";"UOP03-DEL01-GO"
576787;2024-01-24;"quarta-feira";"09:40:00";"RJ";116;184;"NOVA IGUACU";"Velocidade Incompatível";"Colisão traseira";"Com Vítimas Feridas";"Pleno dia";"Decrescente";"Garoa/Chuvisco";"Dupla";"Reta";"Sim";2;0;1;0;1;0;1;2;-22,74647215;-43,44594311;"SPRF-RJ";"DEL06-RJ";"UOP01-DEL06-RJ"
576790;2024-01-24;"quarta-feira";"10:30:00";"PE";101;55;"PAULISTA";"Trafegar com motocicleta (ou similar) entre as faixas";"Colisão lateral mesmo sentido";"Com Vítimas Fatais";"Pleno dia";"Decrescente";"Céu Claro";"Dupla";"Reta";"Sim";2;1;0;0;1;0;0;2;-7,94806621;-34,9062148;"SPRF-PE";"DEL01-PE";"UOP02-DEL01-PE"
576791;2024-01-24;"quarta-feira";"10:50:00";"PR";277;586,4;"CASCAVEL";"Acessar a via sem observar a presença dos outros veículos";"Colisão transversal";"Com Vítimas Feridas";"Pleno dia";"Crescente";"Sol";"Simples";"Retorno Regulamentado;Reta;Int";"Sim";4;0;2;0;2;0;2;2;-24,9649472;-53,4210459;"SPRF-PR";"DEL04-PR";"UOP01-DEL04-PR"
576794;2024-01-24;"quarta-feira";"11:00:00";"MT";364;178;"PEDRA PRETA";"Acessar a via sem observar a presença dos outros veículos";"Colisão transversal";"Com Vítimas Feridas";"Pleno dia";"Crescente";"Céu Claro";"Simples";"Reta";"Sim";4;0;1;0;3;0;1;2;-16,60487698;-54,47377398;"SPRF-MT";"DEL02-MT";"UOP01-DEL02-MT"
576795;2024-01-10;"quarta-feira";"08:15:00";"MT";364;32;"ALTO ARAGUAIA";"Demais falhas mecânicas ou elétricas";"Incêndio";"Sem Vítimas";"Pleno dia";"Decrescente";"Nublado";"Simples";"Reta";"Não";1;0;0;0;1;0;0;1;-17,14412831;-53,42733021;"SPRF-MT";"DEL02-MT";"UOP02-DEL02-MT"
576799;2024-01-24;"quarta-feira";"10:40:00";"MT";174;307;"PONTES E LACERDA";"Velocidade Incompatível";"Colisão lateral mesmo sentido";"Com Vítimas Feridas";"Pleno dia";"Decrescente";"Céu Claro";"Simples";"Reta";"Não";5;0;1;0;4;0;1;2;-15,07516701;-59,2958684;"SPRF-MT";"DEL04-MT";"UOP01-DEL04-MT"
576803;2024-01-24;"quarta-feira";"11:40:00";"CE";222;278;"FRECHEIRINHA";"Condutor deixou de manter distância do veículo da frente";"Colisão lateral mesmo sentido";"Com Vítimas Feridas";"Pleno dia";"Crescente";"Garoa/Chuvisco";"Simples";"Curva";"Não";2;0;0;1;1;0;1;2;-3,75925239;-40,80011108;"SPRF-CE";"DEL04-CE";"UOP02-DEL04-CE"
576816;2024-01-24;"quarta-feira";"06:15:00";"MG";40;130,2;"JOAO PINHEIRO";"Ausência de reação do condutor";"Saída de leito carroçável";"Com Vítimas Feridas";"Pleno dia";"Decrescente";"Chuva";"Simples";"Reta";"Sim";1;0;1;0;0;0;1;1;-17,70612195;-46,28554299;"SPRF-MG";"DEL14-MG";"UOP01-DEL14-MG"
576818;2024-01-24;"quarta-feira";"12:55:00";"SC";470;61;"BLUMENAU";"Velocidade Incompatível";"Colisão frontal";"Com Vítimas Feridas";"Pleno dia";"Crescente";"Chuva";"Simples";"Reta";"Não";3;0;0;2;1;0;2;2;-26,87837034;-49,17541808;"SPRF-SC";"DEL04-SC";"UOP01-DEL04-SC"
576822;2024-01-24;"quarta-feira";"13:36:00";"PR";116;57,4;"CAMPINA GRANDE DO SUL";"Ausência de reação do condutor";"Colisão com objeto";"Com Vítimas Feridas";"Pleno dia";"Decrescente";"Chuva";"Dupla";"Curva";"Não";1;0;1;0;0;0;1;1;-25,28847066;-48,9329365;"SPRF-PR";"DEL01-PR";"UOP02-DEL01-PR"
576827;2024-01-24;"quarta-feira";"08:30:00";"PR";277;482;"NOVA LARANJEIRAS";"Demais falhas mecânicas ou elétricas";"Tombamento";"Sem Vítimas";"Pleno dia";"Decrescente";"Nublado";"Simples";"Curva";"Não";1;0;0;0;1;0;0;1;-25,27437517;-52,59403497;"SPRF-PR";"DEL04-PR";"UOP02-DEL04-PR"
576837;2024-01-24;"quarta-feira";"09:15:00";"AM";174;982,9;"RIO PRETO DA EVA";"Carga excessiva e/ou mal acondicionada";"Tombamento";"Com Vítimas Feridas";"Pleno dia";"Crescente";"Céu Claro";"Simples";"Curva;Declive                 ";"Não";2;0;2;0;0;0;2;1;-2,11550492;-59,99098778;"SPRF-AM";"DEL01-AM";"UOP02-DEL01-AM"
576840;2024-01-24;"quarta-feira";"12:20:00";"PR";163;53;"PEROLA DOESTE";"Velocidade Incompatível";"Tombamento";"Com Vítimas Feridas";"Pleno dia";"Crescente";"Céu Claro";"Simples";"Declive;Curva                 ";"Não";1;0;1;0;0;0;1;1;-25,95794198;-53,72316793;"SPRF-PR";"DEL02-PR";"UOP02-DEL02-PR"
576841;2024-01-24;"quarta-feira";"16:05:00";"SP";381;88,5;"GUARULHOS";"Reação tardia ou ineficiente do condutor";"Colisão traseira";"Com Vítimas Feridas";"Pleno dia";"Crescente";"Nublado";"Múltipla";"Reta";"Sim";2;0;1;0;1;0;1;2;-23,48245;-46,56017;"SPRF-SP";"DEL03-SP";"UOP01-DEL03-SP"
576844;2024-01-24;"quarta-feira";"15:30:00";"MG";381;346;"BELA VISTA DE MINAS";"Velocidade Incompatível";"Colisão frontal";"Com Vítimas Feridas";"Pleno dia";"Crescente";"Chuva";"Simples";"Curva";"Não";3;0;1;0;2;0;1;3;-19,85740706;-43,12344309;"SPRF-MG";"DEL03-MG";"UOP01-DEL03-MG"
576848;2024-01-24;"quarta-feira";"16:40:00";"RS";470;194,2;"BENTO GONCALVES";"Transitar na contramão";"Colisão frontal";"Com Vítimas Feridas";"Pleno dia";"Crescente";"Chuva";"Simples";"Curva;Declive                 ";"Não";2;0;1;0;1;0;1;2;-29,05030203;-51,57387285;"SPRF-RS";"DEL06-RS";"UOP02-DEL06-RS"
576854;2024-01-24;"quarta-feira";"17:30:00";"GO";60;46,6;"ALEXANIA";"Ingestão de álcool pelo condutor";"Colisão transversal";"Com Vítimas Feridas";"Pleno dia";"Crescente";"Céu Claro";"Dupla";"Curva;Declive                 ";"Não";4;0;1;0;3;0;1;2;-16,144327;-48,60063;"SPRF-GO";"DEL02-GO";"UOP01-DEL02-GO"
576857;2024-01-24;"quarta-feira";"10:43:00";"AL";101;76,9;"RIO LARGO";"Reação tardia ou ineficiente do condutor";"Colisão com objeto";"Sem Vítimas";"Pleno dia";"Decrescente";"Céu Claro";"Dupla";"Reta";"Não";1;0;0;0;1;0;0;1;-9,41335597;-35,84073284;"SPRF-AL";"DEL01-AL";"UOP01-DEL01-AL"
576861;2024-01-24;"quarta-feira";"15:00:00";"BA";116;619;"JAGUAQUARA";"Condutor deixou de manter distância do veículo da frente";"Colisão traseira";"Com Vítimas Feridas";"Pleno dia";"Decrescente";"Chuva";"Simples";"Reta";"Não";3;0;2;0;1;0;2;2;-13,35700606;-40,01713362;"SPRF-BA";"DEL03-BA";"UOP01-DEL03-BA"
576862;2024-01-24;"quarta-feira";"16:00:00";"MT";364;53,7;"ALTO GARCAS";"Falta de acostamento";"Saída de leito carroçável";"Com Vítimas Feridas";"Pleno dia";"Decrescente";"Céu Claro";"Simples";"Aclive;Reta                   ";"Não";1;0;1;0;0;0;1;1;-16,97719447;-53,51200104;"SPRF-MT";"DEL02-MT";"UOP02-DEL02-MT"
576863;2024-01-24;"quarta-feira";"18:40:00";"PR";376;135;"NOVA ESPERANCA";"Condutor deixou de manter distância do veículo da frente";"Colisão traseira";"Com Vítimas Feridas";"Anoitecer";"Crescente";"Céu Claro";"Dupla";"Reta";"Não";3;0;1;0;2;0;1;2;-23,20194138;-52,19689503;"SPRF-PR";"DEL09-PR";"UOP02-DEL09-PR"
576865;2024-01-24;"quarta-feira";"16:30:00";"BA";110;183;"RIBEIRA DO POMBAL";"Reação tardia ou ineficiente do condutor";"Colisão traseira";"Sem Vítimas";"Pleno dia";"Decrescente";"Chuva";"Simples";"Reta;Declive                  ";"Não";3;0;0;0;3;0;0;2;-10,95903398;-38,52134268;"SPRF-BA";"DEL07-BA";"UOP02-DEL07-BA"
576869;2024-01-24;"quarta-feira";"16:00:00";"SC";470;58;"BLUMENAU";"Condutor Dormindo";"Colisão lateral sentido oposto";"Com Vítimas Feridas";"Pleno dia";"Crescente";"Garoa/Chuvisco";"Dupla";"Retorno Regulamentado";"Sim";3;0;2;0;1;0;2;2;-26,883879;-49,145622;"SPRF-SC";"DEL04-SC";"UOP01-DEL04-SC"
576870;2024-01-24;"quarta-feira";"18:50:00";"BA";116;815,5;"VITORIA DA CONQUISTA";"Ultrapassagem Indevida";"Colisão frontal";"Com Vítimas Fatais";"Plena Noite";"Decrescente";"Nublado";"Simples";"Reta";"Sim";4;1;1;0;2;0;1;2;-14,813608;-40,799503;"SPRF-BA";"DEL08-BA";"UOP01-DEL08-BA"
576879;2024-01-24;"quarta-feira";"19:40:00";"PR";116;115;"CURITIBA";"Reação tardia ou ineficiente do condutor";"Colisão traseira";"Com Vítimas Feridas";"Plena Noite";"Decrescente";"Nublado";"Dupla";"Reta;Viaduto                  ";"Não";2;0;1;0;1;0;1;2;-25,54451908;-49,30322593;"SPRF-PR";"DEL01-PR";"UOP07-DEL01-PR"
576880;2024-01-24;"quarta-feira";"17:15:00";"RS";285;365,3;"SALDANHA MARINHO";"Reação tardia ou ineficiente do condutor";"Colisão traseira";"Com Vítimas Feridas";"Pleno dia";"Crescente";"Nublado";"Simples";"Reta";"Não";2;0;1;0;1;0;1;2;-28,387148;-53,020016;"SPRF-RS";"DEL08-RS";"UOP03-DEL08-RS"
576881;2024-01-24;"quarta-feira";"15:20:00";"MT";163;1111;"GUARANTA DO NORTE";"Reação tardia ou ineficiente do condutor";"Tombamento";"Com Vítimas Feridas";"Pleno dia";"Decrescente";"Céu Claro";"Simples";"Curva;Declive                 ";"Não";1;0;0;1;0;0;1;1;-9,59553;-54,8985;"SPRF-MT";"DEL06-MT";"UOP03-DEL06-MT"
576884;2024-01-24;"quarta-feira";"18:15:00";"PR";277;688,3;"SAO MIGUEL DO IGUACU";"Ausência de reação do condutor";"Colisão traseira";"Com Vítimas Feridas";"Pleno dia";"Crescente";"Céu Claro";"Dupla";"Curva;Aclive                  ";"Sim";5;0;0;1;4;0;1;2;-25,34571;-54,237272;"SPRF-PR";"DEL05-PR";"UOP01-DEL05-PR"
576896;2024-01-24;"quarta-feira";"22:05:00";"BA";116;633,6;"JAGUAQUARA";"Transitar na contramão";"Colisão frontal";"Com Vítimas Fatais";"Plena Noite";"Crescente";"Chuva";"Simples";"Reta";"Sim";2;1;0;0;1;0;0;2;-13,47539479;-40,03995749;"SPRF-BA";"DEL03-BA";"UOP01-DEL03-BA"
576898;2024-01-24;"quarta-feira";"17:10:00";"RS";470;194,5;"BENTO GONCALVES";"Reação tardia ou ineficiente do condutor";"Colisão traseira";"Sem Vítimas";"Pleno dia";"Decrescente";"Chuva";"Simples";"Reta;Declive                  ";"Não";4;0;0;0;4;0;0;3;-29,05030203;-51,57387285;"SPRF-RS";"DEL06-RS";"UOP02-DEL06-RS"
576900;2024-01-24;"quarta-feira";"20:30:00";"CE";116;468;"MILAGRES";"Problema com o freio";"Incêndio";"Sem Vítimas";"Plena Noite";"Decrescente";"Céu Claro";"Simples";"Reta";"Não";4;0;0;0;4;0;0;1;-7,25512489;-38,84243882;"SPRF-CE";"DEL05-CE";"UOP03-DEL05-CE"
576902;2024-01-24;"quarta-feira";"17:40:00";"SC";470;64,4;"INDAIAL";"Ultrapassagem Indevida";"Colisão lateral mesmo sentido";"Com Vítimas Feridas";"Pleno dia";"Decrescente";"Garoa/Chuvisco";"Simples";"Interseção de Vias;Reta       ";"Não";2;0;1;0;1;0;1;2;-26,87033144;-49,21053356;"SPRF-SC";"DEL04-SC";"UOP01-DEL04-SC"
576905;2024-01-24;"quarta-feira";"23:30:00";"RS";290;464,9;"ROSARIO DO SUL";"Ausência de reação do condutor";"Colisão frontal";"Com Vítimas Fatais";"Plena Noite";"Crescente";"Céu Claro";"Simples";"Reta";"Não";3;1;2;0;0;0;2;2;-30,232851;-54,756992;"SPRF-RS";"DEL11-RS";"UOP02-DEL11-RS"
576907;2024-01-24;"quarta-feira";"15:30:00";"PA";163;469;"ITAITUBA";"Pista Escorregadia";"Tombamento";"Com Vítimas Feridas";"Pleno dia";"Crescente";"Garoa/Chuvisco";"Simples";"Curva";"Não";2;0;0;1;1;0;1;2;-5,75265194;-55,73624966;"SPRF-PA";"DEL05-PA";"UOP02-DEL05-PA"
576908;2024-01-24;"quarta-feira";"20:30:00";"MG";251;492;"FRANCISCO SA";"Velocidade Incompatível";"Saída de leito carroçável";"Com Vítimas Feridas";"Plena Noite";"Crescente";"Chuva";"Simples";"Reta;Declive                  ";"Não";1;0;0;1;0;0;1;1;-16,54433804;-43,59543496;"SPRF-MG";"DEL12-MG";"UOP01-DEL12-MG"
576909;2024-01-24;"quarta-feira";"21:27:00";"ES";262;75;"DOMINGOS MARTINS";"Reação tardia ou ineficiente do condutor";"Colisão traseira";"Sem Vítimas";"Plena Noite";"Decrescente";"Chuva";"Simples";"Curva";"Não";2;0;0;0;2;0;0;2;-20,41504648;-40,90256283;"SPRF-ES";"DEL01-ES";"UOP02-DEL01-ES"
576910;2024-01-24;"quarta-feira";"23:20:00";"MT";163;74,5;"RONDONOPOLIS";"Condutor Dormindo";"Saída de leito carroçável";"Com Vítimas Feridas";"Plena Noite";"Decrescente";"Nublado";"Dupla";"Declive;Reta                  ";"Não";1;0;1;0;0;0;1;1;-16,86819309;-54,71048071;"SPRF-MT";"DEL02-MT";"UOP03-DEL02-MT"
576911;2024-01-25;"quinta-feira";"01:40:00";"SE";235;20;"LARANJEIRAS";"Chuva";"Tombamento";"Com Vítimas Feridas";"Plena Noite";"Decrescente";"Chuva";"Simples";"Reta";"Não";3;0;3;0;0;0;3;1;-10,834111;-37,221916;"SPRF-SE";"DEL01-SE";"UOP02-DEL01-SE"
576922;2024-01-25;"quinta-feira";"03:00:00";"CE";116;138,5;"RUSSAS";"Pedestre andava na pista";"Atropelamento de Pedestre";"Com Vítimas Feridas";"Plena Noite";"Crescente";"Céu Claro";"Simples";"Reta";"Não";2;0;0;1;1;0;1;2;-4,7466739;-38,07194588;"SPRF-CE";"DEL03-CE";"UOP01-DEL03-CE"
576924;2024-01-24;"quarta-feira";"15:30:00";"CE";20;172,2;"BOA VIAGEM";"Demais falhas mecânicas ou elétricas";"Incêndio";"Sem Vítimas";"Pleno dia";"Decrescente";"Céu Claro";"Simples";"Reta;Aclive                   ";"Não";1;0;0;0;1;0;0;1;-5,32044231;-39,9240477;"SPRF-CE";"DEL02-CE";"UOP02-DEL02-CE"
576926;2024-01-25;"quinta-feira";"05:40:00";"GO";153;149;"CAMPINORTE";"Ausência de reação do condutor";"Saída de leito carroçável";"Sem Vítimas";"Amanhecer";"Crescente";"Chuva";"Simples";"Reta";"Não";2;0;0;0;2;0;0;1;-14,07319;-49,096848;"SPRF-GO";"DEL07-GO";"UOP02-DEL07-GO"
576927;2024-01-24;"quarta-feira";"22:30:00";"SC";101;137,3;"BALNEARIO CAMBORIU";"Reação tardia ou ineficiente do condutor";"Colisão traseira";"Sem Vítimas";"Plena Noite";"Crescente";"Nublado";"Simples";"Reta;Aclive                   ";"Não";6;0;0;0;5;1;0;6;-27,0157238;-48,61192763;"SPRF-SC";"DEL04-SC";"UOP03-DEL04-SC"
576933;2024-01-21;"domingo";"12:23:00";"SC";480;123,9;"CHAPECO";"Carga excessiva e/ou mal acondicionada";"Colisão com objeto";"Sem Vítimas";"Pleno dia";"Crescente";"Céu Claro";"Dupla";"Declive;Reta                  ";"Sim";1;0;0;0;1;0;0;1;-27,00196618;-52,64485359;"SPRF-SC";"DEL07-SC";"UOP01-DEL07-SC"
576940;2024-01-25;"quinta-feira";"07:00:00";"SP";116;140,3;"SAO JOSE DOS CAMPOS";"Condutor deixou de manter distância do veículo da frente";"Tombamento";"Com Vítimas Fatais";"Pleno dia";"Crescente";"Nublado";"Dupla";"Reta";"Sim";2;1;0;0;1;0;0;2;-23,16577714;-45,81246193;"SPRF-SP";"DEL02-SP";"UOP01-DEL02-SP"
576947;2024-01-25;"quinta-feira";"08:50:00";"RJ";116;169;"RIO DE JANEIRO";"Acessar a via sem observar a presença dos outros veículos";"Colisão lateral mesmo sentido";"Sem Vítimas";"Pleno dia";"Crescente";"Nublado";"Dupla";"Reta";"Sim";2;0;0;0;2;0;0;2;-22,816206;-43,324463;"SPRF-RJ";"DEL06-RJ";"UOP01-DEL06-RJ"
576952;2024-01-25;"quinta-feira";"05:30:00";"RN";304;231;"RIACHUELO";"Transitar na contramão";"Colisão lateral sentido oposto";"Com Vítimas Feridas";"Pleno dia";"Crescente";"Céu Claro";"Simples";"Reta";"Não";5;0;1;1;3;0;2;2;-5,75251767;-35,89627591;"SPRF-RN";"DEL01-RN";"UOP02-DEL01-RN"
576958;2024-01-25;"quinta-feira";"10:50:00";"MG";381;6;"BETIM";"Acessar a via sem observar a presença dos outros veículos";"Colisão lateral mesmo sentido";"Com Vítimas Feridas";"Pleno dia";"Decrescente";"Céu Claro";"Dupla";"Interseção de Vias;Reta       ";"Sim";2;0;1;0;1;0;1;2;-19,96825;-44,198708;"SPRF-MG";"DEL01-MG";"UOP03-DEL01-MG"
576961;2024-01-25;"quinta-feira";"10:40:00";"PE";101;89;"JABOATAO DOS GUARARAPES";"Manobra de mudança de faixa";"Colisão lateral mesmo sentido";"Com Vítimas Feridas";"Pleno dia";"Decrescente";"Nublado";"Dupla";"Reta";"Não";3;0;1;0;1;1;1;2;-8,20760697;-34,98372005;"SPRF-PE";"DEL01-PE";"UOP01-DEL01-PE"
576966;2024-01-25;"quinta-feira";"09:10:00";"PI";316;273,3;"DOM EXPEDITO LOPES";"Acesso irregular";"Colisão lateral mesmo sentido";"Sem Vítimas";"Pleno dia";"Decrescente";"Nublado";"Simples";"Aclive;Reta                   ";"Não";6;0;0;0;6;0;0;2;-6,94208609;-41,74100006;"SPRF-PI";"DEL04-PI";"UOP01-DEL04-PI"
576967;2024-01-25;"quinta-feira";"10:00:00";"RJ";101;92;"CAMPOS DOS GOYTACAZES";"Manobra de mudança de faixa";"Colisão traseira";"Com Vítimas Feridas";"Pleno dia";"Decrescente";"Nublado";"Simples";"Reta";"Não";4;0;2;0;2;0;2;3;-21,859215;-41,532116;"SPRF-RJ";"DEL08-RJ";"UOP02-DEL08-RJ"
576969;2024-01-25;"quinta-feira";"06:10:00";"PR";476;232,2;"LAPA";"Reação tardia ou ineficiente do condutor";"Tombamento";"Com Vítimas Feridas";"Amanhecer";"Crescente";"Nublado";"Simples";"Curva";"Não";1;0;1;0;0;0;1;1;-25,88097521;-50,01013601;"SPRF-PR";"DEL02-PR";"UOP03-DEL02-PR"
576971;2024-01-25;"quinta-feira";"11:00:00";"SP";116;222;"GUARULHOS";"Velocidade Incompatível";"Colisão traseira";"Com Vítimas Feridas";"Pleno dia";"Crescente";"Céu Claro";"Múltipla";"Reta";"Não";4;0;1;0;3;0;1;4;-23,47093408;-46,51631097;"SPRF-SP";"DEL01-SP";"UOP01-DEL01-SP"
576973;2024-01-25;"quinta-feira";"12:40:00";"SP";116;560;"BARRA DO TURVO";"Reação tardia ou ineficiente do condutor";"Colisão com objeto";"Com Vítimas Feridas";"Pleno dia";"Crescente";"Garoa/Chuvisco";"Simples";"Curva";"Não";2;0;1;0;1;0;1;2;-24,99813554;-48,51081848;"SPRF-SP";"DEL05-SP";"UOP02-DEL05-SP"
576977;2024-01-25;"quinta-feira";"08:05:00";"SC";116;107,8;"MONTE CASTELO";"Velocidade Incompatível";"Colisão lateral sentido oposto";"Sem Vítimas";"Pleno dia";"Crescente";"Nublado";"Simples";"Curva";"Não";2;0;0;0;2;0;0;2;-26,75568818;-50,32812388;"SPRF-SC";"DEL06-SC";"UOP02-DEL06-SC"
576981;2024-01-25;"quinta-feira";"10:20:00";"PR";369;429,4;"UBIRATA";"Transitar na contramão";"Colisão frontal";"Com Vítimas Feridas";"Pleno dia";"Decrescente";"Céu Claro";"Simples";"Reta";"Não";4;0;1;1;1;1;2;3;-24,4486;-52,8448;"SPRF-PR";"DEL04-PR";"UOP03-DEL04-PR"
576988;2024-01-25;"quinta-feira";"10:30:00";"MS";262;472,9;"ANASTACIO";"Condutor deixou de manter distância do veículo da frente";"Colisão traseira";"Com Vítimas Feridas";"Pleno dia";"Crescente";"Céu Claro";"Simples";"Reta;Declive                  ";"Não";6;0;5;0;1;0;5;2;-20,51050476;-55,64403198;"SPRF-MS";"DEL03-MS";"UOP01-DEL03-MS"
576995;2024-01-25;"quinta-feira";"13:10:00";"BA";116;657,5;"JEQUIE";"Velocidade Incompatível";"Colisão frontal";"Com Vítimas Feridas";"Pleno dia";"Crescente";"Garoa/Chuvisco";"Simples";"Reta";"Não";10;0;3;5;2;0;8;2;-13,672783;-40,09670093;"SPRF-BA";"DEL03-BA";"UOP01-DEL03-BA"
576996;2024-01-21;"domingo";"12:30:00";"BA";101;657;"ITAPEBI";"Demais falhas mecânicas ou elétricas";"Incêndio";"Com Vítimas Feridas";"Pleno dia";"Decrescente";"Chuva";"Simples";"Curva";"Não";3;0;1;0;2;0;1;1;-16,06028751;-39,61872714;"SPRF-BA";"DEL05-BA";"UOP02-DEL05-BA"
577001;2024-01-25;"quinta-feira";"14:20:00";"SC";470;66,5;"INDAIAL";"Velocidade Incompatível";"Tombamento";"Com Vítimas Feridas";"Pleno dia";"Decrescente";"Céu Claro";"Simples";"Retorno Regulamentado;Rotatóri";"Sim";3;0;1;0;1;1;1;3;-26,872158;-49,23127;"SPRF-SC";"DEL04-SC";"UOP01-DEL04-SC"