"id";"data_inversa";"dia_semana";"horario";"uf";"br";"km";"municipio";"causa_acidente";"tipo_acidente";"classificacao_acidente";"fase_dia";"sentido_via";"condicao_metereologica";"tipo_pista";"tracado_via";"uso_solo";"pessoas";"mortos";"feridos_leves";"feridos_graves";"ilesos";"ignorados";"feridos";"veiculos";"latitude";"longitude";"regional";"delegacia";"uop"
577371;2024-01-27;"sábado";"08:00:00";"MT";163;1035;"MATUPA";"Ausência de reação do condutor";"Colisão lateral sentido oposto";"Com Vítimas Feridas";"Pleno dia";"Crescente";"Nublado";"Simples";"Reta";"Não";2;0;0;1;1;0;1;2;-10,209672;-54,96302;"SPRF-MT";"DEL06-MT";"UOP03-DEL06-MT"
577375;2024-01-27;"sábado";"04:30:00";"MT";364;863;"CAMPO NOVO DO PARECIS";"Transitar na contramão";"Colisão frontal";"Com Vítimas Fatais";"Plena Noite";"Crescente";"Ignorado";"Simples";"Reta";"Não";3;1;1;0;0;1;1;3;-13,86421004;-57,96808163;"SPRF-MT";"DEL01-MT";"UOP01-DEL01-MT"
577376;2024-01-27;"sábado";"07:15:00";"SC";282;496,2;"XANXERE";"Velocidade Incompatível";"Colisão transversal";"Com Vítimas Feridas";"Pleno dia";"Decrescente";"Céu Claro";"Simples";"Reta";"Não";3;0;0;1;1;1;1;3;-26,87675019;-52,3307525;"SPRF-SC";"DEL07-SC";"UOP01-DEL07-SC"
577379;2024-01-27;"sábado";"06:00:00";"TO";153;290;"PRESIDENTE KENNEDY";"Manobra de mudança de faixa";"Saída de leito carroçável";"Com Vítimas Feridas";"Pleno dia";"Decrescente";"Céu Claro";"Simples";"Reta;Declive                  ";"Não";1;0;1;0;0;0;1;1;-8,44383195;-48,48433839;"SPRF-TO";"DEL02-TO";"UOP02-DEL02-TO"
577384;2024-01-27;"sábado";"11:20:00";"PR";277;125,3;"CAMPO LARGO";"Reação tardia ou ineficiente do condutor";"Engavetamento";"Com Vítimas Feridas";"Pleno dia";"Crescente";"Nublado";"Dupla";"Reta";"Não";9;0;4;0;5;0;4;3;-25,449552;-49,595375;"SPRF-PR";"DEL03-PR";"UOP03-DEL03-PR"
577388;2024-01-27;"sábado";"11:30:00";"SC";101;126;"ITAJAI";"Manobra de mudança de faixa";"Colisão lateral mesmo sentido";"Com Vítimas Feridas";"Pleno dia";"Crescente";"Nublado";"Dupla";"Curva";"Não";4;0;0;1;3;0;1;3;-26,95564404;-48,67978366;"SPRF-SC";"DEL04-SC";"UOP04-DEL04-SC"
577395;2024-01-27;"sábado";"10:30:00";"BA";116;621;"JAGUAQUARA";"Condutor deixou de manter distância do veículo da frente";"Colisão traseira";"Com Vítimas Feridas";"Pleno dia";"Crescente";"Nevoeiro/Neblina";"Simples";"Reta";"Não";33;0;1;0;32;0;1;2;-13,37441002;-40,01977289;"SPRF-BA";"DEL03-BA";"UOP01-DEL03-BA"
577396;2024-01-27;"sábado";"12:30:00";"MG";365;159;"PIRAPORA";"Reação tardia ou ineficiente do condutor";"Tombamento";"Com Vítimas Feridas";"Pleno dia";"Decrescente";"Céu Claro";"Simples";"Rotatória";"Não";3;0;1;0;2;0;1;1;-17,35543992;-44,91271708;"SPRF-MG";"DEL10-MG";"UOP02-DEL010-MG"
577397;2024-01-27;"sábado";"13:07:00";"MG";381;441,9;"SABARA";"Reação tardia ou ineficiente do condutor";"Colisão traseira";"Com Vítimas Feridas";"Pleno dia";"Crescente";"Céu Claro";"Simples";"Reta";"Não";2;0;0;1;1;0;1;2;-19,81604176;-43,80389901;"SPRF-MG";"DEL01-MG";"UOP01-DEL01-MG"
577404;2024-01-27;"sábado";"14:30:00";"SC";101;333;"TUBARAO";"Acessar a via sem observar a presença dos outros veículos";"Colisão transversal";"Com Vítimas Feridas";"Pleno dia";"Decrescente";"Céu Claro";"Dupla";"Interseção de Vias;Reta       ";"Sim";4;0;1;0;3;0;1;2;-28,46630107;-48,99653096;"SPRF-SC";"DEL02-SC";"UOP01-DEL02-SC"
577408;2024-01-27;"sábado";"15:20:00";"MG";116;645,4;"FERVEDOURO";"Condutor deixou de manter distância do veículo da frente";"Colisão traseira";"Com Vítimas Feridas";"Pleno dia";"Decrescente";"Nublado";"Simples";"Reta";"Não";2;0;0;1;1;0;1;2;-20,6788531;-42,27154792;"SPRF-MG";"DEL07-MG";"UOP02-DEL07-MG"
577417;2024-01-27;"sábado";"14:35:00";"SP";116;26,2;"SILVEIRAS";"Reação tardia ou ineficiente do condutor";"Colisão traseira";"Com Vítimas Feridas";"Pleno dia";"Decrescente";"Sol";"Múltipla";"Reta;Aclive                   ";"Não";2;0;1;0;1;0;1;2;-22,61419397;-44,90005302;"SPRF-SP";"DEL08-SP";"UOP02-DEL08-SP"
577420;2024-01-27;"sábado";"15:00:00";"CE";20;103;"TAUA";"Reação tardia ou ineficiente do condutor";"Colisão transversal";"Com Vítimas Feridas";"Pleno dia";"Crescente";"Céu Claro";"Simples";"Reta";"Não";3;0;2;0;1;0;2;2;-5,86599306;-40,18363276;"SPRF-CE";"DEL02-CE";"UOP02-DEL02-CE"
577429;2024-01-27;"sábado";"11:15:00";"RS";285;570;"SAO LUIZ GONZAGA";"Acessar a via sem observar a presença dos outros veículos";"Colisão transversal";"Com Vítimas Fatais";"Pleno dia";"Crescente";"Sol";"Simples";"Interseção de Vias";"Sim";6;1;1;3;1;0;4;2;-28,41465397;-54,98897552;"SPRF-RS";"DEL12-RS";"UOP01-DEL12-RS"
577431;2024-01-27;"sábado";"16:40:00";"PR";376;352;"ORTIGUEIRA";"Manobra de mudança de faixa";"Colisão lateral mesmo sentido";"Sem Vítimas";"Pleno dia";"Crescente";"Céu Claro";"Dupla";"Reta;Declive                  ";"Não";2;0;0;0;2;0;0;2;-24,25636787;-50,89764987;"SPRF-PR";"DEL07-PR";"UOP02-DEL07-PR"
577432;2024-01-27;"sábado";"09:30:00";"SC";280;305,7;"PORTO UNIAO";"Conversão proibida";"Colisão traseira";"Com Vítimas Feridas";"Pleno dia";"Decrescente";"Céu Claro";"Simples";"Reta";"Sim";2;0;1;0;1;0;1;2;-26,26625102;-51,05981502;"SPRF-SC";"DEL06-SC";"UOP04-DEL06-SC"
577435;2024-01-27;"sábado";"18:55:00";"PB";101;94;"CONDE";"Ausência de reação do condutor";"Colisão com objeto";"Sem Vítimas";"Plena Noite";"Decrescente";"Céu Claro";"Dupla";"Declive";"Sim";4;0;0;0;4;0;0;2;-7,21483297;-34,9117521;"SPRF-PB";"DEL01-PB";"UOP02-DEL01-PB"
577437;2024-01-27;"sábado";"18:45:00";"BA";101;264;"SANTO ANTONIO DE JESUS";"Ingestão de álcool pelo condutor";"Colisão frontal";"Com Vítimas Feridas";"Plena Noite";"Crescente";"Chuva";"Simples";"Aclive";"Sim";2;0;1;0;1;0;1;2;-12,98461648;-39,29083352;"SPRF-BA";"DEL01-BA";"UOP02-DEL01-BA"
577445;2024-01-27;"sábado";"17:12:00";"PA";230;647;"ALTAMIRA";"Avarias e/ou desgaste excessivo no pneu";"Colisão frontal";"Com Vítimas Fatais";"Pleno dia";"Decrescente";"Chuva";"Simples";"Reta;Declive                  ";"Sim";8;1;0;6;1;0;6;2;-3,22366;-52,27107;"SPRF-PA";"DEL04-PA";"UOP01-DEL04-PA"
577447;2024-01-27;"sábado";"17:00:00";"BA";116;270;"TUCANO";"Ultrapassagem Indevida";"Colisão frontal";"Com Vítimas Fatais";"Pleno dia";"Decrescente";"Céu Claro";"Simples";"Reta";"Não";4;1;1;2;0;0;3;2;-10,91498;-38,833224;"SPRF-BA";"DEL07-BA";"UOP02-DEL07-BA"
577451;2024-01-27;"sábado";"19:30:00";"PE";316;57,5;"TRINDADE";"Manobra de mudança de faixa";"Colisão frontal";"Com Vítimas Feridas";"Plena Noite";"Crescente";"Céu Claro";"Simples";"Curva;Declive                 ";"Não";2;0;0;1;1;0;1;2;-7,74765771;-40,2710428;"SPRF-PE";"DEL05-PE";"UOP02-DEL05-PE"
577455;2024-01-27;"sábado";"13:40:00";"RO";364;382;"OURO PRETO DO OESTE";"Demais falhas mecânicas ou elétricas";"Colisão com objeto";"Sem Vítimas";"Pleno dia";"Crescente";"Céu Claro";"Simples";"Reta;Aclive                   ";"Sim";1;0;0;0;1;0;0;1;-10,72605374;-62,23652595;"SPRF-RO";"DEL02-RO";"UOP01-DEL02-RO"
577467;2024-01-27;"sábado";"14:45:00";"MT";158;562;"AGUA BOA";"Ausência de reação do condutor";"Tombamento";"Sem Vítimas";"Pleno dia";"Crescente";"Céu Claro";"Simples";"Reta";"Sim";1;0;0;0;1;0;0;1;-14,00253804;-52,14939588;"SPRF-MT";"DEL07-MT";"UOP02-DEL07-MT"
577474;2024-01-27;"sábado";"21:40:00";"PE";424;86;"GARANHUNS";"Acessar a via sem observar a presença dos outros veículos";"Colisão traseira";"Com Vítimas Feridas";"Plena Noite";"Crescente";"Céu Claro";"Simples";"Reta";"Não";2;0;0;1;1;0;1;2;-8,86552886;-36,50934159;"SPRF-PE";"DEL03-PE";"UOP01-DEL03-PE"
577476;2024-01-27;"sábado";"20:00:00";"RO";364;296;"PRESIDENTE MEDICI";"Transitar na contramão";"Colisão lateral sentido oposto";"Com Vítimas Feridas";"Plena Noite";"Crescente";"Céu Claro";"Simples";"Curva";"Não";2;0;1;0;1;0;1;2;-11,280945;-61,90195;"SPRF-RO";"DEL02-RO";"UOP01-DEL02-RO"
577481;2024-01-27;"sábado";"23:15:00";"GO";414;439,3;"ANAPOLIS";"Ingestão de álcool pelo condutor";"Colisão frontal";"Com Vítimas Feridas";"Plena Noite";"Crescente";"Nublado";"Simples";"Reta";"Sim";3;0;0;2;1;0;2;3;-16,274445;-48,940871;"SPRF-GO";"DEL02-GO";"UOP01-DEL02-GO"
577482;2024-01-27;"sábado";"20:20:00";"PR";476;282;"SAO MATEUS DO SUL";"Transitar na contramão";"Colisão frontal";"Com Vítimas Feridas";"Plena Noite";"Crescente";"Céu Claro";"Simples";"Reta";"Não";3;0;1;0;2;0;1;3;-25,883417;-50,430523;"SPRF-PR";"DEL02-PR";"UOP03-DEL02-PR"
577484;2024-01-27;"sábado";"21:40:00";"MS";163;658;"RIO VERDE DE MATO GROSSO";"Ausência de reação do condutor";"Saída de leito carroçável";"Com Vítimas Feridas";"Plena Noite";"Crescente";"Céu Claro";"Simples";"Declive;Curva                 ";"Não";3;0;1;0;1;1;1;2;-19,09764646;-54,77349758;"SPRF-MS";"DEL06-MS";"UOP02-DEL06-MS"
577486;2024-01-27;"sábado";"21:20:00";"ES";101;278,8;"SERRA";"Condutor Dormindo";"Colisão com objeto";"Sem Vítimas";"Plena Noite";"Decrescente";"Chuva";"Múltipla";"Interseção de Vias;Viaduto    ";"Não";1;0;0;0;1;0;0;1;-20,21782167;-40,33571547;"SPRF-ES";"DEL02-ES";"UOP01-DEL02-ES"
577487;2024-01-27;"sábado";"23:00:00";"PR";376;466,3;"PONTA GROSSA";"Demais falhas mecânicas ou elétricas";"Colisão com objeto";"Com Vítimas Feridas";"Plena Noite";"Crescente";"Nublado";"Dupla";"Reta";"Sim";5;0;4;0;1;0;4;2;-24,994952;-50,362462;"SPRF-PR";"DEL03-PR";"UOP01-DEL03-PR"
577493;2024-01-27;"sábado";"22:40:00";"PR";373;231;"IMBITUVA";"Ultrapassagem Indevida";"Colisão frontal";"Com Vítimas Feridas";"Plena Noite";"Crescente";"Céu Claro";"Simples";"Reta";"Não";3;0;1;0;2;0;1;3;-25,18288258;-50,67781009;"SPRF-PR";"DEL03-PR";"UOP01-DEL03-PR"
577495;2024-01-27;"sábado";"17:30:00";"MT";364;1214;"COMODORO";"Transitar na contramão";"Colisão frontal";"Com Vítimas Feridas";"Pleno dia";"Crescente";"Céu Claro";"Simples";"Reta";"Não";3;0;1;0;2;0;1;2;-13,79273567;-59,44652101;"SPRF-MT";"DEL04-MT";"UOP02-DEL04-MT"
577513;2024-01-28;"domingo";"03:34:00";"RS";290;157,3;"ARROIO DOS RATOS";"Transitar na contramão";"Colisão frontal";"Com Vítimas Fatais";"Plena Noite";"Decrescente";"Céu Claro";"Simples";"Declive;Curva                 ";"Não";3;2;1;0;0;0;1;2;-30,107595;-51,778015;"SPRF-RS";"DEL02-RS";"UOP01-DEL02-RS"
577518;2024-01-28;"domingo";"04:50:00";"RS";285;293;"PASSO FUNDO";"Desrespeitar a preferência no cruzamento";"Colisão transversal";"Sem Vítimas";"Plena Noite";"Crescente";"Céu Claro";"Simples";"Interseção de Vias";"Não";2;0;0;0;1;1;0;2;-28,236645;-52,375156;"SPRF-RS";"DEL08-RS";"UOP03-DEL08-RS"
577519;2024-01-28;"domingo";"05:05:00";"MG";251;472,9;"FRANCISCO SA";"Transitar na contramão";"Colisão frontal";"Com Vítimas Feridas";"Amanhecer";"Decrescente";"Chuva";"Simples";"Declive;Curva                 ";"Não";13;0;12;0;1;0;12;2;-16,4669101;-43,43947986;"SPRF-MG";"DEL12-MG";"UOP01-DEL12-MG"
577537;2024-01-28;"domingo";"06:10:00";"BA";116;919,6;"ENCRUZILHADA";"Condutor Dormindo";"Saída de leito carroçável";"Com Vítimas Fatais";"Pleno dia";"Crescente";"Chuva";"Simples";"Aclive;Reta                   ";"Não";1;1;0;0;0;0;0;1;-15,588564;-41,280855;"SPRF-BA";"DEL08-BA";"UOP03-DEL08-BA"
577543;2024-01-28;"domingo";"04:30:00";"BA";242;670;"WANDERLEY";"Condutor Dormindo";"Saída de leito carroçável";"Com Vítimas Feridas";"Plena Noite";"Decrescente";"Chuva";"Simples";"Reta;Declive                  ";"Não";1;0;1;0;0;0;1;1;-12,229;-43,926;"SPRF-BA";"DEL10-BA";"UOP02-DEL10-BA"
577569;2024-01-28;"domingo";"10:50:00";"TO";153;171,4;"ARAGUAINA";"Transitar na contramão";"Colisão frontal";"Com Vítimas Feridas";"Pleno dia";"Crescente";"Céu Claro";"Simples";"Reta";"Não";2;0;1;0;1;0;1;2;-7,40185502;-48,35944785;"SPRF-TO";"DEL02-TO";"UOP01-DEL02-TO"
577574;2024-01-28;"domingo";"10:55:00";"PB";230;90,6;"GURINHEM";"Reação tardia ou ineficiente do condutor";"Saída de leito carroçável";"Com Vítimas Feridas";"Pleno dia";"Decrescente";"Sol";"Dupla";"Reta;Declive                  ";"Não";2;0;0;2;0;0;2;1;-7,17772679;-35,41638851;"SPRF-PB";"DEL01-PB";"UOP03-DEL01-PB"
577578;2024-01-28;"domingo";"12:46:00";"PR";476;155,9;"ARAUCARIA";"Condutor deixou de manter distância do veículo da frente";"Colisão traseira";"Com Vítimas Feridas";"Pleno dia";"Crescente";"Sol";"Dupla";"Reta";"Sim";4;0;2;0;2;0;2;2;-25,59060079;-49,41035628;"SPRF-PR";"DEL01-PR";"UOP06-DEL01-PR"
577586;2024-01-28;"domingo";"13:20:00";"PR";376;343,9;"ORTIGUEIRA";"Condutor deixou de manter distância do veículo da frente";"Colisão traseira";"Com Vítimas Feridas";"Pleno dia";"Decrescente";"Chuva";"Simples";"Reta";"Não";6;0;2;0;4;0;2;2;-24,2017732;-50,94742728;"SPRF-PR";"DEL07-PR";"UOP02-DEL07-PR"
577599;2024-01-28;"domingo";"10:45:00";"BA";116;912;"ENCRUZILHADA";"Ultrapassagem Indevida";"Colisão lateral sentido oposto";"Sem Vítimas";"Pleno dia";"Decrescente";"Céu Claro";"Simples";"Reta;Interseção de Vias       ";"Não";2;0;0;0;2;0;0;2;-15,45480006;-41,22945884;"SPRF-BA";"DEL08-BA";"UOP03-DEL08-BA"
577605;2024-01-28;"domingo";"14:50:00";"SC";282;491,6;"FAXINAL DOS GUEDES";"Transitar na contramão";"Colisão frontal";"Com Vítimas Feridas";"Pleno dia";"Decrescente";"Sol";"Simples";"Reta";"Não";2;0;0;1;1;0;1;2;-26,874599;-52,282806;"SPRF-SC";"DEL07-SC";"UOP01-DEL07-SC"
577634;2024-01-28;"domingo";"16:00:00";"MG";381;339;"BELA VISTA DE MINAS";"Problema com o freio";"Colisão transversal";"Com Vítimas Feridas";"Pleno dia";"Crescente";"Céu Claro";"Simples";"Declive;Reta                  ";"Não";2;0;1;0;1;0;1;2;-19,81029199;-43,06304997;"SPRF-MG";"DEL03-MG";"UOP01-DEL03-MG"
577636;2024-01-28;"domingo";"17:20:00";"SC";282;509,3;"XANXERE";"Ingestão de álcool pelo condutor";"Colisão transversal";"Sem Vítimas";"Pleno dia";"Crescente";"Céu Claro";"Simples";"Reta";"Não";2;0;0;0;2;0;0;2;-26,890533;-52,457096;"SPRF-SC";"DEL07-SC";"UOP01-DEL07-SC"
577656;2024-01-28;"domingo";"19:50:00";"BA";116;804,2;"VITORIA DA CONQUISTA";"Acessar a via sem observar a presença dos outros veículos";"Colisão transversal";"Com Vítimas Feridas";"Plena Noite";"Decrescente";"Céu Claro";"Simples";"Reta";"Não";2;0;1;0;1;0;1;2;-14,765166;-40,706462;"SPRF-BA";"DEL08-BA";"UOP02-DEL08-BA"
577661;2024-01-20;"sábado";"15:30:00";"ES";101;4;"PEDRO CANARIO";"Demais falhas mecânicas ou elétricas";"Colisão lateral sentido oposto";"Com Vítimas Feridas";"Pleno dia";"Crescente";"Céu Claro";"Simples";"Reta";"Não";4;0;1;1;2;0;2;2;-18,2058992;-39,93492691;"SPRF-ES";"DEL04-ES";"UOP02-DEL04-ES"
577667;2024-01-28;"domingo";"02:00:00";"BA";116;521;"ITATIM";"Reação tardia ou ineficiente do condutor";"Colisão frontal";"Com Vítimas Fatais";"Plena Noite";"Decrescente";"Chuva";"Simples";"Reta";"Não";2;1;0;0;1;0;0;2;-12,68846804;-39,68756198;"SPRF-BA";"DEL03-BA";"UOP02-DEL03-BA"
577669;2024-01-28;"domingo";"15:30:00";"MG";116;515;"UBAPORANGA";"Reação tardia ou ineficiente do condutor";"Colisão com objeto";"Com Vítimas Feridas";"Pleno dia";"Decrescente";"Céu Claro";"Simples";"Curva;Ponte                   ";"Não";1;0;1;0;0;0;1;1;-19,68778501;-42,11758577;"SPRF-MG";"DEL06-MG";"UOP02-DEL06-MG"
577673;2024-01-28;"domingo";"12:30:00";"GO";364;269;"MINEIROS";"Reação tardia ou ineficiente do condutor";"Tombamento";"Com Vítimas Feridas";"Pleno dia";"Crescente";"Céu Claro";"Simples";"Curva";"Não";1;0;1;0;0;0;1;1;-17,668106;-52,302914;"SPRF-GO";"DEL05-GO";"UOP01-DEL05-GO"
577674;2024-01-28;"domingo";"16:10:00";"SC";282;507;"XANXERE";"Ingestão de álcool pelo condutor";"Derramamento de carga";"Sem Vítimas";"Pleno dia";"Decrescente";"Sol";"Dupla";"Reta";"Sim";1;0;0;0;1;0;0;1;-26,886171;-52,43911;"SPRF-SC";"DEL07-SC";"UOP01-DEL07-SC"
577701;2024-01-28;"domingo";"22:34:00";"PE";101;42,1;"IGARASSU";"Manobra de mudança de faixa";"Saída de leito carroçável";"Sem Vítimas";"Plena Noite";"Crescente";"Céu Claro";"Múltipla";"Reta;Aclive                   ";"Sim";2;0;0;0;1;1;0;2;-7,83038346;-34,91426785;"SPRF-PE";"DEL01-PE";"UOP02-DEL01-PE"
577705;2024-01-28;"domingo";"10:22:00";"MT";364;1175;"CAMPOS DE JULIO";"Velocidade Incompatível";"Saída de leito carroçável";"Sem Vítimas";"Pleno dia";"Decrescente";"Céu Claro";"Simples";"Rotatória";"Sim";1;0;0;0;1;0;0;1;-13;-59;"SPRF-MT";"DEL04-MT";"UOP02-DEL04-MT"
577706;2024-01-28;"domingo";"14:30:00";"MT";174;268;"PONTES E LACERDA";"Acostamento em desnível";"Tombamento";"Com Vítimas Feridas";"Pleno dia";"Crescente";"Céu Claro";"Simples";"Declive";"Não";2;0;2;0;0;0;2;1;-15,375735;-59,183345;"SPRF-MT";"DEL04-MT";"UOP01-DEL04-MT"
577709;2024-01-28;"domingo";"17:00:00";"PR";153;144,6;"VENTANIA";"Curva acentuada";"Tombamento";"Sem Vítimas";"Pleno dia";"Crescente";"Céu Claro";"Simples";"Curva;Declive                 ";"Não";1;0;0;0;1;0;0;1;-24,11223991;-50,24301162;"SPRF-PR";"DEL07-PR";"UOP04-DEL07-PR"
577711;2024-01-28;"domingo";"22:20:00";"SC";101;400,9;"MARACAJA";"Reação tardia ou ineficiente do condutor";"Colisão traseira";"Com Vítimas Feridas";"Plena Noite";"Decrescente";"Céu Claro";"Múltipla";"Reta";"Não";5;0;1;0;4;0;1;2;-28,84846615;-49,4346268;"SPRF-SC";"DEL02-SC";"UOP02-DEL02-SC"
577714;2024-01-28;"domingo";"16:30:00";"MA";222;460;"SANTA LUZIA";"Ingestão de álcool pelo condutor";"Colisão transversal";"Com Vítimas Feridas";"Pleno dia";"Decrescente";"Céu Claro";"Simples";"Curva";"Não";2;0;0;1;1;0;1;2;-4,15866787;-46,00621557;"SPRF-MA";"DEL02-MA";"UOP01-DEL02-MA"
577720;2024-01-29;"segunda-feira";"00:45:00";"CE";116;156;"RUSSAS";"Ingestão de álcool pelo condutor";"Colisão frontal";"Sem Vítimas";"Plena Noite";"Crescente";"Céu Claro";"Simples";"Reta";"Não";3;0;0;0;3;0;0;2;-4,88406994;-38,0189479;"SPRF-CE";"DEL03-CE";"UOP01-DEL03-CE"
577721;2024-01-28;"domingo";"23:30:00";"RS";386;215,6;"TIO HUGO";"Condutor Dormindo";"Colisão frontal";"Com Vítimas Fatais";"Pleno dia";"Crescente";"Céu Claro";"Simples";"Curva;Declive                 ";"Não";14;1;3;2;8;0;5;2;-28,588412;-52,600226;"SPRF-RS";"DEL04-RS";"UOP03-DEL04-RS"
577724;2024-01-28;"domingo";"23:05:00";"MS";163;665;"RIO VERDE DE MATO GROSSO";"Ausência de reação do condutor";"Colisão traseira";"Com Vítimas Feridas";"Plena Noite";"Crescente";"Céu Claro";"Simples";"Aclive";"Não";3;0;2;0;1;0;2;2;-19,04496622;-54,81017934;"SPRF-MS";"DEL06-MS";"UOP02-DEL06-MS"
577725;2024-01-28;"domingo";"23:05:00";"MG";365;761,4;"ITUIUTABA";"Ingestão de álcool pelo condutor";"Colisão lateral sentido oposto";"Com Vítimas Feridas";"Pleno dia";"Decrescente";"Céu Claro";"Simples";"Reta";"Não";2;0;1;0;1;0;1;2;-18,965055;-49,5192;"SPRF-MG";"DEL15-MG";"UOP03-DEL15-MG"
577726;2024-01-28;"domingo";"20:10:00";"MG";267;290,4;"BAEPENDI";"Condutor Dormindo";"Colisão frontal";"Com Vítimas Fatais";"Plena Noite";"Crescente";"Vento";"Simples";"Reta";"Não";2;1;0;0;1;0;0;2;-21,92624458;-44,81037679;"SPRF-MG";"DEL17-MG";"UOP01-DEL17-MG"
577739;2024-01-28;"domingo";"18:30:00";"BA";242;901;"LUIS EDUARDO MAGALHAES";"Ausência de sinalização";"Engavetamento";"Com Vítimas Feridas";"Anoitecer";"Decrescente";"Nublado";"Simples";"Reta";"Não";5;0;3;0;2;0;3;3;-12,11318006;-45,96027374;"SPRF-BA";"DEL10-BA";"UOP01-DEL10-BA"
577744;2024-01-29;"segunda-feira";"07:00:00";"SP";116;287;"ITAPECERICA DA SERRA";"Acessar a via sem observar a presença dos outros veículos";"Colisão lateral mesmo sentido";"Com Vítimas Feridas";"Pleno dia";"Decrescente";"Céu Claro";"Dupla";"Reta";"Não";2;0;1;0;1;0;1;2;-23,71441779;-46,87929634;"SPRF-SP";"DEL04-SP";"UOP01-DEL04-SP"
577754;2024-01-28;"domingo";"21:00:00";"MG";262;174;"SAO DOMINGOS DO PRATA";"Ausência de reação do condutor";"Tombamento";"Sem Vítimas";"Plena Noite";"Decrescente";"Nublado";"Simples";"Reta";"Não";1;0;0;0;1;0;0;1;-19,94016903;-42,95070206;"SPRF-MG";"DEL03-MG";"UOP01-DEL03-MG"
577760;2024-01-29;"segunda-feira";"07:20:00";"MG";40;747,7;"SANTOS DUMONT";"Conversão proibida";"Colisão lateral mesmo sentido";"Com Vítimas Feridas";"Pleno dia";"Crescente";"Céu Claro";"Simples";"Reta";"Não";2;0;1;0;1;0;1;2;-21,4328731;-43,55221915;"SPRF-MG";"DEL05-MG";"UOP01-DEL05-MG"
577766;2024-01-29;"segunda-feira";"09:15:00";"PR";277;137;"BALSA NOVA";"Ausência de reação do condutor";"Colisão traseira";"Com Vítimas Feridas";"Pleno dia";"Decrescente";"Céu Claro";"Dupla";"Aclive;Reta                   ";"Não";7;0;4;0;3;0;4;2;-25,470618;-49,685526;"SPRF-PR";"DEL03-PR";"UOP03-DEL03-PR"
577773;2024-01-29;"segunda-feira";"08:50:00";"PR";476;338;"PAULA FREITAS";"Demais falhas mecânicas ou elétricas";"Incêndio";"Sem Vítimas";"Pleno dia";"Crescente";"Céu Claro";"Simples";"Reta";"Não";1;0;0;0;1;0;0;1;-26,15086;-50,876347;"SPRF-PR";"DEL02-PR";"UOP03-DEL02-PR"
577776;2024-01-29;"segunda-feira";"10:20:00";"RS";392;125;"CANGUCU";"Ausência de reação do condutor";"Colisão transversal";"Com Vítimas Fatais";"Pleno dia";"Decrescente";"Nublado";"Simples";"Reta";"Não";7;1;2;1;1;2;3;3;-31,36506;-52,72544;"SPRF-RS";"DEL07-RS";"UOP01-DEL07-RS"
577778;2024-01-29;"segunda-feira";"10:00:00";"SP";116;519;"CAJATI";"Reação tardia ou ineficiente do condutor";"Saída de leito carroçável";"Com Vítimas Feridas";"Pleno dia";"Crescente";"Sol";"Simples";"Reta";"Não";1;0;1;0;0;0;1;1;-24,88391594;-48,22626356;"SPRF-SP";"DEL05-SP";"UOP02-DEL05-SP"
577800;2024-01-29;"segunda-feira";"06:30:00";"MG";381;260;"IPATINGA";"Trafegar com motocicleta (ou similar) entre as faixas";"Colisão lateral mesmo sentido";"Com Vítimas Feridas";"Pleno dia";"Crescente";"Nublado";"Dupla";"Curva;Retorno Regulamentado;Ac";"Sim";3;0;0;1;2;0;1;3;-19,53123633;-42,62069343;"SPRF-MG";"DEL03-MG";"UOP02-DEL03-MG"
577807;2024-01-29;"segunda-feira";"13:15:00";"PR";277;3;"PARANAGUA";"Conversão proibida";"Colisão lateral mesmo sentido";"Com Vítimas Feridas";"Pleno dia";"Decrescente";"Céu Claro";"Simples";"Reta";"Sim";2;0;0;1;1;0;1;2;-25,544272;-48,559775;"SPRF-PR";"DEL01-PR";"UOP05-DEL01-PR"
577814;2024-01-29;"segunda-feira";"14:05:00";"RJ";101;66;"CAMPOS DOS GOYTACAZES";"Manobra de mudança de faixa";"Colisão lateral mesmo sentido";"Com Vítimas Feridas";"Pleno dia";"Decrescente";"Sol";"Dupla";"Rotatória";"Sim";3;0;1;0;2;0;1;2;-21,76090387;-41,34788959;"SPRF-RJ";"DEL08-RJ";"UOP02-DEL08-RJ"
577819;2024-01-05;"sexta-feira";"11:00:00";"RJ";101;397;"ITAGUAI";"Reação tardia ou ineficiente do condutor";"Colisão traseira";"Com Vítimas Feridas";"Pleno dia";"Decrescente";"Céu Claro";"Dupla";"Reta";"Não";2;0;1;0;1;0;1;2;-22,871171;-43,745031;"SPRF-RJ";"DEL03-RJ";"UOP01-DEL03-RJ"
577821;2024-01-29;"segunda-feira";"11:40:00";"MG";50;172;"UBERABA";"Velocidade Incompatível";"Colisão com objeto";"Com Vítimas Feridas";"Pleno dia";"Decrescente";"Céu Claro";"Dupla";"Curva;Viaduto                 ";"Sim";3;0;2;1;0;0;3;1;-19,75402507;-47,98051917;"SPRF-MG";"DEL13-MG";"UOP01-DEL13-MG"
577822;2024-01-29;"segunda-feira";"14:43:00";"MG";381;821;"CAREACU";"Ausência de reação do condutor";"Colisão traseira";"Com Vítimas Feridas";"Pleno dia";"Decrescente";"Garoa/Chuvisco";"Dupla";"Reta;Interseção de Vias       ";"Não";4;0;3;0;1;0;3;2;-22,11209226;-45,74742779;"SPRF-MG";"DEL16-MG";"UOP02-DEL16-MG"