"id";"data_inversa";"dia_semana";"horario";"uf";"br";"km";"municipio";"causa_acidente";"tipo_acidente";"classificacao_acidente";"fase_dia";"sentido_via";"condicao_metereologica";"tipo_pista";"tracado_via";"uso_solo";"pessoas";"mortos";"feridos_leves";"feridos_graves";"ilesos";"ignorados";"feridos";"veiculos";"latitude";"longitude";"regional";"delegacia";"uop"
578697;2024-02-03;"sábado";"05:30:00";"PR";116;91;"PIRAQUARA";"Reação tardia ou ineficiente do condutor";"Colisão traseira";"Com Vítimas Feridas";"Amanhecer";"Crescente";"Céu Claro";"Dupla";"Reta";"Não";2;0;1;0;1;0;1;2;-25,4915;-49,11344;"SPRF-PR";"DEL01-PR";"UOP07-DEL01-PR"
578698;2024-02-02;"sexta-feira";"19:45:00";"GO";364;210,3;"JATAI";"Objeto estático sobre o leito carroçável";"Colisão com objeto";"Com Vítimas Feridas";"Plena Noite";"Decrescente";"Céu Claro";"Simples";"Declive";"Não";6;0;0;1;3;2;1;3;-17,891758;-51,840656;"SPRF-GO";"DEL05-GO";"UOP01-DEL05-GO"
578700;2024-02-03;"sábado";"06:10:00";"MS";262;209,2;"RIBAS DO RIO PARDO";"Manobra de mudança de faixa";"Colisão frontal";"Com Vítimas Fatais";"Amanhecer";"Crescente";"Céu Claro";"Simples";"Reta";"Não";2;1;1;0;0;0;1;2;-20,46560596;-53,471373;"SPRF-MS";"DEL07-MS";"UOP02-DEL07-MS"
578705;2024-02-02;"sexta-feira";"14:30:00";"GO";364;291,7;"MINEIROS";"Acostamento em desnível";"Tombamento";"Com Vítimas Feridas";"Pleno dia";"Decrescente";"Céu Claro";"Simples";"Reta";"Não";1;0;1;0;0;0;1;1;-17,592016;-52,486064;"SPRF-GO";"DEL05-GO";"UOP01-DEL05-GO"
578709;2024-02-03;"sábado";"06:30:00";"PA";163;591;"TRAIRAO";"Ingestão de substâncias psicoativas pelo condutor";"Colisão lateral sentido oposto";"Com Vítimas Feridas";"Amanhecer";"Crescente";"Céu Claro";"Simples";"Curva";"Não";4;0;1;1;2;0;2;3;-4,90250197;-56,18616339;"SPRF-PA";"DEL05-PA";"UOP02-DEL05-PA"
578711;2024-02-02;"sexta-feira";"11:00:00";"AC";364;515;"FEIJO";"Transitar na contramão";"Colisão frontal";"Com Vítimas Fatais";"Pleno dia";"Decrescente";"Sol";"Simples";"Reta";"Não";3;2;0;0;1;0;0;2;-8,1903642269;-70,5572690194;"SPRF-AC";"DEL01-AC";"UOP01-DEL01-AC"
578713;2024-02-03;"sábado";"07:20:00";"SP";116;349;"MIRACATU";"Condutor deixou de manter distância do veículo da frente";"Colisão lateral mesmo sentido";"Com Vítimas Feridas";"Pleno dia";"Decrescente";"Céu Claro";"Dupla";"Reta";"Não";8;0;3;0;5;0;3;2;-24,05190879;-47,213052;"SPRF-SP";"DEL04-SP";"UOP03-DEL04-SP"
578715;2024-02-03;"sábado";"06:00:00";"MT";163;1033;"PEIXOTO DE AZEVEDO";"Ultrapassagem Indevida";"Colisão lateral sentido oposto";"Com Vítimas Feridas";"Pleno dia";"Crescente";"Céu Claro";"Simples";"Reta";"Não";2;0;1;0;0;1;1;2;-10,3429349;-55,04102846;"SPRF-MT";"DEL06-MT";"UOP03-DEL06-MT"
578722;2024-02-03;"sábado";"07:20:00";"MG";40;588;"ITABIRITO";"Acessar a via sem observar a presença dos outros veículos";"Colisão lateral mesmo sentido";"Com Vítimas Feridas";"Pleno dia";"Crescente";"Céu Claro";"Simples";"Curva";"Não";2;0;0;1;1;0;1;2;-20,35149094;-43,91313094;"SPRF-MG";"DEL01-MG";"UOP02-DEL01-MG"
578724;2024-02-03;"sábado";"07:34:00";"GO";20;91;"VILA BOA";"Acessar a via sem observar a presença dos outros veículos";"Colisão traseira";"Com Vítimas Feridas";"Pleno dia";"Crescente";"Céu Claro";"Simples";"Reta";"Não";2;0;1;0;1;0;1;2;-15,02026;-47,046417;"SPRF-DF";"DEL02-DF";"UOP02-DEL02-DF"
578730;2024-02-03;"sábado";"07:13:00";"MG";381;720,8;"CARMO DA CACHOEIRA";"Ausência de reação do condutor";"Tombamento";"Com Vítimas Feridas";"Pleno dia";"Decrescente";"Céu Claro";"Dupla";"Curva";"Não";1;0;1;0;0;0;1;1;-21,46061202;-45,20743901;"SPRF-MG";"DEL04-MG";"UOP02-DEL04-MG"
578731;2024-02-03;"sábado";"09:00:00";"MG";381;384;"SAO GONCALO DO RIO ABAIXO";"Ausência de reação do condutor";"Colisão frontal";"Com Vítimas Feridas";"Pleno dia";"Decrescente";"Céu Claro";"Simples";"Curva";"Não";3;0;1;0;2;0;1;2;-19,83443178;-43,35093867;"SPRF-MG";"DEL01-MG";"UOP01-DEL01-MG"
578734;2024-02-03;"sábado";"07:45:00";"MG";365;45,5;"CLARO DOS POCOES";"Chuva";"Colisão lateral sentido oposto";"Com Vítimas Feridas";"Pleno dia";"Crescente";"Chuva";"Simples";"Reta";"Não";5;0;1;1;3;0;2;2;-16,91338837;-44,20830575;"SPRF-MG";"DEL12-MG";"UOP01-DEL12-MG"
578736;2024-02-03;"sábado";"08:10:00";"PR";277;63,2;"SAO JOSE DOS PINHAIS";"Pedestre andava na pista";"Atropelamento de Pedestre";"Com Vítimas Feridas";"Pleno dia";"Crescente";"Céu Claro";"Dupla";"Reta";"Sim";3;0;1;0;2;0;1;3;-25,54036665;-49,06301737;"SPRF-PR";"DEL01-PR";"UOP01-DEL01-PR"
578737;2024-02-03;"sábado";"09:40:00";"GO";60;51,9;"ABADIANIA";"Ingestão de álcool pelo condutor";"Saída de leito carroçável";"Com Vítimas Feridas";"Pleno dia";"Crescente";"Nublado";"Dupla";"Declive;Reta                  ";"Não";1;0;1;0;0;0;1;1;-16,168616;-48,638241;"SPRF-GO";"DEL02-GO";"UOP01-DEL02-GO"
578741;2024-02-03;"sábado";"10:00:00";"MG";381;560;"ITAGUARA";"Demais falhas mecânicas ou elétricas";"Saída de leito carroçável";"Com Vítimas Feridas";"Pleno dia";"Crescente";"Céu Claro";"Dupla";"Declive;Curva                 ";"Não";3;0;2;0;1;0;2;2;-20,38551554;-44,48916608;"SPRF-MG";"DEL04-MG";"UOP03-DEL04-MG"
578746;2024-02-03;"sábado";"11:20:00";"RS";386;22;"FREDERICO WESTPHALEN";"Reação tardia ou ineficiente do condutor";"Colisão frontal";"Sem Vítimas";"Pleno dia";"Crescente";"Céu Claro";"Simples";"Curva;Declive                 ";"Não";2;0;0;0;2;0;0;2;-27,275194;-53,353176;"SPRF-RS";"DEL08-RS";"UOP02-DEL08-RS"
578750;2024-02-03;"sábado";"12:00:00";"AL";101;100;"PILAR";"Reação tardia ou ineficiente do condutor";"Colisão com objeto";"Com Vítimas Fatais";"Pleno dia";"Crescente";"Céu Claro";"Simples";"Ponte";"Não";1;1;0;0;0;0;0;1;-9,56369581;-35,97111969;"SPRF-AL";"DEL01-AL";"UOP01-DEL01-AL"
578753;2024-02-03;"sábado";"10:35:00";"RJ";40;119;"DUQUE DE CAXIAS";"Reação tardia ou ineficiente do condutor";"Colisão lateral mesmo sentido";"Com Vítimas Feridas";"Pleno dia";"Crescente";"Nublado";"Múltipla";"Reta";"Sim";4;0;1;0;3;0;1;3;-22,76375592;-43,28683062;"SPRF-RJ";"DEL01-RJ";"UOP02-DEL01-RJ"
578755;2024-02-03;"sábado";"12:15:00";"SC";470;92;"APIUNA";"Transitar na contramão";"Colisão frontal";"Com Vítimas Feridas";"Pleno dia";"Crescente";"Céu Claro";"Simples";"Reta";"Sim";5;0;1;3;1;0;4;2;-26,98592;-49,373047;"SPRF-SC";"DEL04-SC";"UOP01-DEL04-SC"
578764;2024-02-03;"sábado";"08:30:00";"RJ";495;22;"PETROPOLIS";"Falta de acostamento";"Colisão lateral mesmo sentido";"Com Vítimas Feridas";"Pleno dia";"Decrescente";"Nublado";"Simples";"Aclive;Reta                   ";"Não";4;0;1;0;3;0;1;2;-22,40775537;-43,08365822;"SPRF-RJ";"DEL05-RJ";"UOP02-DEL05-RJ"
578770;2024-02-03;"sábado";"13:30:00";"PI";316;42,4;"LAGOA DO PIAUI";"Reação tardia ou ineficiente do condutor";"Saída de leito carroçável";"Com Vítimas Feridas";"Pleno dia";"Crescente";"Nublado";"Simples";"Reta";"Não";1;0;1;0;0;0;1;1;-5,41952403;-42,64045707;"SPRF-PI";"DEL01-PI";"UOP02-DEL01-PI"
578772;2024-02-03;"sábado";"13:40:00";"PR";376;591;"CURITIBA";"Condutor deixou de manter distância do veículo da frente";"Engavetamento";"Com Vítimas Feridas";"Pleno dia";"Decrescente";"Céu Claro";"Dupla";"Reta";"Não";3;0;1;0;2;0;1;3;-25,45999605;-49,35895013;"SPRF-PR";"DEL01-PR";"UOP06-DEL01-PR"
578783;2024-02-03;"sábado";"17:00:00";"MG";381;817,4;"CAREACU";"Chuva";"Saída de leito carroçável";"Com Vítimas Feridas";"Pleno dia";"Crescente";"Chuva";"Dupla";"Reta";"Não";1;0;1;0;0;0;1;1;-22,09779644;-45,71786074;"SPRF-MG";"DEL16-MG";"UOP02-DEL16-MG"
578786;2024-02-03;"sábado";"17:20:00";"SC";101;237,9;"PALHOCA";"Suicídio (presumido)";"Colisão com objeto";"Com Vítimas Fatais";"Pleno dia";"Crescente";"Céu Claro";"Múltipla";"Reta";"Não";3;1;0;0;1;1;0;3;-27,8438031;-48,6355409;"SPRF-SC";"DEL01-SC";"UOP02-DEL01-SC"
578787;2024-02-03;"sábado";"17:00:00";"PR";153;18,3;"JACAREZINHO";"Transitar na contramão";"Colisão frontal";"Com Vítimas Fatais";"Pleno dia";"Crescente";"Céu Claro";"Simples";"Aclive";"Sim";2;1;0;0;1;0;0;2;-23,14821281;-49,95294571;"SPRF-PR";"DEL07-PR";"UOP04-DEL07-PR"
578788;2024-01-17;"quarta-feira";"05:30:00";"BA";116;529,3;"ITATIM";"Transitar na contramão";"Colisão lateral sentido oposto";"Com Vítimas Feridas";"Amanhecer";"Decrescente";"Nublado";"Simples";"Reta";"Não";4;0;1;1;2;0;2;3;-12,740198;-39,786502;"SPRF-BA";"DEL03-BA";"UOP02-DEL03-BA"
578791;2024-02-03;"sábado";"17:00:00";"BA";116;691;"JEQUIE";"Ausência de reação do condutor";"Tombamento";"Com Vítimas Feridas";"Pleno dia";"Crescente";"Céu Claro";"Simples";"Reta";"Não";2;0;2;0;0;0;2;1;-13,94789006;-40,16494773;"SPRF-BA";"DEL03-BA";"UOP01-DEL03-BA"
578794;2024-02-03;"sábado";"17:15:00";"PE";423;97,3;"GARANHUNS";"Acessar a via sem observar a presença dos outros veículos";"Colisão transversal";"Com Vítimas Fatais";"Pleno dia";"Decrescente";"Céu Claro";"Simples";"Reta;Declive                  ";"Sim";2;1;0;0;1;0;0;2;-8,8796227;-36,49484286;"SPRF-PE";"DEL03-PE";"UOP01-DEL03-PE"
578801;2024-02-03;"sábado";"19:25:00";"RJ";101;19;"CAMPOS DOS GOYTACAZES";"Transitar na contramão";"Colisão lateral sentido oposto";"Com Vítimas Fatais";"Plena Noite";"Crescente";"Céu Claro";"Simples";"Declive";"Sim";2;1;0;0;1;0;0;2;-21,37421125;-41,34253394;"SPRF-RJ";"DEL08-RJ";"UOP01-DEL08-RJ"
578807;2024-02-03;"sábado";"19:05:00";"MS";262;491,8;"ANASTACIO";"Acessar a via sem observar a presença dos outros veículos";"Atropelamento de Pedestre";"Com Vítimas Feridas";"Plena Noite";"Crescente";"Céu Claro";"Simples";"Reta";"Não";2;0;0;1;1;0;1;2;-20,50107013;-55,82486196;"SPRF-MS";"DEL03-MS";"UOP01-DEL03-MS"
578814;2024-02-03;"sábado";"19:11:00";"PR";373;401;"CANDOI";"Entrada inopinada do pedestre";"Atropelamento de Pedestre";"Com Vítimas Feridas";"Pleno dia";"Crescente";"Céu Claro";"Simples";"Reta";"Não";4;0;0;1;1;2;1;2;-25,57658993;-52,05533419;"SPRF-PR";"DEL08-PR";"UOP01-DEL08-PR"
578819;2024-02-03;"sábado";"19:24:00";"SP";116;137;"SAO JOSE DOS CAMPOS";"Pedestre andava na pista";"Atropelamento de Pedestre";"Com Vítimas Fatais";"Plena Noite";"Decrescente";"Chuva";"Dupla";"Reta";"Não";5;1;0;0;3;1;0;5;-23,15300766;-45,78709317;"SPRF-SP";"DEL02-SP";"UOP01-DEL02-SP"
578820;2024-02-03;"sábado";"19:00:00";"MT";163;72,5;"RONDONOPOLIS";"Demais falhas mecânicas ou elétricas";"Incêndio";"Sem Vítimas";"Plena Noite";"Crescente";"Céu Claro";"Dupla";"Reta";"Não";1;0;0;0;1;0;0;1;-16,88528221;-54,71596956;"SPRF-MT";"DEL02-MT";"UOP03-DEL02-MT"
578833;2024-02-03;"sábado";"17:00:00";"BA";407;37,6;"JUAZEIRO";"Ultrapassagem Indevida";"Colisão frontal";"Com Vítimas Fatais";"Pleno dia";"Crescente";"Céu Claro";"Simples";"Reta";"Não";3;1;0;0;2;0;0;2;-9,70639516;-40,36659835;"SPRF-BA";"DEL04-BA";"UOP01-DEL04-BA"
578840;2024-02-03;"sábado";"22:00:00";"MG";40;605;"CONGONHAS";"Demais falhas mecânicas ou elétricas";"Saída de leito carroçável";"Com Vítimas Feridas";"Plena Noite";"Decrescente";"Céu Claro";"Simples";"Curva";"Não";1;0;1;0;0;0;1;1;-20,4679836;-43,8407073;"SPRF-MG";"DEL05-MG";"UOP02-DEL05-MG"
578846;2024-02-03;"sábado";"23:15:00";"PR";376;170,4;"MARINGA";"Ingestão de álcool pelo condutor";"Saída de leito carroçável";"Sem Vítimas";"Plena Noite";"Crescente";"Céu Claro";"Dupla";"Rotatória;Reta;Interseção de V";"Não";1;0;0;0;1;0;0;1;-23,41595703;-51,97950402;"SPRF-PR";"DEL09-PR";"UOP01-DEL09-PR"
578849;2024-02-03;"sábado";"23:40:00";"PR";277;659,5;"MATELANDIA";"Velocidade Incompatível";"Tombamento";"Com Vítimas Feridas";"Plena Noite";"Crescente";"Céu Claro";"Dupla";"Curva;Declive                 ";"Não";4;0;1;1;2;0;2;3;-25,24664169;-53,98334832;"SPRF-PR";"DEL05-PR";"UOP02-DEL05-PR"
578855;2024-02-04;"domingo";"01:30:00";"TO";153;408,7;"MIRANORTE";"Pedestre cruzava a pista fora da faixa";"Atropelamento de Pedestre";"Com Vítimas Fatais";"Plena Noite";"Crescente";"Céu Claro";"Simples";"Reta";"Não";3;1;0;0;2;0;0;2;-9,48122494;-48,58319433;"SPRF-TO";"DEL02-TO";"UOP02-DEL02-TO"
578866;2024-02-04;"domingo";"04:50:00";"ES";101;74;"SAO MATEUS";"Ultrapassagem Indevida";"Colisão frontal";"Com Vítimas Feridas";"Amanhecer";"Crescente";"Céu Claro";"Simples";"Reta";"Não";6;0;1;2;3;0;3;4;-18,80685577;-39,8956893;"SPRF-ES";"DEL04-ES";"UOP02-DEL04-ES"
578869;2024-02-04;"domingo";"04:30:00";"PE";232;439,8;"SERRA TALHADA";"Transitar na contramão";"Colisão frontal";"Com Vítimas Feridas";"Amanhecer";"Crescente";"Nublado";"Simples";"Curva;Declive                 ";"Não";3;0;2;1;0;0;3;2;-8,012299;-38,556566;"SPRF-PE";"DEL04-PE";"UOP01-DEL04-PE"
578874;2024-02-04;"domingo";"04:55:00";"RS";101;67;"MAQUINE";"Reação tardia ou ineficiente do condutor";"Colisão com objeto";"Sem Vítimas";"Pleno dia";"Crescente";"Céu Claro";"Dupla";"Reta";"Sim";1;0;0;0;1;0;0;1;-29,725468;-50,199816;"SPRF-RS";"DEL03-RS";"UOP02-DEL03-RS"
578875;2024-01-24;"quarta-feira";"15:00:00";"BA";242;405;"SEABRA";"Condutor deixou de manter distância do veículo da frente";"Colisão traseira";"Sem Vítimas";"Pleno dia";"Crescente";"Céu Claro";"Simples";"Reta";"Não";2;0;0;0;2;0;0;2;-12,48810878;-41,72887312;"SPRF-BA";"DEL06-BA";"UOP01-DEL06-BA"
578884;2024-02-04;"domingo";"03:30:00";"TO";153;297,8;"PRESIDENTE KENNEDY";"Transitar na contramão";"Colisão frontal";"Com Vítimas Fatais";"Plena Noite";"Crescente";"Nublado";"Simples";"Aclive";"Não";3;1;0;0;1;1;0;3;-8,50685805;-48,48795923;"SPRF-TO";"DEL02-TO";"UOP02-DEL02-TO"
578887;2024-02-03;"sábado";"23:30:00";"PA";222;218;"BOM JESUS DO TOCANTINS";"Transitar na contramão";"Colisão lateral sentido oposto";"Com Vítimas Feridas";"Plena Noite";"Crescente";"Céu Claro";"Simples";"Declive";"Não";3;0;1;0;2;0;1;2;-5,180754;-48,979069;"SPRF-PA";"DEL03-PA";"UOP01-DEL03-PA"
578888;2024-02-03;"sábado";"22:30:00";"MG";262;651;"IBIA";"Condutor Dormindo";"Saída de leito carroçável";"Com Vítimas Feridas";"Plena Noite";"Decrescente";"Nublado";"Simples";"Aclive;Reta                   ";"Não";1;0;1;0;0;0;1;1;-19,569754;-46,658166;"SPRF-MG";"DEL08-MG";"UOP01-DEL08-MG"
578892;2024-02-04;"domingo";"06:30:00";"MG";365;621,5;"UBERLANDIA";"Mal súbito do condutor";"Colisão com objeto";"Com Vítimas Feridas";"Amanhecer";"Crescente";"Chuva";"Dupla";"Curva;Declive                 ";"Sim";1;0;1;0;0;0;1;1;-18,9048022;-48,29052803;"SPRF-MG";"DEL15-MG";"UOP01-DEL15-MG"
578902;2024-02-04;"domingo";"03:45:00";"PA";230;1126;"ITAITUBA";"Ingestão de álcool pelo condutor";"Colisão lateral sentido oposto";"Sem Vítimas";"Plena Noite";"Decrescente";"Ignorado";"Simples";"Curva;Declive                 ";"Não";2;0;0;0;1;1;0;2;-4,31664891;-55,95736027;"SPRF-PA";"DEL05-PA";"UOP02-DEL05-PA"
578907;2024-02-03;"sábado";"21:30:00";"BA";242;156;"RAFAEL JAMBEIRO";"Transitar na contramão";"Colisão frontal";"Com Vítimas Fatais";"Plena Noite";"Crescente";"Céu Claro";"Simples";"Reta";"Não";5;4;0;0;1;0;0;2;-12,505998;-39,655906;"SPRF-BA";"DEL06-BA";"UOP02-DEL06-BA"
578908;2024-02-03;"sábado";"21:00:00";"MT";163;1004;"TERRA NOVA DO NORTE";"Transitar na contramão";"Colisão frontal";"Com Vítimas Fatais";"Plena Noite";"Decrescente";"Chuva";"Simples";"Aclive;Reta                   ";"Não";2;1;0;0;1;0;0;2;-10,58824596;-55,09321322;"SPRF-MT";"DEL06-MT";"UOP03-DEL06-MT"
578911;2024-02-04;"domingo";"09:45:00";"MG";381;837,5;"SAO SEBASTIAO DA BELA VISTA";"Manobra de mudança de faixa";"Colisão lateral mesmo sentido";"Com Vítimas Feridas";"Pleno dia";"Crescente";"Nublado";"Dupla";"Declive;Curva                 ";"Não";4;0;2;0;2;0;2;2;-22,18544691;-45,84411022;"SPRF-MG";"DEL16-MG";"UOP01-DEL16-MG"
578914;2024-02-04;"domingo";"08:50:00";"MT";163;768;"SORRISO";"Transitar na contramão";"Colisão frontal";"Com Vítimas Feridas";"Pleno dia";"Crescente";"Céu Claro";"Simples";"Reta";"Não";2;0;0;1;1;0;1;2;-12,53807594;-55,70640432;"SPRF-MT";"DEL06-MT";"UOP01-DEL06-MT"
578915;2024-02-04;"domingo";"07:50:00";"BA";101;819,6;"ITAMARAJU";"Reação tardia ou ineficiente do condutor";"Tombamento";"Com Vítimas Feridas";"Pleno dia";"Decrescente";"Céu Claro";"Simples";"Curva";"Não";1;0;1;0;0;0;1;1;-17,106572;-39,561826;"SPRF-BA";"DEL09-BA";"UOP02-DEL09-BA"
578921;2024-02-04;"domingo";"09:30:00";"GO";452;145,5;"BOM JESUS DE GOIAS";"Problema com o freio";"Colisão traseira";"Com Vítimas Feridas";"Pleno dia";"Crescente";"Sol";"Simples";"Reta";"Não";4;0;1;0;3;0;1;4;-18,28004135;-49,62383116;"SPRF-GO";"DEL03-GO";"UOP02-DEL03-GO"
578928;2024-02-04;"domingo";"10:15:00";"MT";364;193;"RONDONOPOLIS";"Ausência de reação do condutor";"Colisão traseira";"Com Vítimas Feridas";"Pleno dia";"Crescente";"Céu Claro";"Simples";"Reta";"Não";2;0;1;0;1;0;1;2;-16,53246336;-54,58496737;"SPRF-MT";"DEL02-MT";"UOP01-DEL02-MT"
578930;2024-02-04;"domingo";"12:30:00";"RJ";101;69;"CAMPOS DOS GOYTACAZES";"Suicídio (presumido)";"Colisão lateral sentido oposto";"Com Vítimas Feridas";"Pleno dia";"Crescente";"Céu Claro";"Simples";"Reta";"Não";2;0;1;0;1;0;1;2;-21,77624383;-41,3653321;"SPRF-RJ";"DEL08-RJ";"UOP02-DEL08-RJ"
578936;2024-02-04;"domingo";"09:00:00";"MT";158;634;"NOVA XAVANTINA";"Ausência de reação do condutor";"Saída de leito carroçável";"Com Vítimas Feridas";"Pleno dia";"Crescente";"Céu Claro";"Simples";"Curva";"Não";1;0;1;0;0;0;1;1;-14,53357488;-52,33600203;"SPRF-MT";"DEL07-MT";"UOP02-DEL07-MT"
578938;2024-02-04;"domingo";"12:17:00";"MG";381;484;"BETIM";"Reação tardia ou ineficiente do condutor";"Tombamento";"Com Vítimas Feridas";"Pleno dia";"Crescente";"Nublado";"Dupla";"Curva;Aclive                  ";"Sim";2;0;1;0;1;0;1;2;-19,95531717;-44,11722196;"SPRF-MG";"DEL01-MG";"UOP03-DEL01-MG"
578946;2024-02-04;"domingo";"10:15:00";"PB";116;12,1;"CACHOEIRA DOS INDIOS";"Ultrapassagem Indevida";"Saída de leito carroçável";"Sem Vítimas";"Pleno dia";"Crescente";"Sol";"Simples";"Reta;Aclive                   ";"Não";2;0;0;0;1;1;0;2;-6,993578;-38,746815;"SPRF-CE";"DEL05-CE";"UOP03-DEL05-CE"
578947;2024-02-04;"domingo";"08:38:00";"RJ";116;224;"PIRAI";"Demais falhas mecânicas ou elétricas";"Incêndio";"Sem Vítimas";"Pleno dia";"Decrescente";"Céu Claro";"Dupla";"Reta";"Não";1;0;0;0;1;0;0;1;-22,68709335;-43,81058612;"SPRF-RJ";"DEL06-RJ";"UOP02-DEL06-RJ"
578948;2024-02-04;"domingo";"08:45:00";"BA";116;727,7;"BOA NOVA";"Conversão proibida";"Colisão transversal";"Com Vítimas Feridas";"Pleno dia";"Decrescente";"Céu Claro";"Simples";"Reta";"Não";5;0;1;4;0;0;5;3;-14,292788;-40,310431;"SPRF-BA";"DEL08-BA";"UOP02-DEL08-BA"
578949;2024-02-04;"domingo";"15:10:00";"MG";365;16,8;"MONTES CLAROS";"Velocidade Incompatível";"Colisão frontal";"Com Vítimas Fatais";"Pleno dia";"Crescente";"Sol";"Simples";"Curva;Declive                 ";"Não";3;2;0;0;1;0;0;2;-16,86881617;-44,01763824;"SPRF-MG";"DEL12-MG";"UOP01-DEL12-MG"
578959;2024-02-04;"domingo";"16:02:00";"ES";262;17,5;"VIANA";"Trafegar com motocicleta (ou similar) entre as faixas";"Colisão lateral mesmo sentido";"Com Vítimas Feridas";"Pleno dia";"Decrescente";"Céu Claro";"Simples";"Reta";"Sim";3;0;2;0;1;0;2;2;-20,38635961;-40,47272969;"SPRF-ES";"DEL01-ES";"UOP01-DEL01-ES"
578961;2024-02-04;"domingo";"16:20:00";"DF";20;11;"BRASILIA";"Chuva";"Tombamento";"Com Vítimas Feridas";"Pleno dia";"Decrescente";"Chuva";"Dupla";"Reta";"Não";2;0;1;0;1;0;1;1;-15,64654;-47,766422;"SPRF-DF";"DEL02-DF";"UOP01-DEL02-DF"
578971;2024-02-03;"sábado";"09:45:00";"MT";163;934;"ITAUBA";"Ausência de reação do condutor";"Colisão traseira";"Com Vítimas Fatais";"Pleno dia";"Decrescente";"Céu Claro";"Simples";"Reta";"Não";8;3;0;2;3;0;2;5;-11,13682296;-55,31295921;"SPRF-MT";"DEL06-MT";"UOP02-DEL06-MT"
578980;2024-02-04;"domingo";"14:10:00";"MT";163;573;"NOVA MUTUM";"Chuva";"Colisão frontal";"Com Vítimas Feridas";"Pleno dia";"Decrescente";"Chuva";"Simples";"Reta";"Não";3;0;0;2;1;0;2;2;-14,13823325;-56,10402945;"SPRF-MT";"DEL01-MT";"UOP01-DEL01-MT"
578989;2024-02-04;"domingo";"15:00:00";"MT";70;514;"VARZEA GRANDE";"Condutor desrespeitou a iluminação vermelha do semáforo";"Colisão transversal";"Sem Vítimas";"Pleno dia";"Decrescente";"Nublado";"Simples";"Interseção de Vias";"Sim";3;0;0;0;3;0;0;2;-15,70634076;-56,13696098;"SPRF-MT";"DEL01-MT";"UOP02-DEL01-MT"
579005;2024-02-04;"domingo";"18:25:00";"PR";373;174;"PONTA GROSSA";"Velocidade Incompatível";"Colisão transversal";"Com Vítimas Feridas";"Pleno dia";"Crescente";"Céu Claro";"Dupla";"Reta";"Sim";2;0;0;1;1;0;1;2;-25,07594908;-50,20995715;"SPRF-PR";"DEL03-PR";"UOP01-DEL03-PR"
579021;2024-02-04;"domingo";"16:30:00";"RO";364;559;"ALTO PARAISO";"Transitar na contramão";"Colisão frontal";"Com Vítimas Feridas";"Pleno dia";"Decrescente";"Chuva";"Simples";"Reta";"Não";2;0;1;1;0;0;2;2;-9,57083902;-63,07461536;"SPRF-RO";"DEL03-RO";"UOP01-DEL03-RO"
579027;2024-02-04;"domingo";"19:45:00";"BA";110;11,7;"PAULO AFONSO";"Velocidade Incompatível";"Colisão traseira";"Com Vítimas Feridas";"Plena Noite";"Crescente";"Céu Claro";"Simples";"Reta";"Não";2;0;1;0;1;0;1;2;-9,54994104;-38,22123966;"SPRF-BA";"DEL07-BA";"UOP01-DEL07-BA"
579030;2024-02-04;"domingo";"17:50:00";"MG";251;323,9;"SALINAS";"Carga excessiva e/ou mal acondicionada";"Tombamento";"Com Vítimas Feridas";"Anoitecer";"Crescente";"Céu Claro";"Simples";"Curva;Declive                 ";"Não";2;0;2;0;0;0;2;1;-16,22966821;-42,37541477;"SPRF-MG";"DEL12-MG";"UOP02-DEL12-MG"
579033;2024-02-04;"domingo";"20:45:00";"RJ";116;111;"GUAPIMIRIM";"Reação tardia ou ineficiente do condutor";"Atropelamento de Pedestre";"Com Vítimas Feridas";"Plena Noite";"Crescente";"Céu Claro";"Simples";"Reta";"Não";4;0;1;0;1;2;1;3;-22,55838319;-42,99482067;"SPRF-RJ";"DEL04-RJ";"UOP02-DEL04-RJ"
579034;2024-02-04;"domingo";"20:20:00";"SC";101;81;"BARRA VELHA";"Condutor deixou de manter distância do veículo da frente";"Colisão traseira";"Com Vítimas Feridas";"Plena Noite";"Decrescente";"Céu Claro";"Múltipla";"Aclive";"Não";5;0;2;0;3;0;2;4;-26,60256101;-48,72553524;"SPRF-SC";"DEL03-SC";"UOP02-DEL03-SC"
579035;2024-02-04;"domingo";"21:20:00";"RS";386;306,5;"POUSO NOVO";"Reação tardia ou ineficiente do condutor";"Colisão lateral mesmo sentido";"Com Vítimas Fatais";"Plena Noite";"Crescente";"Céu Claro";"Simples";"Curva;Declive                 ";"Não";4;1;1;1;0;1;2;3;-29,202335;-52,183838;"SPRF-RS";"DEL04-RS";"UOP01-DEL04-RS"
579037;2024-02-04;"domingo";"19:50:00";"SC";116;169,8;"PONTE ALTA DO NORTE";"Manobra de mudança de faixa";"Colisão frontal";"Com Vítimas Fatais";"Plena Noite";"Decrescente";"Garoa/Chuvisco";"Simples";"Curva";"Não";5;1;1;1;2;0;2;3;-27,190528;-50,4636833;"SPRF-SC";"DEL05-SC";"UOP03-DEL05-SC"
579043;2024-02-04;"domingo";"22:25:00";"ES";101;320,8;"GUARAPARI";"Reação tardia ou ineficiente do condutor";"Colisão lateral mesmo sentido";"Com Vítimas Feridas";"Plena Noite";"Crescente";"Céu Claro";"Múltipla";"Reta";"Não";3;0;1;0;2;0;1;2;-20,51234104;-40,47639192;"SPRF-ES";"DEL03-ES";"UOP01-DEL03-ES"