"id";"data_inversa";"dia_semana";"horario";"uf";"br";"km";"municipio";"causa_acidente";"tipo_acidente";"classificacao_acidente";"fase_dia";"sentido_via";"condicao_metereologica";"tipo_pista";"tracado_via";"uso_solo";"pessoas";"mortos";"feridos_leves";"feridos_graves";"ilesos";"ignorados";"feridos";"veiculos";"latitude";"longitude";"regional";"delegacia";"uop"
581500;2024-02-16;"sexta-feira";"05:30:00";"SE";101;24;"MALHADA DOS BOIS";"Reação tardia ou ineficiente do condutor";"Saída de leito carroçável";"Sem Vítimas";"Pleno dia";"Crescente";"Céu Claro";"Dupla";"Curva";"Não";1;0;0;0;1;0;0;1;-10,39607118;-36,91721184;"SPRF-SE";"DEL02-SE";"UOP02-DEL02-SE"
581504;2024-02-16;"sexta-feira";"14:50:00";"RS";392;120;"CANGUCU";"Conversão proibida";"Colisão transversal";"Com Vítimas Feridas";"Pleno dia";"Decrescente";"Nublado";"Simples";"Interseção de Vias;Reta       ";"Não";3;0;1;0;2;0;1;2;-31,39139698;-52,6887662;"SPRF-RS";"DEL07-RS";"UOP01-DEL07-RS"
581506;2024-02-16;"sexta-feira";"15:00:00";"GO";364;315,8;"MINEIROS";"Reação tardia ou ineficiente do condutor";"Colisão lateral sentido oposto";"Com Vítimas Feridas";"Pleno dia";"Decrescente";"Céu Claro";"Simples";"Aclive;Ponte;Curva            ";"Não";8;0;1;0;3;4;1;5;-17,453203;-52,59116;"SPRF-GO";"DEL05-GO";"UOP01-DEL05-GO"
581508;2024-02-16;"sexta-feira";"08:50:00";"BA";116;919,7;"ENCRUZILHADA";"Reação tardia ou ineficiente do condutor";"Colisão com objeto";"Com Vítimas Feridas";"Pleno dia";"Crescente";"Céu Claro";"Simples";"Curva";"Não";1;0;1;0;0;0;1;1;-15,61592798;-41,29159927;"SPRF-BA";"DEL08-BA";"UOP03-DEL08-BA"
581510;2024-02-16;"sexta-feira";"15:00:00";"GO";20;1;"FORMOSA";"Reação tardia ou ineficiente do condutor";"Colisão traseira";"Com Vítimas Feridas";"Pleno dia";"Decrescente";"Céu Claro";"Simples";"Declive;Curva                 ";"Sim";2;0;1;0;1;0;1;2;-15,579424;-47,334297;"SPRF-DF";"DEL02-DF";"UOP02-DEL02-DF"
581511;2024-02-16;"sexta-feira";"15:20:00";"SC";470;163;"POUSO REDONDO";"Acessar a via sem observar a presença dos outros veículos";"Colisão traseira";"Com Vítimas Feridas";"Pleno dia";"Crescente";"Chuva";"Simples";"Reta";"Não";4;0;2;0;2;0;2;2;-27,27660362;-49,85046744;"SPRF-SC";"DEL04-SC";"UOP02-DEL04-SC"
581515;2024-02-16;"sexta-feira";"16:00:00";"MG";251;475,8;"FRANCISCO SA";"Manobra de mudança de faixa";"Colisão transversal";"Com Vítimas Fatais";"Pleno dia";"Crescente";"Céu Claro";"Simples";"Reta";"Não";3;2;0;0;1;0;0;2;-16,50714948;-43,54451367;"SPRF-MG";"DEL12-MG";"UOP01-DEL12-MG"
581518;2024-02-16;"sexta-feira";"16:10:00";"PR";116;11;"COLOMBO";"Demais falhas mecânicas ou elétricas";"Incêndio";"Sem Vítimas";"Pleno dia";"Decrescente";"Nublado";"Dupla";"Reta";"Sim";1;0;0;0;1;0;0;1;-25,3727;-49,1408;"SPRF-PR";"DEL01-PR";"UOP02-DEL01-PR"
581519;2024-02-16;"sexta-feira";"14:15:00";"MG";251;451,3;"GRAO MOGOL";"Transitar na contramão";"Colisão frontal";"Com Vítimas Feridas";"Pleno dia";"Decrescente";"Chuva";"Simples";"Curva";"Não";3;0;1;0;2;0;1;3;-16,41900232;-43,30798792;"SPRF-MG";"DEL12-MG";"UOP01-DEL12-MG"
581521;2024-02-16;"sexta-feira";"13:50:00";"RJ";116;136;"MAGE";"Animais na Pista";"Colisão lateral mesmo sentido";"Com Vítimas Feridas";"Pleno dia";"Crescente";"Céu Claro";"Dupla";"Reta";"Sim";2;0;0;1;1;0;1;2;-22,64988985;-43,17250297;"SPRF-RJ";"DEL04-RJ";"UOP02-DEL04-RJ"
581525;2024-02-16;"sexta-feira";"16:30:00";"PR";369;201,8;"APUCARANA";"Condutor deixou de manter distância do veículo da frente";"Colisão traseira";"Com Vítimas Feridas";"Pleno dia";"Crescente";"Nublado";"Simples";"Aclive;Interseção de Vias;Reta";"Sim";2;0;1;0;1;0;1;2;-23,540872;-51,456733;"SPRF-PR";"DEL07-PR";"UOP03-DEL07-PR"
581526;2024-02-16;"sexta-feira";"13:20:00";"RJ";40;100;"DUQUE DE CAXIAS";"Mal súbito do condutor";"Colisão com objeto";"Com Vítimas Feridas";"Pleno dia";"Decrescente";"Céu Claro";"Simples";"Curva";"Não";1;0;1;0;0;0;1;1;-22,59404803;-43,28079889;"SPRF-RJ";"DEL01-RJ";"UOP01-DEL01-RJ"
581534;2024-02-16;"sexta-feira";"14:00:00";"RS";101;67,5;"MAQUINE";"Carga excessiva e/ou mal acondicionada";"Colisão com objeto";"Sem Vítimas";"Pleno dia";"Decrescente";"Nublado";"Dupla";"Túnel;Reta                    ";"Não";3;0;0;0;3;0;0;2;-29,72879377;-50,20168304;"SPRF-RS";"DEL03-RS";"UOP01-DEL03-RS"
581535;2024-02-16;"sexta-feira";"16:30:00";"MG";116;9;"LEOPOLDINA";"Reação tardia ou ineficiente do condutor";"Colisão traseira";"Com Vítimas Feridas";"Pleno dia";"Crescente";"Céu Claro";"Simples";"Reta";"Não";7;0;3;0;3;1;3;3;-21,5684336;-42,69637238;"SPRF-BA";"DEL08-BA";"UOP03-DEL08-BA"
581536;2024-02-16;"sexta-feira";"17:40:00";"ES";101;142;"LINHARES";"Reação tardia ou ineficiente do condutor";"Engavetamento";"Com Vítimas Feridas";"Anoitecer";"Crescente";"Nublado";"Dupla";"Reta";"Sim";4;0;1;0;2;1;1;3;-19,33458987;-40,06755477;"SPRF-ES";"DEL04-ES";"UOP01-DEL04-ES"
581538;2024-02-16;"sexta-feira";"18:30:00";"SP";381;33;"ATIBAIA";"Condutor deixou de manter distância do veículo da frente";"Colisão lateral mesmo sentido";"Com Vítimas Feridas";"Anoitecer";"Decrescente";"Céu Claro";"Dupla";"Reta";"Não";2;0;1;0;0;1;1;2;-23,0728028;-46,56673562;"SPRF-SP";"DEL03-SP";"UOP02-DEL03-SP"
581542;2024-02-16;"sexta-feira";"18:15:00";"ES";101;292;"CARIACICA";"Frear bruscamente";"Colisão traseira";"Com Vítimas Feridas";"Anoitecer";"Decrescente";"Nublado";"Dupla";"Reta";"Sim";3;0;1;0;2;0;1;2;-20,30650512;-40,39488717;"SPRF-ES";"DEL01-ES";"UOP01-DEL01-ES"
581543;2024-02-16;"sexta-feira";"18:40:00";"MG";40;253;"SAO GONCALO DO ABAETE";"Transitar na contramão";"Colisão frontal";"Com Vítimas Fatais";"Plena Noite";"Crescente";"Nublado";"Simples";"Aclive";"Não";2;1;1;0;0;0;1;2;-18,12760614;-45,41828006;"SPRF-MG";"DEL14-MG";"UOP02-DEL14-MG"
581567;2024-02-16;"sexta-feira";"17:41:00";"MT";163;690;"LUCAS DO RIO VERDE";"Transitar no Acostamento";"Colisão lateral mesmo sentido";"Com Vítimas Feridas";"Anoitecer";"Crescente";"Céu Claro";"Simples";"Ponte;Reta                    ";"Sim";4;0;0;1;1;2;1;2;-13,051972;-55,909282;"SPRF-MT";"DEL06-MT";"UOP01-DEL06-MT"
581570;2024-02-16;"sexta-feira";"10:40:00";"MG";251;240,6;"SANTA CRUZ DE SALINAS";"Ausência de reação do condutor";"Colisão lateral mesmo sentido";"Com Vítimas Fatais";"Pleno dia";"Decrescente";"Ignorado";"Simples";"Reta";"Não";6;1;2;0;3;0;2;5;-15,99915558;-41,76824223;"SPRF-MG";"DEL12-MG";"UOP02-DEL12-MG"
581575;2024-02-16;"sexta-feira";"20:50:00";"MT";364;207;"RONDONOPOLIS";"Acessar a via sem observar a presença dos outros veículos";"Colisão transversal";"Sem Vítimas";"Plena Noite";"Crescente";"Céu Claro";"Dupla";"Reta";"Sim";3;0;0;0;2;1;0;3;-16,4410184;-54,67563283;"SPRF-MT";"DEL02-MT";"UOP01-DEL02-MT"
581576;2024-02-16;"sexta-feira";"22:35:00";"CE";20;395;"CAUCAIA";"Demais falhas mecânicas ou elétricas";"Saída de leito carroçável";"Sem Vítimas";"Plena Noite";"Decrescente";"Céu Claro";"Simples";"Reta";"Não";3;0;0;0;3;0;0;1;-3,82645524;-38,7511478;"SPRF-CE";"DEL01-CE";"UOP01-DEL01-CE"
581581;2024-02-16;"sexta-feira";"22:30:00";"MG";364;32;"FRUTAL";"Reação tardia ou ineficiente do condutor";"Colisão com objeto";"Com Vítimas Feridas";"Plena Noite";"Crescente";"Chuva";"Simples";"Rotatória";"Não";1;0;1;0;0;0;1;1;-20,00655282;-48,93488275;"SPRF-MG";"DEL13-MG";"UOP02-DEL13-MG"
581599;2024-02-16;"sexta-feira";"18:45:00";"BA";135;155;"RIACHAO DAS NEVES";"Ausência de reação do condutor";"Saída de leito carroçável";"Com Vítimas Fatais";"Plena Noite";"Decrescente";"Céu Claro";"Simples";"Reta";"Não";3;1;0;0;0;2;0;2;-11,97308396;-44,92264505;"SPRF-BA";"DEL08-BA";"UOP04-DEL08-BA"
581602;2024-02-17;"sábado";"01:30:00";"BA";407;22;"JUAZEIRO";"Entrada inopinada do pedestre";"Atropelamento de Pedestre";"Com Vítimas Fatais";"Plena Noite";"Decrescente";"Ignorado";"Simples";"Reta";"Não";2;1;0;0;0;1;0;2;-9,58891;-40,4207605;"SPRF-BA";"DEL04-BA";"UOP01-DEL04-BA"
581612;2024-02-17;"sábado";"05:50:00";"SC";101;219,7;"PALHOCA";"Reação tardia ou ineficiente do condutor";"Colisão lateral mesmo sentido";"Com Vítimas Feridas";"Amanhecer";"Decrescente";"Nublado";"Múltipla";"Reta";"Não";2;0;0;1;1;0;1;2;-27,68392194;-48,66710085;"SPRF-SC";"DEL01-SC";"UOP02-DEL01-SC"
581613;2024-02-17;"sábado";"03:50:00";"MG";50;206,5;"DELTA";"Acessar a via sem observar a presença dos outros veículos";"Atropelamento de Pedestre";"Com Vítimas Fatais";"Plena Noite";"Crescente";"Nublado";"Dupla";"Reta";"Não";2;1;0;0;0;1;0;2;-19,97999605;-47,78905558;"SPRF-MG";"DEL13-MG";"UOP01-DEL13-MG"
581615;2024-02-16;"sexta-feira";"23:30:00";"RJ";40;67;"PETROPOLIS";"Demais falhas mecânicas ou elétricas";"Incêndio";"Sem Vítimas";"Plena Noite";"Decrescente";"Nublado";"Simples";"Curva";"Não";1;0;0;0;1;0;0;1;-22,43674775;-43,1756712;"SPRF-RJ";"DEL05-RJ";"UOP02-DEL05-RJ"
581616;2024-02-17;"sábado";"06:15:00";"MG";251;464,7;"GRAO MOGOL";"Ausência de reação do condutor";"Colisão frontal";"Com Vítimas Feridas";"Amanhecer";"Decrescente";"Chuva";"Simples";"Curva";"Não";3;0;0;2;1;0;2;2;-16,44852635;-43,40147861;"SPRF-MG";"DEL12-MG";"UOP01-DEL12-MG"
581619;2024-02-17;"sábado";"05:50:00";"GO";153;127;"ESTRELA DO NORTE";"Acesso irregular";"Colisão frontal";"Com Vítimas Feridas";"Amanhecer";"Decrescente";"Ignorado";"Simples";"Reta";"Não";6;0;1;1;4;0;2;3;-13,884283;-49,055367;"SPRF-GO";"DEL07-GO";"UOP01-DEL07-GO"
581624;2024-02-17;"sábado";"05:30:00";"SC";280;146;"MAFRA";"Velocidade Incompatível";"Colisão frontal";"Com Vítimas Feridas";"Plena Noite";"Crescente";"Chuva";"Simples";"Curva;Declive                 ";"Não";2;0;0;1;1;0;1;2;-26,25487301;-49,66127724;"SPRF-SC";"DEL06-SC";"UOP03-DEL06-SC"
581645;2024-02-15;"quinta-feira";"09:30:00";"SC";282;617;"IRACEMINHA";"Chuva";"Colisão lateral sentido oposto";"Com Vítimas Feridas";"Pleno dia";"Decrescente";"Chuva";"Simples";"Curva";"Não";2;0;1;0;1;0;1;2;-26,782682;-53,285789;"SPRF-SC";"DEL07-SC";"UOP02-DEL07-SC"
581646;2024-02-17;"sábado";"08:00:00";"PE";424;52;"VENTUROSA";"Transitar na contramão";"Colisão frontal";"Com Vítimas Fatais";"Pleno dia";"Decrescente";"Céu Claro";"Simples";"Declive";"Não";2;1;1;0;0;0;1;2;-8,72160964;-36,76908468;"SPRF-PE";"DEL03-PE";"UOP01-DEL03-PE"
581653;2024-02-17;"sábado";"09:50:00";"PB";230;354,6;"PATOS";"Acesso irregular";"Colisão traseira";"Com Vítimas Fatais";"Pleno dia";"Crescente";"Sol";"Simples";"Declive;Reta                  ";"Não";3;1;0;1;1;0;1;2;-6,9338;-37,4135;"SPRF-PB";"DEL03-PB";"UOP02-DEL03-PB"
581654;2024-02-17;"sábado";"10:30:00";"SC";101;120;"ITAJAI";"Condutor deixou de manter distância do veículo da frente";"Colisão traseira";"Com Vítimas Feridas";"Pleno dia";"Decrescente";"Céu Claro";"Dupla";"Reta";"Não";2;0;1;0;1;0;1;2;-26,912758;-48,711998;"SPRF-SC";"DEL04-SC";"UOP04-DEL04-SC"
581660;2024-02-17;"sábado";"10:50:00";"PR";476;194;"LAPA";"Manobra de mudança de faixa";"Colisão lateral mesmo sentido";"Com Vítimas Feridas";"Pleno dia";"Crescente";"Nublado";"Simples";"Reta";"Não";4;0;2;0;2;0;2;2;-25,74048;-49,710938;"SPRF-PR";"DEL01-PR";"UOP06-DEL01-PR"
581666;2024-02-17;"sábado";"12:20:00";"MG";40;465;"SETE LAGOAS";"Ausência de reação do condutor";"Colisão traseira";"Com Vítimas Feridas";"Pleno dia";"Crescente";"Nublado";"Dupla";"Aclive;Curva                  ";"Não";3;0;0;2;0;1;2;2;-19,43835777;-44,33103681;"SPRF-MG";"DEL02-MG";"UOP01-DEL02-MG"
581668;2024-02-17;"sábado";"11:15:00";"MS";376;126,4;"IVINHEMA";"Reação tardia ou ineficiente do condutor";"Colisão traseira";"Com Vítimas Fatais";"Pleno dia";"Crescente";"Sol";"Simples";"Declive;Ponte                 ";"Não";5;2;1;0;2;0;1;2;-22,36021748;-53,70728925;"SPRF-MS";"DEL04-MS";"UOP04-DEL04-MS"
581676;2024-02-17;"sábado";"14:00:00";"SP";153;113,8;"JOSE BONIFACIO";"Ingestão de álcool pelo condutor";"Colisão traseira";"Com Vítimas Feridas";"Pleno dia";"Crescente";"Céu Claro";"Simples";"Reta;Em Obras                 ";"Não";3;0;1;0;2;0;1;2;-21,11299309;-49,68678482;"SPRF-SP";"DEL09-SP";"UOP01-DEL09-SP"
581678;2024-02-17;"sábado";"10:15:00";"CE";304;84,9;"ARACATI";"Ingestão de álcool pelo condutor";"Colisão traseira";"Sem Vítimas";"Pleno dia";"Decrescente";"Céu Claro";"Simples";"Reta";"Não";2;0;0;0;2;0;0;2;-4,75262703;-37,52993004;"SPRF-CE";"DEL03-CE";"UOP03-DEL03-CE"
581681;2024-02-17;"sábado";"09:20:00";"PR";476;173;"CONTENDA";"Mal súbito do condutor";"Tombamento";"Com Vítimas Feridas";"Pleno dia";"Decrescente";"Nublado";"Simples";"Curva";"Sim";1;0;0;1;0;0;1;1;-25,6889911;-49,5391898;"SPRF-PR";"DEL01-PR";"UOP06-DEL01-PR"
581682;2024-02-17;"sábado";"13:37:00";"RN";405;24;"MOSSORO";"Demais falhas mecânicas ou elétricas";"Incêndio";"Sem Vítimas";"Pleno dia";"Decrescente";"Céu Claro";"Simples";"Reta";"Não";1;0;0;0;1;0;0;1;-5,269673;-37,53744;"SPRF-RN";"DEL04-RN";"UOP02-DEL04-RN"
581685;2024-02-17;"sábado";"14:00:00";"PI";316;314;"PICOS";"Transitar na contramão";"Colisão frontal";"Com Vítimas Fatais";"Pleno dia";"Crescente";"Céu Claro";"Dupla";"Reta;Interseção de Vias       ";"Sim";2;1;0;0;1;0;0;2;-7,079291;-41,433616;"SPRF-PI";"DEL04-PI";"UOP01-DEL04-PI"
581686;2024-02-17;"sábado";"14:45:00";"MG";381;286;"JAGUARACU";"Ausência de reação do condutor";"Colisão traseira";"Com Vítimas Feridas";"Pleno dia";"Crescente";"Céu Claro";"Simples";"Reta";"Não";3;0;1;0;2;0;1;2;-19,60538666;-42,75909685;"SPRF-MG";"DEL03-MG";"UOP02-DEL03-MG"
581687;2024-02-17;"sábado";"13:58:00";"TO";153;134;"ARAGUAINA";"Carga excessiva e/ou mal acondicionada";"Tombamento";"Com Vítimas Feridas";"Pleno dia";"Decrescente";"Céu Claro";"Simples";"Rotatória";"Não";3;0;1;1;1;0;2;3;-7,12178379;-48,19293926;"SPRF-TO";"DEL02-TO";"UOP01-DEL02-TO"
581696;2024-02-17;"sábado";"16:30:00";"PR";376;4;"APUCARANA";"Ausência de reação do condutor";"Colisão traseira";"Com Vítimas Feridas";"Pleno dia";"Decrescente";"Céu Claro";"Simples";"Reta";"Sim";6;0;1;0;5;0;1;3;-23,5513;-51,461266;"SPRF-PR";"DEL07-PR";"UOP03-DEL07-PR"
581697;2024-02-17;"sábado";"16:20:00";"SC";101;5,8;"GARUVA";"Estacionar ou parar em local proibido";"Colisão traseira";"Com Vítimas Feridas";"Pleno dia";"Decrescente";"Nublado";"Dupla";"Interseção de Vias;Reta       ";"Sim";5;0;2;0;3;0;2;3;-26,01779797;-48,86233322;"SPRF-SC";"DEL03-SC";"UOP01-DEL03-SC"
581701;2024-02-17;"sábado";"14:00:00";"GO";153;698;"ITUMBIARA";"Velocidade Incompatível";"Colisão traseira";"Com Vítimas Feridas";"Pleno dia";"Crescente";"Céu Claro";"Dupla";"Reta";"Sim";4;0;2;1;1;0;3;2;-18,3777;-49,2106;"SPRF-GO";"DEL03-GO";"UOP02-DEL03-GO"
581705;2024-02-17;"sábado";"17:00:00";"RS";448;15;"CANOAS";"Reação tardia ou ineficiente do condutor";"Colisão traseira";"Com Vítimas Feridas";"Pleno dia";"Decrescente";"Garoa/Chuvisco";"Múltipla";"Curva";"Não";6;0;5;0;1;0;5;2;-29,92004835;-51,23212874;"SPRF-RS";"DEL01-RS";"UOP01-DEL01-RS"
581711;2024-02-17;"sábado";"15:40:00";"RS";116;635;"JAGUARAO";"Condutor Dormindo";"Tombamento";"Com Vítimas Feridas";"Pleno dia";"Decrescente";"Garoa/Chuvisco";"Simples";"Reta";"Não";1;0;0;1;0;0;1;1;-32,416934;-53,235894;"SPRF-RS";"DEL07-RS";"UOP03-DEL07-RS"
581719;2024-02-17;"sábado";"17:45:00";"CE";116;363;"ICO";"Pista esburacada";"Colisão com objeto";"Sem Vítimas";"Pleno dia";"Decrescente";"Céu Claro";"Simples";"Reta";"Não";1;0;0;0;1;0;0;1;-6,33591622;-38,74744221;"SPRF-CE";"DEL05-CE";"UOP01-DEL05-CE"
581721;2024-02-17;"sábado";"17:50:00";"SC";101;307,3;"LAGUNA";"Reação tardia ou ineficiente do condutor";"Colisão traseira";"Com Vítimas Feridas";"Anoitecer";"Decrescente";"Garoa/Chuvisco";"Múltipla";"Reta";"Não";6;0;1;0;5;0;1;3;-28,41186742;-48,79322827;"SPRF-SC";"DEL02-SC";"UOP03-DEL02-SC"
581725;2024-02-17;"sábado";"18:20:00";"SP";116;223;"GUARULHOS";"Ausência de reação do condutor";"Colisão traseira";"Sem Vítimas";"Plena Noite";"Crescente";"Nublado";"Múltipla";"Reta";"Sim";2;0;0;0;0;2;0;2;-23,47559815;-46,5246609;"SPRF-SP";"DEL01-SP";"UOP01-DEL01-SP"
581738;2024-02-17;"sábado";"13:10:00";"MT";163;604,1;"NOVA MUTUM";"Ultrapassagem Indevida";"Colisão lateral mesmo sentido";"Com Vítimas Fatais";"Pleno dia";"Decrescente";"Céu Claro";"Simples";"Reta";"Sim";4;1;1;0;2;0;1;2;-13,87236604;-56,08739473;"SPRF-MT";"DEL01-MT";"UOP01-DEL01-MT"
581739;2024-02-17;"sábado";"20:40:00";"PR";277;599,2;"CASCAVEL";"Ausência de reação do condutor";"Colisão traseira";"Com Vítimas Feridas";"Plena Noite";"Decrescente";"Céu Claro";"Dupla";"Reta";"Não";2;0;1;0;1;0;1;2;-25,00130545;-53,52092743;"SPRF-PR";"DEL04-PR";"UOP01-DEL04-PR"
581745;2024-02-17;"sábado";"14:50:00";"SC";153;111,2;"CONCORDIA";"Transitar na contramão";"Colisão lateral mesmo sentido";"Com Vítimas Fatais";"Pleno dia";"Crescente";"Céu Claro";"Simples";"Reta";"Não";3;1;1;0;1;0;1;2;-27,3271078;-51,9797747;"SPRF-SC";"DEL07-SC";"UOP04-DEL07-SC"
581752;2024-02-17;"sábado";"19:00:00";"TO";153;561;"FATIMA";"Transitar na contramão";"Colisão frontal";"Com Vítimas Feridas";"Plena Noite";"Decrescente";"Nublado";"Dupla";"Reta";"Sim";2;0;0;1;1;0;1;2;-10,75197807;-48,90257114;"SPRF-TO";"DEL01-TO";"UOP01-DEL01-TO"
581754;2024-02-17;"sábado";"22:00:00";"MG";50;77,3;"UBERLANDIA";"Ausência de reação do condutor";"Colisão traseira";"Com Vítimas Feridas";"Plena Noite";"Decrescente";"Nublado";"Dupla";"Reta";"Sim";2;0;1;0;1;0;1;2;-18,93704836;-48,21962714;"SPRF-MG";"DEL15-MG";"UOP01-DEL15-MG"
581757;2024-02-17;"sábado";"20:30:00";"RO";319;57;"PORTO VELHO";"Manobra de mudança de faixa";"Atropelamento de Pedestre";"Com Vítimas Fatais";"Plena Noite";"Decrescente";"Céu Claro";"Simples";"Reta;Aclive                   ";"Não";2;1;0;0;1;0;0;2;-8,739714;-63,93214024;"SPRF-RO";"DEL01-RO";"UOP01-DEL01-RO"
581758;2024-02-17;"sábado";"22:20:00";"MG";365;756,8;"ITUIUTABA";"Reação tardia ou ineficiente do condutor";"Saída de leito carroçável";"Com Vítimas Feridas";"Plena Noite";"Decrescente";"Céu Claro";"Dupla";"Retorno Regulamentado";"Não";6;0;3;1;1;1;4;2;-18,9656911;-49,50626671;"SPRF-MG";"DEL15-MG";"UOP03-DEL15-MG"
581759;2024-02-17;"sábado";"19:30:00";"PI";316;117,4;"PASSAGEM FRANCA DO PIAUI";"Transitar na contramão";"Colisão frontal";"Com Vítimas Fatais";"Plena Noite";"Decrescente";"Chuva";"Simples";"Reta;Interseção de Vias       ";"Não";4;2;0;0;2;0;0;2;-5,93319732;-42,38002737;"SPRF-PI";"DEL04-PI";"UOP02-DEL04-PI"
581765;2024-02-17;"sábado";"20:00:00";"RJ";393;244;"VASSOURAS";"Mal súbito do condutor";"Colisão frontal";"Com Vítimas Fatais";"Plena Noite";"Crescente";"Céu Claro";"Simples";"Curva";"Sim";2;1;0;0;1;0;0;2;-22,42799046;-43,70899806;"SPRF-RJ";"DEL05-RJ";"UOP04-DEL05-RJ"
581770;2024-02-18;"domingo";"00:05:00";"CE";116;541,3;"PENAFORTE";"Transitar na contramão";"Colisão frontal";"Com Vítimas Fatais";"Plena Noite";"Crescente";"Céu Claro";"Simples";"Reta";"Não";3;1;0;0;2;0;0;2;-7,77028401;-39,06799897;"SPRF-CE";"DEL05-CE";"UOP03-DEL05-CE"
581772;2024-02-17;"sábado";"20:40:00";"GO";153;627;"MORRINHOS";"Ingestão de álcool pelo condutor";"Colisão traseira";"Com Vítimas Fatais";"Plena Noite";"Decrescente";"Nublado";"Dupla";"Reta";"Não";4;1;1;0;2;0;1;4;-17,7792;-49,1788;"SPRF-GO";"DEL03-GO";"UOP01-DEL03-GO"
581773;2024-02-17;"sábado";"23:45:00";"PR";376;655;"TIJUCAS DO SUL";"Velocidade Incompatível";"Tombamento";"Com Vítimas Feridas";"Plena Noite";"Decrescente";"Nublado";"Simples";"Declive;Curva                 ";"Não";2;0;2;0;0;0;2;1;-25,840147;-49,029841;"SPRF-PR";"DEL01-PR";"UOP04-DEL01-PR"
581777;2024-02-18;"domingo";"00:18:00";"MG";40;504,7;"RIBEIRAO DAS NEVES";"Ingestão de álcool pelo condutor";"Colisão traseira";"Com Vítimas Feridas";"Plena Noite";"Crescente";"Nublado";"Dupla";"Reta;Aclive                   ";"Não";3;0;0;1;2;0;1;2;-19,72987888;-44,15253368;"SPRF-MG";"DEL02-MG";"UOP01-DEL02-MG"
581779;2024-02-17;"sábado";"19:00:00";"BA";407;50;"JUAZEIRO";"Transitar na contramão";"Colisão frontal";"Com Vítimas Fatais";"Plena Noite";"Decrescente";"Chuva";"Simples";"Reta";"Não";2;1;0;0;1;0;0;2;-9,81415798;-40,31571096;"SPRF-BA";"DEL04-BA";"UOP01-DEL04-BA"
581784;2024-02-18;"domingo";"02:00:00";"MG";381;906,9;"CAMBUI";"Velocidade Incompatível";"Tombamento";"Com Vítimas Fatais";"Plena Noite";"Decrescente";"Nevoeiro/Neblina";"Dupla";"Reta";"Não";3;1;2;0;0;0;2;1;-22,70254777;-46,11752735;"SPRF-MG";"DEL16-MG";"UOP03-DEL16-MG"
581787;2024-02-18;"domingo";"01:50:00";"SP";116;172;"JACAREI";"Ausência de reação do condutor";"Saída de leito carroçável";"Com Vítimas Feridas";"Plena Noite";"Crescente";"Céu Claro";"Dupla";"Reta";"Não";1;0;1;0;0;0;1;1;-23,31527532;-46,07231796;"SPRF-SP";"DEL02-SP";"UOP01-DEL02-SP"
581788;2024-02-17;"sábado";"23:00:00";"MG";365;541;"ROMARIA";"Ausência de reação do condutor";"Saída de leito carroçável";"Com Vítimas Feridas";"Anoitecer";"Crescente";"Nevoeiro/Neblina";"Simples";"Rotatória;Reta                ";"Não";2;0;1;0;0;1;1;2;-18,93214935;-47,60038505;"SPRF-MG";"DEL10-MG";"UOP01-DEL10-MG"
581789;2024-02-18;"domingo";"00:50:00";"PI";316;351;"CAMPO GRANDE DO PIAUI";"Transitar na contramão";"Colisão frontal";"Com Vítimas Fatais";"Plena Noite";"Decrescente";"Céu Claro";"Simples";"Reta";"Não";2;1;0;0;0;1;0;2;-7,12447184;-41,11031598;"SPRF-PI";"DEL04-PI";"UOP03-DEL04-PI"
581791;2024-02-17;"sábado";"01:40:00";"BA";418;79;"NOVA VICOSA";"Ingestão de álcool pelo condutor";"Colisão frontal";"Com Vítimas Feridas";"Plena Noite";"Decrescente";"Nublado";"Simples";"Reta";"Não";2;0;0;1;1;0;1;2;-17,865864;-39,751092;"SPRF-BA";"DEL09-BA";"UOP02-DEL09-BA"
581798;2024-02-18;"domingo";"04:40:00";"PE";232;68,6;"GRAVATA";"Reação tardia ou ineficiente do condutor";"Saída de leito carroçável";"Com Vítimas Feridas";"Plena Noite";"Decrescente";"Céu Claro";"Dupla";"Curva";"Não";1;0;1;0;0;0;1;1;-8,16728938;-35,47308397;"SPRF-PE";"DEL02-PE";"UOP02-DEL02PE"
581802;2024-02-18;"domingo";"05:44:00";"PR";376;673;"GUARATUBA";"Ausência de reação do condutor";"Colisão traseira";"Com Vítimas Feridas";"Amanhecer";"Crescente";"Nublado";"Simples";"Reta";"Não";3;0;1;0;2;0;1;2;-25,90092097;-48,92572096;"SPRF-PR";"DEL01-PR";"UOP04-DEL01-PR"
581807;2024-02-18;"domingo";"02:30:00";"CE";20;146,8;"TAUA";"Condutor Dormindo";"Tombamento";"Sem Vítimas";"Plena Noite";"Decrescente";"Nublado";"Simples";"Reta";"Não";1;0;0;0;1;0;0;1;-5,51003399;-40,05581301;"SPRF-CE";"DEL02-CE";"UOP02-DEL02-CE"
581816;2024-02-18;"domingo";"04:30:00";"MG";381;589;"CARMOPOLIS DE MINAS";"Demais falhas mecânicas ou elétricas";"Incêndio";"Sem Vítimas";"Plena Noite";"Decrescente";"Nublado";"Múltipla";"Reta";"Sim";1;0;0;0;1;0;0;1;-20,56175976;-44,66523212;"SPRF-MG";"DEL04-MG";"UOP01-DEL04-MG"
581821;2024-02-18;"domingo";"07:05:00";"SC";101;186,1;"BIGUACU";"Velocidade Incompatível";"Colisão com objeto";"Com Vítimas Feridas";"Pleno dia";"Crescente";"Garoa/Chuvisco";"Dupla";"Curva";"Não";2;0;1;0;1;0;1;2;-27,4341098;-48,62567129;"SPRF-SC";"DEL01-SC";"UOP01-DEL01-SC"
581831;2024-01-23;"terça-feira";"10:30:00";"PI";316;15;"TERESINA";"Reação tardia ou ineficiente do condutor";"Saída de leito carroçável";"Com Vítimas Feridas";"Pleno dia";"Decrescente";"Céu Claro";"Dupla";"Curva";"Não";2;0;0;1;1;0;1;2;-5,22618889;-42,75017066;"SPRF-PI";"DEL01-PI";"UOP02-DEL01-PI"