"id";"data_inversa";"dia_semana";"horario";"uf";"br";"km";"municipio";"causa_acidente";"tipo_acidente";"classificacao_acidente";"fase_dia";"sentido_via";"condicao_metereologica";"tipo_pista";"tracado_via";"uso_solo";"pessoas";"mortos";"feridos_leves";"feridos_graves";"ilesos";"ignorados";"feridos";"veiculos";"latitude";"longitude";"regional";"delegacia";"uop"
581832;2024-02-18;"domingo";"05:30:00";"SC";158;119;"CAIBI";"Demais falhas na via";"Colisão lateral sentido oposto";"Com Vítimas Feridas";"Amanhecer";"Crescente";"Céu Claro";"Simples";"Reta";"Não";2;0;1;0;1;0;1;2;-27,07838586;-53,22910309;"SPRF-SC";"DEL07-SC";"UOP02-DEL07-SC"
581835;2024-02-18;"domingo";"05:30:00";"TO";230;40;"NAZARE";"Animais na Pista";"Atropelamento de Animal";"Sem Vítimas";"Plena Noite";"Crescente";"Céu Claro";"Simples";"Reta;Declive                  ";"Não";1;0;0;0;1;0;0;1;-6,39259112;-47,69827323;"SPRF-TO";"DEL02-TO";"UOP03-DEL02-TO"
581839;2024-02-18;"domingo";"05:00:00";"MG";251;503,3;"FRANCISCO SA";"Pista Escorregadia";"Tombamento";"Com Vítimas Feridas";"Amanhecer";"Decrescente";"Chuva";"Simples";"Declive;Reta                  ";"Não";1;0;1;0;0;0;1;1;-16,61472808;-43,6647179;"SPRF-MG";"DEL12-MG";"UOP01-DEL12-MG"
581844;2024-02-15;"quinta-feira";"08:20:00";"RJ";40;123;"DUQUE DE CAXIAS";"Manobra de mudança de faixa";"Colisão lateral mesmo sentido";"Com Vítimas Feridas";"Amanhecer";"Crescente";"Nublado";"Dupla";"Reta";"Sim";4;0;2;0;2;0;2;3;-22,79907687;-43,29015739;"SPRF-RJ";"DEL01-RJ";"UOP02-DEL01-RJ"
581847;2024-02-18;"domingo";"08:35:00";"PR";376;325,5;"ORTIGUEIRA";"Ausência de reação do condutor";"Colisão frontal";"Com Vítimas Feridas";"Pleno dia";"Decrescente";"Sol";"Dupla";"Aclive;Reta                   ";"Não";2;0;1;0;1;0;1;2;-24,08870932;-51,05177324;"SPRF-PR";"DEL07-PR";"UOP02-DEL07-PR"
581848;2024-02-09;"sexta-feira";"14:15:00";"GO";70;370;"MONTES CLAROS DE GOIAS";"Acessar a via sem observar a presença dos outros veículos";"Colisão transversal";"Com Vítimas Feridas";"Pleno dia";"Crescente";"Céu Claro";"Simples";"Interseção de Vias";"Sim";3;0;2;0;1;0;2;2;-15,94190095;-51,35837302;"SPRF-GO";"DEL04-GO";"UOP02-DEL04-GO"
581849;2024-02-18;"domingo";"07:10:00";"MG";381;904,5;"CAMBUI";"Reação tardia ou ineficiente do condutor";"Colisão lateral mesmo sentido";"Com Vítimas Fatais";"Pleno dia";"Decrescente";"Céu Claro";"Dupla";"Reta;Declive                  ";"Não";6;1;0;0;1;4;0;3;-22,65413365;-46,0890103;"SPRF-MG";"DEL16-MG";"UOP03-DEL16-MG"
581852;2024-02-18;"domingo";"10:23:00";"MG";251;515;"MONTES CLAROS";"Velocidade Incompatível";"Saída de leito carroçável";"Com Vítimas Feridas";"Pleno dia";"Crescente";"Chuva";"Simples";"Reta";"Não";3;0;2;1;0;0;3;1;-16,65954384;-43,74380102;"SPRF-MG";"DEL12-MG";"UOP01-DEL12-MG"
581855;2024-02-18;"domingo";"08:00:00";"PR";369;24;"CAMBARA";"Velocidade Incompatível";"Colisão lateral mesmo sentido";"Com Vítimas Feridas";"Pleno dia";"Decrescente";"Céu Claro";"Simples";"Reta;Declive                  ";"Não";3;0;1;1;1;0;2;2;-23,03549471;-50,13299704;"SPRF-PR";"DEL07-PR";"UOP05-DEL07-PR"
581864;2024-02-18;"domingo";"04:45:00";"MT";163;1045;"MATUPA";"Transitar na contramão";"Colisão frontal";"Com Vítimas Fatais";"Amanhecer";"Decrescente";"Céu Claro";"Simples";"Reta";"Não";3;2;0;0;1;0;0;2;-10,11550649;-54,93267059;"SPRF-MT";"DEL06-MT";"UOP03-DEL06-MT"
581869;2024-02-18;"domingo";"12:24:00";"PI";316;10;"TERESINA";"Manobra de mudança de faixa";"Colisão lateral mesmo sentido";"Sem Vítimas";"Pleno dia";"Decrescente";"Sol";"Múltipla";"Reta";"Sim";2;0;0;0;2;0;0;2;-5,18280197;-42,76350291;"SPRF-PI";"DEL01-PI";"UOP02-DEL01-PI"
581874;2024-02-18;"domingo";"13:00:00";"PR";116;206;"RIO NEGRO";"Condutor Dormindo";"Tombamento";"Com Vítimas Feridas";"Pleno dia";"Decrescente";"Chuva";"Simples";"Declive;Reta                  ";"Sim";1;0;1;0;0;0;1;1;-26,06325968;-49,73150253;"SPRF-SC";"DEL06-SC";"UOP01-DEL06-SC"
581880;2024-02-18;"domingo";"11:25:00";"MG";251;370,7;"GRAO MOGOL";"Velocidade Incompatível";"Engavetamento";"Com Vítimas Feridas";"Pleno dia";"Decrescente";"Chuva";"Simples";"Reta";"Não";4;0;0;2;2;0;2;4;-16,28432002;-42,68795299;"SPRF-MG";"DEL12-MG";"UOP01-DEL12-MG"
581883;2024-02-18;"domingo";"12:00:00";"MG";116;614,5;"ORIZANIA";"Manobra de mudança de faixa";"Colisão traseira";"Com Vítimas Feridas";"Pleno dia";"Crescente";"Sol";"Simples";"Declive;Reta                  ";"Não";3;0;0;2;1;0;2;2;-20,46076099;-42,17499018;"SPRF-MG";"DEL07-MG";"UOP02-DEL07-MG"
581885;2024-02-18;"domingo";"14:15:00";"SP";NA;NA;"BADY BASSITT";"Ausência de reação do condutor";"Incêndio";"Sem Vítimas";"Pleno dia";"Não Informado";"Nublado";"Dupla";"Reta";"Não";1;0;0;0;1;0;0;1;-20,91678258;-49,49721334;"SPRF-SP";"DEL09-SP";"UOP01-DEL09-SP"
581886;2024-02-18;"domingo";"16:00:00";"SP";116;312;"SAO LOURENCO DA SERRA";"Trafegar com motocicleta (ou similar) entre as faixas";"Colisão lateral mesmo sentido";"Com Vítimas Feridas";"Pleno dia";"Decrescente";"Nublado";"Dupla";"Declive;Reta                  ";"Sim";3;0;0;1;1;1;1;3;-23,88342825;-46,97368879;"SPRF-SP";"DEL04-SP";"UOP01-DEL04-SP"
581888;2024-02-18;"domingo";"14:49:00";"PA";155;261;"ELDORADO DO CARAJAS";"Reação tardia ou ineficiente do condutor";"Colisão traseira";"Sem Vítimas";"Pleno dia";"Crescente";"Sol";"Simples";"Reta;Em Obras                 ";"Não";3;0;0;0;3;0;0;3;-6,041951;-49,286166;"SPRF-PA";"DEL03-PA";"UOP01-DEL03-PA"
581893;2024-02-18;"domingo";"10:40:00";"ES";101;335,6;"GUARAPARI";"Reação tardia ou ineficiente do condutor";"Saída de leito carroçável";"Sem Vítimas";"Pleno dia";"Decrescente";"Nublado";"Dupla";"Curva";"Não";1;0;0;0;1;0;0;1;-20,62718356;-40,52742029;"SPRF-ES";"DEL03-ES";"UOP01-DEL03-ES"
581895;2024-02-18;"domingo";"13:45:00";"MG";251;513,6;"MONTES CLAROS";"Velocidade Incompatível";"Colisão com objeto";"Sem Vítimas";"Pleno dia";"Decrescente";"Chuva";"Simples";"Reta;Ponte                    ";"Não";1;0;0;0;1;0;0;1;-16,6575132;-43,72704597;"SPRF-MG";"DEL12-MG";"UOP01-DEL12-MG"
581911;2024-02-18;"domingo";"00:00:00";"PA";316;184,6;"SANTA LUZIA DO PARA";"Demais falhas mecânicas ou elétricas";"Incêndio";"Sem Vítimas";"Plena Noite";"Crescente";"Nublado";"Simples";"Reta";"Não";1;0;0;0;0;1;0;1;-1,43195493;-46,98150193;"SPRF-PA";"DEL01-PA";"UOP03-DEL01-PA"
581916;2024-02-18;"domingo";"17:27:00";"MT";364;399;"CUIABA";"Reação tardia ou ineficiente do condutor";"Tombamento";"Com Vítimas Feridas";"Anoitecer";"Decrescente";"Nublado";"Dupla";"Reta";"Não";1;0;1;0;0;0;1;1;-15,67919104;-55,92995102;"SPRF-MT";"DEL01-MT";"UOP02-DEL01-MT"
581927;2024-02-18;"domingo";"15:22:00";"SP";116;564;"BARRA DO TURVO";"Velocidade Incompatível";"Saída de leito carroçável";"Com Vítimas Feridas";"Pleno dia";"Crescente";"Chuva";"Simples";"Curva";"Não";5;0;1;0;4;0;1;2;-25,03458919;-48,53543877;"SPRF-SP";"DEL05-SP";"UOP02-DEL05-SP"
581937;2024-02-18;"domingo";"21:20:00";"GO";50;210,3;"CAMPO ALEGRE DE GOIAS";"Ingestão de álcool pelo condutor";"Colisão lateral mesmo sentido";"Sem Vítimas";"Plena Noite";"Decrescente";"Chuva";"Dupla";"Declive;Reta                  ";"Não";2;0;0;0;1;1;0;2;-17,647;-47,757;"SPRF-GO";"DEL06-GO";"UOP01-DEL06-GO"
581940;2024-02-18;"domingo";"17:10:00";"MG";116;78,2;"MEDINA";"Transitar na contramão";"Colisão frontal";"Com Vítimas Feridas";"Anoitecer";"Decrescente";"Nublado";"Simples";"Curva";"Sim";4;0;1;1;1;1;2;2;-16,26733792;-41,47802805;"SPRF-MG";"DEL11-MG";"UOP02-DEL11-MG"
581948;2024-02-18;"domingo";"18:45:00";"PB";230;426;"POMBAL";"Acumulo de água sobre o pavimento";"Saída de leito carroçável";"Com Vítimas Feridas";"Plena Noite";"Crescente";"Chuva";"Simples";"Reta";"Não";1;0;1;0;0;0;1;1;-6,7336;-37,9059;"SPRF-PB";"DEL03-PB";"UOP02-DEL03-PB"
581952;2024-02-18;"domingo";"19:40:00";"CE";402;288,8;"TURURU";"Ausência de reação do condutor";"Colisão com objeto";"Com Vítimas Fatais";"Plena Noite";"Crescente";"Chuva";"Simples";"Reta";"Não";2;1;0;0;1;0;0;2;-3,61339014;-39,43322244;"SPRF-CE";"DEL01-CE";"UOP03-DEL01-CE"
581954;2024-02-18;"domingo";"21:30:00";"BA";101;422;"IBIRAPITANGA";"Velocidade Incompatível";"Tombamento";"Com Vítimas Feridas";"Plena Noite";"Crescente";"Chuva";"Simples";"Curva";"Não";1;0;1;0;0;0;1;1;-14,13499425;-39,35809135;"SPRF-BA";"DEL05-BA";"UOP03-DEL05-BA"
581956;2024-02-18;"domingo";"18:30:00";"BA";110;133;"CICERO DANTAS";"Manobra de mudança de faixa";"Colisão frontal";"Com Vítimas Fatais";"Plena Noite";"Crescente";"Céu Claro";"Simples";"Reta";"Não";7;2;2;2;1;0;4;2;-10,56531407;-38,37390963;"SPRF-BA";"DEL07-BA";"UOP02-DEL07-BA"
581961;2024-02-18;"domingo";"23:35:00";"RJ";354;13,6;"RESENDE";"Problema com o freio";"Saída de leito carroçável";"Com Vítimas Feridas";"Plena Noite";"Crescente";"Nublado";"Simples";"Declive;Curva                 ";"Não";1;0;0;1;0;0;1;1;-22,436623;-44,735523;"SPRF-RJ";"DEL07-RJ";"UOP02-DEL07-RJ"
581968;2024-02-19;"segunda-feira";"05:00:00";"TO";153;240;"COLINAS DO TOCANTINS";"Ausência de reação do condutor";"Colisão frontal";"Com Vítimas Fatais";"Amanhecer";"Crescente";"Céu Claro";"Simples";"Reta";"Não";3;1;2;0;0;0;2;2;-7,994203;-48,46468483;"SPRF-TO";"DEL02-TO";"UOP01-DEL02-TO"
581971;2024-02-19;"segunda-feira";"05:50:00";"GO";60;370;"RIO VERDE";"Ausência de reação do condutor";"Colisão traseira";"Com Vítimas Feridas";"Amanhecer";"Decrescente";"Nublado";"Dupla";"Reta";"Não";3;0;0;1;2;0;1;2;-17,689506;-50,837766;"SPRF-GO";"DEL04-GO";"UOP02-DEL04-GO"
581972;2024-02-19;"segunda-feira";"04:30:00";"RO";364;275;"CACOAL";"Ultrapassagem Indevida";"Colisão lateral sentido oposto";"Com Vítimas Feridas";"Amanhecer";"Crescente";"Chuva";"Simples";"Curva";"Não";3;0;1;1;1;0;2;2;-11,388707;-61,76279;"SPRF-RO";"DEL02-RO";"UOP02-DEL02-RO"
581980;2024-02-19;"segunda-feira";"02:32:00";"PE";423;102;"GARANHUNS";"Ingestão de álcool pelo condutor";"Tombamento";"Sem Vítimas";"Plena Noite";"Decrescente";"Nublado";"Simples";"Curva";"Não";1;0;0;0;1;0;0;1;-8,97291492;-36,5210582;"SPRF-PE";"DEL03-PE";"UOP01-DEL03-PE"
581984;2024-02-19;"segunda-feira";"07:40:00";"ES";101;289;"CARIACICA";"Acessar a via sem observar a presença dos outros veículos";"Colisão transversal";"Com Vítimas Feridas";"Pleno dia";"Decrescente";"Céu Claro";"Dupla";"Retorno Regulamentado;Reta    ";"Sim";2;0;1;0;0;1;1;2;-20,28029304;-40,39302931;"SPRF-ES";"DEL01-ES";"UOP01-DEL01-ES"
581987;2024-02-19;"segunda-feira";"07:34:00";"PE";101;25;"IGARASSU";"Reação tardia ou ineficiente do condutor";"Engavetamento";"Com Vítimas Feridas";"Pleno dia";"Crescente";"Céu Claro";"Dupla";"Reta";"Não";5;0;2;0;3;0;2;3;-7,7009082;-34,9229207;"SPRF-PE";"DEL01-PE";"UOP02-DEL01-PE"
581992;2024-02-19;"segunda-feira";"06:00:00";"MA";135;71;"SANTA RITA";"Condutor Dormindo";"Colisão lateral sentido oposto";"Com Vítimas Feridas";"Pleno dia";"Decrescente";"Nublado";"Simples";"Reta;Ponte                    ";"Sim";2;0;1;0;1;0;1;2;-3,14970425;-44,32934734;"SPRF-MA";"DEL01-MA";"UOP02-DEL01-MA"
581999;2024-01-21;"domingo";"19:30:00";"PI";407;430;"GEMINIANO";"Iluminação deficiente";"Colisão lateral mesmo sentido";"Com Vítimas Feridas";"Plena Noite";"Crescente";"Céu Claro";"Simples";"Reta";"Não";2;0;0;1;0;1;1;2;-7,12831877;-41,39344785;"SPRF-PI";"DEL04-PI";"UOP01-DEL04-PI"
582000;2024-02-19;"segunda-feira";"08:30:00";"PR";116;113;"CURITIBA";"Acessar a via sem observar a presença dos outros veículos";"Colisão traseira";"Com Vítimas Feridas";"Pleno dia";"Decrescente";"Nublado";"Dupla";"Reta";"Sim";3;0;0;1;1;1;1;3;-25,56513636;-49,24675108;"SPRF-PR";"DEL01-PR";"UOP07-DEL01-PR"
582002;2024-02-19;"segunda-feira";"08:40:00";"SC";282;21,7;"SANTO AMARO DA IMPERATRIZ";"Transitar na contramão";"Colisão lateral sentido oposto";"Com Vítimas Feridas";"Pleno dia";"Decrescente";"Céu Claro";"Simples";"Curva";"Sim";3;0;0;2;1;0;2;2;-27,68907;-48,717541;"SPRF-SC";"DEL01-SC";"UOP02-DEL01-SC"
582003;2024-01-26;"sexta-feira";"18:00:00";"MT";163;611;"NOVA MUTUM";"Acesso irregular";"Tombamento";"Com Vítimas Feridas";"Pleno dia";"Decrescente";"Céu Claro";"Simples";"Curva";"Não";1;0;1;0;0;0;1;1;-13,70681804;-56,04045869;"SPRF-MT";"DEL01-MT";"UOP01-DEL01-MT"
582005;2024-02-19;"segunda-feira";"08:15:00";"RJ";493;6;"ITABORAI";"Ultrapassagem Indevida";"Colisão lateral mesmo sentido";"Com Vítimas Feridas";"Pleno dia";"Crescente";"Céu Claro";"Simples";"Reta";"Não";3;0;1;0;1;1;1;3;-22,73124198;-42,95145305;"SPRF-RJ";"DEL02-RJ";"UOP02-DEL02-RJ"
582007;2024-02-19;"segunda-feira";"08:49:00";"MS";262;44;"TRES LAGOAS";"Transitar na contramão";"Colisão frontal";"Com Vítimas Feridas";"Pleno dia";"Crescente";"Nublado";"Simples";"Reta";"Não";2;0;1;0;1;0;1;2;-20,76617504;-52,00534801;"SPRF-MS";"DEL07-MS";"UOP01-DEL07-MS"
582010;2024-02-19;"segunda-feira";"06:50:00";"PE";423;47;"CACHOEIRINHA";"Reação tardia ou ineficiente do condutor";"Colisão lateral mesmo sentido";"Com Vítimas Feridas";"Pleno dia";"Decrescente";"Céu Claro";"Simples";"Reta";"Não";2;0;1;0;1;0;1;2;-8,5490279;-36,27184525;"SPRF-PE";"DEL03-PE";"UOP01-DEL03-PE"
582014;2024-02-19;"segunda-feira";"10:10:00";"SP";116;222;"GUARULHOS";"Reação tardia ou ineficiente do condutor";"Colisão lateral mesmo sentido";"Com Vítimas Feridas";"Pleno dia";"Decrescente";"Sol";"Múltipla";"Reta";"Sim";2;0;1;0;1;0;1;2;-23,47093408;-46,51631097;"SPRF-SP";"DEL01-SP";"UOP01-DEL01-SP"
582015;2024-02-19;"segunda-feira";"09:00:00";"MT";163;115;"RONDONOPOLIS";"Reação tardia ou ineficiente do condutor";"Tombamento";"Sem Vítimas";"Pleno dia";"Crescente";"Céu Claro";"Dupla";"Reta";"Não";1;0;0;0;1;0;0;1;-16,53799506;-54,66666488;"SPRF-MT";"DEL02-MT";"UOP01-DEL02-MT"
582016;2024-01-08;"segunda-feira";"12:10:00";"PE";101;190;"PALMARES";"Condutor Dormindo";"Colisão traseira";"Com Vítimas Feridas";"Pleno dia";"Crescente";"Nublado";"Dupla";"Reta;Aclive                   ";"Não";3;0;2;0;1;0;2;2;-8,69573052;-35,6103118;"SPRF-PE";"DEL01-PE";"UOP03-DEL01-PE"
582019;2024-02-19;"segunda-feira";"07:45:00";"SC";282;526;"XAXIM";"Condutor usando celular";"Colisão frontal";"Com Vítimas Feridas";"Pleno dia";"Crescente";"Chuva";"Simples";"Curva";"Não";2;0;1;1;0;0;2;2;-26,96869198;-52,57369252;"SPRF-SC";"DEL07-SC";"UOP01-DEL07-SC"
582020;2024-01-12;"sexta-feira";"16:45:00";"MS";163;39;"ELDORADO";"Reação tardia ou ineficiente do condutor";"Colisão lateral mesmo sentido";"Com Vítimas Feridas";"Pleno dia";"Crescente";"Céu Claro";"Simples";"Reta";"Sim";2;0;0;1;1;0;1;2;-23,7948851;-54,28686992;"SPRF-MS";"DEL09-MS";"UOP02-DEL09-MS"
582021;2024-02-19;"segunda-feira";"07:30:00";"MT";70;589;"POCONE";"Acumulo de água sobre o pavimento";"Colisão lateral mesmo sentido";"Com Vítimas Feridas";"Pleno dia";"Crescente";"Chuva";"Simples";"Reta";"Não";4;0;1;0;3;0;1;2;-15,78702094;-56,63928103;"SPRF-MT";"DEL03-MT";"UOP02-DEL03-MT"
582023;2024-02-19;"segunda-feira";"10:45:00";"SC";101;28,2;"JOINVILLE";"Manobra de mudança de faixa";"Colisão lateral mesmo sentido";"Com Vítimas Feridas";"Pleno dia";"Decrescente";"Sol";"Dupla";"Reta";"Sim";3;0;1;0;2;0;1;2;-26,21412901;-48,91602516;"SPRF-SC";"DEL03-SC";"UOP01-DEL03-SC"
582025;2024-02-19;"segunda-feira";"10:30:00";"PR";376;168,9;"MARINGA";"Frear bruscamente";"Colisão traseira";"Com Vítimas Feridas";"Pleno dia";"Crescente";"Céu Claro";"Dupla";"Aclive;Reta                   ";"Não";5;0;2;0;3;0;2;4;-23,3995353;-52,00140238;"SPRF-PR";"DEL09-PR";"UOP01-DEL09-PR"
582031;2024-02-19;"segunda-feira";"12:00:00";"PB";101;119,4;"CAAPORA";"Carga excessiva e/ou mal acondicionada";"Colisão com objeto";"Sem Vítimas";"Pleno dia";"Decrescente";"Sol";"Dupla";"Curva;Aclive                  ";"Não";1;0;0;0;1;0;0;1;-7,42897814;-34,96672977;"SPRF-PB";"DEL01-PB";"UOP02-DEL01-PB"
582033;2024-02-19;"segunda-feira";"12:00:00";"MG";381;507;"SAO JOAQUIM DE BICAS";"Ausência de reação do condutor";"Colisão traseira";"Com Vítimas Feridas";"Pleno dia";"Crescente";"Céu Claro";"Dupla";"Reta";"Não";2;0;0;1;1;0;1;2;-20,05643192;-44,28663308;"SPRF-MG";"DEL01-MG";"UOP03-DEL01-MG"
582041;2024-02-19;"segunda-feira";"07:50:00";"GO";60;353;"RIO VERDE";"Condutor Dormindo";"Capotamento";"Com Vítimas Feridas";"Pleno dia";"Crescente";"Céu Claro";"Dupla";"Aclive;Reta                   ";"Não";3;0;1;0;2;0;1;2;-17,5959;-50,7164;"SPRF-GO";"DEL04-GO";"UOP02-DEL04-GO"
582044;2024-02-19;"segunda-feira";"12:00:00";"MG";40;522;"CONTAGEM";"Manobra de mudança de faixa";"Colisão traseira";"Com Vítimas Feridas";"Pleno dia";"Crescente";"Céu Claro";"Dupla";"Reta";"Não";2;0;1;0;1;0;1;2;-19,87110921;-44,05723572;"SPRF-MG";"DEL01-MG";"UOP02-DEL01-MG"
582046;2024-02-19;"segunda-feira";"11:50:00";"PE";101;52;"PAULISTA";"Demais falhas mecânicas ou elétricas";"Colisão traseira";"Com Vítimas Feridas";"Pleno dia";"Crescente";"Céu Claro";"Dupla";"Curva";"Sim";3;0;1;0;2;0;1;2;-7,92616699;-34,89720225;"SPRF-PE";"DEL01-PE";"UOP02-DEL01-PE"
582048;2024-02-19;"segunda-feira";"12:15:00";"PR";163;289;"MARECHAL CANDIDO RONDON";"Reação tardia ou ineficiente do condutor";"Colisão frontal";"Com Vítimas Fatais";"Pleno dia";"Decrescente";"Nublado";"Simples";"Aclive;Curva                  ";"Não";2;1;0;0;1;0;0;2;-24,51986105;-54,07103777;"SPRF-PR";"DEL06-PR";"UOP02-DEL06-PR"
582054;2024-02-19;"segunda-feira";"13:15:00";"SC";282;103,9;"ALFREDO WAGNER";"Demais falhas mecânicas ou elétricas";"Incêndio";"Sem Vítimas";"Pleno dia";"Decrescente";"Céu Claro";"Simples";"Reta";"Sim";3;0;0;0;3;0;0;1;-27,694868;-49,324345;"SPRF-SC";"DEL01-SC";"UOP03-DEL01-SC"
582058;2024-02-19;"segunda-feira";"12:10:00";"PR";376;216,9;"JANDAIA DO SUL";"Acessar a via sem observar a presença dos outros veículos";"Colisão transversal";"Com Vítimas Feridas";"Pleno dia";"Decrescente";"Céu Claro";"Simples";"Reta";"Não";3;0;2;0;1;0;2;2;-23,59767281;-51,63339596;"SPRF-PR";"DEL09-PR";"UOP01-DEL09-PR"
582060;2024-02-19;"segunda-feira";"12:15:00";"PR";376;193,8;"MARIALVA";"Reação tardia ou ineficiente do condutor";"Saída de leito carroçável";"Com Vítimas Feridas";"Pleno dia";"Decrescente";"Nublado";"Dupla";"Reta";"Não";1;0;0;1;0;0;1;1;-23,49835695;-51,80560112;"SPRF-PR";"DEL09-PR";"UOP01-DEL09-PR"
582061;2024-02-15;"quinta-feira";"19:00:00";"BA";101;269;"SANTO ANTONIO DE JESUS";"Ultrapassagem Indevida";"Colisão lateral sentido oposto";"Com Vítimas Feridas";"Plena Noite";"Crescente";"Céu Claro";"Simples";"Aclive";"Não";3;0;1;0;2;0;1;2;-13,11158012;-39,28607941;"SPRF-BA";"DEL01-BA";"UOP02-DEL01-BA"
582066;2024-02-19;"segunda-feira";"14:00:00";"SP";116;102,3;"PINDAMONHANGABA";"Ausência de reação do condutor";"Colisão com objeto";"Com Vítimas Feridas";"Pleno dia";"Crescente";"Chuva";"Múltipla";"Reta";"Não";1;0;1;0;0;0;1;1;-22,99497994;-45,48951403;"SPRF-SP";"DEL08-SP";"UOP01-DEL08-SP"
582071;2024-02-19;"segunda-feira";"14:00:00";"MG";365;621,4;"UBERLANDIA";"Chuva";"Colisão com objeto";"Com Vítimas Feridas";"Pleno dia";"Crescente";"Chuva";"Múltipla";"Declive;Curva                 ";"Sim";2;0;2;0;0;0;2;1;-18,9048022;-48,29052803;"SPRF-MG";"DEL15-MG";"UOP01-DEL15-MG"
582082;2024-02-19;"segunda-feira";"08:32:00";"MA";226;447,1;"GRAJAU";"Transitar na contramão";"Colisão frontal";"Com Vítimas Fatais";"Pleno dia";"Crescente";"Céu Claro";"Simples";"Reta";"Não";2;1;0;0;1;0;0;2;-5,93710953;-46,37246724;"SPRF-MA";"DEL04-MA";"UOP02-DEL04-MA"
582093;2024-02-19;"segunda-feira";"17:20:00";"SC";101;122,4;"ITAJAI";"Ausência de reação do condutor";"Colisão lateral mesmo sentido";"Com Vítimas Feridas";"Pleno dia";"Crescente";"Céu Claro";"Dupla";"Reta";"Não";2;0;0;1;1;0;1;2;-26,92955916;-48,70499836;"SPRF-SC";"DEL04-SC";"UOP04-DEL04-SC"
582097;2024-02-19;"segunda-feira";"16:30:00";"GO";60;118;"TEREZOPOLIS DE GOIAS";"Condutor deixou de manter distância do veículo da frente";"Colisão lateral mesmo sentido";"Com Vítimas Feridas";"Pleno dia";"Decrescente";"Céu Claro";"Dupla";"Reta";"Não";3;0;1;0;2;0;1;2;-16,4848;-49,0935;"SPRF-GO";"DEL01-GO";"UOP01-DEL01-GO"
582098;2024-02-19;"segunda-feira";"16:00:00";"GO";452;102;"BOM JESUS DE GOIAS";"Condutor Dormindo";"Colisão traseira";"Com Vítimas Feridas";"Pleno dia";"Decrescente";"Garoa/Chuvisco";"Simples";"Reta";"Não";2;0;1;1;0;0;2;2;-18,1359721;-49,98210004;"SPRF-GO";"DEL03-GO";"UOP02-DEL03-GO"
582101;2024-02-19;"segunda-feira";"17:15:00";"RN";304;295,4;"MACAIBA";"Condutor deixou de manter distância do veículo da frente";"Engavetamento";"Com Vítimas Feridas";"Anoitecer";"Crescente";"Céu Claro";"Simples";"Declive";"Não";3;0;0;1;2;0;1;3;-5,86673107;-35,36296248;"SPRF-RN";"DEL01-RN";"UOP02-DEL01-RN"
582113;2024-02-19;"segunda-feira";"16:15:00";"RJ";40;109;"DUQUE DE CAXIAS";"Chuva";"Derramamento de carga";"Com Vítimas Feridas";"Pleno dia";"Decrescente";"Chuva";"Múltipla";"Reta";"Sim";3;0;3;0;0;0;3;1;-22,67374628;-43,28638368;"SPRF-RJ";"DEL01-RJ";"UOP02-DEL01-RJ"
582114;2024-02-19;"segunda-feira";"18:00:00";"RJ";101;542,3;"PARATY";"Ausência de reação do condutor";"Colisão transversal";"Com Vítimas Feridas";"Anoitecer";"Crescente";"Chuva";"Simples";"Curva";"Não";3;0;1;0;2;0;1;2;-23,04128085;-44,59583503;"SPRF-RJ";"DEL03-RJ";"UOP04-DEL03-RJ"
582117;2024-02-19;"segunda-feira";"19:15:00";"PR";376;616;"SAO JOSE DOS PINHAIS";"Acessar a via sem observar a presença dos outros veículos";"Colisão com objeto";"Com Vítimas Feridas";"Plena Noite";"Crescente";"Garoa/Chuvisco";"Dupla";"Aclive;Reta                   ";"Não";3;0;1;0;1;1;1;2;-25,57583659;-49,17953679;"SPRF-PR";"DEL01-PR";"UOP04-DEL01-PR"
582124;2024-02-19;"segunda-feira";"18:00:00";"MT";158;434;"RIBEIRAO CASCALHEIRA";"Manobra de mudança de faixa";"Colisão frontal";"Com Vítimas Feridas";"Plena Noite";"Crescente";"Céu Claro";"Simples";"Reta";"Não";2;0;0;1;1;0;1;2;-13,01259504;-51,88865787;"SPRF-MT";"DEL07-MT";"UOP02-DEL07-MT"
582133;2024-02-19;"segunda-feira";"20:50:00";"PI";316;56,9;"MONSENHOR GIL";"Manobra de mudança de faixa";"Colisão lateral sentido oposto";"Com Vítimas Feridas";"Plena Noite";"Crescente";"Garoa/Chuvisco";"Simples";"Reta";"Não";7;0;0;1;5;1;1;4;-5,54844026;-42,61484423;"SPRF-PI";"DEL01-PI";"UOP02-DEL01-PI"
582134;2024-02-19;"segunda-feira";"18:00:00";"BA";101;143;"TEODORO SAMPAIO";"Acessar a via sem observar a presença dos outros veículos";"Colisão traseira";"Com Vítimas Feridas";"Anoitecer";"Decrescente";"Chuva";"Simples";"Reta";"Não";3;0;1;0;2;0;1;2;-12,28997937;-38,71181376;"SPRF-BA";"DEL01-BA";"UOP04-DEL01-BA"
582136;2024-02-19;"segunda-feira";"13:15:00";"SC";153;29,6;"AGUA DOCE";"Acumulo de óleo sobre o pavimento";"Colisão frontal";"Com Vítimas Fatais";"Pleno dia";"Decrescente";"Nublado";"Simples";"Declive;Curva                 ";"Não";2;1;1;0;0;0;1;2;-26,7904333;-51,6887564;"SPRF-SC";"DEL07-SC";"UOP07-DEL07-SC"