"id";"data_inversa";"dia_semana";"horario";"uf";"br";"km";"municipio";"causa_acidente";"tipo_acidente";"classificacao_acidente";"fase_dia";"sentido_via";"condicao_metereologica";"tipo_pista";"tracado_via";"uso_solo";"pessoas";"mortos";"feridos_leves";"feridos_graves";"ilesos";"ignorados";"feridos";"veiculos";"latitude";"longitude";"regional";"delegacia";"uop"
583912;2024-02-28;"quarta-feira";"20:15:00";"RS";153;51;"ERECHIM";"Velocidade Incompatível";"Colisão transversal";"Com Vítimas Feridas";"Plena Noite";"Decrescente";"Chuva";"Simples";"Reta";"Sim";2;0;1;0;1;0;1;2;-27,66024898;-52,28414106;"SPRF-RS";"DEL08-RS";"UOP04-DEL08-RS"
583913;2024-02-28;"quarta-feira";"19:30:00";"SC";470;175;"POUSO REDONDO";"Ultrapassagem Indevida";"Colisão frontal";"Com Vítimas Feridas";"Plena Noite";"Decrescente";"Nublado";"Simples";"Curva";"Sim";5;0;1;1;3;0;2;4;-27,25617;-49,938969;"SPRF-SC";"DEL04-SC";"UOP02-DEL04-SC"
583916;2024-02-28;"quarta-feira";"20:15:00";"PE";232;52,1;"VITORIA DE SANTO ANTAO";"Ausência de reação do condutor";"Colisão traseira";"Sem Vítimas";"Plena Noite";"Decrescente";"Chuva";"Dupla";"Reta";"Não";2;0;0;0;2;0;0;2;-8,13420544;-35,34022822;"SPRF-PE";"DEL01-PE";"UOP01-DEL01-PE"
583918;2024-02-28;"quarta-feira";"21:30:00";"CE";20;205,4;"BOA VIAGEM";"Animais na Pista";"Atropelamento de Animal";"Com Vítimas Feridas";"Plena Noite";"Crescente";"Nublado";"Simples";"Reta";"Não";2;0;1;0;1;0;1;1;-5,1141029;-39,7230919;"SPRF-CE";"DEL02-CE";"UOP02-DEL02-CE"
583922;2024-02-28;"quarta-feira";"20:20:00";"GO";60;3,1;"SANTO ANTONIO DO DESCOBERTO";"Demais falhas mecânicas ou elétricas";"Incêndio";"Sem Vítimas";"Plena Noite";"Crescente";"Nublado";"Dupla";"Declive;Reta                  ";"Não";2;0;0;0;2;0;0;1;-16,078571;-48,268934;"SPRF-DF";"DEL03-DF";"UOP01-DEL03-DF"
583923;2024-02-28;"quarta-feira";"19:15:00";"MA";135;0,4;"SAO LUIS";"Acessar a via sem observar a presença dos outros veículos";"Colisão transversal";"Com Vítimas Fatais";"Plena Noite";"Decrescente";"Nublado";"Dupla";"Retorno Regulamentado;Reta    ";"Sim";2;1;0;0;0;1;0;2;-2,585244;-44,242971;"SPRF-MA";"DEL01-MA";"UOP01-DEL01-MA"
583924;2024-02-28;"quarta-feira";"21:15:00";"MS";163;550;"BANDEIRANTES";"Manobra de mudança de faixa";"Colisão transversal";"Sem Vítimas";"Plena Noite";"Decrescente";"Ignorado";"Simples";"Curva";"Não";2;0;0;0;0;2;0;2;-19,90449362;-54,37274337;"SPRF-MS";"DEL01-MS";"UOP02-DEL01-MS"
583925;2024-02-28;"quarta-feira";"18:05:00";"PA";230;1129;"ITAITUBA";"Ingestão de álcool pelo condutor";"Tombamento";"Com Vítimas Feridas";"Anoitecer";"Crescente";"Nublado";"Dupla";"Declive;Curva                 ";"Sim";2;0;1;0;1;0;1;2;-4,29379678;-55,96271396;"SPRF-PA";"DEL05-PA";"UOP02-DEL05-PA"
583926;2024-02-28;"quarta-feira";"21:30:00";"AL";104;83,7;"RIO LARGO";"Velocidade Incompatível";"Tombamento";"Sem Vítimas";"Plena Noite";"Crescente";"Céu Claro";"Dupla";"Declive;Curva                 ";"Não";1;0;0;0;1;0;0;1;-9,44165773;-35,83538341;"SPRF-AL";"DEL01-AL";"UOP01-DEL01-AL"
583928;2024-02-01;"quinta-feira";"19:30:00";"MA";316;218;"GOVERNADOR NEWTON BELLO";"Chuva";"Colisão transversal";"Sem Vítimas";"Plena Noite";"Decrescente";"Chuva";"Simples";"Reta";"Não";2;0;0;0;2;0;0;2;-3,45764;-45,672226;"SPRF-MA";"DEL02-MA";"UOP01-DEL02-MA"
583929;2024-02-28;"quarta-feira";"21:00:00";"MG";116;239;"TEOFILO OTONI";"Demais falhas mecânicas ou elétricas";"Incêndio";"Sem Vítimas";"Plena Noite";"Decrescente";"Céu Claro";"Simples";"Reta";"Não";1;0;0;0;1;0;0;1;-17,53123509;-41,48222923;"SPRF-MG";"DEL11-MG";"UOP01-DEL11-MG"
583931;2024-02-28;"quarta-feira";"22:40:00";"GO";153;346;"JARAGUA";"Problema na suspensão";"Tombamento";"Com Vítimas Feridas";"Plena Noite";"Decrescente";"Céu Claro";"Simples";"Reta;Declive                  ";"Não";4;0;2;0;2;0;2;1;-15,637603;-49,373875;"SPRF-GO";"DEL02-GO";"UOP02-DEL02-GO"
583933;2024-02-29;"quinta-feira";"00:01:00";"PR";376;11,6;"MARINGA";"Acessar a via sem observar a presença dos outros veículos";"Atropelamento de Pedestre";"Com Vítimas Fatais";"Plena Noite";"Decrescente";"Céu Claro";"Dupla";"Reta";"Sim";3;1;1;0;1;0;1;3;-23,390095;-51,894247;"SPRF-PR";"DEL09-PR";"UOP01-DEL09-PR"
583935;2024-02-28;"quarta-feira";"12:30:00";"MG";267;286;"BAEPENDI";"Velocidade Incompatível";"Tombamento";"Com Vítimas Feridas";"Pleno dia";"Decrescente";"Céu Claro";"Simples";"Declive;Curva                 ";"Não";1;0;1;0;0;0;1;1;-21,92460612;-44,77877599;"SPRF-MG";"DEL17-MG";"UOP01-DEL17-MG"
583945;2024-02-28;"quarta-feira";"23:40:00";"PR";369;44,8;"BANDEIRANTES";"Velocidade Incompatível";"Tombamento";"Com Vítimas Feridas";"Plena Noite";"Crescente";"Nublado";"Simples";"Curva";"Não";1;0;1;0;0;0;1;1;-23,089462;-50,288475;"SPRF-PR";"DEL07-PR";"UOP05-DEL07-PR"
583950;2024-02-29;"quinta-feira";"03:00:00";"RS";293;30,5;"CAPAO DO LEAO";"Problema com o freio";"Incêndio";"Sem Vítimas";"Plena Noite";"Crescente";"Céu Claro";"Simples";"Aclive";"Não";1;0;0;0;1;0;0;1;-31,72752355;-52,62326608;"SPRF-RS";"DEL07-RS";"UOP01-DEL07-RS"
583959;2024-02-29;"quinta-feira";"02:44:00";"GO";153;6;"PORANGATU";"Reação tardia ou ineficiente do condutor";"Colisão traseira";"Com Vítimas Feridas";"Plena Noite";"Decrescente";"Ignorado";"Simples";"Reta";"Não";2;0;0;1;1;0;1;2;-12,887886;-49,110176;"SPRF-GO";"DEL07-GO";"UOP01-DEL07-GO"
583960;2024-02-29;"quinta-feira";"03:30:00";"PR";277;235;"FERNANDES PINHEIRO";"Condutor Dormindo";"Saída de leito carroçável";"Sem Vítimas";"Plena Noite";"Crescente";"Chuva";"Simples";"Reta;Aclive                   ";"Não";2;0;0;0;0;2;0;2;-25,46528432;-50,5796814;"SPRF-PR";"DEL08-PR";"UOP02-DEL08-PR"
583963;2024-02-28;"quarta-feira";"10:30:00";"BA";116;373;"LAMARAO";"Reação tardia ou ineficiente do condutor";"Colisão traseira";"Com Vítimas Fatais";"Pleno dia";"Decrescente";"Céu Claro";"Simples";"Reta";"Não";3;1;0;0;2;0;0;3;-11,788313;-38,98560509;"SPRF-BA";"DEL02-BA";"UOP01-DEL02-BA"
583966;2024-02-28;"quarta-feira";"22:50:00";"SC";116;107,7;"MONTE CASTELO";"Velocidade Incompatível";"Capotamento";"Com Vítimas Feridas";"Plena Noite";"Decrescente";"Chuva";"Simples";"Declive;Curva                 ";"Não";1;0;1;0;0;0;1;1;-26,75568818;-50,32812388;"SPRF-SC";"DEL06-SC";"UOP02-DEL06-SC"
583968;2024-02-29;"quinta-feira";"05:40:00";"MG";50;132;"UBERABA";"Ausência de reação do condutor";"Colisão traseira";"Com Vítimas Feridas";"Amanhecer";"Decrescente";"Céu Claro";"Dupla";"Aclive;Reta                   ";"Não";3;0;0;2;1;0;2;2;-19,406173;-48,076837;"SPRF-MG";"DEL13-MG";"UOP01-DEL13-MG"
583971;2024-02-29;"quinta-feira";"03:00:00";"PE";232;449;"SAO JOSE DO BELMONTE";"Transitar na contramão";"Colisão frontal";"Com Vítimas Feridas";"Plena Noite";"Crescente";"Ignorado";"Simples";"Curva";"Não";2;0;1;0;1;0;1;2;-7,98629482;-38,62748158;"SPRF-PE";"DEL04-PE";"UOP01-DEL04-PE"
583972;2024-02-29;"quinta-feira";"05:00:00";"PR";476;304;"SAO MATEUS DO SUL";"Condutor Dormindo";"Colisão lateral sentido oposto";"Com Vítimas Fatais";"Amanhecer";"Crescente";"Nublado";"Simples";"Reta";"Não";2;1;1;0;0;0;1;2;-26,003866;-50,597298;"SPRF-PR";"DEL02-PR";"UOP03-DEL02-PR"
583986;2024-02-29;"quinta-feira";"05:40:00";"MT";70;2,6;"BARRA DO GARCAS";"Velocidade Incompatível";"Colisão traseira";"Com Vítimas Feridas";"Amanhecer";"Decrescente";"Céu Claro";"Dupla";"Reta";"Não";3;0;1;1;1;0;2;3;-15,88749699;-52,26810568;"SPRF-MT";"DEL07-MT";"UOP01-DEL07-MT"
583988;2024-02-24;"sábado";"08:30:00";"BA";101;389;"IBIRAPITANGA";"Curva acentuada";"Tombamento";"Com Vítimas Feridas";"Pleno dia";"Crescente";"Chuva";"Simples";"Curva";"Não";1;0;0;1;0;0;1;1;-14,025008;-39,423384;"SPRF-BA";"DEL05-BA";"UOP03-DEL05-BA"
583989;2024-02-29;"quinta-feira";"05:20:00";"SC";101;283,3;"IMBITUBA";"Chuva";"Colisão traseira";"Com Vítimas Fatais";"Plena Noite";"Crescente";"Chuva";"Dupla";"Reta;Declive                  ";"Não";2;1;0;0;1;0;0;2;-28,22549536;-48,70112658;"SPRF-SC";"DEL02-SC";"UOP03-DEL02-SC"
584002;2024-02-29;"quinta-feira";"07:20:00";"SC";101;118;"ITAJAI";"Manobra de mudança de faixa";"Colisão lateral mesmo sentido";"Com Vítimas Feridas";"Pleno dia";"Crescente";"Nublado";"Dupla";"Reta";"Sim";3;0;2;0;1;0;2;2;-26,895859;-48,71903;"SPRF-SC";"DEL04-SC";"UOP04-DEL04-SC"
584003;2024-02-29;"quinta-feira";"08:15:00";"PR";376;435;"TIBAGI";"Reação tardia ou ineficiente do condutor";"Colisão com objeto";"Sem Vítimas";"Pleno dia";"Crescente";"Céu Claro";"Dupla";"Reta;Aclive                   ";"Não";1;0;0;0;1;0;0;1;-24,82838892;-50,47874774;"SPRF-PR";"DEL03-PR";"UOP02-DEL03-PR"
584004;2024-02-29;"quinta-feira";"09:00:00";"RJ";116;178;"MESQUITA";"Manobra de mudança de faixa";"Colisão traseira";"Com Vítimas Feridas";"Pleno dia";"Decrescente";"Céu Claro";"Múltipla";"Reta";"Sim";2;0;1;0;1;0;1;2;-22,77496393;-43,40081465;"SPRF-RJ";"DEL06-RJ";"UOP01-DEL06-RJ"
584007;2024-02-29;"quinta-feira";"07:45:00";"RS";386;440;"NOVA SANTA RITA";"Condutor deixou de manter distância do veículo da frente";"Colisão traseira";"Sem Vítimas";"Pleno dia";"Crescente";"Céu Claro";"Dupla";"Reta";"Não";5;0;0;0;5;0;0;3;-29,878265;-51,241951;"SPRF-RS";"DEL01-RS";"UOP01-DEL01-RS"
584008;2024-02-29;"quinta-feira";"08:25:00";"PR";476;147;"ARAUCARIA";"Reação tardia ou ineficiente do condutor";"Saída de leito carroçável";"Com Vítimas Feridas";"Pleno dia";"Decrescente";"Sol";"Dupla";"Reta";"Sim";2;0;1;0;1;0;1;2;-25,55577045;-49,34246421;"SPRF-PR";"DEL01-PR";"UOP06-DEL01-PR"
584015;2024-02-29;"quinta-feira";"08:40:00";"RJ";116;234;"PIRAI";"Reação tardia ou ineficiente do condutor";"Colisão traseira";"Com Vítimas Feridas";"Pleno dia";"Decrescente";"Sol";"Múltipla";"Reta";"Não";2;0;1;0;1;0;1;2;-22,66632663;-43,84704988;"SPRF-RJ";"DEL07-RJ";"UOP01-DEL07-RJ"
584026;2024-02-29;"quinta-feira";"10:50:00";"RS";290;488,3;"ROSARIO DO SUL";"Demais falhas mecânicas ou elétricas";"Saída de leito carroçável";"Sem Vítimas";"Pleno dia";"Crescente";"Céu Claro";"Simples";"Reta";"Não";2;0;0;0;2;0;0;1;-30,238927;-55,005288;"SPRF-RS";"DEL11-RS";"UOP02-DEL11-RS"
584027;2024-02-29;"quinta-feira";"10:45:00";"MG";381;451;"SABARA";"Conversão proibida";"Colisão transversal";"Sem Vítimas";"Pleno dia";"Decrescente";"Céu Claro";"Simples";"Declive;Curva                 ";"Sim";2;0;0;0;2;0;0;2;-19,83449833;-43,85015845;"SPRF-MG";"DEL01-MG";"UOP01-DEL01-MG"
584030;2024-02-29;"quinta-feira";"12:00:00";"PR";158;531;"PATO BRANCO";"Suicídio (presumido)";"Atropelamento de Pedestre";"Com Vítimas Feridas";"Pleno dia";"Decrescente";"Nublado";"Simples";"Reta";"Sim";2;0;0;1;1;0;1;2;-26,20228;-52,678215;"SPRF-PR";"DEL02-PR";"UOP01-DEL02-PR"
584034;2024-02-02;"sexta-feira";"03:30:00";"PR";277;102,4;"CAMPO LARGO";"Pedestre andava na pista";"Atropelamento de Pedestre";"Com Vítimas Fatais";"Plena Noite";"Decrescente";"Nublado";"Dupla";"Reta";"Sim";7;1;0;0;6;0;0;3;-25,42830532;-49,39031482;"SPRF-PR";"DEL01-PR";"UOP06-DEL01-PR"
584037;2024-02-29;"quinta-feira";"09:30:00";"MT";158;625;"NOVA XAVANTINA";"Condutor Dormindo";"Tombamento";"Com Vítimas Feridas";"Pleno dia";"Crescente";"Céu Claro";"Simples";"Reta";"Não";1;0;0;1;0;0;1;1;-14,49276784;-52,28569031;"SPRF-MT";"DEL07-MT";"UOP02-DEL07-MT"
584041;2024-02-29;"quinta-feira";"13:15:00";"MS";163;405;"NOVA ALVORADA DO SUL";"Reação tardia ou ineficiente do condutor";"Colisão frontal";"Com Vítimas Fatais";"Pleno dia";"Crescente";"Sol";"Simples";"Reta";"Não";4;3;1;0;0;0;1;2;-21,12364994;-54,4818027;"SPRF-MS";"DEL02-MS";"UOP01-DEL02-MS"
584046;2024-02-29;"quinta-feira";"09:00:00";"RO";364;539,2;"RIO CRESPO";"Transitar na contramão";"Colisão frontal";"Com Vítimas Fatais";"Pleno dia";"Crescente";"Céu Claro";"Simples";"Curva";"Não";4;1;0;1;1;1;1;3;-9,7318339;-63,11276976;"SPRF-RO";"DEL03-RO";"UOP01-DEL03-RO"
584048;2024-02-29;"quinta-feira";"14:30:00";"PR";277;3;"PARANAGUA";"Acesso irregular";"Colisão frontal";"Com Vítimas Feridas";"Pleno dia";"Crescente";"Céu Claro";"Dupla";"Reta";"Sim";2;0;1;0;1;0;1;2;-25,568198;-48,615292;"SPRF-PR";"DEL01-PR";"UOP05-DEL01-PR"
584050;2024-02-29;"quinta-feira";"15:00:00";"RJ";101;85;"CAMPOS DOS GOYTACAZES";"Velocidade Incompatível";"Saída de leito carroçável";"Com Vítimas Feridas";"Pleno dia";"Decrescente";"Chuva";"Dupla";"Reta";"Não";3;0;1;0;2;0;1;1;-21,82176524;-41,47958594;"SPRF-RJ";"DEL08-RJ";"UOP02-DEL08-RJ"
584051;2024-02-29;"quinta-feira";"08:00:00";"GO";158;142;"CAIAPONIA";"Acessar a via sem observar a presença dos outros veículos";"Colisão transversal";"Com Vítimas Feridas";"Pleno dia";"Crescente";"Céu Claro";"Simples";"Curva";"Não";3;0;0;2;1;0;2;2;-16,82529795;-51,76573005;"SPRF-GO";"DEL04-GO";"UOP02-DEL04-GO"
584052;2024-02-29;"quinta-feira";"14:40:00";"PR";376;386;"IMBAU";"Reação tardia ou ineficiente do condutor";"Saída de leito carroçável";"Sem Vítimas";"Pleno dia";"Crescente";"Céu Claro";"Dupla";"Interseção de Vias;Reta;Decliv";"Sim";1;0;0;0;1;0;0;1;-24,447575;-50,760181;"SPRF-PR";"DEL03-PR";"UOP02-DEL03-PR"
584055;2024-02-29;"quinta-feira";"12:50:00";"BA";116;588;"NOVA ITARANA";"Velocidade Incompatível";"Saída de leito carroçável";"Com Vítimas Feridas";"Pleno dia";"Crescente";"Céu Claro";"Simples";"Reta";"Não";1;0;1;0;0;0;1;1;-13,12433084;-39,99106463;"SPRF-BA";"DEL03-BA";"UOP02-DEL03-BA"
584060;2024-02-29;"quinta-feira";"15:50:00";"SC";282;509,3;"XANXERE";"Condutor deixou de manter distância do veículo da frente";"Colisão traseira";"Com Vítimas Feridas";"Pleno dia";"Decrescente";"Sol";"Simples";"Reta";"Não";5;0;0;1;4;0;1;2;-26,890533;-52,457096;"SPRF-SC";"DEL07-SC";"UOP01-DEL07-SC"
584064;2024-02-29;"quinta-feira";"16:10:00";"RS";290;193;"RIO PARDO";"Demais falhas mecânicas ou elétricas";"Colisão lateral sentido oposto";"Sem Vítimas";"Pleno dia";"Crescente";"Nublado";"Simples";"Reta";"Não";2;0;0;0;2;0;0;2;-30,17095327;-52,21286774;"SPRF-RS";"DEL02-RS";"UOP03-DEL02-RS"
584067;2024-02-29;"quinta-feira";"15:30:00";"PR";116;127,1;"FAZENDA RIO GRANDE";"Reação tardia ou ineficiente do condutor";"Colisão lateral mesmo sentido";"Sem Vítimas";"Pleno dia";"Crescente";"Sol";"Dupla";"Reta";"Sim";2;0;0;0;1;1;0;2;-25,645921;-49,312773;"SPRF-PR";"DEL01-PR";"UOP03-DEL01-PR"
584072;2024-02-29;"quinta-feira";"16:48:00";"RS";116;515;"PELOTAS";"Acessar a via sem observar a presença dos outros veículos";"Colisão traseira";"Com Vítimas Feridas";"Pleno dia";"Crescente";"Céu Claro";"Simples";"Reta";"Não";2;0;1;0;1;0;1;2;-31,66114092;-52,3386834;"SPRF-RS";"DEL07-RS";"UOP01-DEL07-RS"
584074;2024-02-29;"quinta-feira";"16:15:00";"MG";381;389;"BARAO DE COCAIS";"Chuva";"Colisão frontal";"Com Vítimas Feridas";"Pleno dia";"Decrescente";"Chuva";"Simples";"Curva";"Não";4;0;2;1;1;0;3;2;-19,781548;-43,436355;"SPRF-MG";"DEL01-MG";"UOP01-DEL01-MG"
584077;2024-02-29;"quinta-feira";"11:04:00";"SC";470;247,4;"CURITIBANOS";"Velocidade Incompatível";"Tombamento";"Com Vítimas Feridas";"Pleno dia";"Decrescente";"Nublado";"Simples";"Rotatória;Interseção de Vias  ";"Sim";1;0;1;0;0;0;1;1;-27,31288979;-50,56097031;"SPRF-SC";"DEL05-SC";"UOP03-DEL05-SC"
584078;2024-02-29;"quinta-feira";"04:30:00";"RO";364;1030;"PORTO VELHO";"Ausência de reação do condutor";"Colisão traseira";"Com Vítimas Fatais";"Amanhecer";"Crescente";"Céu Claro";"Simples";"Reta";"Não";2;1;0;0;1;0;0;2;-9,75929717;-66,26472596;"SPRF-RO";"DEL01-RO";"UOP03-DEL01-RO"
584080;2024-02-29;"quinta-feira";"16:40:00";"GO";153;589,8;"PIRACANJUBA";"Ausência de reação do condutor";"Colisão traseira";"Com Vítimas Feridas";"Pleno dia";"Crescente";"Céu Claro";"Dupla";"Reta;Aclive                   ";"Não";2;0;1;0;1;0;1;2;-17,4593;-49,2227;"SPRF-GO";"DEL03-GO";"UOP01-DEL03-GO"
584081;2024-02-29;"quinta-feira";"15:50:00";"MT";70;522;"VARZEA GRANDE";"Acesso irregular";"Colisão transversal";"Com Vítimas Feridas";"Pleno dia";"Crescente";"Sol";"Simples";"Reta";"Sim";2;0;0;1;1;0;1;2;-15,66486;-56,18396;"SPRF-MT";"DEL01-MT";"UOP02-DEL01-MT"
584083;2024-02-29;"quinta-feira";"18:00:00";"PE";424;95;"GARANHUNS";"Demais falhas mecânicas ou elétricas";"Saída de leito carroçável";"Com Vítimas Feridas";"Plena Noite";"Crescente";"Chuva";"Simples";"Reta";"Não";1;0;1;0;0;0;1;1;-8,92487901;-36,48949333;"SPRF-PE";"DEL03-PE";"UOP01-DEL03-PE"
584086;2024-02-29;"quinta-feira";"17:00:00";"SP";381;57,5;"MAIRIPORA";"Reação tardia ou ineficiente do condutor";"Colisão traseira";"Com Vítimas Feridas";"Pleno dia";"Decrescente";"Céu Claro";"Dupla";"Reta";"Não";3;0;1;0;2;0;1;2;-23,271569;-46,584544;"SPRF-SP";"DEL03-SP";"UOP01-DEL03-SP"
584088;2024-02-29;"quinta-feira";"18:30:00";"RJ";393;148;"TRES RIOS";"Reação tardia ou ineficiente do condutor";"Colisão lateral sentido oposto";"Com Vítimas Feridas";"Anoitecer";"Decrescente";"Chuva";"Simples";"Curva";"Não";2;0;0;1;1;0;1;2;-22,04489814;-43,00868082;"SPRF-RJ";"DEL05-RJ";"UOP01-DEL05-RJ"
584089;2024-02-29;"quinta-feira";"18:30:00";"PR";277;727;"FOZ DO IGUACU";"Transitar no Acostamento";"Colisão lateral mesmo sentido";"Com Vítimas Feridas";"Pleno dia";"Decrescente";"Céu Claro";"Simples";"Interseção de Vias";"Não";3;0;1;0;2;0;1;3;-25,51017487;-54,56454899;"SPRF-PR";"DEL05-PR";"UOP03-DEL05-PR"
584092;2024-02-29;"quinta-feira";"14:35:00";"MT";364;615,1;"DIAMANTINO";"Carga excessiva e/ou mal acondicionada";"Colisão lateral sentido oposto";"Com Vítimas Feridas";"Pleno dia";"Crescente";"Céu Claro";"Simples";"Curva";"Não";2;0;1;1;0;0;2;2;-14,41680214;-56,30735406;"SPRF-MT";"DEL01-MT";"UOP01-DEL01-MT"
584104;2024-02-22;"quinta-feira";"17:40:00";"RS";285;455;"IJUI";"Acessar a via sem observar a presença dos outros veículos";"Colisão transversal";"Com Vítimas Feridas";"Pleno dia";"Decrescente";"Céu Claro";"Simples";"Reta";"Sim";2;0;1;0;1;0;1;2;-28,380919;-53,879509;"SPRF-RS";"DEL10-RS";"UOP01-DEL10-RS"
584105;2024-02-29;"quinta-feira";"16:30:00";"RJ";40;115;"DUQUE DE CAXIAS";"Manobra de mudança de faixa";"Colisão lateral mesmo sentido";"Com Vítimas Feridas";"Pleno dia";"Decrescente";"Céu Claro";"Múltipla";"Reta";"Não";4;0;2;0;1;1;2;3;-22,72756999;-43,2891609;"SPRF-RJ";"DEL01-RJ";"UOP02-DEL01-RJ"
584107;2024-02-29;"quinta-feira";"17:00:00";"RJ";40;120;"DUQUE DE CAXIAS";"Manobra de mudança de faixa";"Colisão lateral mesmo sentido";"Com Vítimas Feridas";"Pleno dia";"Decrescente";"Céu Claro";"Múltipla";"Reta";"Não";2;0;0;1;0;1;1;2;-22,77280597;-43,28626763;"SPRF-RJ";"DEL01-RJ";"UOP02-DEL01-RJ"
584108;2024-02-29;"quinta-feira";"17:50:00";"ES";262;108;"VENDA NOVA DO IMIGRANTE";"Transitar na contramão";"Colisão frontal";"Com Vítimas Feridas";"Anoitecer";"Crescente";"Céu Claro";"Simples";"Reta";"Não";2;0;1;0;1;0;1;2;-20,33360896;-41,16233002;"SPRF-ES";"DEL01-ES";"UOP02-DEL01-ES"
584113;2024-02-29;"quinta-feira";"19:30:00";"BA";324;588;"CANDEIAS";"Condutor deixou de manter distância do veículo da frente";"Colisão traseira";"Com Vítimas Feridas";"Plena Noite";"Crescente";"Céu Claro";"Dupla";"Reta";"Não";3;0;0;1;2;0;1;3;-12,66425409;-38,4707655;"SPRF-BA";"DEL01-BA";"UOP01-DEL01-BA"
584114;2024-02-29;"quinta-feira";"19:10:00";"PA";163;654;"ITAITUBA";"Acostamento em desnível";"Tombamento";"Com Vítimas Feridas";"Plena Noite";"Decrescente";"Céu Claro";"Simples";"Reta";"Não";1;0;1;0;0;0;1;1;-4,49732299;-55,86656962;"SPRF-PA";"DEL05-PA";"UOP02-DEL05-PA"
584120;2024-02-29;"quinta-feira";"21:00:00";"MG";354;731;"POUSO ALTO";"Ultrapassagem Indevida";"Colisão frontal";"Com Vítimas Feridas";"Plena Noite";"Decrescente";"Chuva";"Simples";"Curva;Aclive                  ";"Não";4;0;3;0;1;0;3;2;-22,17071402;-44,96390985;"SPRF-MG";"DEL17-MG";"UOP01-DEL17-MG"
584130;2024-02-29;"quinta-feira";"20:30:00";"PR";158;521;"PATO BRANCO";"Ingestão de álcool pelo condutor";"Colisão frontal";"Com Vítimas Feridas";"Plena Noite";"Crescente";"Céu Claro";"Simples";"Reta";"Não";2;0;0;1;1;0;1;2;-26,11888095;-52,64133111;"SPRF-PR";"DEL02-PR";"UOP01-DEL02-PR"
584133;2024-02-29;"quinta-feira";"20:00:00";"RJ";40;74;"PETROPOLIS";"Reação tardia ou ineficiente do condutor";"Saída de leito carroçável";"Com Vítimas Feridas";"Plena Noite";"Decrescente";"Nublado";"Simples";"Curva;Declive                 ";"Não";1;0;1;0;0;0;1;1;-22,47224973;-43,22332717;"SPRF-RJ";"DEL01-RJ";"UOP01-DEL01-RJ"
584137;2024-02-29;"quinta-feira";"23:50:00";"SP";116;487;"CAJATI";"Velocidade Incompatível";"Colisão traseira";"Com Vítimas Feridas";"Plena Noite";"Crescente";"Nublado";"Dupla";"Reta";"Não";2;0;1;0;1;0;1;2;-24,72633575;-48,08998415;"SPRF-SP";"DEL05-SP";"UOP01-DEL05-SP"
584142;2024-02-25;"domingo";"07:50:00";"MT";70;656;"CACERES";"Reação tardia ou ineficiente do condutor";"Saída de leito carroçável";"Sem Vítimas";"Pleno dia";"Crescente";"Céu Claro";"Simples";"Reta";"Não";2;0;0;0;2;0;0;2;-15,96753007;-57,16866394;"SPRF-MT";"DEL03-MT";"UOP02-DEL03-MT"
584159;2024-02-29;"quinta-feira";"13:00:00";"MT";158;536;"AGUA BOA";"Demais falhas mecânicas ou elétricas";"Saída de leito carroçável";"Com Vítimas Feridas";"Pleno dia";"Crescente";"Céu Claro";"Simples";"Reta";"Não";2;0;1;0;1;0;1;1;-13,80730502;-52,03950938;"SPRF-MT";"DEL07-MT";"UOP02-DEL07-MT"
584163;2024-02-29;"quinta-feira";"19:00:00";"RJ";116;247;"PIRAI";"Manobra de mudança de faixa";"Colisão lateral mesmo sentido";"Com Vítimas Feridas";"Plena Noite";"Decrescente";"Chuva";"Dupla";"Reta";"Não";2;0;1;0;1;0;1;2;-22,60655103;-43,93505207;"SPRF-RJ";"DEL07-RJ";"UOP01-DEL07-RJ"
584239;2024-02-12;"segunda-feira";"11:10:00";"SP";116;131;"CACAPAVA";"Demais falhas mecânicas ou elétricas";"Incêndio";"Sem Vítimas";"Pleno dia";"Crescente";"Sol";"Dupla";"Reta";"Sim";1;0;0;0;1;0;0;1;-23,12742083;-45,73636609;"SPRF-SP";"DEL02-SP";"UOP02-DEL02-SP"
584458;2024-02-21;"quarta-feira";"14:30:00";"MA";135;5;"SAO LUIS";"Acessar a via sem observar a presença dos outros veículos";"Colisão transversal";"Com Vítimas Feridas";"Pleno dia";"Decrescente";"Chuva";"Dupla";"Reta";"Sim";3;0;0;1;2;0;1;2;-2,63407378;-44,31335449;"SPRF-MA";"DEL01-MA";"UOP01-DEL01-MA"
584686;2024-02-08;"quinta-feira";"08:12:00";"PI";343;268;"CAMPO MAIOR";"Entrada inopinada do pedestre";"Atropelamento de Pedestre";"Com Vítimas Feridas";"Pleno dia";"Crescente";"Céu Claro";"Simples";"Reta";"Sim";3;0;0;1;1;1;1;2;-4,84439626;-42,1886624;"SPRF-PI";"DEL01-PI";"UOP03-DEL01-PI"
584771;2024-01-30;"terça-feira";"05:00:00";"PR";373;284;"PRUDENTOPOLIS";"Ausência de reação do condutor";"Tombamento";"Com Vítimas Feridas";"Amanhecer";"Crescente";"Céu Claro";"Simples";"Curva";"Não";1;0;1;0;0;0;1;1;-25,29278032;-51,12998486;"SPRF-PR";"DEL08-PR";"UOP01-DEL08-PR"
584979;2024-02-18;"domingo";"07:27:00";"SC";101;58;"ARAQUARI";"Ausência de reação do condutor";"Engavetamento";"Com Vítimas Feridas";"Amanhecer";"Decrescente";"Nublado";"Múltipla";"Declive";"Não";9;0;5;1;2;1;6;5;-26,44025049;-48,80129043;"SPRF-SC";"DEL03-SC";"UOP02-DEL03-SC"