"id";"data_inversa";"dia_semana";"horario";"uf";"br";"km";"municipio";"causa_acidente";"tipo_acidente";"classificacao_acidente";"fase_dia";"sentido_via";"condicao_metereologica";"tipo_pista";"tracado_via";"uso_solo";"pessoas";"mortos";"feridos_leves";"feridos_graves";"ilesos";"ignorados";"feridos";"veiculos";"latitude";"longitude";"regional";"delegacia";"uop"
584984;2024-02-24;"sábado";"17:25:00";"RN";226;4;"NATAL";"Manobra de mudança de faixa";"Colisão traseira";"Com Vítimas Feridas";"Anoitecer";"Crescente";"Céu Claro";"Simples";"Reta;Interseção de Vias       ";"Sim";2;0;1;0;1;0;1;2;-5,81958019;-35,25969486;"SPRF-RN";"DEL01-RN";"UOP02-DEL01-RN"
585138;2024-02-14;"quarta-feira";"10:00:00";"PR";277;38;"MORRETES";"Acumulo de óleo sobre o pavimento";"Colisão traseira";"Com Vítimas Feridas";"Pleno dia";"Decrescente";"Chuva";"Dupla";"Declive;Curva                 ";"Não";5;0;2;0;3;0;2;2;-25,5658447055;-48,8111626896;"SPRF-PR";"DEL01-PR";"UOP05-DEL01-PR"
585199;2024-02-27;"terça-feira";"06:30:00";"BA";101;739;"ITABELA";"Velocidade Incompatível";"Capotamento";"Com Vítimas Feridas";"Pleno dia";"Decrescente";"Sol";"Simples";"Curva;Declive                 ";"Não";1;0;1;0;0;0;1;1;-16,689233;-39,480426;"SPRF-BA";"DEL09-BA";"UOP01-DEL09-BA"
585304;2024-02-04;"domingo";"09:10:00";"PA";163;104;"ALTAMIRA";"Curva acentuada";"Saída de leito carroçável";"Com Vítimas Feridas";"Pleno dia";"Decrescente";"Céu Claro";"Simples";"Curva";"Não";2;0;1;0;0;1;1;2;-8,728298;-54,979658;"SPRF-PA";"DEL05-PA";"UOP02-DEL05-PA"
585359;2024-02-09;"sexta-feira";"19:50:00";"PI";343;345,2;"TERESINA";"Manobra de mudança de faixa";"Colisão transversal";"Com Vítimas Feridas";"Plena Noite";"Crescente";"Chuva";"Dupla";"Reta";"Sim";2;0;0;1;1;0;1;2;-5,102889;-42,766506;"SPRF-PI";"DEL01-PI";"UOP01-DEL01-PI"
585366;2024-02-29;"quinta-feira";"13:10:00";"MT";364;95;"ALTO GARCAS";"Acumulo de óleo sobre o pavimento";"Colisão traseira";"Com Vítimas Feridas";"Pleno dia";"Decrescente";"Céu Claro";"Simples";"Reta";"Não";2;0;1;0;1;0;1;2;-16,85806069;-53,75433289;"SPRF-MT";"DEL02-MT";"UOP02-DEL02-MT"
585396;2024-02-27;"terça-feira";"16:20:00";"ES";101;293,5;"CARIACICA";"Manobra de mudança de faixa";"Colisão lateral mesmo sentido";"Com Vítimas Feridas";"Pleno dia";"Decrescente";"Céu Claro";"Dupla";"Em Obras;Reta                 ";"Sim";2;0;1;0;1;0;1;2;-20,31706838;-40,39575756;"SPRF-ES";"DEL01-ES";"UOP01-DEL01-ES"
585410;2024-02-11;"domingo";"22:30:00";"MA";10;288;"SAO FRANCISCO DO BREJAO";"Demais falhas mecânicas ou elétricas";"Incêndio";"Sem Vítimas";"Plena Noite";"Crescente";"Ignorado";"Simples";"Aclive";"Não";1;0;0;0;1;0;0;1;-5,215772;-47,515965;"SPRF-MA";"DEL04-MA";"UOP01-DEL04-MA"
585585;2024-01-31;"quarta-feira";"18:10:00";"SC";280;130;"RIO NEGRINHO";"Ingestão de álcool pelo condutor";"Colisão lateral sentido oposto";"Com Vítimas Feridas";"Pleno dia";"Decrescente";"Céu Claro";"Simples";"Aclive;Reta                   ";"Não";2;0;1;0;1;0;1;2;-26,2530246;-49,52924913;"SPRF-SC";"DEL06-SC";"UOP03-DEL06-SC"
585620;2024-02-22;"quinta-feira";"20:00:00";"SP";116;141;"SAO JOSE DOS CAMPOS";"Demais falhas mecânicas ou elétricas";"Tombamento";"Com Vítimas Feridas";"Plena Noite";"Crescente";"Chuva";"Dupla";"Reta";"Sim";7;0;3;0;4;0;3;5;-23,17004717;-45,82091491;"SPRF-SP";"DEL02-SP";"UOP01-DEL02-SP"
585664;2024-01-27;"sábado";"06:30:00";"AM";174;1139;"PRESIDENTE FIGUEIREDO";"Demais falhas mecânicas ou elétricas";"Incêndio";"Sem Vítimas";"Pleno dia";"Crescente";"Céu Claro";"Simples";"Reta;Ponte                    ";"Não";2;0;0;0;2;0;0;1;-0,859893;-60,519678;"SPRF-AM";"DEL01-AM";"UOP02-DEL01-AM"
585680;2024-01-18;"quinta-feira";"11:40:00";"SC";116;251,9;"LAGES";"Reação tardia ou ineficiente do condutor";"Colisão lateral sentido oposto";"Com Vítimas Feridas";"Pleno dia";"Crescente";"Chuva";"Simples";"Reta";"Não";3;0;1;0;2;0;1;3;-27,8494545;-50,38042545;"SPRF-SC";"DEL05-SC";"UOP02-DEL05-SC"
585681;2024-02-01;"quinta-feira";"19:50:00";"GO";364;296;"MINEIROS";"Ausência de reação do condutor";"Tombamento";"Com Vítimas Feridas";"Plena Noite";"Decrescente";"Nublado";"Dupla";"Reta";"Não";1;0;1;0;0;0;1;1;-17,578016;-52,518154;"SPRF-GO";"DEL05-GO";"UOP01-DEL05-GO"
585742;2024-02-19;"segunda-feira";"17:48:00";"SC";116;85,6;"MONTE CASTELO";"Transitar na contramão";"Colisão frontal";"Com Vítimas Fatais";"Pleno dia";"Crescente";"Céu Claro";"Simples";"Declive";"Não";3;2;0;1;0;0;1;2;-26,60562;-50,227709;"SPRF-SC";"DEL06-SC";"UOP02-DEL06-SC"
585796;2024-01-29;"segunda-feira";"02:40:00";"MG";40;525;"CONTAGEM";"Acesso irregular";"Colisão traseira";"Com Vítimas Feridas";"Plena Noite";"Crescente";"Nublado";"Dupla";"Reta";"Sim";4;0;0;2;0;2;2;3;-19,88361702;-44,05039336;"SPRF-MG";"DEL01-MG";"UOP02-DEL01-MG"
585882;2024-01-21;"domingo";"07:05:00";"PR";277;517;"GUARANIACU";"Neblina";"Colisão traseira";"Com Vítimas Feridas";"Pleno dia";"Decrescente";"Nevoeiro/Neblina";"Múltipla";"Aclive;Curva                  ";"Sim";2;0;0;1;1;0;1;2;-25,11378015;-52,82230904;"SPRF-PR";"DEL04-PR";"UOP04-DEL04-PR"
586655;2024-02-22;"quinta-feira";"07:40:00";"SC";116;69;"MONTE CASTELO";"Velocidade Incompatível";"Tombamento";"Sem Vítimas";"Pleno dia";"Decrescente";"Nublado";"Simples";"Rotatória";"Sim";3;0;0;0;3;0;0;2;-26,46036818;-50,22889671;"SPRF-SC";"DEL06-SC";"UOP02-DEL06-SC"
586824;2024-02-22;"quinta-feira";"18:30:00";"PA";153;55;"SAO DOMINGOS DO ARAGUAIA";"Transitar na contramão";"Colisão frontal";"Com Vítimas Fatais";"Plena Noite";"Crescente";"Ignorado";"Simples";"Curva";"Não";2;1;0;0;1;0;0;2;-5,604073;-48,718838;"SPRF-PA";"DEL03-PA";"UOP01-DEL03-PA"
586929;2024-01-29;"segunda-feira";"07:30:00";"PI";343;317;"ALTOS";"Reação tardia ou ineficiente do condutor";"Saída de leito carroçável";"Com Vítimas Feridas";"Pleno dia";"Crescente";"Céu Claro";"Simples";"Reta";"Não";1;0;1;0;0;0;1;1;-5,044959;-42,544502;"SPRF-PI";"DEL01-PI";"UOP01-DEL01-PI"
586967;2024-01-03;"quarta-feira";"03:00:00";"RJ";393;205;"VASSOURAS";"Condutor Dormindo";"Saída de leito carroçável";"Sem Vítimas";"Plena Noite";"Decrescente";"Chuva";"Simples";"Aclive;Reta                   ";"Não";1;0;0;0;1;0;0;1;-22,24;-43,418945;"SPRF-RJ";"DEL05-RJ";"UOP03-DEL05-RJ"
586973;2024-01-28;"domingo";"06:40:00";"PR";277;307;"GUARAPUAVA";"Ausência de reação do condutor";"Saída de leito carroçável";"Com Vítimas Fatais";"Amanhecer";"Crescente";"Céu Claro";"Simples";"Declive;Curva                 ";"Não";2;1;0;0;0;1;0;2;-25,317425;-51,19501;"SPRF-PR";"DEL08-PR";"UOP01-DEL08-PR"
586996;2024-01-20;"sábado";"03:05:00";"SP";116;459,5;"PARIQUERA-ACU";"Estacionar ou parar em local proibido";"Colisão traseira";"Com Vítimas Fatais";"Plena Noite";"Crescente";"Céu Claro";"Dupla";"Reta";"Não";3;1;1;0;1;0;1;2;-24,60917609;-47,88176537;"SPRF-SP";"DEL05-SP";"UOP01-DEL05-SP"
587102;2024-02-02;"sexta-feira";"05:40:00";"SC";101;106,1;"PENHA";"Ausência de reação do condutor";"Colisão traseira";"Com Vítimas Feridas";"Amanhecer";"Crescente";"Nublado";"Múltipla";"Interseção de Vias;Retorno Reg";"Sim";2;0;1;0;1;0;1;2;-26,81031601;-48,68293896;"SPRF-SC";"DEL03-SC";"UOP02-DEL03-SC"
587207;2024-02-27;"terça-feira";"08:00:00";"RS";392;2,1;"RIO GRANDE";"Condutor deixou de manter distância do veículo da frente";"Engavetamento";"Com Vítimas Feridas";"Pleno dia";"Decrescente";"Garoa/Chuvisco";"Simples";"Reta";"Não";7;0;2;0;3;2;2;7;-32,05362099;-52,08645803;"SPRF-RS";"DEL07-RS";"UOP02-DEL07-RS"
587242;2024-01-14;"domingo";"19:05:00";"ES";262;29,6;"DOMINGOS MARTINS";"Ultrapassagem Indevida";"Colisão lateral sentido oposto";"Com Vítimas Feridas";"Plena Noite";"Crescente";"Céu Claro";"Simples";"Curva";"Não";4;0;0;1;2;1;1;4;-20,38426904;-40,55863435;"SPRF-ES";"DEL01-ES";"UOP01-DEL01-ES"
587459;2024-02-29;"quinta-feira";"06:00:00";"MG";40;613;"CONGONHAS";"Reação tardia ou ineficiente do condutor";"Colisão lateral sentido oposto";"Com Vítimas Feridas";"Amanhecer";"Decrescente";"Nublado";"Simples";"Curva";"Não";2;0;1;0;0;1;1;2;-20,53007002;-43,82353351;"SPRF-MG";"DEL05-MG";"UOP02-DEL05-MG"
587601;2024-02-09;"sexta-feira";"12:20:00";"PR";163;225,4;"CASCAVEL";"Acesso irregular";"Colisão traseira";"Com Vítimas Feridas";"Pleno dia";"Decrescente";"Céu Claro";"Dupla";"Reta";"Não";2;0;1;0;1;0;1;2;-24,897235;-53,533793;"SPRF-PR";"DEL04-PR";"UOP01-DEL04-PR"
587689;2024-02-23;"sexta-feira";"23:00:00";"PI";316;285;"DOM EXPEDITO LOPES";"Reação tardia ou ineficiente do condutor";"Colisão transversal";"Com Vítimas Feridas";"Pleno dia";"Decrescente";"Céu Claro";"Simples";"Reta;Interseção de Vias       ";"Sim";2;0;0;1;0;1;1;2;-6,96840473;-41,65280499;"SPRF-PI";"DEL04-PI";"UOP01-DEL04-PI"
588121;2024-02-24;"sábado";"14:35:00";"MG";365;258;"SAO GONCALO DO ABAETE";"Transitar na contramão";"Colisão frontal";"Com Vítimas Feridas";"Pleno dia";"Crescente";"Céu Claro";"Simples";"Reta;Aclive                   ";"Não";6;0;0;4;2;0;4;3;-17,85973618;-45,50552793;"SPRF-MG";"DEL10-MG";"UOP02-DEL010-MG"
588161;2024-02-19;"segunda-feira";"09:10:00";"MG";116;120,6;"ITAOBIM";"Acessar a via sem observar a presença dos outros veículos";"Atropelamento de Animal";"Com Vítimas Feridas";"Pleno dia";"Crescente";"Ignorado";"Simples";"Reta";"Não";5;0;1;0;0;4;1;2;-16,60015602;-41,49868089;"SPRF-MG";"DEL11-MG";"UOP02-DEL11-MG"
588162;2024-02-22;"quinta-feira";"10:05:00";"RN";304;106;"ACU";"Acesso irregular";"Colisão traseira";"Com Vítimas Feridas";"Pleno dia";"Decrescente";"Garoa/Chuvisco";"Simples";"Reta;Interseção de Vias       ";"Não";4;0;4;0;0;0;4;2;-5,58834153;-36,96862936;"SPRF-RN";"DEL04-RN";"UOP01-DEL04-RN"
588398;2024-01-26;"sexta-feira";"16:05:00";"GO";364;204;"JATAI";"Ultrapassagem Indevida";"Colisão frontal";"Com Vítimas Fatais";"Pleno dia";"Decrescente";"Sol";"Simples";"Reta";"Não";4;1;1;0;1;1;1;3;-17,907591;-51,791985;"SPRF-GO";"DEL05-GO";"UOP01-DEL05-GO"
588444;2024-02-18;"domingo";"16:20:00";"BA";116;919,6;"ENCRUZILHADA";"Reação tardia ou ineficiente do condutor";"Saída de leito carroçável";"Com Vítimas Feridas";"Pleno dia";"Crescente";"Nublado";"Simples";"Curva";"Não";1;0;1;0;0;0;1;1;-15,58918;-41,28069;"SPRF-BA";"DEL08-BA";"UOP03-DEL08-BA"
588781;2024-01-21;"domingo";"16:25:00";"BA";242;759;"BARREIRAS";"Acumulo de água sobre o pavimento";"Colisão frontal";"Com Vítimas Fatais";"Pleno dia";"Crescente";"Chuva";"Simples";"Reta";"Não";2;1;1;0;0;0;1;2;-12,142873;-44,719096;"SPRF-BA";"DEL10-BA";"UOP01-DEL10-BA"
588956;2024-01-24;"quarta-feira";"01:46:00";"PB";230;115,3;"INGA";"Ausência de reação do condutor";"Colisão com objeto";"Com Vítimas Feridas";"Plena Noite";"Decrescente";"Céu Claro";"Dupla";"Curva";"Não";1;0;1;0;0;0;1;1;-7,2296;-35,5998;"SPRF-PB";"DEL01-PB";"UOP03-DEL01-PB"
588964;2024-02-28;"quarta-feira";"10:30:00";"BA";116;373;"SERRINHA";"Reação tardia ou ineficiente do condutor";"Colisão traseira";"Com Vítimas Fatais";"Pleno dia";"Decrescente";"Céu Claro";"Simples";"Reta";"Não";4;1;0;0;2;1;0;4;-11,7878313;-38,98560509;"SPRF-BA";"DEL02-BA";"UOP01-DEL02-BA"
589181;2024-02-09;"sexta-feira";"04:20:00";"MT";158;577;"AGUA BOA";"Condutor Dormindo";"Tombamento";"Com Vítimas Feridas";"Amanhecer";"Decrescente";"Ignorado";"Simples";"Reta";"Não";2;0;2;0;0;0;2;1;-14,12724684;-52,18713907;"SPRF-MT";"DEL07-MT";"UOP02-DEL07-MT"
589213;2024-01-03;"quarta-feira";"13:15:00";"RS";470;225;"GARIBALDI";"Acessar a via sem observar a presença dos outros veículos";"Colisão lateral mesmo sentido";"Sem Vítimas";"Pleno dia";"Decrescente";"Céu Claro";"Simples";"Reta";"Não";2;0;0;0;2;0;0;2;-29,21454003;-51,51762617;"SPRF-RS";"DEL06-RS";"UOP01-DEL06-RS"
574350;2024-01-13;"sábado";"05:40:00";"RN";406;151,4;"CEARA-MIRIM";"Acesso irregular";"Colisão transversal";"Com Vítimas Feridas";"Amanhecer";"Decrescente";"Nublado";"Simples";"Reta";"Sim";2;0;1;0;0;1;1;2;-5,65094554;-35,42341594;"SPRF-RN";"DEL02-RN";"UOP01-DEL02-RN"
574609;2024-01-14;"domingo";"07:00:00";"PR";376;406;"TIBAGI";"Condutor Dormindo";"Colisão com objeto";"Sem Vítimas";"Pleno dia";"Decrescente";"Céu Claro";"Dupla";"Declive;Desvio Temporário;Em O";"Não";3;0;0;0;2;1;0;3;-24,59164344;-50,67475498;"SPRF-PR";"DEL03-PR";"UOP02-DEL03-PR"
574964;2024-01-15;"segunda-feira";"18:45:00";"SE";101;183;"UMBAUBA";"Ausência de sinalização";"Colisão com objeto";"Com Vítimas Feridas";"Plena Noite";"Decrescente";"Céu Claro";"Simples";"Aclive;Reta                   ";"Não";2;0;0;1;1;0;1;2;-11,38249598;-37,66560674;"SPRF-SE";"DEL02-SE";"UOP03-DEL02-SE"
575802;2024-01-19;"sexta-feira";"20:00:00";"SP";116;334;"JUQUITIBA";"Ausência de reação do condutor";"Colisão lateral mesmo sentido";"Com Vítimas Feridas";"Plena Noite";"Crescente";"Céu Claro";"Dupla";"Curva";"Não";3;0;1;0;1;1;1;2;-23,96478894;-47,12622102;"SPRF-SP";"DEL04-SP";"UOP03-DEL04-SP"
579458;2024-02-06;"terça-feira";"18:00:00";"SP";116;280;"EMBU DAS ARTES";"Reação tardia ou ineficiente do condutor";"Colisão traseira";"Sem Vítimas";"Pleno dia";"Decrescente";"Céu Claro";"Dupla";"Aclive;Reta                   ";"Sim";3;0;0;0;3;0;0;2;-23,66996108;-46,85590758;"SPRF-SP";"DEL04-SP";"UOP01-DEL04-SP"
579634;2024-02-07;"quarta-feira";"13:00:00";"PE";NA;NA;"RECIFE";"Faixas de trânsito com largura insuficiente";"Colisão lateral mesmo sentido";"Sem Vítimas";"Pleno dia";"Não Informado";"Sol";"Simples";"Reta";"Sim";5;0;0;0;3;2;0;3;-8,05899011;-34,8722738;"SPRF-PE";"DEL01-PE";"UOP01-DEL01-PE"
580751;2024-02-12;"segunda-feira";"08:00:00";"RJ";101;463;"ANGRA DOS REIS";"Ausência de reação do condutor";"Saída de leito carroçável";"Com Vítimas Feridas";"Pleno dia";"Decrescente";"Céu Claro";"Simples";"Curva";"Não";3;0;2;0;0;1;2;2;-23,02635686;-44,21296905;"SPRF-RJ";"DEL03-RJ";"UOP03-DEL03-RJ"
580822;2024-02-12;"segunda-feira";"21:00:00";"MG";381;510;"IGARAPE";"Condutor deixou de manter distância do veículo da frente";"Colisão traseira";"Com Vítimas Feridas";"Plena Noite";"Crescente";"Céu Claro";"Dupla";"Reta;Declive                  ";"Não";2;0;1;0;0;1;1;2;-20,05947876;-44,29069519;"SPRF-MG";"DEL01-MG";"UOP03-DEL01-MG"
581976;2024-02-19;"segunda-feira";"05:40:00";"MG";116;7,5;"DIVISA ALEGRE";"Condutor deixou de manter distância do veículo da frente";"Colisão traseira";"Com Vítimas Feridas";"Amanhecer";"Decrescente";"Nevoeiro/Neblina";"Simples";"Reta";"Não";4;0;1;0;2;1;1;2;-15,75827513;-41,3319115;"SPRF-BA";"DEL08-BA";"UOP03-DEL08-BA"
582035;2024-02-19;"segunda-feira";"10:30:00";"MG";40;305;"TRES MARIAS";"Problema com o freio";"Incêndio";"Sem Vítimas";"Pleno dia";"Crescente";"Nublado";"Simples";"Reta";"Não";1;0;0;0;1;0;0;1;-18,3940688;-45,10000664;"SPRF-MG";"DEL14-MG";"UOP02-DEL14-MG"
583221;2024-02-25;"domingo";"13:10:00";"GO";60;27;"ALEXANIA";"Reação tardia ou ineficiente do condutor";"Capotamento";"Sem Vítimas";"Pleno dia";"Decrescente";"Céu Claro";"Dupla";"Declive;Curva                 ";"Não";1;0;0;0;0;1;0;1;-16,0963;-48,5202;"SPRF-DF";"DEL03-DF";"UOP01-DEL03-DF"
571772;2024-01-01;"segunda-feira";"00:05:00";"RJ";101;272,5;"TANGUA";"Reação tardia ou ineficiente do condutor";"Colisão com objeto";"Com Vítimas Fatais";"Plena Noite";"Decrescente";"Céu Claro";"Dupla";"Reta";"Sim";1;1;0;0;0;0;0;1;-22,72935968;-42,70112512;"SPRF-RJ";"DEL02-RJ";"UOP03-DEL02-RJ"
571774;2024-01-01;"segunda-feira";"00:05:00";"GO";153;424,6;"ANAPOLIS";"Velocidade Incompatível";"Colisão com objeto";"Sem Vítimas";"Plena Noite";"Decrescente";"Céu Claro";"Dupla";"Reta";"Não";1;0;0;0;1;0;0;1;-16,229185;-49,009797;"SPRF-GO";"DEL02-GO";"UOP01-DEL02-GO"
571777;2024-01-01;"segunda-feira";"01:45:00";"ES";101;264,1;"SERRA";"Reação tardia ou ineficiente do condutor";"Colisão com objeto";"Sem Vítimas";"Plena Noite";"Decrescente";"Nublado";"Múltipla";"Interseção de Vias;Reta       ";"Sim";1;0;0;0;1;0;0;1;-20,17292791;-40,26736384;"SPRF-ES";"DEL02-ES";"UOP01-DEL02-ES"
571778;2024-01-01;"segunda-feira";"00:45:00";"SC";101;110;"PENHA";"Acumulo de água sobre o pavimento";"Saída de leito carroçável";"Com Vítimas Feridas";"Plena Noite";"Crescente";"Chuva";"Dupla";"Curva";"Não";2;0;1;0;1;0;1;1;-26,83477;-48,706151;"SPRF-SC";"DEL03-SC";"UOP02-DEL03-SC"
571779;2024-01-01;"segunda-feira";"01:45:00";"RS";116;236;"NOVO HAMBURGO";"Ausência de reação do condutor";"Colisão com objeto";"Sem Vítimas";"Plena Noite";"Crescente";"Céu Claro";"Dupla";"Reta";"Sim";4;0;0;0;4;0;0;1;-29,66938502;-51,14304731;"SPRF-RS";"DEL01-RS";"UOP02-DEL01-RS"
571780;2024-01-01;"segunda-feira";"01:50:00";"PR";277;70;"SAO JOSE DOS PINHAIS";"Ausência de reação do condutor";"Tombamento";"Com Vítimas Feridas";"Plena Noite";"Decrescente";"Céu Claro";"Simples";"Curva";"Não";2;0;2;0;0;0;2;1;-25,54112281;-49,06183391;"SPRF-PR";"DEL01-PR";"UOP01-DEL01-PR"
571781;2024-01-01;"segunda-feira";"00:20:00";"RS";158;128,2;"CONDOR";"Reação tardia ou ineficiente do condutor";"Saída de leito carroçável";"Com Vítimas Feridas";"Plena Noite";"Crescente";"Céu Claro";"Simples";"Reta";"Não";1;0;0;1;0;0;1;1;-28,11100874;-53,42453025;"SPRF-RS";"DEL08-RS";"UOP01-DEL08-RS"
571782;2024-01-01;"segunda-feira";"01:50:00";"MS";262;4,3;"TRES LAGOAS";"Ausência de reação do condutor";"Saída de leito carroçável";"Com Vítimas Feridas";"Plena Noite";"Crescente";"Garoa/Chuvisco";"Dupla";"Reta";"Sim";2;0;1;0;0;1;1;2;-20,782074;-51,65705;"SPRF-MS";"DEL07-MS";"UOP01-DEL07-MS"
571783;2024-01-01;"segunda-feira";"01:20:00";"RJ";101;542;"PARATY";"Retorno proibido";"Colisão transversal";"Com Vítimas Feridas";"Plena Noite";"Decrescente";"Nublado";"Simples";"Reta";"Não";3;0;1;0;2;0;1;2;-23,04128085;-44,59583503;"SPRF-RJ";"DEL03-RJ";"UOP04-DEL03-RJ"
571785;2024-01-01;"segunda-feira";"02:02:00";"RO";364;197;"PIMENTA BUENO";"Acesso irregular";"Tombamento";"Com Vítimas Feridas";"Plena Noite";"Decrescente";"Nublado";"Simples";"Interseção de Vias;Reta;Aclive";"Sim";1;0;0;1;0;0;1;1;-11,68196118;-61,18621945;"SPRF-RO";"DEL02-RO";"UOP02-DEL02-RO"
571786;2024-01-01;"segunda-feira";"03:00:00";"SP";101;28,4;"UBATUBA";"Condutor Dormindo";"Colisão com objeto";"Com Vítimas Feridas";"Plena Noite";"Crescente";"Céu Claro";"Simples";"Reta";"Não";1;0;1;0;0;0;1;1;-23,37268002;-44,95284699;"SPRF-SP";"DEL06-SP";"UOP01-DEL06-SP"
571787;2024-01-01;"segunda-feira";"02:20:00";"RS";116;242;"SAO LEOPOLDO";"Pedestre cruzava a pista fora da faixa";"Atropelamento de Pedestre";"Com Vítimas Feridas";"Plena Noite";"Decrescente";"Céu Claro";"Simples";"Reta;Em Obras                 ";"Sim";2;0;1;0;0;1;1;2;-29,72297087;-51,14858729;"SPRF-RS";"DEL01-RS";"UOP02-DEL01-RS"
571788;2024-01-01;"segunda-feira";"03:00:00";"PR";376;288;"MAUA DA SERRA";"Transitar na contramão";"Colisão lateral sentido oposto";"Com Vítimas Feridas";"Plena Noite";"Crescente";"Céu Claro";"Dupla";"Curva";"Não";5;0;0;1;4;0;1;2;-23,882753;-51,246884;"SPRF-PR";"DEL07-PR";"UOP02-DEL07-PR"
571790;2024-01-01;"segunda-feira";"02:50:00";"SP";101;41;"UBATUBA";"Reação tardia ou ineficiente do condutor";"Colisão com objeto";"Sem Vítimas";"Plena Noite";"Crescente";"Céu Claro";"Simples";"Curva";"Não";2;0;0;0;1;1;0;2;-23,41971433;-45,0428663;"SPRF-SP";"DEL06-SP";"UOP01-DEL06-SP"
571791;2024-01-01;"segunda-feira";"03:20:00";"PR";369;207,6;"APUCARANA";"Ingestão de álcool pelo condutor";"Colisão transversal";"Com Vítimas Feridas";"Plena Noite";"Crescente";"Céu Claro";"Simples";"Reta;Aclive                   ";"Sim";5;0;4;1;0;0;5;2;-23,563611;-51,493503;"SPRF-PR";"DEL07-PR";"UOP03-DEL07-PR"
571792;2024-01-01;"segunda-feira";"02:00:00";"ES";262;162,2;"IBATIBA";"Transitar na contramão";"Colisão frontal";"Sem Vítimas";"Plena Noite";"Crescente";"Nublado";"Simples";"Curva";"Não";3;0;0;0;3;0;0;2;-20,23593228;-41,53109078;"SPRF-ES";"DEL01-ES";"UOP02-DEL01-ES"
571793;2024-01-01;"segunda-feira";"04:00:00";"RJ";101;329;"RIO DE JANEIRO";"Reação tardia ou ineficiente do condutor";"Queda de ocupante de veículo";"Com Vítimas Feridas";"Plena Noite";"Crescente";"Céu Claro";"Dupla";"Reta";"Não";1;0;1;0;0;0;1;1;-22,86939305;-43,175642;"SPRF-RJ";"DEL02-RJ";"UOP01-DEL02-RJ"
571794;2024-01-01;"segunda-feira";"04:35:00";"GO";60;98;"ANAPOLIS";"Condutor deixou de manter distância do veículo da frente";"Colisão traseira";"Com Vítimas Feridas";"Plena Noite";"Crescente";"Céu Claro";"Dupla";"Reta";"Sim";5;0;2;0;3;0;2;2;-16,3846;-48,9541;"SPRF-GO";"DEL02-GO";"UOP01-DEL02-GO"
571795;2024-01-01;"segunda-feira";"04:40:00";"MG";381;486,4;"BETIM";"Ingestão de álcool pelo condutor";"Colisão traseira";"Sem Vítimas";"Plena Noite";"Decrescente";"Chuva";"Múltipla";"Reta";"Sim";2;0;0;0;2;0;0;2;-19,95576216;-44,11231756;"SPRF-MG";"DEL01-MG";"UOP03-DEL01-MG"
571796;2024-01-01;"segunda-feira";"03:50:00";"DF";60;0,9;"BRASILIA";"Acessar a via sem observar a presença dos outros veículos";"Atropelamento de Pedestre";"Com Vítimas Feridas";"Plena Noite";"Crescente";"Céu Claro";"Dupla";"Reta";"Sim";3;0;0;1;2;0;1;2;-15,884367;-48,068075;"SPRF-DF";"DEL03-DF";"UOP01-DEL03-DF"
571798;2024-01-01;"segunda-feira";"03:00:00";"PR";153;219,5;"TIBAGI";"Ingestão de álcool pelo condutor";"Atropelamento de Pedestre";"Com Vítimas Feridas";"Plena Noite";"Crescente";"Céu Claro";"Simples";"Reta";"Não";10;0;6;2;2;0;8;3;-24,61024106;-50,44363191;"SPRF-PR";"DEL03-PR";"UOP02-DEL03-PR"
571799;2024-01-01;"segunda-feira";"02:15:00";"GO";80;165;"URUACU";"Ingestão de álcool pelo condutor";"Saída de leito carroçável";"Com Vítimas Feridas";"Plena Noite";"Crescente";"Céu Claro";"Simples";"Reta";"Não";2;0;1;0;1;0;1;1;-14,734193;-49,069936;"SPRF-GO";"DEL07-GO";"UOP02-DEL07-GO"
571800;2024-01-01;"segunda-feira";"05:15:00";"GO";60;165;"GOIANIA";"Velocidade Incompatível";"Saída de leito carroçável";"Sem Vítimas";"Plena Noite";"Decrescente";"Céu Claro";"Dupla";"Reta";"Sim";1;0;0;0;0;1;0;1;-16,70839713;-49,34982061;"SPRF-GO";"DEL01-GO";"UOP02-DEL01-GO"
571801;2024-01-01;"segunda-feira";"04:15:00";"PI";316;3;"TERESINA";"Condutor desrespeitou a iluminação vermelha do semáforo";"Colisão transversal";"Com Vítimas Feridas";"Plena Noite";"Decrescente";"Céu Claro";"Dupla";"Interseção de Vias";"Sim";3;0;1;0;0;2;1;3;-5,12826443;-42,79292384;"SPRF-PI";"DEL01-PI";"UOP02-DEL01-PI"
571802;2024-01-01;"segunda-feira";"05:00:00";"MG";381;4,5;"BETIM";"Velocidade Incompatível";"Colisão com objeto";"Sem Vítimas";"Plena Noite";"Decrescente";"Chuva";"Dupla";"Interseção de Vias";"Sim";2;0;0;0;1;1;0;1;-19,98754573;-44,18280602;"SPRF-MG";"DEL01-MG";"UOP03-DEL01-MG"
571803;2024-01-01;"segunda-feira";"05:40:00";"MG";381;491;"BETIM";"Ingestão de álcool pelo condutor";"Colisão com objeto";"Com Vítimas Feridas";"Amanhecer";"Crescente";"Chuva";"Múltipla";"Reta";"Não";1;0;0;1;0;0;1;1;-19,97018187;-44,18210416;"SPRF-MG";"DEL01-MG";"UOP03-DEL01-MG"
571805;2024-01-01;"segunda-feira";"05:30:00";"RS";386;367,6;"FAZENDA VILANOVA";"Reação tardia ou ineficiente do condutor";"Saída de leito carroçável";"Sem Vítimas";"Amanhecer";"Decrescente";"Céu Claro";"Dupla";"Curva";"Não";1;0;0;0;0;1;0;1;-29,575304;-51,846645;"SPRF-RS";"DEL04-RS";"UOP01-DEL04-RS"