"id";"data_inversa";"dia_semana";"horario";"uf";"br";"km";"municipio";"causa_acidente";"tipo_acidente";"classificacao_acidente";"fase_dia";"sentido_via";"condicao_metereologica";"tipo_pista";"tracado_via";"uso_solo";"pessoas";"mortos";"feridos_leves";"feridos_graves";"ilesos";"ignorados";"feridos";"veiculos";"latitude";"longitude";"regional";"delegacia";"uop"
571808;2024-01-01;"segunda-feira";"05:38:00";"PE";428;173,5;"PETROLINA";"Acessar a via sem observar a presença dos outros veículos";"Colisão transversal";"Com Vítimas Feridas";"Amanhecer";"Crescente";"Céu Claro";"Simples";"Reta";"Não";6;0;2;0;4;0;2;2;-9,24429991;-40,42112617;"SPRF-PE";"DEL06-PE";"UOP01-DEL06-PE"
571809;2024-01-01;"segunda-feira";"06:15:00";"SC";280;10,3;"SAO FRANCISCO DO SUL";"Transitar na contramão";"Colisão frontal";"Com Vítimas Feridas";"Pleno dia";"Crescente";"Chuva";"Simples";"Reta;Rotatória                ";"Sim";4;0;2;0;2;0;2;2;-26,29625399;-48,64238799;"SPRF-SC";"DEL03-SC";"UOP03-DEL03-SC"
571811;2024-01-01;"segunda-feira";"06:30:00";"PE";101;70;"RECIFE";"Ausência de reação do condutor";"Saída de leito carroçável";"Sem Vítimas";"Pleno dia";"Crescente";"Céu Claro";"Simples";"Curva";"Sim";1;0;0;0;0;1;0;1;-8,069596;-34,943065;"SPRF-PE";"DEL01-PE";"UOP01-DEL01-PE"
571812;2024-01-01;"segunda-feira";"04:30:00";"SC";101;116;"ITAJAI";"Ausência de reação do condutor";"Capotamento";"Com Vítimas Feridas";"Amanhecer";"Decrescente";"Chuva";"Dupla";"Reta";"Sim";3;0;1;0;1;1;1;3;-26,87905605;-48,72603512;"SPRF-SC";"DEL04-SC";"UOP04-DEL04-SC"
571813;2024-01-01;"segunda-feira";"06:40:00";"MG";381;3;"BETIM";"Velocidade Incompatível";"Saída de leito carroçável";"Com Vítimas Feridas";"Pleno dia";"Crescente";"Chuva";"Dupla";"Reta";"Sim";2;0;2;0;0;0;2;1;-19,9866352;-44,1720487;"SPRF-MG";"DEL01-MG";"UOP03-DEL01-MG"
571814;2024-01-01;"segunda-feira";"01:20:00";"MG";381;942;"EXTREMA";"Ausência de reação do condutor";"Saída de leito carroçável";"Sem Vítimas";"Plena Noite";"Crescente";"Céu Claro";"Dupla";"Retorno Regulamentado";"Sim";1;0;0;0;0;1;0;1;-22,86605937;-46,34940386;"SPRF-MG";"DEL16-MG";"UOP03-DEL16-MG"
571815;2024-01-01;"segunda-feira";"06:15:00";"SE";235;4;"NOSSA SENHORA DO SOCORRO";"Ausência de reação do condutor";"Queda de ocupante de veículo";"Com Vítimas Feridas";"Pleno dia";"Decrescente";"Sol";"Dupla";"Reta";"Não";1;0;0;1;0;0;1;1;-10,9064;-37,1197;"SPRF-SE";"DEL01-SE";"UOP01-DEL01-SE"
571816;2024-01-01;"segunda-feira";"06:30:00";"RJ";101;491;"ANGRA DOS REIS";"Condutor Dormindo";"Colisão lateral sentido oposto";"Com Vítimas Feridas";"Pleno dia";"Decrescente";"Céu Claro";"Simples";"Curva";"Não";2;0;1;0;1;0;1;2;-22,95442983;-44,32193004;"SPRF-RJ";"DEL03-RJ";"UOP03-DEL03-RJ"
571817;2024-01-01;"segunda-feira";"02:32:00";"PR";116;38,5;"CAMPINA GRANDE DO SUL";"Reação tardia ou ineficiente do condutor";"Saída de leito carroçável";"Sem Vítimas";"Plena Noite";"Crescente";"Garoa/Chuvisco";"Dupla";"Curva";"Não";1;0;0;0;0;1;0;1;-25,14802509;-48,85922071;"SPRF-PR";"DEL01-PR";"UOP02-DEL01-PR"
571819;2024-01-01;"segunda-feira";"06:50:00";"MG";381;447,7;"SANTA LUZIA";"Condutor Dormindo";"Colisão frontal";"Com Vítimas Fatais";"Pleno dia";"Crescente";"Chuva";"Simples";"Curva";"Não";3;1;0;1;0;1;1;3;-19,8239401;-43,8188987;"SPRF-MG";"DEL01-MG";"UOP01-DEL01-MG"
571820;2024-01-01;"segunda-feira";"05:00:00";"PR";376;488,5;"PONTA GROSSA";"Velocidade Incompatível";"Saída de leito carroçável";"Com Vítimas Fatais";"Amanhecer";"Decrescente";"Céu Claro";"Dupla";"Curva";"Sim";1;1;0;0;0;0;0;1;-25,13510082;-50,16497282;"SPRF-PR";"DEL03-PR";"UOP04-DEL03-PR"
571821;2024-01-01;"segunda-feira";"07:00:00";"SC";101;93;"BARRA VELHA";"Reação tardia ou ineficiente do condutor";"Saída de leito carroçável";"Com Vítimas Feridas";"Amanhecer";"Crescente";"Garoa/Chuvisco";"Dupla";"Reta";"Não";1;0;1;0;0;0;1;1;-26,69662179;-48,69887352;"SPRF-SC";"DEL03-SC";"UOP02-DEL03-SC"
571822;2024-01-01;"segunda-feira";"06:30:00";"MS";60;600,5;"JARDIM";"Ausência de reação do condutor";"Saída de leito carroçável";"Com Vítimas Feridas";"Amanhecer";"Crescente";"Céu Claro";"Simples";"Aclive;Reta                   ";"Não";1;0;1;0;0;0;1;1;-21,54117701;-56,1677369;"SPRF-MS";"DEL05-MS";"UOP01-DEL05-MS"
571823;2024-01-01;"segunda-feira";"06:40:00";"GO";60;36;"ALEXANIA";"Condutor Dormindo";"Saída de leito carroçável";"Com Vítimas Feridas";"Pleno dia";"Crescente";"Céu Claro";"Dupla";"Curva";"Não";1;0;0;1;0;0;1;1;-16,1119;-48,5299;"SPRF-DF";"DEL03-DF";"UOP01-DEL03-DF"
571824;2024-01-01;"segunda-feira";"07:20:00";"DF";20;22;"BRASILIA";"Ausência de reação do condutor";"Colisão traseira";"Com Vítimas Feridas";"Pleno dia";"Decrescente";"Céu Claro";"Dupla";"Reta";"Sim";2;0;1;0;1;0;1;2;-15,59834;-47,676186;"SPRF-DF";"DEL02-DF";"UOP01-DEL02-DF"
571825;2024-01-01;"segunda-feira";"07:20:00";"MG";365;20;"UBERLANDIA";"Velocidade Incompatível";"Saída de leito carroçável";"Com Vítimas Feridas";"Pleno dia";"Crescente";"Chuva";"Dupla";"Viaduto";"Sim";1;0;0;1;0;0;1;1;-18,93190015;-48,19744527;"SPRF-MG";"DEL12-MG";"UOP01-DEL12-MG"
571826;2024-01-01;"segunda-feira";"08:00:00";"PR";376;617;"SAO JOSE DOS PINHAIS";"Ausência de reação do condutor";"Colisão traseira";"Com Vítimas Feridas";"Pleno dia";"Decrescente";"Céu Claro";"Dupla";"Reta";"Sim";3;0;0;2;0;1;2;2;-25,58426494;-49,17618795;"SPRF-PR";"DEL01-PR";"UOP04-DEL01-PR"
571827;2024-01-01;"segunda-feira";"07:50:00";"RJ";356;168;"CAMPOS DOS GOYTACAZES";"Condutor Dormindo";"Colisão frontal";"Com Vítimas Feridas";"Pleno dia";"Decrescente";"Nublado";"Simples";"Reta";"Não";3;0;2;0;1;0;2;2;-21,715032;-41,130438;"SPRF-RJ";"DEL08-RJ";"UOP02-DEL08-RJ"
571828;2024-01-01;"segunda-feira";"06:20:00";"PR";373;273;"PRUDENTOPOLIS";"Ingestão de álcool pelo condutor";"Saída de leito carroçável";"Com Vítimas Feridas";"Pleno dia";"Crescente";"Céu Claro";"Simples";"Reta";"Não";2;0;2;0;0;0;2;1;-25,24741013;-51,05082693;"SPRF-PR";"DEL08-PR";"UOP01-DEL08-PR"
571829;2024-01-01;"segunda-feira";"07:20:00";"MG";262;378;"JUATUBA";"Chuva";"Saída de leito carroçável";"Com Vítimas Feridas";"Pleno dia";"Decrescente";"Chuva";"Dupla";"Curva";"Não";2;0;1;0;1;0;1;1;-19,95652262;-44,3648278;"SPRF-MG";"DEL01-MG";"UOP03-DEL01-MG"
571830;2024-01-01;"segunda-feira";"08:15:00";"PB";101;95;"CONDE";"Pista Escorregadia";"Capotamento";"Sem Vítimas";"Pleno dia";"Crescente";"Chuva";"Dupla";"Reta";"Não";1;0;0;0;1;0;0;1;-7,22379403;-34,91488195;"SPRF-PB";"DEL01-PB";"UOP02-DEL01-PB"
571831;2024-01-01;"segunda-feira";"05:40:00";"MG";40;219,8;"JOAO PINHEIRO";"Demais falhas mecânicas ou elétricas";"Colisão com objeto";"Com Vítimas Feridas";"Amanhecer";"Decrescente";"Nublado";"Simples";"Reta";"Não";5;0;1;4;0;0;5;1;-17,96104772;-45,65928593;"SPRF-MG";"DEL14-MG";"UOP02-DEL14-MG"
571832;2024-01-01;"segunda-feira";"08:40:00";"SC";101;186,1;"BIGUACU";"Velocidade Incompatível";"Colisão com objeto";"Com Vítimas Feridas";"Pleno dia";"Crescente";"Garoa/Chuvisco";"Dupla";"Curva";"Não";4;0;4;0;0;0;4;1;-27,4341098;-48,62567129;"SPRF-SC";"DEL01-SC";"UOP01-DEL01-SC"
571834;2024-01-01;"segunda-feira";"08:30:00";"TO";153;145;"ARAGUAINA";"Acessar a via sem observar a presença dos outros veículos";"Colisão transversal";"Com Vítimas Feridas";"Pleno dia";"Decrescente";"Céu Claro";"Múltipla";"Reta";"Sim";2;0;1;0;1;0;1;2;-7,20503614;-48,24035166;"SPRF-TO";"DEL02-TO";"UOP01-DEL02-TO"
571835;2024-01-01;"segunda-feira";"07:15:00";"PR";277;63;"SAO JOSE DOS PINHAIS";"Velocidade Incompatível";"Saída de leito carroçável";"Sem Vítimas";"Pleno dia";"Crescente";"Céu Claro";"Dupla";"Reta";"Não";2;0;0;0;0;2;0;1;-25,56100984;-49,01719293;"SPRF-PR";"DEL01-PR";"UOP01-DEL01-PR"
571836;2024-01-01;"segunda-feira";"02:15:00";"SC";116;66,3;"PAPANDUVA";"Transitar na contramão";"Colisão frontal";"Com Vítimas Feridas";"Plena Noite";"Crescente";"Nublado";"Simples";"Reta;Declive                  ";"Não";2;0;0;1;0;1;1;2;-26,43345701;-50,22890485;"SPRF-SC";"DEL06-SC";"UOP02-DEL06-SC"
571837;2024-01-01;"segunda-feira";"09:05:00";"SC";101;190,8;"BIGUACU";"Velocidade Incompatível";"Saída de leito carroçável";"Com Vítimas Feridas";"Pleno dia";"Decrescente";"Garoa/Chuvisco";"Múltipla";"Curva";"Não";5;0;4;0;0;1;4;2;-27,468056;-48,641712;"SPRF-SC";"DEL01-SC";"UOP01-DEL01-SC"
571839;2024-01-01;"segunda-feira";"09:15:00";"MG";381;521;"BRUMADINHO";"Velocidade Incompatível";"Saída de leito carroçável";"Com Vítimas Feridas";"Pleno dia";"Crescente";"Chuva";"Dupla";"Declive;Curva                 ";"Não";1;0;1;0;0;0;1;1;-20,13846621;-44,31715274;"SPRF-MG";"DEL04-MG";"UOP03-DEL04-MG"
571841;2024-01-01;"segunda-feira";"08:50:00";"CE";304;50,7;"ARACATI";"Chuva";"Saída de leito carroçável";"Com Vítimas Feridas";"Pleno dia";"Decrescente";"Garoa/Chuvisco";"Simples";"Reta";"Não";1;0;1;0;0;0;1;1;-4,57352926;-37,76245988;"SPRF-CE";"DEL03-CE";"UOP03-DEL03-CE"
571842;2024-01-01;"segunda-feira";"05:20:00";"TO";153;789;"TALISMA";"Reação tardia ou ineficiente do condutor";"Saída de leito carroçável";"Com Vítimas Feridas";"Amanhecer";"Decrescente";"Céu Claro";"Simples";"Reta";"Não";5;0;1;0;4;0;1;1;-12,71914102;-49,07691189;"SPRF-TO";"DEL01-TO";"UOP02-DEL01-TO"
571843;2024-01-01;"segunda-feira";"07:50:00";"MG";381;653,7;"SANTO ANTONIO DO AMPARO";"Condutor Dormindo";"Saída de leito carroçável";"Com Vítimas Feridas";"Pleno dia";"Decrescente";"Nublado";"Dupla";"Reta";"Não";2;0;1;0;1;0;1;1;-20,98800417;-44,95317291;"SPRF-MG";"DEL04-MG";"UOP02-DEL04-MG"
571844;2024-01-01;"segunda-feira";"09:30:00";"PB";230;17;"JOAO PESSOA";"Manobra de mudança de faixa";"Colisão com objeto";"Sem Vítimas";"Pleno dia";"Decrescente";"Garoa/Chuvisco";"Dupla";"Reta";"Sim";1;0;0;0;1;0;0;1;-7,1121;-34,8426;"SPRF-PB";"DEL01-PB";"UOP01-DEL01-PB"
571846;2024-01-01;"segunda-feira";"10:00:00";"PB";101;29,2;"RIO TINTO";"Velocidade Incompatível";"Colisão com objeto";"Sem Vítimas";"Pleno dia";"Crescente";"Chuva";"Dupla";"Declive;Curva                 ";"Não";1;0;0;0;1;0;0;1;-6,74032319;-35,13146581;"SPRF-PB";"DEL01-PB";"UOP04-DEL01-PB"
571848;2024-01-01;"segunda-feira";"09:40:00";"PE";110;105,7;"SERTANIA";"Demais falhas mecânicas ou elétricas";"Saída de leito carroçável";"Sem Vítimas";"Plena Noite";"Crescente";"Ignorado";"Simples";"Curva";"Não";1;0;0;0;0;1;0;1;-8,39951118;-37,35666188;"SPRF-PE";"DEL04-PE";"UOP02-DEL04-PE"
571849;2024-01-01;"segunda-feira";"11:10:00";"PR";369;184,3;"ARAPONGAS";"Condutor deixou de manter distância do veículo da frente";"Colisão traseira";"Com Vítimas Feridas";"Pleno dia";"Decrescente";"Céu Claro";"Simples";"Reta";"Sim";2;0;1;0;1;0;1;2;-23,40185905;-51,42765641;"SPRF-PR";"DEL07-PR";"UOP03-DEL07-PR"
571850;2024-01-01;"segunda-feira";"09:30:00";"SC";280;207;"MAFRA";"Reação tardia ou ineficiente do condutor";"Colisão com objeto";"Sem Vítimas";"Pleno dia";"Crescente";"Céu Claro";"Simples";"Curva";"Não";1;0;0;0;1;0;0;1;-26,16432499;-50,14053801;"SPRF-SC";"DEL06-SC";"UOP01-DEL06-SC"
571851;2024-01-01;"segunda-feira";"11:00:00";"PE";101;58;"RECIFE";"Acesso irregular";"Colisão transversal";"Com Vítimas Feridas";"Pleno dia";"Crescente";"Nublado";"Dupla";"Reta";"Sim";3;0;2;0;1;0;2;2;-7,97063209;-34,92064675;"SPRF-PE";"DEL01-PE";"UOP02-DEL01-PE"
571852;2024-01-01;"segunda-feira";"09:50:00";"RJ";101;482;"ANGRA DOS REIS";"Reação tardia ou ineficiente do condutor";"Colisão traseira";"Com Vítimas Feridas";"Pleno dia";"Decrescente";"Nublado";"Simples";"Reta";"Sim";3;0;1;0;1;1;1;2;-23,00453;-44,29746;"SPRF-RJ";"DEL03-RJ";"UOP03-DEL03-RJ"
571853;2024-01-01;"segunda-feira";"11:45:00";"MG";381;337;"NOVA ERA";"Ausência de reação do condutor";"Colisão frontal";"Com Vítimas Feridas";"Pleno dia";"Decrescente";"Chuva";"Simples";"Reta;Declive                  ";"Não";3;0;0;2;1;0;2;2;-19,82388218;-43,08235792;"SPRF-MG";"DEL03-MG";"UOP01-DEL03-MG"
571854;2024-01-01;"segunda-feira";"11:20:00";"PB";101;88;"JOAO PESSOA";"Animais na Pista";"Colisão com objeto";"Sem Vítimas";"Pleno dia";"Crescente";"Garoa/Chuvisco";"Dupla";"Reta";"Sim";2;0;0;0;2;0;0;1;-7,16470016;-34,89993643;"SPRF-PB";"DEL01-PB";"UOP01-DEL01-PB"
571857;2024-01-01;"segunda-feira";"10:20:00";"AL";316;211;"MARIBONDO";"Condutor Dormindo";"Colisão com objeto";"Com Vítimas Fatais";"Pleno dia";"Decrescente";"Nublado";"Simples";"Reta";"Não";2;1;0;1;0;0;1;1;-9,536453;-36,2434;"SPRF-AL";"DEL01-AL";"UOP01-DEL01-AL"
571858;2024-01-01;"segunda-feira";"10:55:00";"SC";101;113;"ITAJAI";"Condutor deixou de manter distância do veículo da frente";"Colisão traseira";"Com Vítimas Feridas";"Pleno dia";"Decrescente";"Céu Claro";"Múltipla";"Reta";"Não";3;0;1;0;2;0;1;2;-26,85311393;-48,72689927;"SPRF-SC";"DEL04-SC";"UOP04-DEL04-SC"
571860;2024-01-01;"segunda-feira";"12:15:00";"SC";101;199,1;"SAO JOSE";"Velocidade Incompatível";"Colisão traseira";"Com Vítimas Feridas";"Pleno dia";"Decrescente";"Garoa/Chuvisco";"Múltipla";"Reta";"Sim";2;0;1;0;1;0;1;2;-27,53413705;-48,63003205;"SPRF-SC";"DEL01-SC";"UOP01-DEL01-SC"
571861;2024-01-01;"segunda-feira";"11:44:00";"MG";381;315;"NOVA ERA";"Pista Escorregadia";"Colisão frontal";"Com Vítimas Feridas";"Pleno dia";"Crescente";"Chuva";"Simples";"Curva";"Não";5;0;3;2;0;0;5;2;-19,69154909;-42,99258988;"SPRF-MG";"DEL03-MG";"UOP02-DEL03-MG"
571862;2024-01-01;"segunda-feira";"12:00:00";"MG";40;739;"SANTOS DUMONT";"Avarias e/ou desgaste excessivo no pneu";"Colisão frontal";"Com Vítimas Feridas";"Pleno dia";"Decrescente";"Chuva";"Simples";"Curva";"Não";5;0;5;0;0;0;5;2;-21,394039;-43,56680295;"SPRF-MG";"DEL05-MG";"UOP01-DEL05-MG"
571863;2024-01-01;"segunda-feira";"12:15:00";"SC";101;199,1;"BIGUACU";"Ausência de reação do condutor";"Colisão traseira";"Com Vítimas Feridas";"Pleno dia";"Decrescente";"Garoa/Chuvisco";"Múltipla";"Reta";"Sim";8;0;2;0;6;0;2;2;-27,53413705;-48,63003205;"SPRF-SC";"DEL01-SC";"UOP01-DEL01-SC"
571864;2024-01-01;"segunda-feira";"07:00:00";"MT";364;270;"JACIARA";"Reação tardia ou ineficiente do condutor";"Saída de leito carroçável";"Sem Vítimas";"Pleno dia";"Crescente";"Garoa/Chuvisco";"Dupla";"Reta";"Sim";1;0;0;0;0;1;0;1;-15,9689785;-54,94463002;"SPRF-MT";"DEL05-MT";"UOP02-DEL05-MT"
571865;2024-01-01;"segunda-feira";"11:00:00";"MG";40;299,9;"TRES MARIAS";"Velocidade Incompatível";"Saída de leito carroçável";"Com Vítimas Feridas";"Pleno dia";"Decrescente";"Garoa/Chuvisco";"Simples";"Aclive;Curva                  ";"Não";3;0;3;0;0;0;3;1;-18,35165087;-45,09296721;"SPRF-MG";"DEL14-MG";"UOP02-DEL14-MG"
571866;2024-01-01;"segunda-feira";"12:00:00";"MG";40;284,2;"TRES MARIAS";"Conversão proibida";"Colisão transversal";"Com Vítimas Feridas";"Pleno dia";"Decrescente";"Nublado";"Simples";"Reta";"Sim";7;0;4;0;3;0;4;2;-18,24992024;-45,18395297;"SPRF-MG";"DEL14-MG";"UOP02-DEL14-MG"
571867;2024-01-01;"segunda-feira";"12:20:00";"SP";116;161;"JACAREI";"Ausência de reação do condutor";"Colisão com objeto";"Com Vítimas Feridas";"Pleno dia";"Decrescente";"Céu Claro";"Múltipla";"Reta";"Não";2;0;1;1;0;0;2;1;-23,27617003;-45,97592098;"SPRF-SP";"DEL02-SP";"UOP01-DEL02-SP"
571868;2024-01-01;"segunda-feira";"12:40:00";"MG";365;92,3;"JEQUITAI";"Velocidade Incompatível";"Saída de leito carroçável";"Com Vítimas Feridas";"Pleno dia";"Crescente";"Chuva";"Simples";"Curva";"Não";5;0;3;0;2;0;3;1;-17,206359;-44,441334;"SPRF-MG";"DEL12-MG";"UOP01-DEL12-MG"
571869;2024-01-01;"segunda-feira";"12:40:00";"GO";60;245,1;"INDIARA";"Manobra de mudança de faixa";"Saída de leito carroçável";"Com Vítimas Feridas";"Pleno dia";"Decrescente";"Céu Claro";"Dupla";"Curva";"Não";1;0;1;0;0;0;1;1;-17,10683612;-49,93095696;"SPRF-GO";"DEL01-GO";"UOP02-DEL01-GO"
571870;2024-01-01;"segunda-feira";"13:10:00";"MG";40;741,3;"SANTOS DUMONT";"Reação tardia ou ineficiente do condutor";"Capotamento";"Com Vítimas Feridas";"Pleno dia";"Decrescente";"Chuva";"Simples";"Curva;Declive                 ";"Não";2;0;1;0;1;0;1;1;-21,40505399;-43,56732403;"SPRF-MG";"DEL05-MG";"UOP01-DEL05-MG"
571871;2024-01-01;"segunda-feira";"13:00:00";"SP";116;90,6;"PINDAMONHANGABA";"Pedestre cruzava a pista fora da faixa";"Atropelamento de Pedestre";"Com Vítimas Fatais";"Pleno dia";"Crescente";"Céu Claro";"Dupla";"Reta";"Não";2;1;0;0;1;0;0;2;-22,94361839;-45,3873088;"SPRF-SP";"DEL08-SP";"UOP01-DEL08-SP"
571872;2024-01-01;"segunda-feira";"11:45:00";"AP";210;104;"PORTO GRANDE";"Acesso irregular";"Colisão transversal";"Com Vítimas Feridas";"Pleno dia";"Crescente";"Céu Claro";"Simples";"Reta";"Sim";2;0;0;1;1;0;1;2;0,6985633;-51,39692189;"SPRF-AP";"DEL01-AP";"UOP01-DEL01-AP"
571873;2024-01-01;"segunda-feira";"13:20:00";"SP";116;273;"EMBU DAS ARTES";"Velocidade Incompatível";"Colisão lateral mesmo sentido";"Com Vítimas Feridas";"Pleno dia";"Crescente";"Sol";"Dupla";"Reta";"Não";2;0;1;0;1;0;1;2;-23,62809795;-46,81870306;"SPRF-SP";"DEL04-SP";"UOP01-DEL04-SP"
571874;2024-01-01;"segunda-feira";"12:04:00";"MG";381;650;"SANTO ANTONIO DO AMPARO";"Reação tardia ou ineficiente do condutor";"Colisão com objeto";"Com Vítimas Feridas";"Pleno dia";"Crescente";"Garoa/Chuvisco";"Dupla";"Curva";"Sim";2;0;1;0;1;0;1;1;-20,9711341;-44,93201068;"SPRF-MG";"DEL04-MG";"UOP02-DEL04-MG"
571875;2024-01-01;"segunda-feira";"09:40:00";"SC";282;68;"RANCHO QUEIMADO";"Reação tardia ou ineficiente do condutor";"Saída de leito carroçável";"Sem Vítimas";"Pleno dia";"Crescente";"Chuva";"Simples";"Curva;Declive                 ";"Não";1;0;0;0;1;0;0;1;-27,692406;-49,075939;"SPRF-SC";"DEL01-SC";"UOP03-DEL01-SC"
571876;2024-01-01;"segunda-feira";"12:00:00";"MT";163;533;"DIAMANTINO";"Pista Escorregadia";"Saída de leito carroçável";"Com Vítimas Feridas";"Pleno dia";"Decrescente";"Chuva";"Simples";"Curva";"Não";1;0;1;0;0;0;1;1;-14,35486956;-56,15112305;"SPRF-MT";"DEL01-MT";"UOP01-DEL01-MT"
571877;2024-01-01;"segunda-feira";"11:15:00";"SC";101;144;"ITAPEMA";"Reação tardia ou ineficiente do condutor";"Tombamento";"Com Vítimas Feridas";"Pleno dia";"Decrescente";"Sol";"Dupla";"Reta";"Sim";1;0;0;1;0;0;1;1;-27,0732659;-48,59672716;"SPRF-SC";"DEL04-SC";"UOP03-DEL04-SC"
571878;2024-01-01;"segunda-feira";"12:50:00";"ES";393;1,4;"CACHOEIRO DE ITAPEMIRIM";"Ausência de reação do condutor";"Saída de leito carroçável";"Com Vítimas Feridas";"Pleno dia";"Crescente";"Chuva";"Simples";"Reta;Declive                  ";"Sim";2;0;1;0;1;0;1;1;-20,83723289;-41,16733095;"SPRF-ES";"DEL03-ES";"UOP02-DEL03-ES"
571879;2024-01-01;"segunda-feira";"12:00:00";"SC";101;156;"PORTO BELO";"Condutor deixou de manter distância do veículo da frente";"Colisão traseira";"Com Vítimas Feridas";"Pleno dia";"Crescente";"Nublado";"Dupla";"Reta";"Sim";3;0;1;0;2;0;1;3;-27,172272;-48,61170204;"SPRF-SC";"DEL04-SC";"UOP03-DEL04-SC"
571880;2024-01-01;"segunda-feira";"09:30:00";"MT";163;1032;"PEIXOTO DE AZEVEDO";"Ausência de reação do condutor";"Saída de leito carroçável";"Com Vítimas Feridas";"Pleno dia";"Decrescente";"Céu Claro";"Simples";"Reta";"Não";1;0;1;0;0;0;1;1;-10,3429349;-55,04102846;"SPRF-MT";"DEL06-MT";"UOP03-DEL06-MT"
571882;2024-01-01;"segunda-feira";"12:50:00";"MG";381;453,8;"SABARA";"Ausência de reação do condutor";"Colisão traseira";"Com Vítimas Feridas";"Pleno dia";"Crescente";"Nublado";"Simples";"Reta";"Sim";4;0;1;0;2;1;1;3;-19,84161029;-43,86768401;"SPRF-MG";"DEL01-MG";"UOP01-DEL01-MG"
571883;2024-01-01;"segunda-feira";"14:05:00";"RS";101;87;"OSORIO";"Reação tardia ou ineficiente do condutor";"Colisão traseira";"Sem Vítimas";"Pleno dia";"Crescente";"Céu Claro";"Dupla";"Viaduto";"Sim";2;0;0;0;2;0;0;2;-29,88149021;-50,26433789;"SPRF-RS";"DEL03-RS";"UOP01-DEL03-RS"
571884;2024-01-01;"segunda-feira";"13:29:00";"PB";230;38;"SANTA RITA";"Ingestão de álcool pelo condutor";"Colisão lateral mesmo sentido";"Com Vítimas Feridas";"Pleno dia";"Crescente";"Nublado";"Dupla";"Reta";"Sim";3;0;1;0;2;0;1;2;-7,1341;-34,962;"SPRF-PB";"DEL01-PB";"UOP03-DEL01-PB"
571885;2024-01-01;"segunda-feira";"13:40:00";"SP";101;36;"UBATUBA";"Ultrapassagem Indevida";"Colisão transversal";"Com Vítimas Feridas";"Pleno dia";"Crescente";"Céu Claro";"Simples";"Interseção de Vias";"Não";2;0;0;1;1;0;1;2;-23,3955445;-45,01482189;"SPRF-SP";"DEL06-SP";"UOP01-DEL06-SP"
571886;2024-01-01;"segunda-feira";"14:44:00";"RN";101;137,5;"SAO JOSE DE MIPIBU";"Acumulo de água sobre o pavimento";"Colisão lateral mesmo sentido";"Com Vítimas Feridas";"Pleno dia";"Decrescente";"Chuva";"Dupla";"Declive";"Não";3;0;1;0;2;0;1;2;-6,18022401;-35,21699006;"SPRF-RN";"DEL01-RN";"UOP01-DEL01-RN"
571887;2024-01-01;"segunda-feira";"14:50:00";"RN";406;157;"CEARA-MIRIM";"Demais falhas mecânicas ou elétricas";"Queda de ocupante de veículo";"Com Vítimas Feridas";"Pleno dia";"Crescente";"Chuva";"Simples";"Reta";"Não";2;0;2;0;0;0;2;1;-5,69226503;-35,38879603;"SPRF-RN";"DEL02-RN";"UOP01-DEL02-RN"
571888;2024-01-01;"segunda-feira";"10:00:00";"SC";282;48;"AGUAS MORNAS";"Acumulo de água sobre o pavimento";"Colisão com objeto";"Com Vítimas Feridas";"Pleno dia";"Crescente";"Chuva";"Simples";"Curva";"Não";1;0;1;0;0;0;1;1;-27,714352;-48,938072;"SPRF-SC";"DEL01-SC";"UOP03-DEL01-SC"
571889;2024-01-01;"segunda-feira";"13:00:00";"ES";262;34;"DOMINGOS MARTINS";"Velocidade Incompatível";"Saída de leito carroçável";"Com Vítimas Feridas";"Pleno dia";"Decrescente";"Chuva";"Simples";"Aclive;Curva                  ";"Não";3;0;3;0;0;0;3;1;-20,37320447;-40,59305646;"SPRF-ES";"DEL01-ES";"UOP01-DEL01-ES"
571890;2024-01-01;"segunda-feira";"14:10:00";"MG";381;748,4;"TRES CORACOES";"Velocidade Incompatível";"Colisão traseira";"Com Vítimas Feridas";"Pleno dia";"Crescente";"Nublado";"Dupla";"Curva";"Não";3;0;1;0;2;0;1;2;-21,626232;-45,26902;"SPRF-MG";"DEL16-MG";"UOP02-DEL16-MG"
571891;2024-01-01;"segunda-feira";"14:15:00";"ES";262;34;"DOMINGOS MARTINS";"Chuva";"Saída de leito carroçável";"Com Vítimas Feridas";"Pleno dia";"Decrescente";"Chuva";"Simples";"Curva";"Não";2;0;1;0;1;0;1;1;-20,37309781;-40,5917608;"SPRF-ES";"DEL01-ES";"UOP01-DEL01-ES"
571892;2024-01-01;"segunda-feira";"15:00:00";"MG";262;378;"JUATUBA";"Velocidade Incompatível";"Saída de leito carroçável";"Com Vítimas Feridas";"Pleno dia";"Decrescente";"Chuva";"Dupla";"Declive;Curva                 ";"Não";3;0;0;1;2;0;1;1;-19,95652262;-44,3648278;"SPRF-MG";"DEL01-MG";"UOP03-DEL01-MG"
571893;2024-01-01;"segunda-feira";"14:45:00";"MG";40;546,2;"NOVA LIMA";"Reação tardia ou ineficiente do condutor";"Saída de leito carroçável";"Com Vítimas Fatais";"Pleno dia";"Crescente";"Nublado";"Dupla";"Aclive;Curva                  ";"Não";2;1;0;1;0;0;1;1;-20,01944087;-43,97193074;"SPRF-MG";"DEL01-MG";"UOP02-DEL01-MG"
571894;2024-01-01;"segunda-feira";"12:30:00";"GO";153;642;"MORRINHOS";"Acumulo de água sobre o pavimento";"Saída de leito carroçável";"Com Vítimas Feridas";"Pleno dia";"Decrescente";"Chuva";"Dupla";"Reta";"Não";4;0;4;0;0;0;4;1;-17,8972;-49,2348;"SPRF-GO";"DEL03-GO";"UOP01-DEL03-GO"