"id";"data_inversa";"dia_semana";"horario";"uf";"br";"km";"municipio";"causa_acidente";"tipo_acidente";"classificacao_acidente";"fase_dia";"sentido_via";"condicao_metereologica";"tipo_pista";"tracado_via";"uso_solo";"pessoas";"mortos";"feridos_leves";"feridos_graves";"ilesos";"ignorados";"feridos";"veiculos";"latitude";"longitude";"regional";"delegacia";"uop"
572296;2024-01-03;"quarta-feira";"04:55:00";"MG";381;590,9;"CARMOPOLIS DE MINAS";"Ausência de reação do condutor";"Colisão traseira";"Com Vítimas Feridas";"Amanhecer";"Decrescente";"Chuva";"Dupla";"Curva";"Não";5;0;4;0;1;0;4;2;-20,547;-44,65797;"SPRF-MG";"DEL04-MG";"UOP01-DEL04-MG"
572297;2024-01-03;"quarta-feira";"06:37:00";"SP";153;64,5;"SAO JOSE DO RIO PRETO";"Reação tardia ou ineficiente do condutor";"Colisão traseira";"Com Vítimas Feridas";"Pleno dia";"Crescente";"Nublado";"Dupla";"Aclive;Reta                   ";"Sim";3;0;1;0;2;0;1;2;-20,833297;-49,363817;"SPRF-SP";"DEL09-SP";"UOP01-DEL09-SP"
572299;2024-01-03;"quarta-feira";"06:10:00";"SC";280;33;"ARAQUARI";"Desrespeitar a preferência no cruzamento";"Colisão transversal";"Com Vítimas Feridas";"Pleno dia";"Crescente";"Garoa/Chuvisco";"Simples";"Reta";"Não";3;0;3;0;0;0;3;2;-26,42576441;-48,78741376;"SPRF-SC";"DEL03-SC";"UOP03-DEL03-SC"
572300;2024-01-02;"terça-feira";"21:00:00";"PR";376;643;"TIJUCAS DO SUL";"Condutor deixou de manter distância do veículo da frente";"Engavetamento";"Sem Vítimas";"Plena Noite";"Decrescente";"Céu Claro";"Dupla";"Reta;Declive                  ";"Não";5;0;0;0;5;0;0;3;-25,805819;-49,13522705;"SPRF-PR";"DEL01-PR";"UOP04-DEL01-PR"
572301;2024-01-03;"quarta-feira";"00:30:00";"PE";232;79;"GRAVATA";"Animais na Pista";"Atropelamento de Animal";"Com Vítimas Feridas";"Plena Noite";"Decrescente";"Céu Claro";"Dupla";"Reta";"Sim";1;0;1;0;0;0;1;1;-8,19460572;-35,56074803;"SPRF-PE";"DEL02-PE";"UOP02-DEL02PE"
572303;2024-01-02;"terça-feira";"16:15:00";"BA";110;359;"CATU";"Conversão proibida";"Colisão lateral mesmo sentido";"Com Vítimas Feridas";"Pleno dia";"Crescente";"Céu Claro";"Simples";"Reta";"Sim";5;0;2;0;3;0;2;2;-12,35866502;-38,39208618;"SPRF-BA";"DEL01-BA";"UOP04-DEL01-BA"
572304;2024-01-03;"quarta-feira";"07:00:00";"MG";381;717,4;"CARMO DA CACHOEIRA";"Velocidade Incompatível";"Colisão com objeto";"Com Vítimas Feridas";"Pleno dia";"Decrescente";"Nublado";"Dupla";"Curva;Declive                 ";"Não";2;0;0;1;1;0;1;1;-21,43704005;-45,20756491;"SPRF-MG";"DEL04-MG";"UOP02-DEL04-MG"
572306;2024-01-03;"quarta-feira";"07:15:00";"SP";116;60,5;"GUARATINGUETA";"Avarias e/ou desgaste excessivo no pneu";"Tombamento";"Com Vítimas Feridas";"Pleno dia";"Crescente";"Céu Claro";"Dupla";"Interseção de Vias";"Sim";1;0;1;0;0;0;1;1;-22,79106843;-45,16105167;"SPRF-SP";"DEL08-SP";"UOP01-DEL08-SP"
572307;2024-01-02;"terça-feira";"19:00:00";"RJ";116;230;"PIRAI";"Ausência de reação do condutor";"Colisão com objeto";"Com Vítimas Feridas";"Plena Noite";"Decrescente";"Céu Claro";"Simples";"Curva";"Não";1;0;1;0;0;0;1;1;-22,65208783;-43,82143902;"SPRF-RJ";"DEL07-RJ";"UOP01-DEL07-RJ"
572308;2024-01-03;"quarta-feira";"07:10:00";"MG";381;531,1;"BRUMADINHO";"Chuva";"Saída de leito carroçável";"Com Vítimas Feridas";"Pleno dia";"Crescente";"Chuva";"Dupla";"Curva";"Não";1;0;1;0;0;0;1;1;-20,18182886;-44,37895835;"SPRF-MG";"DEL04-MG";"UOP03-DEL04-MG"
572313;2024-01-03;"quarta-feira";"07:30:00";"PR";369;138,7;"IBIPORA";"Desrespeitar a preferência no cruzamento";"Saída de leito carroçável";"Com Vítimas Feridas";"Pleno dia";"Crescente";"Sol";"Dupla";"Retorno Regulamentado;Interseç";"Sim";3;0;2;0;1;0;2;3;-23,273563;-51,056163;"SPRF-PR";"DEL07-PR";"UOP01-DEL07-PR"
572315;2024-01-03;"quarta-feira";"07:30:00";"SC";101;144;"ITAPEMA";"Trafegar com motocicleta (ou similar) entre as faixas";"Colisão lateral mesmo sentido";"Com Vítimas Feridas";"Pleno dia";"Decrescente";"Chuva";"Dupla";"Reta";"Não";2;0;1;0;1;0;1;2;-27,0732659;-48,59672716;"SPRF-SC";"DEL04-SC";"UOP03-DEL04-SC"
572316;2024-01-03;"quarta-feira";"08:00:00";"GO";153;497;"GOIANIA";"Condutor deixou de manter distância do veículo da frente";"Colisão traseira";"Com Vítimas Feridas";"Pleno dia";"Crescente";"Nublado";"Dupla";"Reta";"Sim";2;0;1;0;1;0;1;2;-16,6854;-49,2338;"SPRF-GO";"DEL01-GO";"UOP01-DEL01-GO"
572318;2024-01-03;"quarta-feira";"05:26:00";"TO";153;383;"RIO DOS BOIS";"Restrição de visibilidade em curvas verticais";"Colisão frontal";"Com Vítimas Feridas";"Amanhecer";"Crescente";"Nevoeiro/Neblina";"Simples";"Aclive;Reta                   ";"Não";7;0;1;5;1;0;6;2;-9,26983115;-48,54848155;"SPRF-TO";"DEL02-TO";"UOP02-DEL02-TO"
572319;2024-01-03;"quarta-feira";"06:50:00";"RS";285;175,7;"MUITOS CAPOES";"Ausência de reação do condutor";"Colisão frontal";"Com Vítimas Fatais";"Pleno dia";"Decrescente";"Céu Claro";"Simples";"Aclive;Curva                  ";"Não";8;1;5;2;0;0;7;2;-28,312099;-51,360966;"SPRF-RS";"DEL08-RS";"UOP05-DEL08-RS"
572321;2024-01-03;"quarta-feira";"06:50:00";"RJ";393;248;"VASSOURAS";"Condutor Dormindo";"Saída de leito carroçável";"Sem Vítimas";"Pleno dia";"Crescente";"Céu Claro";"Simples";"Curva";"Não";1;0;0;0;1;0;0;1;-22,43017988;-43,74389791;"SPRF-RJ";"DEL05-RJ";"UOP04-DEL05-RJ"
572322;2024-01-03;"quarta-feira";"08:45:00";"RS";386;350,1;"ESTRELA";"Demais falhas mecânicas ou elétricas";"Tombamento";"Com Vítimas Feridas";"Pleno dia";"Crescente";"Nublado";"Dupla";"Ponte;Reta                    ";"Não";1;0;0;1;0;0;1;1;-29,4743;-51,952923;"SPRF-RS";"DEL04-RS";"UOP01-DEL04-RS"
572323;2024-01-03;"quarta-feira";"01:30:00";"BA";101;588;"CAMACAN";"Reação tardia ou ineficiente do condutor";"Colisão frontal";"Com Vítimas Fatais";"Plena Noite";"Crescente";"Nublado";"Simples";"Reta";"Não";5;1;0;3;1;0;3;2;-15,57185184;-39,40626224;"SPRF-BA";"DEL05-BA";"UOP02-DEL05-BA"
572324;2024-01-03;"quarta-feira";"08:00:00";"MG";381;728,2;"CARMO DA CACHOEIRA";"Velocidade Incompatível";"Saída de leito carroçável";"Com Vítimas Feridas";"Pleno dia";"Crescente";"Chuva";"Dupla";"Curva";"Não";3;0;2;0;1;0;2;1;-21,52361199;-45,22481701;"SPRF-MG";"DEL04-MG";"UOP02-DEL04-MG"
572326;2024-01-03;"quarta-feira";"09:10:00";"PR";277;65;"SAO JOSE DOS PINHAIS";"Condutor deixou de manter distância do veículo da frente";"Colisão traseira";"Com Vítimas Feridas";"Pleno dia";"Decrescente";"Céu Claro";"Dupla";"Reta";"Não";5;0;3;0;2;0;3;3;-25,533472;-49,079131;"SPRF-PR";"DEL01-PR";"UOP01-DEL01-PR"
572327;2024-01-03;"quarta-feira";"09:00:00";"PE";101;77;"RECIFE";"Pedestre cruzava a pista fora da faixa";"Atropelamento de Pedestre";"Com Vítimas Feridas";"Pleno dia";"Crescente";"Céu Claro";"Dupla";"Reta";"Não";2;0;1;0;0;1;1;2;-8,126982;-34,94386;"SPRF-PE";"DEL01-PE";"UOP01-DEL01-PE"
572331;2024-01-03;"quarta-feira";"10:00:00";"PI";343;3;"TERESINA";"Condutor deixou de manter distância do veículo da frente";"Colisão traseira";"Com Vítimas Feridas";"Pleno dia";"Crescente";"Nublado";"Dupla";"Reta";"Sim";4;0;4;0;0;0;4;2;-5,08124075;-42,77798295;"SPRF-PI";"DEL01-PI";"UOP01-DEL01-PI"
572332;2024-01-03;"quarta-feira";"07:00:00";"MG";365;300;"JOAO PINHEIRO";"Chuva";"Saída de leito carroçável";"Com Vítimas Feridas";"Pleno dia";"Crescente";"Chuva";"Simples";"Reta";"Não";1;0;1;0;0;0;1;1;-18,13586013;-45,74174881;"SPRF-MG";"DEL10-MG";"UOP02-DEL010-MG"
572333;2024-01-03;"quarta-feira";"10:00:00";"PR";376;402,5;"IMBAU";"Condutor deixou de manter distância do veículo da frente";"Queda de ocupante de veículo";"Com Vítimas Feridas";"Pleno dia";"Crescente";"Céu Claro";"Dupla";"Declive;Reta                  ";"Não";2;0;2;0;0;0;2;1;-24,56891746;-50,68700194;"SPRF-PR";"DEL03-PR";"UOP02-DEL03-PR"
572335;2024-01-03;"quarta-feira";"09:50:00";"SC";282;1;"FLORIANOPOLIS";"Manobra de mudança de faixa";"Colisão traseira";"Com Vítimas Feridas";"Pleno dia";"Decrescente";"Garoa/Chuvisco";"Dupla";"Reta";"Sim";2;0;2;0;0;0;2;1;-27,602955;-48,580509;"SPRF-SC";"DEL01-SC";"UOP01-DEL01-SC"
572339;2024-01-03;"quarta-feira";"10:50:00";"BA";116;822,5;"VITORIA DA CONQUISTA";"Condutor deixou de manter distância do veículo da frente";"Colisão lateral mesmo sentido";"Com Vítimas Feridas";"Pleno dia";"Decrescente";"Nublado";"Dupla";"Reta;Declive                  ";"Não";2;0;1;0;1;0;1;2;-14,85021644;-40,84864855;"SPRF-BA";"DEL08-BA";"UOP01-DEL08-BA"
572340;2024-01-03;"quarta-feira";"10:00:00";"MG";381;614;"OLIVEIRA";"Chuva";"Colisão com objeto";"Com Vítimas Feridas";"Pleno dia";"Decrescente";"Chuva";"Dupla";"Declive;Reta                  ";"Não";1;0;1;0;0;0;1;1;-20,73605011;-44,77319313;"SPRF-MG";"DEL04-MG";"UOP01-DEL04-MG"
572341;2024-01-03;"quarta-feira";"07:30:00";"MG";262;607,5;"CAMPOS ALTOS";"Chuva";"Saída de leito carroçável";"Com Vítimas Feridas";"Pleno dia";"Decrescente";"Chuva";"Simples";"Curva";"Não";2;0;1;0;1;0;1;1;-19,62457601;-46,26930901;"SPRF-MG";"DEL08-MG";"UOP02-DEL08-MG"
572343;2024-01-03;"quarta-feira";"11:35:00";"SC";101;220;"PALHOCA";"Condutor deixou de manter distância do veículo da frente";"Colisão traseira";"Com Vítimas Feridas";"Pleno dia";"Decrescente";"Sol";"Dupla";"Reta";"Sim";2;0;1;0;1;0;1;2;-27,69198941;-48,66368358;"SPRF-SC";"DEL01-SC";"UOP02-DEL01-SC"
572345;2024-01-03;"quarta-feira";"11:40:00";"PE";232;10,4;"JABOATAO DOS GUARARAPES";"Ausência de reação do condutor";"Queda de ocupante de veículo";"Com Vítimas Feridas";"Pleno dia";"Crescente";"Céu Claro";"Dupla";"Curva";"Não";1;0;0;1;0;0;1;1;-8,07917241;-34,98718609;"SPRF-PE";"DEL01-PE";"UOP01-DEL01-PE"
572346;2024-01-03;"quarta-feira";"09:30:00";"GO";70;314;"JUSSARA";"Chuva";"Saída de leito carroçável";"Com Vítimas Feridas";"Pleno dia";"Crescente";"Chuva";"Simples";"Curva";"Sim";2;0;1;0;1;0;1;1;-15,87393292;-50,82123865;"SPRF-GO";"DEL04-GO";"UOP02-DEL04-GO"
572349;2024-01-03;"quarta-feira";"11:00:00";"RS";NA;NA;"LAJEADO";"Ausência de reação do condutor";"Colisão com objeto";"Sem Vítimas";"Pleno dia";"Não Informado";"Sol";"Simples";"Reta";"Sim";1;0;0;0;1;0;0;1;-29,43509216;-51,99994326;"SPRF-RS";"DEL04-RS";"UOP01-DEL04-RS"
572350;2024-01-03;"quarta-feira";"11:50:00";"PI";316;11;"TERESINA";"Acessar a via sem observar a presença dos outros veículos";"Colisão transversal";"Sem Vítimas";"Pleno dia";"Crescente";"Céu Claro";"Dupla";"Interseção de Vias;Rotatória;V";"Sim";2;0;0;0;2;0;0;2;-5,191739;-42,76076102;"SPRF-PI";"DEL01-PI";"UOP02-DEL01-PI"
572351;2024-01-03;"quarta-feira";"11:15:00";"SC";101;194;"BIGUACU";"Manobra de mudança de faixa";"Colisão lateral mesmo sentido";"Com Vítimas Feridas";"Pleno dia";"Decrescente";"Nublado";"Dupla";"Reta";"Sim";2;0;1;0;1;0;1;2;-27,49815117;-48,65661236;"SPRF-SC";"DEL01-SC";"UOP01-DEL01-SC"
572353;2024-01-03;"quarta-feira";"10:55:00";"RJ";101;70,9;"CAMPOS DOS GOYTACAZES";"Condutor deixou de manter distância do veículo da frente";"Engavetamento";"Com Vítimas Feridas";"Pleno dia";"Crescente";"Céu Claro";"Simples";"Reta";"Não";5;0;1;0;4;0;1;4;-21,781011;-41,373363;"SPRF-RJ";"DEL08-RJ";"UOP02-DEL08-RJ"
572354;2024-01-03;"quarta-feira";"11:32:00";"MG";381;568,5;"ITAGUARA";"Chuva";"Saída de leito carroçável";"Com Vítimas Feridas";"Pleno dia";"Crescente";"Chuva";"Dupla";"Curva";"Não";4;0;3;0;1;0;3;2;-20,42649228;-44,54458383;"SPRF-MG";"DEL04-MG";"UOP03-DEL04-MG"
572356;2024-01-03;"quarta-feira";"09:05:00";"SC";101;257;"PAULO LOPES";"Reação tardia ou ineficiente do condutor";"Saída de leito carroçável";"Com Vítimas Feridas";"Pleno dia";"Decrescente";"Chuva";"Dupla";"Curva";"Não";2;0;2;0;0;0;2;2;-27,99701205;-48,68755194;"SPRF-SC";"DEL02-SC";"UOP03-DEL02-SC"
572357;2024-01-03;"quarta-feira";"12:34:00";"CE";116;21;"EUSEBIO";"Reação tardia ou ineficiente do condutor";"Colisão com objeto";"Sem Vítimas";"Pleno dia";"Decrescente";"Céu Claro";"Dupla";"Reta";"Sim";2;0;0;0;2;0;0;1;-3,93175901;-38,50825087;"SPRF-CE";"DEL01-CE";"UOP02-DEL01-CE"
572358;2024-01-03;"quarta-feira";"11:08:00";"MT";70;4;"BARRA DO GARCAS";"Manobra de mudança de faixa";"Colisão lateral mesmo sentido";"Com Vítimas Feridas";"Pleno dia";"Decrescente";"Garoa/Chuvisco";"Dupla";"Reta";"Sim";4;0;2;0;2;0;2;2;-15,87907036;-52,28563311;"SPRF-MT";"DEL07-MT";"UOP01-DEL07-MT"
572361;2024-01-03;"quarta-feira";"12:30:00";"PB";230;132,1;"MASSARANDUBA";"Velocidade Incompatível";"Saída de leito carroçável";"Com Vítimas Feridas";"Pleno dia";"Decrescente";"Céu Claro";"Múltipla";"Curva";"Não";8;0;8;0;0;0;8;2;-7,2774;-35,7367;"SPRF-PB";"DEL02-PB";"UOP01-DEL02-PB"
572363;2024-01-03;"quarta-feira";"09:00:00";"SC";280;87,8;"CORUPA";"Velocidade Incompatível";"Tombamento";"Com Vítimas Feridas";"Pleno dia";"Crescente";"Garoa/Chuvisco";"Simples";"Aclive;Curva                  ";"Não";2;0;0;1;1;0;1;1;-26,41501369;-49,25741675;"SPRF-SC";"DEL06-SC";"UOP03-DEL06-SC"
572366;2024-01-03;"quarta-feira";"08:30:00";"SC";101;335;"TUBARAO";"Frear bruscamente";"Tombamento";"Com Vítimas Feridas";"Pleno dia";"Crescente";"Chuva";"Dupla";"Reta";"Sim";1;0;1;0;0;0;1;1;-28,46927473;-49,01557908;"SPRF-SC";"DEL02-SC";"UOP01-DEL02-SC"
572368;2024-01-03;"quarta-feira";"12:45:00";"MG";381;358;"JOAO MONLEVADE";"Conversão proibida";"Colisão transversal";"Com Vítimas Feridas";"Pleno dia";"Decrescente";"Chuva";"Simples";"Reta";"Sim";2;0;1;0;1;0;1;2;-19,85592801;-43,21689055;"SPRF-MG";"DEL03-MG";"UOP01-DEL03-MG"
572370;2024-01-03;"quarta-feira";"11:06:00";"PR";277;254,8;"IRATI";"Acessar a via sem observar a presença dos outros veículos";"Colisão transversal";"Com Vítimas Feridas";"Pleno dia";"Crescente";"Céu Claro";"Simples";"Reta";"Não";6;0;2;0;4;0;2;2;-25,44165997;-50,698329;"SPRF-PR";"DEL08-PR";"UOP02-DEL08-PR"
572371;2024-01-03;"quarta-feira";"12:00:00";"PR";158;506,8;"CORONEL VIVIDA";"Desrespeitar a preferência no cruzamento";"Colisão transversal";"Com Vítimas Feridas";"Pleno dia";"Decrescente";"Sol";"Simples";"Reta;Interseção de Vias;Rotató";"Sim";2;0;0;1;1;0;1;2;-26,00480254;-52,56513465;"SPRF-PR";"DEL02-PR";"UOP01-DEL02-PR"
572376;2024-01-03;"quarta-feira";"11:59:00";"RJ";116;194;"QUEIMADOS";"Demais falhas mecânicas ou elétricas";"Queda de ocupante de veículo";"Com Vítimas Feridas";"Pleno dia";"Decrescente";"Céu Claro";"Dupla";"Reta";"Sim";2;0;2;0;0;0;2;1;-22,73711632;-43,53793909;"SPRF-RJ";"DEL06-RJ";"UOP01-DEL06-RJ"
572377;2024-01-03;"quarta-feira";"12:30:00";"PI";316;261;"IPIRANGA DO PIAUI";"Acessar a via sem observar a presença dos outros veículos";"Colisão transversal";"Com Vítimas Feridas";"Pleno dia";"Decrescente";"Céu Claro";"Simples";"Reta";"Sim";2;0;1;0;1;0;1;2;-6,83760703;-41,7377638;"SPRF-PI";"DEL04-PI";"UOP02-DEL04-PI"
572378;2024-01-03;"quarta-feira";"12:40:00";"MG";365;414;"PATOS DE MINAS";"Ausência de reação do condutor";"Saída de leito carroçável";"Com Vítimas Feridas";"Pleno dia";"Decrescente";"Céu Claro";"Simples";"Reta;Declive                  ";"Não";1;0;1;0;0;0;1;1;-18,67838606;-46,55249299;"SPRF-MG";"DEL10-MG";"UOP01-DEL10-MG"
572380;2024-01-03;"quarta-feira";"12:00:00";"PI";235;382;"BOM JESUS";"Acumulo de água sobre o pavimento";"Saída de leito carroçável";"Com Vítimas Feridas";"Pleno dia";"Crescente";"Chuva";"Simples";"Curva";"Não";3;0;1;0;2;0;1;1;-9,347948;-44,556722;"SPRF-PI";"DEL03-PI";"UOP02-DEL03-PI"
572381;2024-01-03;"quarta-feira";"10:41:00";"MG";381;646;"SANTO ANTONIO DO AMPARO";"Curva acentuada";"Colisão transversal";"Com Vítimas Feridas";"Pleno dia";"Crescente";"Nublado";"Dupla";"Curva;Declive                 ";"Não";3;0;1;0;2;0;1;2;-20,95720609;-44,90296563;"SPRF-MG";"DEL04-MG";"UOP02-DEL04-MG"
572382;2024-01-03;"quarta-feira";"09:00:00";"MG";381;646,2;"SANTO ANTONIO DO AMPARO";"Chuva";"Colisão com objeto";"Com Vítimas Feridas";"Pleno dia";"Crescente";"Chuva";"Dupla";"Curva";"Não";2;0;1;0;1;0;1;2;-20,94471289;-44,88107085;"SPRF-MG";"DEL04-MG";"UOP02-DEL04-MG"
572383;2024-01-03;"quarta-feira";"10:40:00";"RJ";40;4;"COMENDADOR LEVY GASPARIAN";"Velocidade Incompatível";"Colisão traseira";"Com Vítimas Feridas";"Pleno dia";"Decrescente";"Chuva";"Dupla";"Curva";"Não";2;0;2;0;0;0;2;2;-22,01337537;-43,23594846;"SPRF-RJ";"DEL05-RJ";"UOP02-DEL05-RJ"
572384;2024-01-03;"quarta-feira";"09:00:00";"MG";381;652;"SANTO ANTONIO DO AMPARO";"Chuva";"Capotamento";"Com Vítimas Feridas";"Pleno dia";"Decrescente";"Chuva";"Dupla";"Curva;Aclive                  ";"Não";3;0;2;0;1;0;2;1;-20,96202321;-44,92871761;"SPRF-MG";"DEL04-MG";"UOP02-DEL04-MG"
572385;2024-01-03;"quarta-feira";"13:00:00";"PR";476;116;"COLOMBO";"Pedestre cruzava a pista fora da faixa";"Atropelamento de Pedestre";"Com Vítimas Feridas";"Pleno dia";"Crescente";"Céu Claro";"Dupla";"Curva";"Sim";3;0;2;0;1;0;2;2;-25,34996;-49,16642;"SPRF-PR";"DEL01-PR";"UOP01-DEL01-PR"
572387;2024-01-03;"quarta-feira";"13:05:00";"MS";262;600,9;"MIRANDA";"Demais falhas mecânicas ou elétricas";"Colisão frontal";"Com Vítimas Fatais";"Pleno dia";"Crescente";"Céu Claro";"Simples";"Reta";"Não";7;1;0;6;0;0;6;2;-20,099319;-56,737114;"SPRF-MS";"DEL03-MS";"UOP02-DEL03-MS"
572388;2024-01-03;"quarta-feira";"14:25:00";"MG";50;43;"ARAGUARI";"Reação tardia ou ineficiente do condutor";"Saída de leito carroçável";"Com Vítimas Feridas";"Pleno dia";"Crescente";"Sol";"Dupla";"Reta";"Não";4;0;1;2;1;0;3;1;-18,69834223;-48,1855417;"SPRF-MG";"DEL15-MG";"UOP02-DEL15-MG"
572389;2024-01-03;"quarta-feira";"14:05:00";"ES";101;416;"ATILIO VIVACQUA";"Conversão proibida";"Colisão transversal";"Com Vítimas Feridas";"Pleno dia";"Crescente";"Garoa/Chuvisco";"Simples";"Reta";"Não";7;0;5;0;2;0;5;2;-20,93997009;-41,08374492;"SPRF-ES";"DEL03-ES";"UOP02-DEL03-ES"
572391;2024-01-03;"quarta-feira";"14:45:00";"RJ";101;207;"CASIMIRO DE ABREU";"Acessar a via sem observar a presença dos outros veículos";"Colisão transversal";"Com Vítimas Feridas";"Pleno dia";"Crescente";"Nublado";"Simples";"Reta;Interseção de Vias       ";"Sim";2;0;2;0;0;0;2;2;-22,4776458;-42,21127001;"SPRF-RJ";"DEL08-RJ";"UOP04-DEL08-RJ"
572392;2024-01-03;"quarta-feira";"14:45:00";"BA";116;466,8;"SANTO ESTEVAO";"Problema na suspensão";"Capotamento";"Com Vítimas Feridas";"Pleno dia";"Crescente";"Céu Claro";"Dupla";"Declive;Reta                  ";"Não";2;0;1;0;1;0;1;1;-12,4693;-39,2888;"SPRF-BA";"DEL02-BA";"UOP01-DEL02-BA"
572393;2024-01-03;"quarta-feira";"10:00:00";"MA";230;479,8;"RIACHAO";"Manobra de mudança de faixa";"Saída de leito carroçável";"Com Vítimas Fatais";"Pleno dia";"Decrescente";"Céu Claro";"Simples";"Reta";"Não";5;1;4;0;0;0;4;1;-7,40929592;-46,65441908;"SPRF-MA";"DEL05-MA";"UOP01-DEL05-MA"
572394;2024-01-03;"quarta-feira";"13:30:00";"SC";101;108;"PENHA";"Condutor deixou de manter distância do veículo da frente";"Colisão traseira";"Com Vítimas Feridas";"Pleno dia";"Crescente";"Nublado";"Dupla";"Declive;Reta                  ";"Não";3;0;1;0;2;0;1;2;-26,82805365;-48,6920929;"SPRF-SC";"DEL03-SC";"UOP02-DEL03-SC"
572396;2024-01-03;"quarta-feira";"13:00:00";"MG";153;9,5;"ARAPORA";"Acumulo de água sobre o pavimento";"Colisão com objeto";"Com Vítimas Feridas";"Pleno dia";"Crescente";"Chuva";"Dupla";"Reta";"Não";1;0;1;0;0;0;1;1;-18,500529;-49,1889035;"SPRF-MG";"DEL15-MG";"UOP03-DEL15-MG"
572397;2024-01-03;"quarta-feira";"13:40:00";"RJ";493;6;"ITABORAI";"Acesso irregular";"Atropelamento de Pedestre";"Com Vítimas Feridas";"Pleno dia";"Decrescente";"Céu Claro";"Dupla";"Reta";"Não";2;0;2;0;0;0;2;2;-22,73124198;-42,95145305;"SPRF-RJ";"DEL02-RJ";"UOP02-DEL02-RJ"
572400;2024-01-03;"quarta-feira";"11:10:00";"MS";163;188;"CAARAPO";"Ausência de reação do condutor";"Engavetamento";"Com Vítimas Feridas";"Pleno dia";"Crescente";"Céu Claro";"Simples";"Reta;Aclive                   ";"Não";8;0;1;0;7;0;1;3;-22,79559784;-54,74502787;"SPRF-MS";"DEL09-MS";"UOP01-DEL09-MS"
572408;2024-01-03;"quarta-feira";"12:40:00";"AC";364;124;"RIO BRANCO";"Reação tardia ou ineficiente do condutor";"Atropelamento de Pedestre";"Com Vítimas Feridas";"Pleno dia";"Decrescente";"Céu Claro";"Dupla";"Reta";"Sim";2;0;1;0;1;0;1;2;-10,01152469;-67,79140099;"SPRF-AC";"DEL01-AC";"UOP01-DEL01-AC"
572409;2024-01-03;"quarta-feira";"16:15:00";"MG";50;197;"DELTA";"Avarias e/ou desgaste excessivo no pneu";"Tombamento";"Com Vítimas Feridas";"Pleno dia";"Decrescente";"Céu Claro";"Dupla";"Reta";"Não";1;0;1;0;0;0;1;1;-19,91076436;-47,83254654;"SPRF-MG";"DEL13-MG";"UOP01-DEL13-MG"
572413;2024-01-03;"quarta-feira";"16:15:00";"PR";116;22;"ANTONINA";"Reação tardia ou ineficiente do condutor";"Colisão com objeto";"Com Vítimas Feridas";"Pleno dia";"Decrescente";"Chuva";"Dupla";"Curva";"Não";2;0;1;0;1;0;1;1;-25,10922624;-48,74659689;"SPRF-PR";"DEL01-PR";"UOP02-DEL01-PR"
572414;2024-01-03;"quarta-feira";"16:30:00";"SC";101;213,4;"PALHOCA";"Condutor deixou de manter distância do veículo da frente";"Colisão traseira";"Com Vítimas Feridas";"Pleno dia";"Decrescente";"Nublado";"Múltipla";"Reta";"Sim";4;0;1;0;3;0;1;3;-27,63697369;-48,66514142;"SPRF-SC";"DEL01-SC";"UOP02-DEL01-SC"
572416;2024-01-03;"quarta-feira";"16:45:00";"GO";40;24;"LUZIANIA";"Condutor deixou de manter distância do veículo da frente";"Colisão traseira";"Com Vítimas Feridas";"Pleno dia";"Decrescente";"Nublado";"Dupla";"Interseção de Vias";"Não";2;0;1;0;0;1;1;2;-16,252738;-47,900437;"SPRF-DF";"DEL01-DF";"UOP01-DEL01-DF"
572417;2024-01-03;"quarta-feira";"16:50:00";"DF";60;7;"BRASILIA";"Suicídio (presumido)";"Atropelamento de Pedestre";"Com Vítimas Feridas";"Pleno dia";"Crescente";"Céu Claro";"Dupla";"Reta";"Sim";4;0;0;1;3;0;1;2;-15,901237;-48,122334;"SPRF-DF";"DEL03-DF";"UOP01-DEL03-DF"
572419;2024-01-03;"quarta-feira";"17:10:00";"MG";381;367;"SAO GONCALO DO RIO ABAIXO";"Ausência de reação do condutor";"Saída de leito carroçável";"Com Vítimas Feridas";"Pleno dia";"Decrescente";"Céu Claro";"Simples";"Reta";"Não";4;0;3;1;0;0;4;1;-19,84959351;-43,27455396;"SPRF-MG";"DEL03-MG";"UOP01-DEL03-MG"
572420;2024-01-03;"quarta-feira";"16:30:00";"PR";116;15;"CAMPINA GRANDE DO SUL";"Chuva";"Capotamento";"Com Vítimas Feridas";"Pleno dia";"Crescente";"Chuva";"Dupla";"Curva";"Não";1;0;1;0;0;0;1;1;-25,09832756;-48,68266005;"SPRF-PR";"DEL01-PR";"UOP02-DEL01-PR"
572421;2024-01-03;"quarta-feira";"16:25:00";"RS";386;135;"SARANDI";"Acessar a via sem observar a presença dos outros veículos";"Colisão transversal";"Com Vítimas Feridas";"Pleno dia";"Crescente";"Sol";"Simples";"Reta";"Sim";5;0;4;0;1;0;4;2;-27,96036;-52,91103;"SPRF-RS";"DEL08-RS";"UOP01-DEL08-RS"
572422;2024-01-03;"quarta-feira";"16:30:00";"RN";101;95;"NATAL";"Condutor deixou de manter distância do veículo da frente";"Colisão lateral mesmo sentido";"Com Vítimas Feridas";"Anoitecer";"Decrescente";"Céu Claro";"Múltipla";"Reta";"Sim";3;0;1;0;2;0;1;2;-5,84076841;-35,21035949;"SPRF-RN";"DEL01-RN";"UOP01-DEL01-RN"
572424;2024-01-03;"quarta-feira";"17:00:00";"SP";116;135,1;"SAO JOSE DOS CAMPOS";"Ausência de reação do condutor";"Colisão traseira";"Sem Vítimas";"Anoitecer";"Decrescente";"Chuva";"Dupla";"Reta";"Sim";2;0;0;0;2;0;0;2;-23,144484;-45,77018;"SPRF-SP";"DEL02-SP";"UOP01-DEL02-SP"