"id";"data_inversa";"dia_semana";"horario";"uf";"br";"km";"municipio";"causa_acidente";"tipo_acidente";"classificacao_acidente";"fase_dia";"sentido_via";"condicao_metereologica";"tipo_pista";"tracado_via";"uso_solo";"pessoas";"mortos";"feridos_leves";"feridos_graves";"ilesos";"ignorados";"feridos";"veiculos";"latitude";"longitude";"regional";"delegacia";"uop"
572688;2024-01-04;"quinta-feira";"18:00:00";"MS";262;320;"CAMPO GRANDE";"Ausência de reação do condutor";"Saída de leito carroçável";"Com Vítimas Feridas";"Anoitecer";"Crescente";"Céu Claro";"Simples";"Reta";"Não";1;0;1;0;0;0;1;1;-20,469566;-54,4913208;"SPRF-MS";"DEL01-MS";"UOP01-DEL01-MS"
572690;2024-01-05;"sexta-feira";"02:20:00";"SC";101;136;"BALNEARIO CAMBORIU";"Ingestão de álcool pelo condutor";"Saída de leito carroçável";"Sem Vítimas";"Plena Noite";"Crescente";"Chuva";"Múltipla";"Reta";"Sim";1;0;0;0;0;1;0;1;-27,008113;-48,617245;"SPRF-SC";"DEL04-SC";"UOP03-DEL04-SC"
572692;2024-01-05;"sexta-feira";"07:00:00";"MG";381;909;"CAMBUI";"Manobra de mudança de faixa";"Colisão traseira";"Com Vítimas Feridas";"Pleno dia";"Crescente";"Sol";"Dupla";"Curva;Declive                 ";"Não";4;0;1;0;3;0;1;2;-22,68597402;-46,1029458;"SPRF-MG";"DEL16-MG";"UOP03-DEL16-MG"
572693;2024-01-05;"sexta-feira";"07:00:00";"SC";282;6;"SAO JOSE";"Pista Escorregadia";"Colisão com objeto";"Com Vítimas Feridas";"Pleno dia";"Crescente";"Chuva";"Dupla";"Curva;Declive                 ";"Sim";1;0;0;1;0;0;1;1;-27,591936;-48,618244;"SPRF-SC";"DEL01-SC";"UOP01-DEL01-SC"
572695;2024-01-05;"sexta-feira";"07:50:00";"PE";101;79,7;"RECIFE";"Ausência de reação do condutor";"Saída de leito carroçável";"Com Vítimas Feridas";"Pleno dia";"Crescente";"Céu Claro";"Múltipla";"Curva";"Sim";2;0;1;0;0;1;1;1;-8,13496499;-34,94738614;"SPRF-PE";"DEL01-PE";"UOP01-DEL01-PE"
572696;2024-01-05;"sexta-feira";"07:00:00";"BA";116;798,8;"VITORIA DA CONQUISTA";"Reação tardia ou ineficiente do condutor";"Colisão lateral sentido oposto";"Com Vítimas Feridas";"Pleno dia";"Crescente";"Garoa/Chuvisco";"Simples";"Reta";"Não";7;0;0;1;6;0;1;2;-14,70088242;-40,58375478;"SPRF-BA";"DEL08-BA";"UOP02-DEL08-BA"
572698;2024-01-04;"quinta-feira";"18:00:00";"MG";381;529,2;"BRUMADINHO";"Chuva";"Saída de leito carroçável";"Com Vítimas Feridas";"Anoitecer";"Decrescente";"Chuva";"Dupla";"Declive;Curva                 ";"Não";1;0;1;0;0;0;1;1;-20,16225818;-44,3408409;"SPRF-MG";"DEL04-MG";"UOP03-DEL04-MG"
572700;2024-01-05;"sexta-feira";"07:33:00";"RJ";101;303,5;"SAO GONCALO";"Ausência de reação do condutor";"Queda de ocupante de veículo";"Com Vítimas Feridas";"Pleno dia";"Crescente";"Nublado";"Dupla";"Curva";"Sim";1;0;1;0;0;0;1;1;-22,7934208;-43,0276608;"SPRF-RJ";"DEL02-RJ";"UOP02-DEL02-RJ"
572701;2024-01-05;"sexta-feira";"07:55:00";"RS";386;39,8;"FREDERICO WESTPHALEN";"Acessar a via sem observar a presença dos outros veículos";"Colisão transversal";"Com Vítimas Feridas";"Pleno dia";"Crescente";"Sol";"Simples";"Curva";"Não";2;0;0;1;1;0;1;2;-27,40012;-53,403744;"SPRF-RS";"DEL08-RS";"UOP02-DEL08-RS"
572704;2024-01-05;"sexta-feira";"08:10:00";"SC";101;202,1;"SAO JOSE";"Velocidade Incompatível";"Colisão traseira";"Com Vítimas Feridas";"Pleno dia";"Crescente";"Garoa/Chuvisco";"Múltipla";"Reta";"Sim";2;0;1;0;1;0;1;2;-27,55711595;-48,61897889;"SPRF-SC";"DEL01-SC";"UOP01-DEL01-SC"
572705;2024-01-05;"sexta-feira";"07:30:00";"RN";110;47;"MOSSORO";"Desrespeitar a preferência no cruzamento";"Colisão transversal";"Com Vítimas Feridas";"Pleno dia";"Crescente";"Céu Claro";"Simples";"Interseção de Vias";"Sim";3;0;2;0;0;1;2;2;-5,19797675;-37,31839819;"SPRF-RN";"DEL04-RN";"UOP01-DEL04-RN"
572708;2024-01-05;"sexta-feira";"08:25:00";"RJ";40;118;"DUQUE DE CAXIAS";"Avarias e/ou desgaste excessivo no pneu";"Queda de ocupante de veículo";"Com Vítimas Feridas";"Pleno dia";"Crescente";"Céu Claro";"Múltipla";"Reta";"Sim";1;0;1;0;0;0;1;1;-22,75470802;-43,28737838;"SPRF-RJ";"DEL01-RJ";"UOP02-DEL01-RJ"
572709;2024-01-05;"sexta-feira";"07:55:00";"BA";324;520;"FEIRA DE SANTANA";"Frear bruscamente";"Colisão traseira";"Com Vítimas Feridas";"Pleno dia";"Crescente";"Céu Claro";"Dupla";"Reta";"Não";2;0;1;0;1;0;1;2;-12,27376054;-38,93366564;"SPRF-BA";"DEL01-BA";"UOP03-DEL01-BA"
572711;2024-01-05;"sexta-feira";"09:00:00";"ES";101;277;"SERRA";"Reação tardia ou ineficiente do condutor";"Tombamento";"Com Vítimas Feridas";"Pleno dia";"Crescente";"Nublado";"Dupla";"Reta";"Não";1;0;0;1;0;0;1;1;-20,21803609;-40,34043431;"SPRF-ES";"DEL02-ES";"UOP01-DEL02-ES"
572712;2024-01-05;"sexta-feira";"07:40:00";"DF";70;17,5;"BRASILIA";"Manobra de mudança de faixa";"Colisão lateral mesmo sentido";"Com Vítimas Feridas";"Pleno dia";"Decrescente";"Céu Claro";"Dupla";"Reta;Aclive                   ";"Não";2;0;0;1;1;0;1;2;-15,791093;-48,21096;"SPRF-DF";"DEL03-DF";"UOP02-DEL03-DF"
572713;2024-01-05;"sexta-feira";"09:00:00";"SP";116;306;"SAO LOURENCO DA SERRA";"Reação tardia ou ineficiente do condutor";"Tombamento";"Com Vítimas Feridas";"Pleno dia";"Decrescente";"Céu Claro";"Múltipla";"Reta;Aclive                   ";"Sim";1;0;1;0;0;0;1;1;-23,8486091;-46,93801566;"SPRF-SP";"DEL04-SP";"UOP01-DEL04-SP"
572715;2024-01-05;"sexta-feira";"09:20:00";"PE";232;12,7;"JABOATAO DOS GUARARAPES";"Ausência de reação do condutor";"Saída de leito carroçável";"Com Vítimas Feridas";"Pleno dia";"Crescente";"Céu Claro";"Dupla";"Reta";"Não";1;0;1;0;0;0;1;1;-8,086719;-35,006825;"SPRF-PE";"DEL01-PE";"UOP01-DEL01-PE"
572718;2024-01-05;"sexta-feira";"10:10:00";"SC";101;121;"ITAJAI";"Ausência de reação do condutor";"Tombamento";"Com Vítimas Feridas";"Pleno dia";"Crescente";"Chuva";"Múltipla";"Reta";"Não";2;0;2;0;0;0;2;1;-26,92103178;-48,70856446;"SPRF-SC";"DEL04-SC";"UOP04-DEL04-SC"
572723;2024-01-05;"sexta-feira";"10:40:00";"RS";448;21;"CANOAS";"Frear bruscamente";"Colisão traseira";"Com Vítimas Feridas";"Pleno dia";"Crescente";"Sol";"Dupla";"Reta;Ponte;Aclive             ";"Sim";4;0;3;0;1;0;3;2;-29,96716413;-51,20167678;"SPRF-RS";"DEL01-RS";"UOP01-DEL01-RS"
572724;2024-01-05;"sexta-feira";"10:30:00";"RN";304;23;"MOSSORO";"Mal súbito do condutor";"Queda de ocupante de veículo";"Com Vítimas Feridas";"Pleno dia";"Decrescente";"Céu Claro";"Simples";"Curva";"Não";1;0;0;1;0;0;1;1;-5,05709057;-37,33749036;"SPRF-RN";"DEL04-RN";"UOP02-DEL04-RN"
572725;2024-01-05;"sexta-feira";"10:30:00";"SC";101;360,7;"SANGAO";"Acesso irregular";"Colisão lateral mesmo sentido";"Com Vítimas Feridas";"Pleno dia";"Decrescente";"Chuva";"Dupla";"Reta";"Não";3;0;1;0;2;0;1;2;-28,65823109;-49,10991486;"SPRF-SC";"DEL02-SC";"UOP01-DEL02-SC"
572726;2024-01-05;"sexta-feira";"08:10:00";"SC";101;260;"PAULO LOPES";"Velocidade Incompatível";"Saída de leito carroçável";"Com Vítimas Feridas";"Pleno dia";"Crescente";"Garoa/Chuvisco";"Simples";"Declive;Curva                 ";"Não";1;0;0;1;0;0;1;1;-28,02203;-48,702403;"SPRF-SC";"DEL02-SC";"UOP03-DEL02-SC"
572728;2024-01-05;"sexta-feira";"11:30:00";"DF";60;3;"BRASILIA";"Acessar a via sem observar a presença dos outros veículos";"Colisão transversal";"Com Vítimas Feridas";"Pleno dia";"Crescente";"Garoa/Chuvisco";"Dupla";"Rotatória;Reta                ";"Sim";3;0;1;0;1;1;1;2;-15,890521;-48,086864;"SPRF-DF";"DEL03-DF";"UOP01-DEL03-DF"
572729;2024-01-05;"sexta-feira";"10:50:00";"BA";116;813;"VITORIA DA CONQUISTA";"Reação tardia ou ineficiente do condutor";"Engavetamento";"Sem Vítimas";"Pleno dia";"Crescente";"Nublado";"Simples";"Reta";"Não";4;0;0;0;2;2;0;3;-14,764626;-40,70569;"SPRF-BA";"DEL08-BA";"UOP01-DEL08-BA"
572730;2024-01-05;"sexta-feira";"11:35:00";"MG";262;68,8;"SANTA MARGARIDA";"Ultrapassagem Indevida";"Colisão lateral sentido oposto";"Com Vítimas Feridas";"Pleno dia";"Decrescente";"Nublado";"Simples";"Reta";"Não";2;0;1;0;1;0;1;2;-20,31446993;-42,28507639;"SPRF-MG";"DEL06-MG";"UOP03-DEL06-MG"
572731;2024-01-05;"sexta-feira";"12:10:00";"ES";101;244;"SERRA";"Chuva";"Tombamento";"Com Vítimas Feridas";"Pleno dia";"Decrescente";"Chuva";"Simples";"Reta";"Sim";1;0;1;0;0;0;1;1;-20,04725275;-40,38731559;"SPRF-ES";"DEL02-ES";"UOP01-DEL02-ES"
572732;2024-01-05;"sexta-feira";"11:00:00";"SC";101;235,4;"PALHOCA";"Reação tardia ou ineficiente do condutor";"Colisão traseira";"Com Vítimas Feridas";"Pleno dia";"Decrescente";"Garoa/Chuvisco";"Dupla";"Ponte;Reta                    ";"Não";4;0;1;0;2;1;1;2;-27,8177775;-48,6315025;"SPRF-SC";"DEL01-SC";"UOP02-DEL01-SC"
572734;2024-01-05;"sexta-feira";"10:37:00";"GO";60;137;"GOIANIA";"Reação tardia ou ineficiente do condutor";"Colisão traseira";"Com Vítimas Feridas";"Pleno dia";"Crescente";"Nublado";"Dupla";"Aclive;Curva                  ";"Sim";2;0;1;0;1;0;1;1;-16,603;-49,2023;"SPRF-GO";"DEL01-GO";"UOP01-DEL01-GO"
572739;2024-01-05;"sexta-feira";"11:00:00";"PR";163;203,3;"CASCAVEL";"Reação tardia ou ineficiente do condutor";"Saída de leito carroçável";"Com Vítimas Fatais";"Pleno dia";"Decrescente";"Céu Claro";"Dupla";"Reta";"Não";1;1;0;0;0;0;0;1;-24,9955871;-53,55699127;"SPRF-PR";"DEL05-PR";"UOP05-DEL05-PR"
572740;2024-01-05;"sexta-feira";"13:15:00";"SC";101;227,5;"PALHOCA";"Condutor deixou de manter distância do veículo da frente";"Colisão traseira";"Com Vítimas Feridas";"Pleno dia";"Decrescente";"Garoa/Chuvisco";"Dupla";"Reta";"Sim";2;0;0;1;0;1;1;2;-27,7509149;-48,63460277;"SPRF-SC";"DEL01-SC";"UOP02-DEL01-SC"
572741;2024-01-05;"sexta-feira";"11:40:00";"AL";316;240;"ATALAIA";"Conversão proibida";"Colisão lateral sentido oposto";"Com Vítimas Feridas";"Pleno dia";"Crescente";"Céu Claro";"Simples";"Aclive;Curva                  ";"Não";2;0;1;0;0;1;1;2;-9,506847;-36,03204998;"SPRF-AL";"DEL01-AL";"UOP01-DEL01-AL"
572742;2024-01-05;"sexta-feira";"13:20:00";"AL";316;203,1;"MARIBONDO";"Reação tardia ou ineficiente do condutor";"Colisão transversal";"Com Vítimas Feridas";"Pleno dia";"Decrescente";"Céu Claro";"Simples";"Reta";"Não";4;0;2;0;2;0;2;2;-9,58217756;-36,3088256;"SPRF-AL";"DEL03-AL";"UOP01-DEL03-AL"
572743;2024-01-05;"sexta-feira";"08:00:00";"MT";174;209;"FIGUEIROPOLIS DOESTE";"Chuva";"Colisão lateral sentido oposto";"Com Vítimas Feridas";"Pleno dia";"Crescente";"Chuva";"Simples";"Curva;Declive                 ";"Não";4;0;1;0;3;0;1;2;-15,64829298;-58,74536299;"SPRF-MT";"DEL04-MT";"UOP01-DEL04-MT"
572744;2024-01-05;"sexta-feira";"10:24:00";"AC";364;136;"RIO BRANCO";"Acessar a via sem observar a presença dos outros veículos";"Colisão transversal";"Com Vítimas Feridas";"Pleno dia";"Crescente";"Céu Claro";"Dupla";"Rotatória";"Sim";4;0;3;0;1;0;3;2;-9,977578;-67,8489;"SPRF-AC";"DEL01-AC";"UOP01-DEL01-AC"
572745;2024-01-05;"sexta-feira";"13:05:00";"RN";406;169;"SAO GONCALO DO AMARANTE";"Acessar a via sem observar a presença dos outros veículos";"Colisão lateral mesmo sentido";"Com Vítimas Feridas";"Pleno dia";"Crescente";"Céu Claro";"Simples";"Reta";"Sim";2;0;1;0;1;0;1;2;-5,75570118;-35,30728507;"SPRF-RN";"DEL02-RN";"UOP01-DEL02-RN"
572746;2024-01-05;"sexta-feira";"13:30:00";"GO";153;418;"ANAPOLIS";"Condutor Dormindo";"Saída de leito carroçável";"Com Vítimas Feridas";"Pleno dia";"Crescente";"Céu Claro";"Dupla";"Aclive;Reta                   ";"Não";1;0;1;0;0;0;1;1;-16,159821;-49,04351;"SPRF-GO";"DEL02-GO";"UOP01-DEL02-GO"
572748;2024-01-05;"sexta-feira";"13:00:00";"RS";392;78,5;"PELOTAS";"Ausência de reação do condutor";"Saída de leito carroçável";"Com Vítimas Feridas";"Pleno dia";"Decrescente";"Céu Claro";"Simples";"Declive;Reta                  ";"Não";4;0;3;0;1;0;3;1;-31,68713798;-52,43812999;"SPRF-RS";"DEL07-RS";"UOP01-DEL07-RS"
572750;2024-01-05;"sexta-feira";"11:40:00";"RJ";40;74;"PETROPOLIS";"Pista Escorregadia";"Colisão com objeto";"Com Vítimas Feridas";"Pleno dia";"Decrescente";"Chuva";"Simples";"Curva;Aclive                  ";"Não";2;0;1;0;1;0;1;1;-22,47224973;-43,22332717;"SPRF-RJ";"DEL01-RJ";"UOP01-DEL01-RJ"
572751;2024-01-03;"quarta-feira";"20:20:00";"MT";70;732;"CACERES";"Condutor usando celular";"Atropelamento de Pedestre";"Com Vítimas Feridas";"Plena Noite";"Crescente";"Céu Claro";"Simples";"Reta";"Sim";2;0;1;0;0;1;1;2;-16,10147782;-57,67752886;"SPRF-MT";"DEL03-MT";"UOP01-DEL03-MT"
572752;2024-01-05;"sexta-feira";"14:15:00";"RJ";116;79;"TERESOPOLIS";"Demais falhas mecânicas ou elétricas";"Colisão traseira";"Sem Vítimas";"Pleno dia";"Crescente";"Céu Claro";"Simples";"Reta;Aclive                   ";"Não";2;0;0;0;2;0;0;2;-22,327388;-42,93858185;"SPRF-RJ";"DEL04-RJ";"UOP01-DEL04-RJ"
572753;2024-01-05;"sexta-feira";"13:00:00";"ES";101;352;"ANCHIETA";"Demais falhas mecânicas ou elétricas";"Queda de ocupante de veículo";"Com Vítimas Feridas";"Pleno dia";"Crescente";"Nublado";"Simples";"Reta";"Não";1;0;0;1;0;0;1;1;-20,66934502;-40,66332593;"SPRF-ES";"DEL03-ES";"UOP01-DEL03-ES"
572754;2024-01-05;"sexta-feira";"13:30:00";"GO";40;9;"LUZIANIA";"Acessar a via sem observar a presença dos outros veículos";"Colisão lateral mesmo sentido";"Com Vítimas Feridas";"Pleno dia";"Crescente";"Sol";"Dupla";"Reta";"Sim";2;0;1;0;1;0;1;2;-16,130492;-47,958097;"SPRF-DF";"DEL01-DF";"UOP01-DEL01-DF"
572755;2024-01-05;"sexta-feira";"12:17:00";"PI";343;588;"FLORIANO";"Pista Escorregadia";"Tombamento";"Com Vítimas Feridas";"Pleno dia";"Crescente";"Céu Claro";"Dupla";"Interseção de Vias";"Sim";2;0;2;0;0;0;2;1;-6,780452;-43,002651;"SPRF-PI";"DEL03-PI";"UOP01-DEL03-PI"
572758;2024-01-05;"sexta-feira";"13:30:00";"PE";232;322;"CUSTODIA";"Ultrapassagem Indevida";"Colisão lateral sentido oposto";"Sem Vítimas";"Pleno dia";"Decrescente";"Céu Claro";"Simples";"Reta";"Não";5;0;0;0;5;0;0;2;-8,10901595;-37,55608396;"SPRF-PE";"DEL04-PE";"UOP02-DEL04-PE"
572759;2024-01-05;"sexta-feira";"12:30:00";"SC";101;158,4;"PORTO BELO";"Reação tardia ou ineficiente do condutor";"Colisão traseira";"Com Vítimas Feridas";"Pleno dia";"Crescente";"Chuva";"Dupla";"Retorno Regulamentado";"Sim";2;0;1;0;1;0;1;2;-27,19096301;-48,61259017;"SPRF-SC";"DEL04-SC";"UOP03-DEL04-SC"
572763;2024-01-05;"sexta-feira";"14:30:00";"PB";230;88;"JOAO PESSOA";"Manobra de mudança de faixa";"Colisão lateral mesmo sentido";"Com Vítimas Feridas";"Pleno dia";"Decrescente";"Céu Claro";"Dupla";"Reta";"Sim";3;0;1;1;1;0;2;2;-7,16745758;-34,89662647;"SPRF-PB";"DEL01-PB";"UOP03-DEL01-PB"
572764;2024-01-05;"sexta-feira";"15:00:00";"ES";101;149,2;"LINHARES";"Condutor desrespeitou a iluminação vermelha do semáforo";"Colisão transversal";"Com Vítimas Feridas";"Pleno dia";"Crescente";"Chuva";"Dupla";"Interseção de Vias";"Sim";2;0;0;1;1;0;1;2;-19,39619083;-40,06435871;"SPRF-ES";"DEL04-ES";"UOP01-DEL04-ES"
572765;2024-01-05;"sexta-feira";"15:00:00";"CE";116;44,6;"HORIZONTE";"Desrespeitar a preferência no cruzamento";"Colisão transversal";"Com Vítimas Fatais";"Pleno dia";"Crescente";"Sol";"Dupla";"Reta;Retorno Regulamentado    ";"Sim";2;1;1;0;0;0;1;2;-4,13262511;-38,48269343;"SPRF-CE";"DEL01-CE";"UOP02-DEL01-CE"
572770;2024-01-05;"sexta-feira";"13:50:00";"PR";373;181;"PONTA GROSSA";"Problema na suspensão";"Saída de leito carroçável";"Com Vítimas Feridas";"Pleno dia";"Decrescente";"Sol";"Dupla";"Reta";"Sim";2;0;2;0;0;0;2;1;-25,04266233;-50,25791089;"SPRF-PR";"DEL03-PR";"UOP01-DEL03-PR"
572771;2024-01-05;"sexta-feira";"13:40:00";"PE";101;182;"PALMARES";"Demais falhas mecânicas ou elétricas";"Tombamento";"Com Vítimas Feridas";"Pleno dia";"Crescente";"Sol";"Dupla";"Reta";"Não";2;0;1;1;0;0;2;1;-8,65284995;-35,5638211;"SPRF-PE";"DEL01-PE";"UOP03-DEL01-PE"
572774;2024-01-05;"sexta-feira";"14:30:00";"DF";20;9,5;"BRASILIA";"Ausência de reação do condutor";"Colisão traseira";"Com Vítimas Feridas";"Pleno dia";"Decrescente";"Céu Claro";"Dupla";"Reta";"Sim";2;0;1;0;1;0;1;2;-15,654671;-47,782917;"SPRF-DF";"DEL02-DF";"UOP01-DEL02-DF"
572780;2024-01-05;"sexta-feira";"16:05:00";"PE";232;9,5;"JABOATAO DOS GUARARAPES";"Condutor usando celular";"Colisão traseira";"Com Vítimas Feridas";"Pleno dia";"Crescente";"Céu Claro";"Simples";"Reta";"Sim";2;0;1;0;1;0;1;2;-8,07764447;-34,97863609;"SPRF-PE";"DEL01-PE";"UOP01-DEL01-PE"
572782;2024-01-05;"sexta-feira";"16:10:00";"SP";116;147;"SAO JOSE DOS CAMPOS";"Reação tardia ou ineficiente do condutor";"Colisão traseira";"Com Vítimas Feridas";"Pleno dia";"Crescente";"Céu Claro";"Dupla";"Reta";"Sim";2;0;1;0;1;0;1;2;-23,19542994;-45,87176303;"SPRF-SP";"DEL02-SP";"UOP01-DEL02-SP"
572783;2024-01-05;"sexta-feira";"14:30:00";"ES";262;138,5;"MUNIZ FREIRE";"Velocidade Incompatível";"Colisão traseira";"Sem Vítimas";"Pleno dia";"Crescente";"Nublado";"Simples";"Reta";"Não";2;0;0;0;1;1;0;2;-20,23406291;-41,35253988;"SPRF-ES";"DEL01-ES";"UOP02-DEL01-ES"
572784;2024-01-05;"sexta-feira";"16:50:00";"RS";116;267;"CANOAS";"Acessar a via sem observar a presença dos outros veículos";"Colisão transversal";"Com Vítimas Feridas";"Pleno dia";"Decrescente";"Céu Claro";"Simples";"Reta";"Sim";2;0;1;0;1;0;1;2;-29,93894374;-51,17694194;"SPRF-RS";"DEL01-RS";"UOP01-DEL01-RS"
572785;2024-01-05;"sexta-feira";"16:00:00";"PA";316;55;"CASTANHAL";"Acessar a via sem observar a presença dos outros veículos";"Colisão transversal";"Com Vítimas Feridas";"Pleno dia";"Crescente";"Chuva";"Dupla";"Reta";"Não";2;0;0;1;1;0;1;2;-1,30561339;-47,99919919;"SPRF-PA";"DEL01-PA";"UOP01-DEL01-PA"
572786;2024-01-05;"sexta-feira";"16:17:00";"PE";232;10;"JABOATAO DOS GUARARAPES";"Reação tardia ou ineficiente do condutor";"Engavetamento";"Sem Vítimas";"Pleno dia";"Decrescente";"Céu Claro";"Dupla";"Aclive;Em Obras;Reta          ";"Não";3;0;0;0;2;1;0;3;-8,07917241;-34,98718609;"SPRF-PE";"DEL01-PE";"UOP01-DEL01-PE"
572788;2024-01-05;"sexta-feira";"12:55:00";"MG";116;394,8;"GOVERNADOR VALADARES";"Avarias e/ou desgaste excessivo no pneu";"Capotamento";"Com Vítimas Feridas";"Pleno dia";"Decrescente";"Chuva";"Simples";"Curva;Declive                 ";"Não";2;0;2;0;0;0;2;1;-18,732496;-41,98694203;"SPRF-MG";"DEL06-MG";"UOP01-DEL06-MG"
572789;2024-01-05;"sexta-feira";"14:00:00";"PR";277;378;"GUARAPUAVA";"Demais falhas mecânicas ou elétricas";"Incêndio";"Sem Vítimas";"Pleno dia";"Crescente";"Nublado";"Simples";"Reta";"Não";2;0;0;0;2;0;0;1;-25,40525468;-51,72149594;"SPRF-PR";"DEL08-PR";"UOP01-DEL08-PR"
572790;2024-01-05;"sexta-feira";"17:10:00";"AL";104;18;"SAO JOSE DA LAJE";"Acessar a via sem observar a presença dos outros veículos";"Colisão lateral mesmo sentido";"Com Vítimas Feridas";"Anoitecer";"Crescente";"Céu Claro";"Simples";"Reta";"Não";2;0;0;1;1;0;1;2;-9,04193899;-36,03775187;"SPRF-AL";"DEL01-AL";"UOP02-DEL01-AL"
572791;2024-01-05;"sexta-feira";"15:45:00";"SC";101;28,1;"JOINVILLE";"Ingestão de álcool pelo condutor";"Colisão traseira";"Com Vítimas Feridas";"Pleno dia";"Crescente";"Nublado";"Dupla";"Reta";"Não";2;0;1;0;1;0;1;2;-26,20697505;-48,91482635;"SPRF-SC";"DEL03-SC";"UOP01-DEL03-SC"
572794;2024-01-05;"sexta-feira";"17:20:00";"SC";101;145;"ITAPEMA";"Manobra de mudança de faixa";"Colisão lateral mesmo sentido";"Com Vítimas Feridas";"Pleno dia";"Decrescente";"Ignorado";"Dupla";"Aclive;Reta                   ";"Sim";2;0;1;0;1;0;1;2;-27,08139206;-48,60130993;"SPRF-SC";"DEL04-SC";"UOP03-DEL04-SC"
572796;2024-01-05;"sexta-feira";"17:40:00";"RS";290;91;"PORTO ALEGRE";"Manobra de mudança de faixa";"Colisão lateral mesmo sentido";"Sem Vítimas";"Pleno dia";"Decrescente";"Céu Claro";"Múltipla";"Reta";"Sim";4;0;0;0;4;0;0;2;-29,96955555;-51,16954207;"SPRF-RS";"DEL01-RS";"UOP01-DEL01-RS"
572798;2024-01-05;"sexta-feira";"17:12:00";"PI";343;347;"TERESINA";"Animais na Pista";"Atropelamento de Animal";"Com Vítimas Feridas";"Pleno dia";"Decrescente";"Céu Claro";"Simples";"Reta";"Sim";3;0;1;0;2;0;1;1;-5,114822;-42,778355;"SPRF-PI";"DEL01-PI";"UOP01-DEL01-PI"
572800;2024-01-05;"sexta-feira";"17:45:00";"MG";40;700,1;"BARBACENA";"Reação tardia ou ineficiente do condutor";"Colisão com objeto";"Com Vítimas Feridas";"Anoitecer";"Crescente";"Garoa/Chuvisco";"Dupla";"Aclive;Reta                   ";"Não";1;0;1;0;0;0;1;1;-21,17760699;-43,75627477;"SPRF-MG";"DEL05-MG";"UOP02-DEL05-MG"
572806;2024-01-05;"sexta-feira";"18:30:00";"RS";290;102;"PORTO ALEGRE";"Ausência de reação do condutor";"Colisão traseira";"Com Vítimas Feridas";"Pleno dia";"Crescente";"Céu Claro";"Dupla";"Reta";"Não";5;0;2;0;3;0;2;4;-29,987228;-51,25613;"SPRF-RS";"DEL01-RS";"UOP01-DEL01-RS"
572807;2024-01-05;"sexta-feira";"18:00:00";"PR";277;50;"MORRETES";"Objeto estático sobre o leito carroçável";"Colisão com objeto";"Com Vítimas Feridas";"Pleno dia";"Crescente";"Céu Claro";"Dupla";"Reta";"Não";6;0;3;0;3;0;3;2;-25,58953351;-48,93562138;"SPRF-PR";"DEL01-PR";"UOP01-DEL01-PR"
572808;2024-01-05;"sexta-feira";"19:00:00";"BA";101;502;"ITABUNA";"Ausência de sinalização";"Colisão frontal";"Com Vítimas Feridas";"Plena Noite";"Crescente";"Céu Claro";"Simples";"Reta";"Não";3;0;1;0;2;0;1;2;-14,75587634;-39,31097031;"SPRF-BA";"DEL05-BA";"UOP01-DEL05-BA"
572809;2024-01-05;"sexta-feira";"15:00:00";"SC";101;386,3;"ICARA";"Condutor Dormindo";"Saída de leito carroçável";"Com Vítimas Feridas";"Pleno dia";"Crescente";"Nublado";"Dupla";"Declive;Reta                  ";"Não";2;0;1;1;0;0;2;1;-28,78720017;-49,3409729;"SPRF-SC";"DEL02-SC";"UOP02-DEL02-SC"
572812;2024-01-05;"sexta-feira";"19:20:00";"SC";470;67,6;"INDAIAL";"Desrespeitar a preferência no cruzamento";"Colisão frontal";"Com Vítimas Feridas";"Plena Noite";"Crescente";"Nublado";"Simples";"Reta;Viaduto                  ";"Sim";2;0;0;1;1;0;1;2;-26,872158;-49,23127;"SPRF-SC";"DEL04-SC";"UOP01-DEL04-SC"
572813;2024-01-05;"sexta-feira";"18:15:00";"RN";226;68,1;"SERRA CAIADA";"Acessar a via sem observar a presença dos outros veículos";"Colisão transversal";"Com Vítimas Feridas";"Plena Noite";"Decrescente";"Céu Claro";"Simples";"Interseção de Vias;Reta       ";"Não";2;0;2;0;0;0;2;2;-6,10373269;-35,70531524;"SPRF-RN";"DEL01-RN";"UOP02-DEL01-RN"
572814;2024-01-05;"sexta-feira";"18:02:00";"MS";163;256;"DOURADOS";"Pista Escorregadia";"Tombamento";"Com Vítimas Feridas";"Anoitecer";"Decrescente";"Céu Claro";"Dupla";"Rotatória";"Sim";1;0;1;0;0;0;1;1;-22,25886483;-54,80359197;"SPRF-MS";"DEL04-MS";"UOP01-DEL04-MS"
572815;2024-01-05;"sexta-feira";"18:45:00";"PR";376;104;"PARANAVAI";"Reação tardia ou ineficiente do condutor";"Colisão traseira";"Com Vítimas Feridas";"Anoitecer";"Decrescente";"Céu Claro";"Simples";"Declive;Interseção de Vias    ";"Não";6;0;2;0;4;0;2;2;-23,05157684;-52,44672491;"SPRF-PR";"DEL09-PR";"UOP02-DEL09-PR"
572817;2024-01-05;"sexta-feira";"10:30:00";"SC";101;390,9;"CRICIUMA";"Chuva";"Colisão com objeto";"Com Vítimas Feridas";"Pleno dia";"Decrescente";"Chuva";"Dupla";"Declive";"Não";4;0;2;0;2;0;2;1;-28,79513029;-49,35435084;"SPRF-SC";"DEL02-SC";"UOP02-DEL02-SC"
572818;2024-01-05;"sexta-feira";"16:50:00";"MG";262;47,7;"MANHUACU";"Ausência de reação do condutor";"Saída de leito carroçável";"Com Vítimas Feridas";"Pleno dia";"Decrescente";"Nublado";"Simples";"Reta";"Não";1;0;1;0;0;0;1;1;-20,256748;-42,113142;"SPRF-MG";"DEL06-MG";"UOP03-DEL06-MG"