"id";"data_inversa";"dia_semana";"horario";"uf";"br";"km";"municipio";"causa_acidente";"tipo_acidente";"classificacao_acidente";"fase_dia";"sentido_via";"condicao_metereologica";"tipo_pista";"tracado_via";"uso_solo";"pessoas";"mortos";"feridos_leves";"feridos_graves";"ilesos";"ignorados";"feridos";"veiculos";"latitude";"longitude";"regional";"delegacia";"uop"
572819;2024-01-05;"sexta-feira";"16:40:00";"MT";174;3;"PONTES E LACERDA";"Ausência de reação do condutor";"Colisão transversal";"Com Vítimas Feridas";"Pleno dia";"Decrescente";"Céu Claro";"Simples";"Reta";"Sim";2;0;1;0;1;0;1;2;-15,239971;-59,336494;"SPRF-MT";"DEL03-MT";"UOP01-DEL03-MT"
572820;2024-01-05;"sexta-feira";"19:40:00";"SP";116;168,1;"JACAREI";"Avarias e/ou desgaste excessivo no pneu";"Tombamento";"Com Vítimas Feridas";"Plena Noite";"Decrescente";"Céu Claro";"Múltipla";"Reta;Aclive                   ";"Não";2;0;2;0;0;0;2;1;-23,30545902;-46,03567599;"SPRF-SP";"DEL02-SP";"UOP01-DEL02-SP"
572821;2024-01-05;"sexta-feira";"18:30:00";"MS";163;14,8;"MUNDO NOVO";"Ausência de reação do condutor";"Colisão traseira";"Sem Vítimas";"Anoitecer";"Decrescente";"Céu Claro";"Simples";"Reta";"Não";6;0;0;0;6;0;0;2;-23,95007428;-54,30870967;"SPRF-MS";"DEL09-MS";"UOP02-DEL09-MS"
572822;2024-01-05;"sexta-feira";"18:30:00";"SC";280;82,2;"CORUPA";"Acessar a via sem observar a presença dos outros veículos";"Colisão transversal";"Com Vítimas Feridas";"Plena Noite";"Decrescente";"Nublado";"Simples";"Interseção de Vias;Rotatória  ";"Sim";2;0;1;0;1;0;1;2;-26,44009491;-49,22605498;"SPRF-SC";"DEL06-SC";"UOP03-DEL06-SC"
572823;2024-01-05;"sexta-feira";"20:00:00";"RJ";101;313;"SAO GONCALO";"Ausência de reação do condutor";"Colisão com objeto";"Com Vítimas Feridas";"Plena Noite";"Crescente";"Céu Claro";"Dupla";"Reta";"Sim";1;0;1;0;0;0;1;1;-22,81049093;-43,06983304;"SPRF-RJ";"DEL02-RJ";"UOP02-DEL02-RJ"
572825;2024-01-05;"sexta-feira";"20:30:00";"RJ";116;185;"NOVA IGUACU";"Mal súbito do condutor";"Colisão traseira";"Com Vítimas Feridas";"Plena Noite";"Decrescente";"Céu Claro";"Dupla";"Reta";"Sim";5;0;1;0;4;0;1;4;-22,74151051;-43,45351823;"SPRF-RJ";"DEL06-RJ";"UOP01-DEL06-RJ"
572828;2024-01-05;"sexta-feira";"21:30:00";"PR";376;176;"MARINGA";"Acessar a via sem observar a presença dos outros veículos";"Colisão lateral mesmo sentido";"Com Vítimas Feridas";"Plena Noite";"Decrescente";"Céu Claro";"Dupla";"Reta";"Sim";2;0;2;0;0;0;2;2;-23,41386;-51,928189;"SPRF-PR";"DEL09-PR";"UOP01-DEL09-PR"
572830;2024-01-05;"sexta-feira";"19:30:00";"GO";251;20,1;"CRISTALINA";"Deficiência do Sistema de Iluminação/Sinalização";"Colisão traseira";"Com Vítimas Feridas";"Plena Noite";"Crescente";"Nublado";"Simples";"Reta";"Não";3;0;2;0;1;0;2;2;-16,16208583;-47,47793198;"SPRF-DF";"DEL01-DF";"UOP01-DEL01-DF"
572831;2024-01-05;"sexta-feira";"18:45:00";"PE";232;371;"FLORES";"Animais na Pista";"Atropelamento de Animal";"Sem Vítimas";"Plena Noite";"Crescente";"Céu Claro";"Simples";"Aclive;Reta                   ";"Não";4;0;0;0;4;0;0;1;-8,03126926;-37,96862125;"SPRF-PE";"DEL04-PE";"UOP01-DEL04-PE"
572832;2024-01-05;"sexta-feira";"21:00:00";"BA";101;713,8;"EUNAPOLIS";"Ausência de reação do condutor";"Colisão lateral sentido oposto";"Com Vítimas Feridas";"Plena Noite";"Crescente";"Céu Claro";"Simples";"Reta;Declive                  ";"Sim";2;0;0;1;0;1;1;2;-16,5089598;-39,5770756;"SPRF-BA";"DEL09-BA";"UOP01-DEL09-BA"
572833;2024-01-05;"sexta-feira";"20:35:00";"SC";282;388,6;"JOACABA";"Velocidade Incompatível";"Colisão frontal";"Com Vítimas Fatais";"Plena Noite";"Decrescente";"Céu Claro";"Simples";"Reta;Declive                  ";"Sim";3;1;1;1;0;0;2;2;-27,177313;-51,530122;"SPRF-SC";"DEL07-SC";"UOP05-DEL07-SC"
572835;2024-01-05;"sexta-feira";"21:10:00";"MG";153;55;"MONTE ALEGRE DE MINAS";"Velocidade Incompatível";"Tombamento";"Com Vítimas Feridas";"Plena Noite";"Crescente";"Chuva";"Dupla";"Reta";"Não";2;0;1;0;0;1;1;2;-18,85909243;-49,07626033;"SPRF-MG";"DEL15-MG";"UOP03-DEL15-MG"
572836;2024-01-05;"sexta-feira";"21:30:00";"SC";101;2,5;"GARUVA";"Reação tardia ou ineficiente do condutor";"Colisão com objeto";"Com Vítimas Feridas";"Plena Noite";"Crescente";"Nublado";"Dupla";"Reta";"Não";2;0;2;0;0;0;2;1;-25,99699834;-48,87891655;"SPRF-SC";"DEL03-SC";"UOP01-DEL03-SC"
572838;2024-01-05;"sexta-feira";"20:40:00";"RO";319;56;"PORTO VELHO";"Transitar na contramão";"Colisão transversal";"Com Vítimas Feridas";"Plena Noite";"Crescente";"Nublado";"Simples";"Aclive;Reta                   ";"Não";3;0;3;0;0;0;3;2;-8,74204249;-63,9410162;"SPRF-RO";"DEL01-RO";"UOP01-DEL01-RO"
572839;2024-01-05;"sexta-feira";"21:30:00";"SC";101;6,2;"GARUVA";"Acumulo de água sobre o pavimento";"Saída de leito carroçável";"Com Vítimas Feridas";"Plena Noite";"Crescente";"Chuva";"Dupla";"Declive;Curva                 ";"Sim";4;0;2;0;2;0;2;1;-26,02880906;-48,8613081;"SPRF-SC";"DEL03-SC";"UOP01-DEL03-SC"
572840;2024-01-05;"sexta-feira";"20:50:00";"RN";110;43,6;"MOSSORO";"Animais na Pista";"Atropelamento de Animal";"Com Vítimas Feridas";"Plena Noite";"Decrescente";"Céu Claro";"Simples";"Aclive;Reta                   ";"Sim";2;0;1;0;1;0;1;1;-5,18223639;-37,29640087;"SPRF-RN";"DEL04-RN";"UOP01-DEL04-RN"
572841;2024-01-05;"sexta-feira";"22:00:00";"SC";101;124;"ITAJAI";"Manobra de mudança de faixa";"Colisão lateral mesmo sentido";"Com Vítimas Feridas";"Plena Noite";"Crescente";"Céu Claro";"Múltipla";"Reta";"Sim";3;0;2;0;1;0;2;2;-26,94335064;-48,69198648;"SPRF-SC";"DEL04-SC";"UOP04-DEL04-SC"
572842;2024-01-05;"sexta-feira";"18:30:00";"PB";230;276,8;"SANTA LUZIA";"Problema com o freio";"Saída de leito carroçável";"Sem Vítimas";"Plena Noite";"Crescente";"Céu Claro";"Simples";"Declive;Curva                 ";"Não";4;0;0;0;4;0;0;1;-6,957167;-36,83241;"SPRF-PB";"DEL03-PB";"UOP01-DEL03-PB"
572844;2024-01-05;"sexta-feira";"20:00:00";"SC";101;149;"ITAPEMA";"Acessar a via sem observar a presença dos outros veículos";"Queda de ocupante de veículo";"Com Vítimas Feridas";"Plena Noite";"Crescente";"Garoa/Chuvisco";"Simples";"Reta";"Sim";2;0;1;0;1;0;1;2;-27,1089649;-48,61277586;"SPRF-SC";"DEL04-SC";"UOP03-DEL04-SC"
572845;2024-01-05;"sexta-feira";"23:00:00";"MG";40;511;"RIBEIRAO DAS NEVES";"Demais falhas na via";"Eventos atípicos";"Com Vítimas Feridas";"Plena Noite";"Decrescente";"Nublado";"Dupla";"Reta";"Não";2;0;1;0;1;0;1;1;-19,78164295;-44,11733194;"SPRF-MG";"DEL01-MG";"UOP02-DEL01-MG"
572846;2024-01-05;"sexta-feira";"21:40:00";"SP";116;48,3;"CANAS";"Transitar no Acostamento";"Tombamento";"Com Vítimas Feridas";"Plena Noite";"Decrescente";"Céu Claro";"Dupla";"Reta";"Não";1;0;1;0;0;0;1;1;-22,72498915;-45,06884189;"SPRF-SP";"DEL08-SP";"UOP02-DEL08-SP"
572847;2024-01-05;"sexta-feira";"19:30:00";"PI";316;54;"MONSENHOR GIL";"Ausência de reação do condutor";"Colisão traseira";"Com Vítimas Feridas";"Plena Noite";"Decrescente";"Céu Claro";"Simples";"Reta";"Não";3;0;0;2;1;0;2;2;-5,52853582;-42,6350258;"SPRF-PI";"DEL01-PI";"UOP02-DEL01-PI"
572848;2024-01-05;"sexta-feira";"22:15:00";"MG";365;612;"UBERLANDIA";"Transitar na contramão";"Colisão lateral sentido oposto";"Com Vítimas Feridas";"Plena Noite";"Decrescente";"Céu Claro";"Simples";"Reta";"Sim";4;0;2;0;1;1;2;2;-18,92793854;-48,19198317;"SPRF-MG";"DEL15-MG";"UOP01-DEL15-MG"
572849;2024-01-05;"sexta-feira";"18:40:00";"MT";163;744;"SORRISO";"Ingestão de álcool pelo condutor";"Tombamento";"Com Vítimas Feridas";"Plena Noite";"Decrescente";"Garoa/Chuvisco";"Simples";"Reta";"Não";1;0;1;0;0;0;1;1;-12,6176;-55,7636;"SPRF-MT";"DEL06-MT";"UOP01-DEL06-MT"
572850;2024-01-05;"sexta-feira";"22:40:00";"RJ";40;68;"PETROPOLIS";"Reação tardia ou ineficiente do condutor";"Colisão com objeto";"Sem Vítimas";"Plena Noite";"Decrescente";"Garoa/Chuvisco";"Dupla";"Curva";"Não";2;0;0;0;2;0;0;2;-22,4381808;-43,18488009;"SPRF-RJ";"DEL05-RJ";"UOP02-DEL05-RJ"
572851;2024-01-05;"sexta-feira";"23:20:00";"SC";101;163;"TIJUCAS";"Acumulo de água sobre o pavimento";"Tombamento";"Com Vítimas Feridas";"Plena Noite";"Crescente";"Chuva";"Múltipla";"Declive;Reta                  ";"Sim";1;0;1;0;0;0;1;1;-27,23461699;-48,63039809;"SPRF-SC";"DEL04-SC";"UOP03-DEL04-SC"
572852;2024-01-06;"sábado";"00:40:00";"ES";262;158,4;"IBATIBA";"Ingestão de álcool pelo condutor";"Colisão traseira";"Com Vítimas Feridas";"Plena Noite";"Crescente";"Céu Claro";"Simples";"Aclive;Curva                  ";"Sim";3;0;1;1;0;1;2;2;-20,23111383;-41,49626094;"SPRF-ES";"DEL01-ES";"UOP02-DEL01-ES"
572853;2024-01-05;"sexta-feira";"23:50:00";"MG";381;159,5;"GOVERNADOR VALADARES";"Ingestão de álcool pelo condutor";"Saída de leito carroçável";"Com Vítimas Feridas";"Plena Noite";"Crescente";"Nublado";"Simples";"Retorno Regulamentado";"Não";1;0;1;0;0;0;1;1;-18,89048218;-42,00524205;"SPRF-MG";"DEL06-MG";"UOP01-DEL06-MG"
572854;2024-01-06;"sábado";"00:57:00";"SC";101;199,1;"SAO JOSE";"Velocidade Incompatível";"Colisão lateral mesmo sentido";"Com Vítimas Feridas";"Plena Noite";"Decrescente";"Garoa/Chuvisco";"Múltipla";"Reta";"Sim";5;0;2;0;3;0;2;5;-27,53413705;-48,63003205;"SPRF-SC";"DEL01-SC";"UOP01-DEL01-SC"
572855;2024-01-06;"sábado";"01:15:00";"GO";50;273;"CATALAO";"Ingestão de substâncias psicoativas pelo condutor";"Colisão com objeto";"Com Vítimas Feridas";"Plena Noite";"Crescente";"Céu Claro";"Simples";"Interseção de Vias;Rotatória  ";"Sim";1;0;1;0;0;0;1;1;-18,1302;-47,9047;"SPRF-GO";"DEL06-GO";"UOP01-DEL06-GO"
572856;2024-01-06;"sábado";"00:50:00";"SC";282;2,9;"FLORIANOPOLIS";"Velocidade Incompatível";"Colisão traseira";"Com Vítimas Feridas";"Plena Noite";"Crescente";"Chuva";"Múltipla";"Curva";"Sim";5;0;5;0;0;0;5;2;-27,603289;-48,590416;"SPRF-SC";"DEL01-SC";"UOP01-DEL01-SC"
572857;2024-01-06;"sábado";"01:20:00";"RJ";393;188;"PARAIBA DO SUL";"Condutor Dormindo";"Saída de leito carroçável";"Com Vítimas Feridas";"Plena Noite";"Crescente";"Céu Claro";"Simples";"Reta";"Não";1;0;1;0;0;0;1;1;-22,15621776;-43,3079422;"SPRF-RJ";"DEL05-RJ";"UOP03-DEL05-RJ"
572858;2024-01-06;"sábado";"02:49:00";"TO";153;761;"ALVORADA";"Objeto estático sobre o leito carroçável";"Colisão com objeto";"Sem Vítimas";"Plena Noite";"Decrescente";"Nublado";"Simples";"Reta";"Sim";1;0;0;0;1;0;0;1;-12,48124904;-49,11773068;"SPRF-TO";"DEL01-TO";"UOP02-DEL01-TO"
572859;2024-01-06;"sábado";"00:30:00";"SC";470;136,7;"RIO DO SUL";"Reação tardia ou ineficiente do condutor";"Saída de leito carroçável";"Com Vítimas Fatais";"Plena Noite";"Crescente";"Céu Claro";"Simples";"Curva;Em Obras                ";"Não";2;1;0;1;0;0;1;1;-27,1881332;-49,6102315;"SPRF-SC";"DEL04-SC";"UOP02-DEL04-SC"
572860;2024-01-06;"sábado";"01:00:00";"PE";408;105;"JABOATAO DOS GUARARAPES";"Ausência de reação do condutor";"Colisão com objeto";"Sem Vítimas";"Plena Noite";"Crescente";"Nublado";"Simples";"Curva";"Sim";1;0;0;0;1;0;0;1;-8,0730937;-34,99190714;"SPRF-PE";"DEL01-PE";"UOP01-DEL01-PE"
572861;2024-01-06;"sábado";"02:30:00";"PR";277;590,1;"CASCAVEL";"Desrespeitar a preferência no cruzamento";"Colisão transversal";"Sem Vítimas";"Plena Noite";"Decrescente";"Céu Claro";"Simples";"Interseção de Vias;Reta       ";"Sim";2;0;0;0;1;1;0;2;-24,98120697;-53,45591501;"SPRF-PR";"DEL04-PR";"UOP01-DEL04-PR"
572862;2024-01-06;"sábado";"02:40:00";"MT";163;828;"SINOP";"Ausência de reação do condutor";"Saída de leito carroçável";"Sem Vítimas";"Plena Noite";"Crescente";"Nublado";"Simples";"Reta";"Sim";1;0;0;0;0;1;0;1;-11,92275863;-55,51122492;"SPRF-MT";"DEL06-MT";"UOP02-DEL06-MT"
572863;2024-01-06;"sábado";"02:20:00";"RS";290;574,5;"ALEGRETE";"Ausência de sinalização";"Colisão com objeto";"Com Vítimas Feridas";"Plena Noite";"Decrescente";"Céu Claro";"Simples";"Interseção de Vias";"Não";4;0;1;0;3;0;1;1;-29,822521;-55,719505;"SPRF-RS";"DEL13-RS";"UOP02-DEL13-RS"
572864;2024-01-06;"sábado";"01:00:00";"MG";365;282;"JOAO PINHEIRO";"Transitar na contramão";"Colisão frontal";"Com Vítimas Fatais";"Plena Noite";"Decrescente";"Nublado";"Simples";"Reta";"Não";38;1;2;0;35;0;2;2;-18,022523;-45,636737;"SPRF-MG";"DEL10-MG";"UOP02-DEL010-MG"
572866;2024-01-06;"sábado";"03:00:00";"SC";101;287,3;"IMBITUBA";"Velocidade Incompatível";"Saída de leito carroçável";"Sem Vítimas";"Plena Noite";"Decrescente";"Chuva";"Dupla";"Curva";"Não";1;0;0;0;1;0;0;1;-28,25918091;-48,7044096;"SPRF-SC";"DEL02-SC";"UOP03-DEL02-SC"
572868;2024-01-06;"sábado";"03:50:00";"PR";376;180,1;"MARINGA";"Mal súbito do condutor";"Saída de leito carroçável";"Com Vítimas Feridas";"Plena Noite";"Crescente";"Céu Claro";"Múltipla";"Reta";"Sim";1;0;0;1;0;0;1;1;-23,42244278;-51,90360392;"SPRF-PR";"DEL09-PR";"UOP01-DEL09-PR"
572869;2024-01-06;"sábado";"02:10:00";"MG";365;745,2;"ITUIUTABA";"Reação tardia ou ineficiente do condutor";"Colisão com objeto";"Com Vítimas Feridas";"Plena Noite";"Decrescente";"Ignorado";"Simples";"Reta";"Não";1;0;1;0;0;0;1;1;-18,92045773;-49,41898027;"SPRF-MG";"DEL15-MG";"UOP03-DEL15-MG"
572871;2024-01-06;"sábado";"05:32:00";"BA";116;10,5;"VITORIA DA CONQUISTA";"Reação tardia ou ineficiente do condutor";"Queda de ocupante de veículo";"Com Vítimas Feridas";"Amanhecer";"Decrescente";"Nublado";"Simples";"Reta";"Sim";2;0;1;0;0;1;1;1;-14,851;-40,8485;"SPRF-BA";"DEL08-BA";"UOP01-DEL08-BA"
572873;2024-01-06;"sábado";"06:00:00";"PR";116;38;"CAMPINA GRANDE DO SUL";"Ausência de reação do condutor";"Saída de leito carroçável";"Com Vítimas Feridas";"Amanhecer";"Decrescente";"Nublado";"Dupla";"Curva";"Não";1;0;1;0;0;0;1;1;-25,14802509;-48,85922071;"SPRF-PR";"DEL01-PR";"UOP02-DEL01-PR"
572875;2024-01-06;"sábado";"06:01:00";"ES";262;33;"DOMINGOS MARTINS";"Condutor deixou de manter distância do veículo da frente";"Colisão traseira";"Com Vítimas Feridas";"Pleno dia";"Crescente";"Céu Claro";"Simples";"Curva";"Não";1;0;0;1;0;0;1;1;-20,37535106;-40,58433127;"SPRF-ES";"DEL01-ES";"UOP01-DEL01-ES"
572876;2024-01-06;"sábado";"04:40:00";"CE";116;12;"FORTALEZA";"Reação tardia ou ineficiente do condutor";"Colisão lateral mesmo sentido";"Com Vítimas Feridas";"Amanhecer";"Decrescente";"Céu Claro";"Dupla";"Reta";"Sim";2;0;1;0;1;0;1;2;-3,852077;-38,495525;"SPRF-CE";"DEL01-CE";"UOP02-DEL01-CE"
572877;2024-01-06;"sábado";"06:20:00";"RN";304;293;"MACAIBA";"Manobra de mudança de faixa";"Colisão lateral mesmo sentido";"Com Vítimas Feridas";"Pleno dia";"Decrescente";"Céu Claro";"Dupla";"Reta";"Não";2;0;1;0;0;1;1;2;-5,86846237;-35,37602795;"SPRF-RN";"DEL01-RN";"UOP02-DEL01-RN"
572878;2024-01-06;"sábado";"05:54:00";"ES";101;149,1;"LINHARES";"Ingestão de álcool pelo condutor";"Colisão com objeto";"Sem Vítimas";"Amanhecer";"Crescente";"Nublado";"Dupla";"Reta";"Sim";2;0;0;0;0;2;0;2;-19,39619083;-40,06435871;"SPRF-ES";"DEL04-ES";"UOP01-DEL04-ES"
572879;2024-01-06;"sábado";"04:30:00";"RJ";101;225;"SILVA JARDIM";"Animais na Pista";"Atropelamento de Animal";"Com Vítimas Feridas";"Amanhecer";"Crescente";"Chuva";"Dupla";"Reta";"Não";1;0;1;0;0;0;1;1;-22,53967107;-42,3461359;"SPRF-RJ";"DEL02-RJ";"UOP03-DEL02-RJ"
572881;2024-01-06;"sábado";"05:17:00";"SC";101;376,4;"ICARA";"Demais falhas mecânicas ou elétricas";"Saída de leito carroçável";"Sem Vítimas";"Amanhecer";"Crescente";"Céu Claro";"Dupla";"Curva";"Não";1;0;0;0;1;0;0;1;-28,74478445;-49,25514221;"SPRF-SC";"DEL02-SC";"UOP01-DEL02-SC"
572882;2024-01-05;"sexta-feira";"20:40:00";"BA";101;663,4;"ITAPEBI";"Velocidade Incompatível";"Capotamento";"Com Vítimas Feridas";"Plena Noite";"Decrescente";"Chuva";"Simples";"Curva";"Não";1;0;1;0;0;0;1;1;-15,968795;-39,561496;"SPRF-BA";"DEL09-BA";"UOP01-DEL09-BA"
572883;2024-01-06;"sábado";"05:30:00";"CE";304;51;"ARACATI";"Pista Escorregadia";"Saída de leito carroçável";"Com Vítimas Feridas";"Amanhecer";"Crescente";"Chuva";"Dupla";"Interseção de Vias;Curva      ";"Sim";2;0;1;0;1;0;1;1;-4,56942301;-37,75341799;"SPRF-CE";"DEL03-CE";"UOP03-DEL03-CE"
572885;2024-01-05;"sexta-feira";"21:20:00";"MG";251;307,6;"SALINAS";"Reação tardia ou ineficiente do condutor";"Capotamento";"Sem Vítimas";"Plena Noite";"Crescente";"Chuva";"Simples";"Curva";"Não";4;0;0;0;4;0;0;1;-16,13341577;-42,25854635;"SPRF-MG";"DEL12-MG";"UOP02-DEL12-MG"
572886;2024-01-06;"sábado";"07:30:00";"CE";116;10;"FORTALEZA";"Animais na Pista";"Atropelamento de Animal";"Com Vítimas Feridas";"Pleno dia";"Decrescente";"Céu Claro";"Múltipla";"Reta";"Sim";2;0;2;0;0;0;2;1;-3,83603805;-38,5027281;"SPRF-CE";"DEL01-CE";"UOP02-DEL01-CE"
572887;2024-01-06;"sábado";"07:59:00";"GO";60;165;"GOIANIA";"Ausência de reação do condutor";"Colisão com objeto";"Sem Vítimas";"Pleno dia";"Crescente";"Céu Claro";"Dupla";"Aclive;Reta                   ";"Sim";1;0;0;0;1;0;0;1;-16,7084;-49,3503;"SPRF-GO";"DEL01-GO";"UOP02-DEL01-GO"
572888;2024-01-06;"sábado";"08:20:00";"SC";101;186;"BIGUACU";"Chuva";"Colisão com objeto";"Com Vítimas Feridas";"Pleno dia";"Decrescente";"Chuva";"Dupla";"Curva";"Não";3;0;1;0;1;1;1;2;-27,43537187;-48,62612665;"SPRF-SC";"DEL01-SC";"UOP01-DEL01-SC"
572890;2024-01-06;"sábado";"08:40:00";"PR";277;55;"SAO JOSE DOS PINHAIS";"Retorno proibido";"Colisão transversal";"Com Vítimas Feridas";"Pleno dia";"Crescente";"Garoa/Chuvisco";"Dupla";"Reta";"Não";3;0;1;0;2;0;1;2;-25,58844984;-48,94524097;"SPRF-PR";"DEL01-PR";"UOP01-DEL01-PR"
572891;2024-01-06;"sábado";"07:50:00";"PE";232;11;"JABOATAO DOS GUARARAPES";"Condutor deixou de manter distância do veículo da frente";"Colisão traseira";"Sem Vítimas";"Pleno dia";"Crescente";"Céu Claro";"Dupla";"Reta";"Não";2;0;0;0;1;1;0;2;-8,08195464;-34,99545022;"SPRF-PE";"DEL01-PE";"UOP01-DEL01-PE"
572893;2024-01-06;"sábado";"03:40:00";"MT";163;751;"SORRISO";"Ingestão de álcool pelo condutor";"Tombamento";"Com Vítimas Feridas";"Plena Noite";"Decrescente";"Nublado";"Dupla";"Reta";"Sim";2;0;1;1;0;0;2;1;-12,56987358;-55,72570324;"SPRF-MT";"DEL06-MT";"UOP01-DEL06-MT"
572894;2024-01-06;"sábado";"08:15:00";"SP";116;133;"CACAPAVA";"Ausência de reação do condutor";"Capotamento";"Com Vítimas Feridas";"Pleno dia";"Crescente";"Céu Claro";"Dupla";"Reta";"Não";4;0;0;2;2;0;2;3;-23,1359564;-45,7532708;"SPRF-SP";"DEL02-SP";"UOP02-DEL02-SP"
572895;2024-01-06;"sábado";"08:10:00";"PR";116;119;"CURITIBA";"Reação tardia ou ineficiente do condutor";"Tombamento";"Com Vítimas Feridas";"Pleno dia";"Crescente";"Nublado";"Dupla";"Curva";"Não";1;0;1;0;0;0;1;1;-25,57998352;-49,3130853;"SPRF-PR";"DEL01-PR";"UOP03-DEL01-PR"
572898;2024-01-06;"sábado";"05:20:00";"PE";424;15;"PEDRA";"Acessar a via sem observar a presença dos outros veículos";"Colisão transversal";"Com Vítimas Fatais";"Amanhecer";"Decrescente";"Céu Claro";"Simples";"Reta";"Não";3;1;0;0;0;2;0;3;-8,49920042;-36,96549698;"SPRF-PE";"DEL04-PE";"UOP02-DEL04-PE"
572899;2024-01-06;"sábado";"09:00:00";"ES";101;258;"SERRA";"Reação tardia ou ineficiente do condutor";"Queda de ocupante de veículo";"Com Vítimas Feridas";"Pleno dia";"Crescente";"Céu Claro";"Dupla";"Reta";"Sim";1;0;1;0;0;0;1;1;-20,13059888;-40,2961019;"SPRF-ES";"DEL02-ES";"UOP01-DEL02-ES"
572900;2024-01-06;"sábado";"09:30:00";"RS";116;231;"ESTANCIA VELHA";"Velocidade Incompatível";"Tombamento";"Com Vítimas Feridas";"Pleno dia";"Decrescente";"Céu Claro";"Simples";"Aclive;Curva                  ";"Sim";1;0;1;0;0;0;1;1;-29,62786151;-51,13882542;"SPRF-RS";"DEL01-RS";"UOP02-DEL01-RS"
572904;2024-01-06;"sábado";"08:00:00";"SC";101;433,8;"SOMBRIO";"Desrespeitar a preferência no cruzamento";"Colisão frontal";"Com Vítimas Feridas";"Pleno dia";"Crescente";"Nublado";"Múltipla";"Reta";"Sim";3;0;3;0;0;0;3;2;-29,095879;-49,633547;"SPRF-SC";"DEL02-SC";"UOP02-DEL02-SC"
572905;2024-01-06;"sábado";"06:30:00";"RJ";101;309;"SAO GONCALO";"Avarias e/ou desgaste excessivo no pneu";"Colisão frontal";"Sem Vítimas";"Pleno dia";"Decrescente";"Nublado";"Dupla";"Reta";"Não";2;0;0;0;2;0;0;2;-22,79498873;-43,03446105;"SPRF-RJ";"DEL02-RJ";"UOP02-DEL02-RJ"
572906;2024-01-06;"sábado";"07:39:00";"RS";290;4,8;"OSORIO";"Demais falhas mecânicas ou elétricas";"Queda de ocupante de veículo";"Com Vítimas Feridas";"Pleno dia";"Decrescente";"Céu Claro";"Múltipla";"Reta";"Não";2;0;2;0;0;0;2;1;-29,898134;-50,31419;"SPRF-RS";"DEL03-RS";"UOP01-DEL03-RS"
572907;2024-01-06;"sábado";"09:00:00";"MG";381;931,4;"ITAPEVA";"Mal súbito do condutor";"Colisão com objeto";"Com Vítimas Feridas";"Pleno dia";"Crescente";"Céu Claro";"Dupla";"Reta";"Não";3;0;2;0;1;0;2;1;-22,8076393;-46,27636971;"SPRF-MG";"DEL16-MG";"UOP03-DEL16-MG"
572909;2024-01-06;"sábado";"07:40:00";"RJ";40;91;"PETROPOLIS";"Chuva";"Saída de leito carroçável";"Com Vítimas Feridas";"Pleno dia";"Decrescente";"Chuva";"Simples";"Curva";"Não";2;0;1;0;1;0;1;1;-22,54903566;-43,24229724;"SPRF-RJ";"DEL01-RJ";"UOP01-DEL01-RJ"
572912;2024-01-06;"sábado";"09:52:00";"TO";153;496,9;"PARAISO DO TOCANTINS";"Ultrapassagem Indevida";"Colisão lateral mesmo sentido";"Com Vítimas Feridas";"Pleno dia";"Crescente";"Céu Claro";"Simples";"Interseção de Vias;Reta       ";"Sim";3;0;0;1;2;0;1;2;-10,17139;-48,88065;"SPRF-TO";"DEL01-TO";"UOP01-DEL01-TO"
572913;2024-01-06;"sábado";"10:35:00";"PB";230;15;"CABEDELO";"Condutor deixou de manter distância do veículo da frente";"Colisão traseira";"Com Vítimas Feridas";"Pleno dia";"Decrescente";"Sol";"Dupla";"Viaduto";"Sim";3;0;2;0;1;0;2;2;-7,093;-34,8482;"SPRF-PB";"DEL01-PB";"UOP01-DEL01-PB"
572914;2024-01-06;"sábado";"09:15:00";"RS";153;406,9;"CACHOEIRA DO SUL";"Reação tardia ou ineficiente do condutor";"Atropelamento de Pedestre";"Com Vítimas Feridas";"Pleno dia";"Crescente";"Sol";"Dupla";"Reta";"Sim";2;0;1;0;1;0;1;2;-30,01911618;-52,91804731;"SPRF-RS";"DEL02-RS";"UOP03-DEL02-RS"
572915;2024-01-06;"sábado";"09:40:00";"MS";60;328;"CAMPO GRANDE";"Acessar a via sem observar a presença dos outros veículos";"Colisão transversal";"Com Vítimas Feridas";"Pleno dia";"Crescente";"Céu Claro";"Simples";"Interseção de Vias;Reta       ";"Não";6;0;1;3;2;0;4;2;-20,34901285;-54,55378175;"SPRF-MS";"DEL01-MS";"UOP02-DEL01-MS"
572917;2024-01-06;"sábado";"10:10:00";"RS";386;152,7;"ALMIRANTE TAMANDARE DO SUL";"Transtornos Mentais (exceto suicidio)";"Colisão lateral mesmo sentido";"Sem Vítimas";"Pleno dia";"Decrescente";"Céu Claro";"Simples";"Reta";"Não";7;0;0;0;5;2;0;3;-28,096454;-52,860167;"SPRF-RS";"DEL08-RS";"UOP01-DEL08-RS"
572919;2024-01-06;"sábado";"10:45:00";"GO";414;439,9;"ANAPOLIS";"Acessar a via sem observar a presença dos outros veículos";"Colisão transversal";"Com Vítimas Feridas";"Pleno dia";"Crescente";"Céu Claro";"Simples";"Interseção de Vias";"Sim";3;0;1;0;1;1;1;2;-16,28128823;-48,94258908;"SPRF-GO";"DEL02-GO";"UOP01-DEL02-GO"
572920;2024-01-06;"sábado";"10:15:00";"PE";424;87,5;"GARANHUNS";"Transitar na contramão";"Colisão transversal";"Com Vítimas Feridas";"Pleno dia";"Decrescente";"Céu Claro";"Simples";"Aclive;Curva                  ";"Não";2;0;0;1;1;0;1;2;-8,874289;-36,507607;"SPRF-PE";"DEL03-PE";"UOP01-DEL03-PE"