"id";"data_inversa";"dia_semana";"horario";"uf";"br";"km";"municipio";"causa_acidente";"tipo_acidente";"classificacao_acidente";"fase_dia";"sentido_via";"condicao_metereologica";"tipo_pista";"tracado_via";"uso_solo";"pessoas";"mortos";"feridos_leves";"feridos_graves";"ilesos";"ignorados";"feridos";"veiculos";"latitude";"longitude";"regional";"delegacia";"uop"
573139;2024-01-02;"terça-feira";"14:55:00";"PE";316;58;"TRINDADE";"Acessar a via sem observar a presença dos outros veículos";"Colisão transversal";"Sem Vítimas";"Pleno dia";"Crescente";"Sol";"Simples";"Aclive;Interseção de Vias;Rota";"Sim";7;0;0;0;7;0;0;2;-7,75370631;-40,26496546;"SPRF-PE";"DEL05-PE";"UOP02-DEL05-PE"
573140;2024-01-07;"domingo";"10:30:00";"MG";262;411,9;"IGARATINGA";"Manobra de mudança de faixa";"Colisão transversal";"Com Vítimas Feridas";"Pleno dia";"Decrescente";"Céu Claro";"Dupla";"Rotatória;Reta                ";"Não";4;0;3;1;0;0;4;2;-19,88744145;-44,64074377;"SPRF-MG";"DEL08-MG";"UOP03-DEL08-MG"
573142;2024-01-07;"domingo";"10:30:00";"RS";153;46,4;"ERECHIM";"Conversão proibida";"Colisão lateral mesmo sentido";"Com Vítimas Feridas";"Pleno dia";"Decrescente";"Sol";"Simples";"Aclive;Reta                   ";"Sim";4;0;3;0;1;0;3;2;-27,63719296;-52,24007607;"SPRF-RS";"DEL08-RS";"UOP04-DEL08-RS"
573143;2024-01-07;"domingo";"11:10:00";"MG";262;384;"FLORESTAL";"Ausência de reação do condutor";"Tombamento";"Com Vítimas Feridas";"Plena Noite";"Decrescente";"Céu Claro";"Dupla";"Curva";"Não";2;0;2;0;0;0;2;1;-19,93073825;-44,41148997;"SPRF-MG";"DEL01-MG";"UOP03-DEL01-MG"
573144;2024-01-07;"domingo";"08:30:00";"RO";364;11;"VILHENA";"Desrespeitar a preferência no cruzamento";"Colisão lateral mesmo sentido";"Sem Vítimas";"Pleno dia";"Decrescente";"Céu Claro";"Simples";"Reta";"Sim";2;0;0;0;2;0;0;2;-12,74605898;-60,11270299;"SPRF-RO";"DEL04-RO";"UOP01-DEL04-RO"
573145;2024-01-07;"domingo";"11:50:00";"SC";101;161;"TIJUCAS";"Ausência de reação do condutor";"Queda de ocupante de veículo";"Com Vítimas Feridas";"Pleno dia";"Decrescente";"Céu Claro";"Dupla";"Reta";"Sim";1;0;1;0;0;0;1;1;-27,21673911;-48,6244238;"SPRF-SC";"DEL04-SC";"UOP03-DEL04-SC"
573149;2024-01-07;"domingo";"11:20:00";"RS";116;363;"TAPES";"Reação tardia ou ineficiente do condutor";"Saída de leito carroçável";"Com Vítimas Feridas";"Pleno dia";"Decrescente";"Céu Claro";"Dupla";"Aclive;Reta                   ";"Não";3;0;1;0;2;0;1;1;-30,64814964;-51,56101323;"SPRF-RS";"DEL02-RS";"UOP02-DEL02-RS"
573150;2024-01-07;"domingo";"12:00:00";"PR";277;57;"SAO JOSE DOS PINHAIS";"Trafegar com motocicleta (ou similar) entre as faixas";"Colisão lateral mesmo sentido";"Com Vítimas Feridas";"Pleno dia";"Decrescente";"Céu Claro";"Dupla";"Reta";"Não";3;0;3;0;0;0;3;2;-25,58123713;-48,96273806;"SPRF-PR";"DEL01-PR";"UOP01-DEL01-PR"
573151;2024-01-07;"domingo";"09:15:00";"MG";116;321;"ITAMBACURI";"Pista esburacada";"Tombamento";"Com Vítimas Feridas";"Pleno dia";"Crescente";"Céu Claro";"Simples";"Reta";"Não";4;0;1;0;3;0;1;1;-18,16374317;-41,70333555;"SPRF-MG";"DEL11-MG";"UOP01-DEL11-MG"
573152;2024-01-07;"domingo";"10:20:00";"PB";116;7,2;"CACHOEIRA DOS INDIOS";"Acessar a via sem observar a presença dos outros veículos";"Colisão transversal";"Sem Vítimas";"Pleno dia";"Crescente";"Céu Claro";"Simples";"Reta";"Não";2;0;0;0;2;0;0;2;-6,956637;-38,723457;"SPRF-CE";"DEL05-CE";"UOP03-DEL05-CE"
573153;2024-01-07;"domingo";"11:50:00";"MT";364;360;"SANTO ANTONIO DO LEVERGER";"Reação tardia ou ineficiente do condutor";"Queda de ocupante de veículo";"Com Vítimas Feridas";"Pleno dia";"Crescente";"Céu Claro";"Dupla";"Reta";"Não";1;0;1;0;0;0;1;1;-15,77736395;-55,62882902;"SPRF-MT";"DEL01-MT";"UOP02-DEL01-MT"
573154;2024-01-07;"domingo";"11:50:00";"RR";401;24;"CANTA";"Avarias e/ou desgaste excessivo no pneu";"Tombamento";"Com Vítimas Feridas";"Pleno dia";"Decrescente";"Nublado";"Dupla";"Reta";"Não";2;0;2;0;0;0;2;1;2,88449107;-60,51362303;"SPRF-RR";"DEL01-RR";"UOP01-DEL01-RR"
573155;2024-01-07;"domingo";"12:10:00";"MG";40;619,7;"CONGONHAS";"Velocidade Incompatível";"Saída de leito carroçável";"Com Vítimas Feridas";"Pleno dia";"Decrescente";"Nublado";"Simples";"Curva";"Não";2;0;1;0;1;0;1;1;-20,58037292;-43,80739658;"SPRF-MG";"DEL05-MG";"UOP02-DEL05-MG"
573156;2024-01-07;"domingo";"11:05:00";"RJ";116;148;"DUQUE DE CAXIAS";"Pista Escorregadia";"Tombamento";"Com Vítimas Feridas";"Pleno dia";"Crescente";"Céu Claro";"Dupla";"Curva;Declive                 ";"Sim";2;0;2;0;0;0;2;1;-22,6723488;-43,28215398;"SPRF-RJ";"DEL01-RJ";"UOP02-DEL01-RJ"
573158;2024-01-07;"domingo";"13:00:00";"PR";369;152;"LONDRINA";"Ingestão de álcool pelo condutor";"Colisão com objeto";"Com Vítimas Feridas";"Pleno dia";"Decrescente";"Céu Claro";"Dupla";"Reta;Aclive                   ";"Sim";1;0;0;1;0;0;1;1;-23,2929943;-51,1754533;"SPRF-PR";"DEL07-PR";"UOP01-DEL07-PR"
573159;2024-01-07;"domingo";"13:12:00";"ES";101;261,9;"SERRA";"Ausência de reação do condutor";"Colisão traseira";"Com Vítimas Feridas";"Pleno dia";"Decrescente";"Céu Claro";"Dupla";"Retorno Regulamentado";"Não";2;0;1;0;1;0;1;2;-20,14854215;-40,27970926;"SPRF-ES";"DEL02-ES";"UOP01-DEL02-ES"
573165;2024-01-07;"domingo";"12:30:00";"MA";10;253;"IMPERATRIZ";"Reação tardia ou ineficiente do condutor";"Colisão transversal";"Com Vítimas Feridas";"Pleno dia";"Crescente";"Céu Claro";"Simples";"Reta";"Sim";3;0;1;0;1;1;1;3;-5,526911;-47,471455;"SPRF-MA";"DEL04-MA";"UOP01-DEL04-MA"
573167;2024-01-07;"domingo";"12:45:00";"MG";251;338;"FRUTA DE LEITE";"Acessar a via sem observar a presença dos outros veículos";"Colisão transversal";"Com Vítimas Feridas";"Pleno dia";"Crescente";"Nublado";"Simples";"Reta;Aclive                   ";"Não";4;0;0;1;3;0;1;2;-16,254636;-42,440086;"SPRF-MG";"DEL12-MG";"UOP02-DEL12-MG"
573168;2024-01-07;"domingo";"14:20:00";"MG";40;661,9;"CARANDAI";"Retorno proibido";"Colisão transversal";"Com Vítimas Feridas";"Pleno dia";"Crescente";"Céu Claro";"Simples";"Curva";"Não";5;0;2;2;1;0;4;2;-20,91689285;-43,82501635;"SPRF-MG";"DEL05-MG";"UOP02-DEL05-MG"
573169;2024-01-07;"domingo";"12:42:00";"RJ";101;169;"MACAE";"Acesso irregular";"Colisão lateral sentido oposto";"Com Vítimas Feridas";"Pleno dia";"Decrescente";"Céu Claro";"Dupla";"Curva";"Não";7;0;3;0;4;0;3;2;-22,35125958;-41,9221205;"SPRF-RJ";"DEL08-RJ";"UOP04-DEL08-RJ"
573170;2024-01-07;"domingo";"10:50:00";"RJ";101;428;"MANGARATIBA";"Ausência de reação do condutor";"Colisão traseira";"Com Vítimas Feridas";"Pleno dia";"Crescente";"Céu Claro";"Dupla";"Reta";"Não";2;0;1;0;1;0;1;2;-22,93391858;-43,9899979;"SPRF-RJ";"DEL03-RJ";"UOP02-DEL03-RJ"
573171;2024-01-07;"domingo";"13:35:00";"MS";60;529,2;"NIOAQUE";"Reação tardia ou ineficiente do condutor";"Saída de leito carroçável";"Com Vítimas Feridas";"Pleno dia";"Crescente";"Sol";"Simples";"Reta";"Não";1;0;1;0;0;0;1;1;-21,126456;-55,739399;"SPRF-MS";"DEL05-MS";"UOP01-DEL05-MS"
573172;2024-01-07;"domingo";"13:20:00";"MS";163;486;"CAMPO GRANDE";"Acessar a via sem observar a presença dos outros veículos";"Colisão transversal";"Sem Vítimas";"Pleno dia";"Decrescente";"Céu Claro";"Simples";"Reta;Aclive                   ";"Sim";2;0;0;0;2;0;0;2;-20,4336361;-54,54376745;"SPRF-MS";"DEL01-MS";"UOP02-DEL01-MS"
573173;2024-01-07;"domingo";"13:00:00";"MT";364;310,8;"JACIARA";"Ausência de reação do condutor";"Saída de leito carroçável";"Com Vítimas Feridas";"Pleno dia";"Crescente";"Céu Claro";"Dupla";"Reta";"Não";3;0;3;0;0;0;3;1;-15,81540349;-55,23875092;"SPRF-MT";"DEL05-MT";"UOP02-DEL05-MT"
573174;2024-01-07;"domingo";"14:00:00";"RS";290;180,5;"MINAS DO LEAO";"Acessar a via sem observar a presença dos outros veículos";"Colisão transversal";"Com Vítimas Feridas";"Pleno dia";"Decrescente";"Sol";"Simples";"Reta";"Sim";2;0;1;0;1;0;1;2;-30,1405995;-52,02588558;"SPRF-RS";"DEL02-RS";"UOP03-DEL02-RS"
573175;2024-01-07;"domingo";"15:10:00";"SC";101;200;"SAO JOSE";"Transitar na contramão";"Colisão transversal";"Com Vítimas Feridas";"Pleno dia";"Crescente";"Céu Claro";"Múltipla";"Reta";"Sim";2;0;1;0;1;0;1;2;-27,54018513;-48,62287714;"SPRF-SC";"DEL01-SC";"UOP01-DEL01-SC"
573176;2024-01-07;"domingo";"09:30:00";"MT";163;668;"LUCAS DO RIO VERDE";"Condutor deixou de manter distância do veículo da frente";"Engavetamento";"Com Vítimas Feridas";"Pleno dia";"Decrescente";"Céu Claro";"Simples";"Reta";"Não";6;0;1;0;5;0;1;4;-13,09346797;-55,94543506;"SPRF-MT";"DEL06-MT";"UOP01-DEL06-MT"
573177;2024-01-07;"domingo";"15:30:00";"RN";101;75,9;"NATAL";"Avarias e/ou desgaste excessivo no pneu";"Colisão com objeto";"Sem Vítimas";"Pleno dia";"Decrescente";"Céu Claro";"Dupla";"Reta;Em Obras                 ";"Sim";1;0;0;0;0;1;0;1;-5,721906;-35,27672;"SPRF-RN";"DEL02-RN";"UOP01-DEL02-RN"
573178;2024-01-07;"domingo";"14:30:00";"SP";116;99;"PINDAMONHANGABA";"Reação tardia ou ineficiente do condutor";"Engavetamento";"Com Vítimas Feridas";"Pleno dia";"Crescente";"Céu Claro";"Dupla";"Reta";"Não";6;0;2;1;3;0;3;3;-22,98236971;-45,46436617;"SPRF-SP";"DEL08-SP";"UOP01-DEL08-SP"
573179;2024-01-07;"domingo";"14:00:00";"RJ";40;114;"DUQUE DE CAXIAS";"Mal súbito do condutor";"Colisão traseira";"Com Vítimas Feridas";"Pleno dia";"Crescente";"Céu Claro";"Dupla";"Reta";"Sim";2;0;2;0;0;0;2;2;-22,71853604;-43,28993324;"SPRF-RJ";"DEL01-RJ";"UOP02-DEL01-RJ"
573180;2024-01-07;"domingo";"15:47:00";"ES";101;299,1;"VIANA";"Pedestre - Ingestão de álcool/ substâncias psicoativas";"Atropelamento de Pedestre";"Com Vítimas Feridas";"Pleno dia";"Crescente";"Nublado";"Dupla";"Curva";"Sim";2;0;1;1;0;0;2;2;-20,35860628;-40,42327504;"SPRF-ES";"DEL01-ES";"UOP01-DEL01-ES"
573182;2024-01-07;"domingo";"13:50:00";"RJ";116;130;"MAGE";"Reação tardia ou ineficiente do condutor";"Queda de ocupante de veículo";"Com Vítimas Feridas";"Pleno dia";"Crescente";"Céu Claro";"Dupla";"Curva";"Não";2;0;1;1;0;0;2;1;-22,66320496;-43,11601639;"SPRF-RJ";"DEL04-RJ";"UOP02-DEL04-RJ"
573183;2024-01-07;"domingo";"15:30:00";"PR";376;4,3;"MANDAGUARI";"Ultrapassagem Indevida";"Colisão lateral mesmo sentido";"Sem Vítimas";"Pleno dia";"Decrescente";"Sol";"Simples";"Interseção de Vias";"Sim";2;0;0;0;1;1;0;2;-23,519254;-51,680633;"SPRF-PR";"DEL09-PR";"UOP01-DEL09-PR"
573184;2024-01-07;"domingo";"16:35:00";"RS";116;256;"ESTEIO";"Ausência de reação do condutor";"Colisão lateral mesmo sentido";"Com Vítimas Feridas";"Pleno dia";"Decrescente";"Céu Claro";"Múltipla";"Interseção de Vias";"Sim";3;0;1;0;2;0;1;2;-29,84393699;-51,17728603;"SPRF-RS";"DEL01-RS";"UOP02-DEL01-RS"
573185;2024-01-07;"domingo";"15:23:00";"SC";101;83,5;"BARRA VELHA";"Acessar a via sem observar a presença dos outros veículos";"Colisão lateral mesmo sentido";"Com Vítimas Feridas";"Pleno dia";"Crescente";"Céu Claro";"Dupla";"Interseção de Vias;Reta       ";"Não";3;0;0;1;1;1;1;3;-26,624381;-48,713557;"SPRF-SC";"DEL03-SC";"UOP02-DEL03-SC"
573186;2024-01-07;"domingo";"14:34:00";"RO";364;303,1;"PRESIDENTE MEDICI";"Ultrapassagem Indevida";"Colisão frontal";"Com Vítimas Feridas";"Pleno dia";"Crescente";"Sol";"Simples";"Aclive;Reta                   ";"Não";3;0;1;1;0;1;2;3;-11,217592;-61,90172;"SPRF-RO";"DEL02-RO";"UOP01-DEL02-RO"
573187;2024-01-07;"domingo";"14:10:00";"PE";423;177;"AGUAS BELAS";"Demais falhas na via";"Queda de ocupante de veículo";"Com Vítimas Feridas";"Pleno dia";"Crescente";"Céu Claro";"Simples";"Reta";"Não";1;0;0;1;0;0;1;1;-9,13016345;-37,11460498;"SPRF-AL";"DEL03-AL";"UOP02-DEL03-AL"
573188;2024-01-07;"domingo";"15:40:00";"SC";101;17,6;"JOINVILLE";"Reação tardia ou ineficiente do condutor";"Colisão traseira";"Sem Vítimas";"Pleno dia";"Decrescente";"Céu Claro";"Dupla";"Reta";"Não";2;0;0;0;2;0;0;2;-26,12141519;-48,88262078;"SPRF-SC";"DEL03-SC";"UOP01-DEL03-SC"
573189;2024-01-07;"domingo";"15:40:00";"MG";116;746;"LEOPOLDINA";"Velocidade Incompatível";"Colisão lateral sentido oposto";"Com Vítimas Feridas";"Pleno dia";"Crescente";"Céu Claro";"Simples";"Curva";"Não";4;0;2;1;1;0;3;2;-21,43533637;-42,521552;"SPRF-MG";"DEL07-MG";"UOP01-DEL07-MG"
573190;2024-01-07;"domingo";"16:55:00";"MG";381;568,5;"ITAGUARA";"Chuva";"Saída de leito carroçável";"Com Vítimas Feridas";"Pleno dia";"Crescente";"Chuva";"Dupla";"Curva";"Não";2;0;1;0;1;0;1;1;-20,42649228;-44,54458383;"SPRF-MG";"DEL04-MG";"UOP03-DEL04-MG"
573191;2024-01-07;"domingo";"17:00:00";"BA";101;35;"ESPLANADA";"Manobra de mudança de faixa";"Colisão frontal";"Com Vítimas Fatais";"Pleno dia";"Decrescente";"Céu Claro";"Simples";"Curva";"Não";9;1;4;4;0;0;8;2;-11,81933048;-37,97719212;"SPRF-SE";"DEL02-SE";"UOP03-DEL02-SE"
573193;2024-01-07;"domingo";"16:35:00";"MA";10;250;"IMPERATRIZ";"Manobra de mudança de faixa";"Colisão lateral mesmo sentido";"Sem Vítimas";"Pleno dia";"Crescente";"Céu Claro";"Simples";"Interseção de Vias;Reta       ";"Sim";3;0;0;0;2;1;0;2;-5,550874;-47,459305;"SPRF-MA";"DEL04-MA";"UOP01-DEL04-MA"
573196;2024-01-07;"domingo";"17:35:00";"PE";232;58;"POMBOS";"Ausência de reação do condutor";"Colisão com objeto";"Com Vítimas Feridas";"Pleno dia";"Crescente";"Céu Claro";"Dupla";"Aclive;Reta                   ";"Sim";1;0;0;1;0;0;1;1;-8,14462866;-35,39034714;"SPRF-PE";"DEL02-PE";"UOP02-DEL02PE"
573197;2024-01-07;"domingo";"16:00:00";"MG";381;657,8;"SANTO ANTONIO DO AMPARO";"Transitar no Acostamento";"Atropelamento de Pedestre";"Com Vítimas Feridas";"Pleno dia";"Decrescente";"Céu Claro";"Dupla";"Reta";"Não";2;0;1;0;1;0;1;2;-21,01108617;-44,98405087;"SPRF-MG";"DEL04-MG";"UOP02-DEL04-MG"
573198;2024-01-07;"domingo";"16:50:00";"RS";293;157;"HULHA NEGRA";"Retorno proibido";"Colisão lateral mesmo sentido";"Com Vítimas Feridas";"Pleno dia";"Decrescente";"Nublado";"Simples";"Aclive;Curva                  ";"Não";3;0;1;0;2;0;1;2;-31,39090825;-53,83969404;"SPRF-RS";"DEL11-RS";"UOP03-DEL11-RS"
573199;2024-01-07;"domingo";"16:13:00";"AC";364;135;"RIO BRANCO";"Condutor deixou de manter distância do veículo da frente";"Colisão traseira";"Com Vítimas Feridas";"Pleno dia";"Crescente";"Céu Claro";"Dupla";"Reta";"Sim";2;0;2;0;0;0;2;2;-9,98588117;-67,84523538;"SPRF-AC";"DEL01-AC";"UOP01-DEL01-AC"
573200;2024-01-07;"domingo";"17:30:00";"SP";116;154;"SAO JOSE DOS CAMPOS";"Ausência de reação do condutor";"Engavetamento";"Com Vítimas Feridas";"Pleno dia";"Crescente";"Nublado";"Dupla";"Reta";"Sim";5;0;1;0;4;0;1;4;-23,23903999;-45,92061901;"SPRF-SP";"DEL02-SP";"UOP01-DEL02-SP"
573201;2024-01-07;"domingo";"17:50:00";"SP";381;67;"MAIRIPORA";"Ingestão de álcool pelo condutor";"Colisão traseira";"Sem Vítimas";"Pleno dia";"Decrescente";"Céu Claro";"Dupla";"Reta";"Não";4;0;0;0;4;0;0;2;-23,33226094;-46,57675379;"SPRF-SP";"DEL03-SP";"UOP01-DEL03-SP"
573202;2024-01-07;"domingo";"11:30:00";"PA";222;118,5;"RONDON DO PARA";"Acumulo de água sobre o pavimento";"Saída de leito carroçável";"Com Vítimas Feridas";"Pleno dia";"Decrescente";"Chuva";"Simples";"Aclive;Reta                   ";"Não";2;0;2;0;0;0;2;1;-4,827045;-48,172356;"SPRF-PA";"DEL02-PA";"UOP02-DEL02-PA"
573203;2024-01-07;"domingo";"06:15:00";"PB";101;86,1;"BAYEUX";"Condutor deixou de manter distância do veículo da frente";"Colisão lateral mesmo sentido";"Com Vítimas Feridas";"Pleno dia";"Decrescente";"Céu Claro";"Dupla";"Declive;Curva                 ";"Sim";2;0;1;0;1;0;1;2;-7,15118983;-34,91012184;"SPRF-PB";"DEL01-PB";"UOP01-DEL01-PB"
573204;2024-01-07;"domingo";"18:45:00";"ES";101;266,3;"SERRA";"Condutor desrespeitou a iluminação vermelha do semáforo";"Colisão transversal";"Com Vítimas Feridas";"Plena Noite";"Decrescente";"Céu Claro";"Múltipla";"Reta";"Sim";3;0;0;1;2;0;1;2;-20,190199;-40,26828891;"SPRF-ES";"DEL02-ES";"UOP01-DEL02-ES"
573205;2024-01-07;"domingo";"17:49:00";"MS";262;325,8;"CAMPO GRANDE";"Ausência de reação do condutor";"Colisão traseira";"Com Vítimas Feridas";"Pleno dia";"Crescente";"Céu Claro";"Simples";"Reta;Viaduto                  ";"Sim";2;0;1;0;1;0;1;2;-20,468699;-54,53236;"SPRF-MS";"DEL01-MS";"UOP01-DEL01-MS"
573206;2024-01-07;"domingo";"17:30:00";"MG";365;822,9;"SANTA VITORIA";"Condutor deixou de manter distância do veículo da frente";"Colisão traseira";"Sem Vítimas";"Anoitecer";"Decrescente";"Nublado";"Simples";"Declive;Interseção de Vias    ";"Não";2;0;0;0;2;0;0;2;-18,8745439;-50,1145;"SPRF-MG";"DEL15-MG";"UOP03-DEL15-MG"
573207;2024-01-07;"domingo";"16:40:00";"PI";230;195;"OEIRAS";"Manobra de mudança de faixa";"Colisão lateral mesmo sentido";"Com Vítimas Feridas";"Pleno dia";"Crescente";"Céu Claro";"Simples";"Reta";"Sim";2;0;1;0;1;0;1;2;-6,99904236;-42,1126988;"SPRF-PI";"DEL04-PI";"UOP01-DEL04-PI"
573208;2024-01-07;"domingo";"19:00:00";"RS";290;111;"ELDORADO DO SUL";"Reação tardia ou ineficiente do condutor";"Colisão traseira";"Sem Vítimas";"Pleno dia";"Decrescente";"Céu Claro";"Dupla";"Reta";"Não";2;0;0;0;2;0;0;2;-30,032066;-51,325138;"SPRF-RS";"DEL02-RS";"UOP01-DEL02-RS"
573209;2024-01-07;"domingo";"18:15:00";"MS";262;6;"TRES LAGOAS";"Condutor desrespeitou a iluminação vermelha do semáforo";"Colisão transversal";"Com Vítimas Feridas";"Plena Noite";"Crescente";"Céu Claro";"Dupla";"Interseção de Vias;Reta       ";"Sim";2;0;1;1;0;0;2;2;-20,78237921;-51,67197438;"SPRF-MS";"DEL07-MS";"UOP01-DEL07-MS"
573210;2024-01-07;"domingo";"18:20:00";"SC";163;87,9;"GUARACIABA";"Ingestão de álcool pelo condutor";"Colisão traseira";"Sem Vítimas";"Pleno dia";"Decrescente";"Céu Claro";"Simples";"Curva";"Não";5;0;0;0;5;0;0;2;-26,59023103;-53,51574204;"SPRF-SC";"DEL07-SC";"UOP03-DEL07-SC"
573211;2024-01-07;"domingo";"18:30:00";"TO";153;112;"WANDERLANDIA";"Manobra de mudança de faixa";"Colisão lateral mesmo sentido";"Sem Vítimas";"Anoitecer";"Decrescente";"Nublado";"Simples";"Reta";"Não";5;0;0;0;4;1;0;2;-6,96704902;-48,09875697;"SPRF-TO";"DEL02-TO";"UOP01-DEL02-TO"
573213;2024-01-07;"domingo";"19:15:00";"SC";101;227,2;"PALHOCA";"Condutor deixou de manter distância do veículo da frente";"Tombamento";"Com Vítimas Feridas";"Plena Noite";"Decrescente";"Garoa/Chuvisco";"Dupla";"Reta";"Não";4;0;1;0;2;1;1;4;-27,7509149;-48,63460277;"SPRF-SC";"DEL01-SC";"UOP02-DEL01-SC"
573214;2024-01-07;"domingo";"19:20:00";"SP";116;326;"JUQUITIBA";"Pedestre cruzava a pista fora da faixa";"Queda de ocupante de veículo";"Com Vítimas Feridas";"Plena Noite";"Crescente";"Céu Claro";"Dupla";"Rotatória";"Não";1;0;1;0;0;0;1;1;-23,93901304;-47,06241203;"SPRF-SP";"DEL04-SP";"UOP03-DEL04-SP"
573215;2024-01-07;"domingo";"19:00:00";"RS";470;225;"GARIBALDI";"Acessar a via sem observar a presença dos outros veículos";"Colisão transversal";"Com Vítimas Feridas";"Anoitecer";"Decrescente";"Nublado";"Simples";"Retorno Regulamentado";"Sim";6;0;1;0;5;0;1;2;-29,21454003;-51,51762617;"SPRF-RS";"DEL06-RS";"UOP01-DEL06-RS"
573217;2024-01-03;"quarta-feira";"17:10:00";"RS";448;22;"PORTO ALEGRE";"Ausência de reação do condutor";"Tombamento";"Com Vítimas Feridas";"Pleno dia";"Crescente";"Céu Claro";"Simples";"Curva";"Sim";1;0;1;0;0;0;1;1;-29,972212;-51,199139;"SPRF-RS";"DEL01-RS";"UOP01-DEL01-RS"
573220;2024-01-07;"domingo";"17:30:00";"MS";267;229,7;"NOVA ALVORADA DO SUL";"Condutor deixou de manter distância do veículo da frente";"Colisão traseira";"Sem Vítimas";"Pleno dia";"Crescente";"Céu Claro";"Simples";"Reta";"Não";4;0;0;0;4;0;0;2;-21,5354366;-54,20843897;"SPRF-MS";"DEL02-MS";"UOP01-DEL02-MS"
573221;2024-01-07;"domingo";"19:30:00";"BA";116;809,3;"VITORIA DA CONQUISTA";"Transitar na contramão";"Colisão lateral sentido oposto";"Com Vítimas Fatais";"Plena Noite";"Crescente";"Chuva";"Simples";"Reta";"Não";5;1;3;0;1;0;3;2;-14,74763842;-40,67316778;"SPRF-BA";"DEL08-BA";"UOP01-DEL08-BA"
573222;2024-01-07;"domingo";"20:00:00";"AL";101;125;"SAO MIGUEL DOS CAMPOS";"Velocidade Incompatível";"Saída de leito carroçável";"Com Vítimas Feridas";"Plena Noite";"Crescente";"Céu Claro";"Dupla";"Curva;Retorno Regulamentado   ";"Não";1;0;1;0;0;0;1;1;-9,71848502;-36,04687896;"SPRF-AL";"DEL02-AL";"UOP01-DEL02-AL"
573223;2024-01-07;"domingo";"19:40:00";"PA";230;107;"SAO JOAO DO ARAGUAIA";"Reação tardia ou ineficiente do condutor";"Colisão traseira";"Com Vítimas Feridas";"Plena Noite";"Decrescente";"Céu Claro";"Simples";"Reta";"Não";2;0;0;1;0;1;1;2;-5,42984186;-48,93289947;"SPRF-PA";"DEL03-PA";"UOP01-DEL03-PA"
573224;2024-01-07;"domingo";"16:40:00";"AC";364;6;"ACRELANDIA";"Retorno proibido";"Colisão traseira";"Com Vítimas Feridas";"Pleno dia";"Decrescente";"Céu Claro";"Simples";"Reta";"Não";2;0;0;1;1;0;1;2;-9,82847629;-66,88259576;"SPRF-AC";"DEL01-AC";"UOP03-DEL01-AC"
573226;2024-01-07;"domingo";"01:45:00";"RO";364;709;"PORTO VELHO";"Ingestão de álcool pelo condutor";"Saída de leito carroçável";"Sem Vítimas";"Plena Noite";"Decrescente";"Céu Claro";"Dupla";"Reta";"Sim";1;0;0;0;0;1;0;1;-8,7909383;-63,84895617;"SPRF-RO";"DEL01-RO";"UOP01-DEL01-RO"
573227;2024-01-07;"domingo";"18:00:00";"SP";116;218,8;"GUARULHOS";"Transitar na contramão";"Colisão frontal";"Com Vítimas Feridas";"Plena Noite";"Crescente";"Céu Claro";"Múltipla";"Reta";"Não";3;0;2;0;1;0;2;2;-23,457972;-46,479927;"SPRF-SP";"DEL01-SP";"UOP01-DEL01-SP"
573229;2024-01-07;"domingo";"18:40:00";"SC";101;75,3;"ARAQUARI";"Ingestão de álcool pelo condutor";"Colisão lateral mesmo sentido";"Com Vítimas Feridas";"Anoitecer";"Decrescente";"Sol";"Dupla";"Curva";"Não";5;0;2;0;3;0;2;2;-26,5554483;-48,72024518;"SPRF-SC";"DEL03-SC";"UOP02-DEL03-SC"
573230;2024-01-07;"domingo";"19:10:00";"PB";104;137,8;"QUEIMADAS";"Ausência de reação do condutor";"Saída de leito carroçável";"Com Vítimas Feridas";"Plena Noite";"Crescente";"Céu Claro";"Simples";"Reta";"Não";1;0;1;0;0;0;1;1;-7,352277;-35,90094;"SPRF-PB";"DEL02-PB";"UOP03-DEL02-PB"
573232;2024-01-07;"domingo";"20:06:00";"RS";392;52,3;"RIO GRANDE";"Reação tardia ou ineficiente do condutor";"Colisão traseira";"Sem Vítimas";"Plena Noite";"Crescente";"Chuva";"Múltipla";"Reta";"Não";4;0;0;0;3;1;0;2;-31,85621898;-52,32534987;"SPRF-RS";"DEL07-RS";"UOP02-DEL07-RS"
573233;2024-01-07;"domingo";"16:50:00";"RS";290;53,8;"GLORINHA";"Condutor deixou de manter distância do veículo da frente";"Colisão traseira";"Sem Vítimas";"Pleno dia";"Crescente";"Nublado";"Múltipla";"Reta";"Não";2;0;0;0;2;0;0;2;-29,912077;-50,787758;"SPRF-RS";"DEL03-RS";"UOP01-DEL03-RS"
573235;2024-01-07;"domingo";"19:00:00";"RN";110;34;"MOSSORO";"Ausência de reação do condutor";"Colisão transversal";"Sem Vítimas";"Plena Noite";"Decrescente";"Céu Claro";"Simples";"Curva";"Não";2;0;0;0;1;1;0;2;-5,16077999;-37,22144202;"SPRF-RN";"DEL04-RN";"UOP01-DEL04-RN"
573236;2024-01-07;"domingo";"20:55:00";"SP";116;274;"TABOAO DA SERRA";"Acessar a via sem observar a presença dos outros veículos";"Colisão transversal";"Sem Vítimas";"Plena Noite";"Decrescente";"Céu Claro";"Dupla";"Reta";"Sim";3;0;0;0;3;0;0;3;-23,61822139;-46,80619955;"SPRF-SP";"DEL04-SP";"UOP01-DEL04-SP"