"id";"data_inversa";"dia_semana";"horario";"uf";"br";"km";"municipio";"causa_acidente";"tipo_acidente";"classificacao_acidente";"fase_dia";"sentido_via";"condicao_metereologica";"tipo_pista";"tracado_via";"uso_solo";"pessoas";"mortos";"feridos_leves";"feridos_graves";"ilesos";"ignorados";"feridos";"veiculos";"latitude";"longitude";"regional";"delegacia";"uop"
574234;2024-01-12;"sexta-feira";"02:30:00";"AP";210;134;"PORTO GRANDE";"Ausência de reação do condutor";"Saída de leito carroçável";"Com Vítimas Feridas";"Amanhecer";"Decrescente";"Ignorado";"Simples";"Declive";"Não";1;0;0;1;0;0;1;1;0,70564616;-51,41271608;"SPRF-AP";"DEL01-AP";"UOP01-DEL01-AP"
574236;2024-01-12;"sexta-feira";"16:45:00";"CE";116;20;"ITAITINGA";"Condutor deixou de manter distância do veículo da frente";"Colisão traseira";"Com Vítimas Feridas";"Pleno dia";"Crescente";"Céu Claro";"Dupla";"Reta";"Sim";3;0;1;0;2;0;1;3;-3,92277497;-38,50762327;"SPRF-CE";"DEL01-CE";"UOP02-DEL01-CE"
574237;2024-01-12;"sexta-feira";"14:00:00";"RS";116;422;"CRISTAL";"Ausência de reação do condutor";"Saída de leito carroçável";"Com Vítimas Feridas";"Pleno dia";"Crescente";"Céu Claro";"Simples";"Reta";"Não";1;0;1;0;0;0;1;1;-30,96928866;-51,99520216;"SPRF-RS";"DEL02-RS";"UOP02-DEL02-RS"
574238;2024-01-12;"sexta-feira";"15:20:00";"BA";116;813,1;"VITORIA DA CONQUISTA";"Ausência de reação do condutor";"Queda de ocupante de veículo";"Com Vítimas Feridas";"Pleno dia";"Crescente";"Céu Claro";"Simples";"Reta";"Não";2;0;2;0;0;0;2;1;-14,80255;-40,77818;"SPRF-BA";"DEL08-BA";"UOP01-DEL08-BA"
574239;2024-01-12;"sexta-feira";"13:00:00";"BA";410;15;"TUCANO";"Avarias e/ou desgaste excessivo no pneu";"Saída de leito carroçável";"Com Vítimas Fatais";"Pleno dia";"Decrescente";"Céu Claro";"Simples";"Reta";"Não";8;1;0;7;0;0;7;1;-10,88352517;-38,64735791;"SPRF-BA";"DEL07-BA";"UOP02-DEL07-BA"
574240;2024-01-12;"sexta-feira";"15:30:00";"PI";316;2,4;"TERESINA";"Estacionar ou parar em local proibido";"Colisão traseira";"Com Vítimas Feridas";"Pleno dia";"Crescente";"Nublado";"Simples";"Aclive;Reta;Viaduto           ";"Sim";4;0;2;0;2;0;2;3;-5,12477477;-42,79848465;"SPRF-PI";"DEL01-PI";"UOP02-DEL01-PI"
574241;2024-01-12;"sexta-feira";"16:10:00";"PE";232;258,1;"ARCOVERDE";"Manobra de mudança de faixa";"Colisão transversal";"Com Vítimas Feridas";"Pleno dia";"Crescente";"Sol";"Simples";"Reta";"Sim";3;0;0;1;2;0;1;2;-8,40763741;-37,11127205;"SPRF-PE";"DEL04-PE";"UOP02-DEL04-PE"
574242;2024-01-12;"sexta-feira";"16:00:00";"MG";267;166,5;"LIMA DUARTE";"Condutor deixou de manter distância do veículo da frente";"Colisão traseira";"Sem Vítimas";"Pleno dia";"Decrescente";"Chuva";"Simples";"Curva;Declive                 ";"Não";2;0;0;0;2;0;0;2;-21,85623502;-43,835793;"SPRF-MG";"DEL05-MG";"UOP01-DEL05-MG"
574243;2024-01-12;"sexta-feira";"16:00:00";"RS";290;400;"SANTA MARGARIDA DO SUL";"Ausência de reação do condutor";"Saída de leito carroçável";"Com Vítimas Feridas";"Pleno dia";"Crescente";"Céu Claro";"Simples";"Reta";"Não";3;0;0;2;0;1;2;2;-30,35437;-54,147533;"SPRF-RS";"DEL09-RS";"UOP02-DEL09-RS"
574246;2024-01-12;"sexta-feira";"16:20:00";"PB";230;23;"JOAO PESSOA";"Condutor deixou de manter distância do veículo da frente";"Colisão traseira";"Com Vítimas Feridas";"Pleno dia";"Decrescente";"Céu Claro";"Dupla";"Curva";"Sim";2;0;1;0;1;0;1;2;-7,1562;-34,8574;"SPRF-PB";"DEL01-PB";"UOP01-DEL01-PB"
574249;2024-01-12;"sexta-feira";"13:00:00";"MG";381;728,6;"CARMO DA CACHOEIRA";"Velocidade Incompatível";"Saída de leito carroçável";"Com Vítimas Feridas";"Pleno dia";"Crescente";"Chuva";"Dupla";"Curva";"Não";2;0;1;0;1;0;1;1;-21,52361199;-45,22481701;"SPRF-MG";"DEL04-MG";"UOP02-DEL04-MG"
574252;2024-01-12;"sexta-feira";"18:10:00";"SE";235;5;"NOSSA SENHORA DO SOCORRO";"Acessar a via sem observar a presença dos outros veículos";"Colisão frontal";"Com Vítimas Feridas";"Plena Noite";"Crescente";"Céu Claro";"Dupla";"Reta;Declive                  ";"Sim";2;0;1;0;0;1;1;2;-10,9041;-37,1278;"SPRF-SE";"DEL01-SE";"UOP01-DEL01-SE"
574253;2024-01-12;"sexta-feira";"17:55:00";"PE";424;94,5;"GARANHUNS";"Ingestão de álcool pelo condutor";"Saída de leito carroçável";"Com Vítimas Feridas";"Pleno dia";"Decrescente";"Céu Claro";"Simples";"Curva";"Não";1;0;1;0;0;0;1;1;-8,91590392;-36,48883344;"SPRF-PE";"DEL03-PE";"UOP01-DEL03-PE"
574254;2024-01-12;"sexta-feira";"17:27:00";"RN";101;129;"NISIA FLORESTA";"Condutor deixou de manter distância do veículo da frente";"Colisão traseira";"Com Vítimas Feridas";"Anoitecer";"Crescente";"Céu Claro";"Dupla";"Reta";"Não";2;0;1;0;1;0;1;2;-6,112119;-35,233627;"SPRF-RN";"DEL01-RN";"UOP01-DEL01-RN"
574255;2024-01-12;"sexta-feira";"16:25:00";"MG";40;695;"ALFREDO VASCONCELOS";"Acessar a via sem observar a presença dos outros veículos";"Colisão lateral mesmo sentido";"Com Vítimas Feridas";"Pleno dia";"Decrescente";"Chuva";"Simples";"Reta;Declive                  ";"Sim";2;0;1;0;1;0;1;2;-21,1391999;-43,76576512;"SPRF-MG";"DEL05-MG";"UOP02-DEL05-MG"
574256;2024-01-12;"sexta-feira";"17:10:00";"PE";232;117;"CARUARU";"Pedestre cruzava a pista fora da faixa";"Atropelamento de Pedestre";"Com Vítimas Feridas";"Pleno dia";"Decrescente";"Céu Claro";"Dupla";"Reta";"Não";2;0;0;1;0;1;1;2;-8,29529153;-35,8754959;"SPRF-PE";"DEL02-PE";"UOP01-DEL02-PE"
574257;2024-01-12;"sexta-feira";"18:30:00";"BA";116;826;"VITORIA DA CONQUISTA";"Ingestão de álcool pelo condutor";"Colisão traseira";"Com Vítimas Feridas";"Anoitecer";"Decrescente";"Céu Claro";"Simples";"Reta";"Não";3;0;0;1;1;1;1;3;-14,885474;-40,859052;"SPRF-BA";"DEL08-BA";"UOP01-DEL08-BA"
574258;2024-01-12;"sexta-feira";"18:20:00";"MG";381;490,7;"BETIM";"Condutor deixou de manter distância do veículo da frente";"Colisão traseira";"Com Vítimas Feridas";"Anoitecer";"Crescente";"Nublado";"Múltipla";"Reta";"Sim";2;0;1;0;0;1;1;2;-19,95624622;-44,14272308;"SPRF-MG";"DEL01-MG";"UOP03-DEL01-MG"
574262;2024-01-12;"sexta-feira";"17:31:00";"PE";428;11;"CABROBO";"Acessar a via sem observar a presença dos outros veículos";"Colisão frontal";"Com Vítimas Feridas";"Anoitecer";"Decrescente";"Céu Claro";"Simples";"Reta";"Sim";3;0;0;1;2;0;1;2;-8,5063914;-39,3161128;"SPRF-PE";"DEL05-PE";"UOP03-DEL05-PE"
574263;2024-01-12;"sexta-feira";"16:40:00";"MA";316;499,1;"CODO";"Velocidade Incompatível";"Saída de leito carroçável";"Com Vítimas Feridas";"Pleno dia";"Crescente";"Chuva";"Simples";"Curva";"Não";1;0;1;0;0;0;1;1;-4,71293;-43,764786;"SPRF-MA";"DEL03-MA";"UOP02-DEL03-MA"
574264;2024-01-12;"sexta-feira";"18:00:00";"RJ";101;434;"MANGARATIBA";"Demais falhas mecânicas ou elétricas";"Colisão frontal";"Com Vítimas Feridas";"Anoitecer";"Crescente";"Chuva";"Simples";"Reta;Aclive                   ";"Não";6;0;2;0;4;0;2;2;-22,93724723;-44,04629489;"SPRF-RJ";"DEL03-RJ";"UOP02-DEL03-RJ"
574265;2024-01-12;"sexta-feira";"18:45:00";"SE";101;1;"PROPRIA";"Animais na Pista";"Atropelamento de Animal";"Com Vítimas Feridas";"Plena Noite";"Decrescente";"Céu Claro";"Dupla";"Reta";"Sim";2;0;1;1;0;0;2;1;-10,21497574;-36,82283067;"SPRF-SE";"DEL02-SE";"UOP02-DEL02-SE"
574266;2024-01-12;"sexta-feira";"13:51:00";"AC";317;43;"SENADOR GUIOMARD";"Reação tardia ou ineficiente do condutor";"Saída de leito carroçável";"Sem Vítimas";"Pleno dia";"Decrescente";"Nublado";"Simples";"Reta";"Não";1;0;0;0;0;1;0;1;-9,91575387;-67,44800634;"SPRF-AC";"DEL01-AC";"UOP01-DEL01-AC"
574267;2024-01-12;"sexta-feira";"17:05:00";"MG";40;35,8;"PARACATU";"Demais falhas mecânicas ou elétricas";"Incêndio";"Sem Vítimas";"Pleno dia";"Crescente";"Céu Claro";"Simples";"Curva";"Não";2;0;0;0;2;0;0;1;-17,193207;-46,917147;"SPRF-MG";"DEL14-MG";"UOP01-DEL14-MG"
574269;2024-01-12;"sexta-feira";"16:20:00";"MG";381;432;"SABARA";"Condutor Dormindo";"Queda de ocupante de veículo";"Com Vítimas Feridas";"Pleno dia";"Crescente";"Chuva";"Simples";"Reta;Declive                  ";"Não";1;0;1;0;0;0;1;1;-19,78750571;-43,73981096;"SPRF-MG";"DEL01-MG";"UOP01-DEL01-MG"
574270;2024-01-12;"sexta-feira";"17:30:00";"RJ";40;123;"DUQUE DE CAXIAS";"Condutor deixou de manter distância do veículo da frente";"Colisão traseira";"Com Vítimas Feridas";"Pleno dia";"Decrescente";"Céu Claro";"Dupla";"Reta";"Sim";3;0;1;0;1;1;1;2;-22,79907687;-43,29015739;"SPRF-RJ";"DEL01-RJ";"UOP02-DEL01-RJ"
574272;2024-01-12;"sexta-feira";"17:50:00";"SC";470;132,9;"RIO DO SUL";"Condutor Dormindo";"Colisão transversal";"Com Vítimas Feridas";"Pleno dia";"Decrescente";"Nublado";"Dupla";"Curva";"Não";7;0;2;0;5;0;2;3;-27,170237;-49,574718;"SPRF-SC";"DEL04-SC";"UOP02-DEL04-SC"
574276;2024-01-12;"sexta-feira";"10:30:00";"RJ";116;25;"SAPUCAIA";"Pista Escorregadia";"Colisão com objeto";"Sem Vítimas";"Pleno dia";"Decrescente";"Céu Claro";"Simples";"Curva";"Não";1;0;0;0;1;0;0;1;-22,03820204;-42,78241995;"SPRF-RJ";"DEL05-RJ";"UOP01-DEL05-RJ"
574277;2024-01-12;"sexta-feira";"19:30:00";"SP";116;448;"REGISTRO";"Transitar na contramão";"Colisão frontal";"Com Vítimas Feridas";"Plena Noite";"Decrescente";"Nublado";"Dupla";"Reta";"Sim";2;0;2;0;0;0;2;2;-24,52099699;-47,85336602;"SPRF-SP";"DEL05-SP";"UOP01-DEL05-SP"
574278;2024-01-12;"sexta-feira";"19:40:00";"MG";381;907,5;"CAMBUI";"Velocidade Incompatível";"Tombamento";"Com Vítimas Feridas";"Anoitecer";"Crescente";"Céu Claro";"Dupla";"Aclive;Curva                  ";"Não";1;0;1;0;0;0;1;1;-22,67464936;-46,09794617;"SPRF-MG";"DEL16-MG";"UOP03-DEL16-MG"
574279;2024-01-12;"sexta-feira";"19:00:00";"GO";452;0;"RIO VERDE";"Ingestão de álcool pelo condutor";"Colisão com objeto";"Com Vítimas Feridas";"Plena Noite";"Decrescente";"Nublado";"Dupla";"Retorno Regulamentado;Viaduto ";"Sim";1;0;1;0;0;0;1;1;-17,786345;-50,901516;"SPRF-GO";"DEL04-GO";"UOP01-DEL04-GO"
574280;2024-01-12;"sexta-feira";"16:50:00";"RJ";116;144;"DUQUE DE CAXIAS";"Acesso irregular";"Colisão transversal";"Com Vítimas Feridas";"Pleno dia";"Crescente";"Chuva";"Múltipla";"Reta";"Sim";2;0;2;0;0;0;2;2;-22,65737709;-43,24724694;"SPRF-RJ";"DEL01-RJ";"UOP02-DEL01-RJ"
574284;2024-01-12;"sexta-feira";"20:10:00";"RS";116;268;"CANOAS";"Acessar a via sem observar a presença dos outros veículos";"Colisão transversal";"Com Vítimas Feridas";"Plena Noite";"Decrescente";"Céu Claro";"Dupla";"Reta";"Não";3;0;2;0;1;0;2;2;-29,95673237;-51,17597938;"SPRF-RS";"DEL01-RS";"UOP01-DEL01-RS"
574285;2024-01-12;"sexta-feira";"19:40:00";"PR";369;147,3;"LONDRINA";"Condutor deixou de manter distância do veículo da frente";"Colisão traseira";"Com Vítimas Feridas";"Plena Noite";"Decrescente";"Nublado";"Dupla";"Declive;Reta                  ";"Sim";3;0;1;0;2;0;1;3;-23,293165;-51,136102;"SPRF-PR";"DEL07-PR";"UOP01-DEL07-PR"
574287;2024-01-12;"sexta-feira";"16:00:00";"BA";242;413;"SEABRA";"Acessar a via sem observar a presença dos outros veículos";"Colisão frontal";"Com Vítimas Feridas";"Pleno dia";"Crescente";"Céu Claro";"Simples";"Reta";"Sim";2;0;0;1;1;0;1;2;-12,42772116;-41,76143939;"SPRF-BA";"DEL06-BA";"UOP01-DEL06-BA"
574288;2024-01-12;"sexta-feira";"16:20:00";"BA";101;36;"ESPLANADA";"Ausência de reação do condutor";"Colisão com objeto";"Com Vítimas Feridas";"Pleno dia";"Crescente";"Céu Claro";"Simples";"Reta";"Não";1;0;0;1;0;0;1;1;-11,82457761;-37,98451325;"SPRF-SE";"DEL02-SE";"UOP03-DEL02-SE"
574289;2024-01-12;"sexta-feira";"18:00:00";"PI";343;589;"FLORIANO";"Manobra de mudança de faixa";"Colisão lateral mesmo sentido";"Com Vítimas Feridas";"Plena Noite";"Crescente";"Ignorado";"Dupla";"Reta";"Sim";3;0;2;0;1;0;2;2;-6,776695;-43,009346;"SPRF-PI";"DEL03-PI";"UOP01-DEL03-PI"
574290;2024-01-12;"sexta-feira";"20:40:00";"BA";116;721,1;"MANOEL VITORINO";"Manobra de mudança de faixa";"Colisão frontal";"Com Vítimas Feridas";"Plena Noite";"Decrescente";"Céu Claro";"Simples";"Reta;Aclive                   ";"Não";6;0;3;3;0;0;6;2;-14,20471303;-40,27150419;"SPRF-BA";"DEL08-BA";"UOP02-DEL08-BA"
574291;2024-01-12;"sexta-feira";"18:30:00";"DF";80;16;"BRASILIA";"Ausência de reação do condutor";"Saída de leito carroçável";"Com Vítimas Feridas";"Plena Noite";"Decrescente";"Céu Claro";"Simples";"Aclive;Reta                   ";"Sim";1;0;1;0;0;0;1;1;-15,710013;-48,199486;"SPRF-DF";"DEL03-DF";"UOP02-DEL03-DF"
574292;2024-01-12;"sexta-feira";"19:00:00";"RS";116;209,5;"MORRO REUTER";"Acumulo de areia ou detritos sobre o pavimento";"Tombamento";"Com Vítimas Feridas";"Plena Noite";"Decrescente";"Céu Claro";"Simples";"Curva";"Não";1;0;1;0;0;0;1;1;-29,50328115;-51,10764995;"SPRF-RS";"DEL05-RS";"UOP02-DEL05-RS"
574293;2024-01-12;"sexta-feira";"18:20:00";"RJ";101;295;"ITABORAI";"Trafegar com motocicleta (ou similar) entre as faixas";"Colisão lateral mesmo sentido";"Com Vítimas Feridas";"Plena Noite";"Decrescente";"Chuva";"Múltipla";"Reta";"Sim";2;0;1;0;1;0;1;2;-22,76365068;-42,90223623;"SPRF-RJ";"DEL02-RJ";"UOP02-DEL02-RJ"
574294;2024-01-12;"sexta-feira";"20:30:00";"ES";101;220,2;"IBIRACU";"Retorno proibido";"Colisão transversal";"Com Vítimas Feridas";"Pleno dia";"Decrescente";"Céu Claro";"Simples";"Reta";"Não";3;0;1;1;0;1;2;2;-19,86379124;-40,39171492;"SPRF-ES";"DEL02-ES";"UOP01-DEL02-ES"
574295;2024-01-12;"sexta-feira";"16:30:00";"RJ";116;275;"BARRA MANSA";"Manobra de mudança de faixa";"Colisão lateral mesmo sentido";"Com Vítimas Feridas";"Anoitecer";"Decrescente";"Chuva";"Múltipla";"Ponte;Reta;Declive            ";"Sim";3;0;2;0;1;0;2;2;-22,56207185;-44,15671311;"SPRF-RJ";"DEL07-RJ";"UOP02-DEL07-RJ"
574296;2024-01-12;"sexta-feira";"20:40:00";"PR";376;177,5;"MARINGA";"Manobra de mudança de faixa";"Colisão lateral mesmo sentido";"Com Vítimas Feridas";"Plena Noite";"Crescente";"Nublado";"Múltipla";"Interseção de Vias";"Sim";2;0;0;1;1;0;1;2;-23,41495398;-51,9259572;"SPRF-PR";"DEL09-PR";"UOP01-DEL09-PR"
574298;2024-01-12;"sexta-feira";"20:00:00";"RJ";116;286;"BARRA MANSA";"Ausência de reação do condutor";"Colisão traseira";"Com Vítimas Feridas";"Plena Noite";"Crescente";"Chuva";"Dupla";"Reta";"Não";3;0;2;0;1;0;2;2;-22,49846046;-44,23342487;"SPRF-RJ";"DEL07-RJ";"UOP02-DEL07-RJ"
574299;2024-01-12;"sexta-feira";"19:15:00";"RO";364;716,4;"PORTO VELHO";"Entrada inopinada do pedestre";"Atropelamento de Pedestre";"Com Vítimas Fatais";"Plena Noite";"Decrescente";"Céu Claro";"Dupla";"Reta";"Não";2;1;0;0;1;0;0;2;-8,79076116;-63,90327573;"SPRF-RO";"DEL01-RO";"UOP01-DEL01-RO"
574301;2024-01-12;"sexta-feira";"18:50:00";"RJ";465;13;"SEROPEDICA";"Ausência de reação do condutor";"Colisão transversal";"Com Vítimas Feridas";"Anoitecer";"Decrescente";"Chuva";"Simples";"Reta";"Sim";2;0;0;1;1;0;1;2;-22,798468;-43,645508;"SPRF-RJ";"DEL06-RJ";"UOP02-DEL06-RJ"
574302;2024-01-12;"sexta-feira";"20:10:00";"RJ";101;585;"PARATY";"Chuva";"Atropelamento de Pedestre";"Com Vítimas Feridas";"Plena Noite";"Decrescente";"Chuva";"Simples";"Reta";"Não";2;0;0;1;1;0;1;2;-23,27179821;-44,68485182;"SPRF-RJ";"DEL03-RJ";"UOP04-DEL03-RJ"
574304;2024-01-12;"sexta-feira";"21:30:00";"MG";365;164;"PIRAPORA";"Transitar na contramão";"Colisão frontal";"Com Vítimas Fatais";"Plena Noite";"Decrescente";"Céu Claro";"Simples";"Reta";"Não";5;1;0;0;4;0;0;2;-17,37659084;-44,95293512;"SPRF-MG";"DEL10-MG";"UOP02-DEL010-MG"
574305;2024-01-12;"sexta-feira";"21:10:00";"PB";230;10;"CABEDELO";"Iluminação deficiente";"Tombamento";"Com Vítimas Feridas";"Plena Noite";"Crescente";"Garoa/Chuvisco";"Dupla";"Reta";"Não";1;0;0;1;0;0;1;1;-7,0514;-34,8499;"SPRF-PB";"DEL01-PB";"UOP01-DEL01-PB"
574306;2024-01-12;"sexta-feira";"21:30:00";"MG";40;462,3;"SETE LAGOAS";"Chuva";"Colisão lateral sentido oposto";"Com Vítimas Feridas";"Plena Noite";"Decrescente";"Chuva";"Dupla";"Curva;Declive                 ";"Não";2;0;0;1;1;0;1;2;-19,45038924;-44,3166822;"SPRF-MG";"DEL02-MG";"UOP01-DEL02-MG"
574307;2024-01-12;"sexta-feira";"15:10:00";"MG";116;343;"CAMPANARIO";"Demais falhas mecânicas ou elétricas";"Colisão lateral sentido oposto";"Com Vítimas Fatais";"Pleno dia";"Crescente";"Céu Claro";"Simples";"Reta;Ponte                    ";"Não";51;6;10;30;3;2;40;3;-18,34490304;-41,77128292;"SPRF-MG";"DEL11-MG";"UOP01-DEL11-MG"
574308;2024-01-12;"sexta-feira";"20:00:00";"CE";230;80,3;"VARZEA ALEGRE";"Pedestre andava na pista";"Atropelamento de Pedestre";"Com Vítimas Fatais";"Plena Noite";"Crescente";"Céu Claro";"Dupla";"Reta";"Sim";2;1;0;0;0;1;0;2;-6,793341;-39,305819;"SPRF-CE";"DEL05-CE";"UOP01-DEL05-CE"
574311;2024-01-12;"sexta-feira";"19:40:00";"MG";262;802;"UBERABA";"Acumulo de areia ou detritos sobre o pavimento";"Tombamento";"Com Vítimas Feridas";"Plena Noite";"Decrescente";"Céu Claro";"Dupla";"Reta";"Sim";1;0;1;0;0;0;1;1;-19,779234;-47,964844;"SPRF-MG";"DEL13-MG";"UOP01-DEL13-MG"
574312;2024-01-12;"sexta-feira";"20:00:00";"SC";282;488,1;"FAXINAL DOS GUEDES";"Ingestão de álcool pelo condutor";"Colisão traseira";"Sem Vítimas";"Plena Noite";"Crescente";"Céu Claro";"Simples";"Rotatória";"Sim";3;0;0;0;3;0;0;2;-26,863047;-52,270107;"SPRF-SC";"DEL07-SC";"UOP01-DEL07-SC"
574313;2024-01-12;"sexta-feira";"21:55:00";"CE";116;5;"FORTALEZA";"Velocidade Incompatível";"Colisão com objeto";"Com Vítimas Feridas";"Plena Noite";"Crescente";"Céu Claro";"Múltipla";"Reta";"Sim";1;0;0;1;0;0;1;1;-3,79467116;-38,50772734;"SPRF-CE";"DEL01-CE";"UOP02-DEL01-CE"
574314;2024-01-12;"sexta-feira";"21:40:00";"PR";369;418,8;"UBIRATA";"Reação tardia ou ineficiente do condutor";"Saída de leito carroçável";"Com Vítimas Fatais";"Plena Noite";"Decrescente";"Céu Claro";"Simples";"Declive;Interseção de Vias    ";"Não";4;1;2;0;1;0;2;1;-24,48839833;-52,89281845;"SPRF-PR";"DEL04-PR";"UOP03-DEL04-PR"
574316;2024-01-12;"sexta-feira";"20:10:00";"SP";101;51,9;"UBATUBA";"Acessar a via sem observar a presença dos outros veículos";"Colisão transversal";"Com Vítimas Feridas";"Plena Noite";"Crescente";"Chuva";"Simples";"Reta";"Sim";3;0;0;1;0;2;1;3;-23,46159291;-45,06570339;"SPRF-SP";"DEL06-SP";"UOP01-DEL06-SP"
574317;2024-01-12;"sexta-feira";"20:40:00";"RJ";116;183;"NOVA IGUACU";"Ingestão de álcool pelo condutor";"Colisão traseira";"Com Vítimas Feridas";"Plena Noite";"Crescente";"Chuva";"Dupla";"Reta";"Sim";2;0;0;1;1;0;1;2;-22,7516014;-43,43849831;"SPRF-RJ";"DEL06-RJ";"UOP01-DEL06-RJ"
574318;2024-01-12;"sexta-feira";"18:00:00";"MA";316;506,8;"CODO";"Acessar a via sem observar a presença dos outros veículos";"Atropelamento de Pedestre";"Com Vítimas Fatais";"Plena Noite";"Crescente";"Chuva";"Simples";"Reta";"Sim";2;1;0;0;0;1;0;2;-4,728815;-43,713264;"SPRF-MA";"DEL03-MA";"UOP02-DEL03-MA"
574319;2024-01-12;"sexta-feira";"21:53:00";"SC";280;28,9;"ARAQUARI";"Trafegar com motocicleta (ou similar) entre as faixas";"Colisão frontal";"Com Vítimas Feridas";"Plena Noite";"Crescente";"Garoa/Chuvisco";"Simples";"Reta";"Não";3;0;0;2;1;0;2;2;-26,40450077;-48,74561031;"SPRF-SC";"DEL03-SC";"UOP03-DEL03-SC"
574320;2024-01-12;"sexta-feira";"22:20:00";"ES";101;143;"LINHARES";"Ausência de reação do condutor";"Tombamento";"Com Vítimas Feridas";"Plena Noite";"Decrescente";"Céu Claro";"Dupla";"Reta";"Sim";1;0;0;1;0;0;1;1;-19,34286596;-40,0638568;"SPRF-ES";"DEL04-ES";"UOP01-DEL04-ES"
574321;2024-01-12;"sexta-feira";"22:10:00";"PR";277;36;"MORRETES";"Reação tardia ou ineficiente do condutor";"Colisão com objeto";"Sem Vítimas";"Plena Noite";"Decrescente";"Garoa/Chuvisco";"Dupla";"Curva;Declive                 ";"Não";5;0;0;0;5;0;0;1;-25,571052;-48,839246;"SPRF-PR";"DEL01-PR";"UOP05-DEL01-PR"
574323;2024-01-12;"sexta-feira";"21:00:00";"MA";135;264,3;"CAPINZAL DO NORTE";"Animais na Pista";"Atropelamento de Animal";"Com Vítimas Feridas";"Plena Noite";"Crescente";"Chuva";"Simples";"Reta;Aclive                   ";"Não";1;0;1;0;0;0;1;1;-4,69279499;-44,33048009;"SPRF-MA";"DEL03-MA";"UOP01-DEL03-MA"
574324;2024-01-12;"sexta-feira";"23:00:00";"SP";116;215;"GUARULHOS";"Reação tardia ou ineficiente do condutor";"Colisão traseira";"Com Vítimas Feridas";"Pleno dia";"Crescente";"Chuva";"Múltipla";"Reta";"Sim";2;0;1;0;0;1;1;2;-23,44695693;-46,45394103;"SPRF-SP";"DEL01-SP";"UOP01-DEL01-SP"
574326;2024-01-12;"sexta-feira";"21:00:00";"RJ";101;404;"ITAGUAI";"Pedestre andava na pista";"Atropelamento de Pedestre";"Com Vítimas Feridas";"Plena Noite";"Crescente";"Garoa/Chuvisco";"Dupla";"Curva";"Sim";2;0;1;0;0;1;1;2;-22,86342703;-43,79642098;"SPRF-RJ";"DEL03-RJ";"UOP01-DEL03-RJ"
574328;2024-01-12;"sexta-feira";"20:00:00";"MT";163;694;"LUCAS DO RIO VERDE";"Reação tardia ou ineficiente do condutor";"Saída de leito carroçável";"Com Vítimas Feridas";"Plena Noite";"Decrescente";"Ignorado";"Simples";"Reta";"Não";2;0;2;0;0;0;2;1;-13,12620914;-55,96026168;"SPRF-MT";"DEL06-MT";"UOP01-DEL06-MT"
574329;2024-01-12;"sexta-feira";"19:20:00";"MG";262;738,5;"PERDIZES";"Demais falhas mecânicas ou elétricas";"Saída de leito carroçável";"Com Vítimas Feridas";"Plena Noite";"Crescente";"Céu Claro";"Simples";"Reta";"Não";2;0;1;0;1;0;1;1;-19,6120303;-47,40225703;"SPRF-MG";"DEL08-MG";"UOP01-DEL08-MG"
574330;2024-01-12;"sexta-feira";"21:30:00";"RR";432;195;"CANTA";"Ausência de sinalização";"Colisão lateral sentido oposto";"Com Vítimas Fatais";"Plena Noite";"Crescente";"Céu Claro";"Simples";"Curva";"Não";3;1;0;1;1;0;1;2;2,643694006;-60,5918290311;"SPRF-RR";"DEL01-RR";"UOP01-DEL01-RR"
574332;2024-01-13;"sábado";"00:20:00";"RJ";40;82;"PETROPOLIS";"Chuva";"Queda de ocupante de veículo";"Com Vítimas Feridas";"Plena Noite";"Decrescente";"Chuva";"Dupla";"Curva";"Não";1;0;1;0;0;0;1;1;-22,51183137;-43,23076171;"SPRF-RJ";"DEL01-RJ";"UOP01-DEL01-RJ"
574334;2024-01-13;"sábado";"00:40:00";"PR";376;261;"CALIFORNIA";"Ausência de reação do condutor";"Queda de ocupante de veículo";"Com Vítimas Feridas";"Plena Noite";"Crescente";"Nublado";"Dupla";"Retorno Regulamentado";"Não";1;0;1;0;0;0;1;1;-23,70927793;-51,32245185;"SPRF-PR";"DEL07-PR";"UOP03-DEL07-PR"
574336;2024-01-13;"sábado";"02:00:00";"PI";343;592,5;"FLORIANO";"Ausência de reação do condutor";"Colisão traseira";"Sem Vítimas";"Plena Noite";"Crescente";"Ignorado";"Simples";"Rotatória";"Sim";2;0;0;0;2;0;0;2;-6,77712261;-43,03326112;"SPRF-PI";"DEL03-PI";"UOP01-DEL03-PI"
574338;2024-01-13;"sábado";"02:15:00";"RS";285;271,9;"MATO CASTELHANO";"Velocidade Incompatível";"Saída de leito carroçável";"Com Vítimas Feridas";"Plena Noite";"Crescente";"Céu Claro";"Simples";"Curva";"Não";5;0;2;0;2;1;2;1;-28,30466052;-52,13386059;"SPRF-RS";"DEL08-RS";"UOP03-DEL08-RS"
574340;2024-01-12;"sexta-feira";"18:00:00";"MA";135;3;"SAO LUIS";"Acessar a via sem observar a presença dos outros veículos";"Colisão transversal";"Sem Vítimas";"Anoitecer";"Decrescente";"Nublado";"Dupla";"Reta;Retorno Regulamentado    ";"Sim";2;0;0;0;2;0;0;2;-2,606802;-44,247512;"SPRF-MA";"DEL01-MA";"UOP01-DEL01-MA"