"id";"data_inversa";"dia_semana";"horario";"uf";"br";"km";"municipio";"causa_acidente";"tipo_acidente";"classificacao_acidente";"fase_dia";"sentido_via";"condicao_metereologica";"tipo_pista";"tracado_via";"uso_solo";"pessoas";"mortos";"feridos_leves";"feridos_graves";"ilesos";"ignorados";"feridos";"veiculos";"latitude";"longitude";"regional";"delegacia";"uop"
574794;2024-01-14;"domingo";"23:30:00";"RJ";116;187;"NOVA IGUACU";"Ausência de reação do condutor";"Queda de ocupante de veículo";"Com Vítimas Feridas";"Plena Noite";"Crescente";"Céu Claro";"Dupla";"Reta";"Sim";2;0;2;0;0;0;2;1;-22,73883756;-43,47245197;"SPRF-RJ";"DEL06-RJ";"UOP01-DEL06-RJ"
574796;2024-01-14;"domingo";"23:50:00";"BA";101;474;"URUCUCA";"Reação tardia ou ineficiente do condutor";"Saída de leito carroçável";"Com Vítimas Feridas";"Plena Noite";"Crescente";"Céu Claro";"Simples";"Interseção de Vias";"Não";5;0;5;0;0;0;5;1;-14,56588983;-39,33508873;"SPRF-BA";"DEL05-BA";"UOP01-DEL05-BA"
574797;2024-01-14;"domingo";"22:00:00";"MG";262;133;"RIO CASCA";"Transitar na contramão";"Colisão frontal";"Com Vítimas Fatais";"Plena Noite";"Crescente";"Céu Claro";"Simples";"Curva";"Não";3;1;0;0;2;0;0;2;-20,12927598;-42,69390431;"SPRF-MG";"DEL03-MG";"UOP03-DEL03-MG"
574799;2024-01-14;"domingo";"21:00:00";"RS";468;124,7;"TIRADENTES DO SUL";"Reação tardia ou ineficiente do condutor";"Colisão traseira";"Com Vítimas Feridas";"Plena Noite";"Crescente";"Chuva";"Simples";"Reta";"Sim";3;0;2;0;1;0;2;2;-27,40082304;-54,065281;"SPRF-RS";"DEL08-RS";"UOP02-DEL08-RS"
574800;2024-01-15;"segunda-feira";"01:30:00";"RS";392;26;"RIO GRANDE";"Condutor deixou de manter distância do veículo da frente";"Colisão traseira";"Com Vítimas Feridas";"Plena Noite";"Decrescente";"Céu Claro";"Dupla";"Reta";"Sim";2;0;1;0;0;1;1;2;-32,07835445;-52,25665029;"SPRF-RS";"DEL07-RS";"UOP02-DEL07-RS"
574801;2024-01-14;"domingo";"20:30:00";"PB";230;406;"POMBAL";"Ingestão de álcool pelo condutor";"Colisão transversal";"Com Vítimas Feridas";"Plena Noite";"Decrescente";"Céu Claro";"Simples";"Reta";"Sim";2;0;0;1;1;0;1;2;-6,7842;-37,7987;"SPRF-PB";"DEL03-PB";"UOP02-DEL03-PB"
574803;2024-01-14;"domingo";"21:30:00";"CE";222;144;"IRAUCUBA";"Transitar na contramão";"Colisão frontal";"Com Vítimas Fatais";"Plena Noite";"Crescente";"Céu Claro";"Simples";"Reta";"Sim";4;1;3;0;0;0;3;2;-3,7603063;-39,73895318;"SPRF-CE";"DEL04-CE";"UOP03-DEL04-CE"
574804;2024-01-15;"segunda-feira";"02:00:00";"CE";116;437,5;"BARRO";"Ausência de reação do condutor";"Colisão lateral mesmo sentido";"Com Vítimas Fatais";"Plena Noite";"Crescente";"Céu Claro";"Simples";"Reta";"Não";3;1;0;1;0;1;1;2;-7,00595261;-38,75255698;"SPRF-CE";"DEL05-CE";"UOP03-DEL05-CE"
574806;2024-01-15;"segunda-feira";"01:00:00";"PA";10;7,1;"DOM ELISEU";"Manobra de mudança de faixa";"Colisão frontal";"Com Vítimas Feridas";"Plena Noite";"Decrescente";"Céu Claro";"Simples";"Reta;Aclive                   ";"Não";2;0;2;0;0;0;2;2;-4,38439306;-47,53529121;"SPRF-PA";"DEL02-PA";"UOP02-DEL02-PA"
574807;2024-01-15;"segunda-feira";"02:25:00";"MG";262;456,4;"NOVA SERRANA";"Condutor Dormindo";"Saída de leito carroçável";"Com Vítimas Feridas";"Plena Noite";"Crescente";"Nublado";"Simples";"Reta";"Não";2;0;1;0;1;0;1;1;-19,82527364;-45,07729053;"SPRF-MG";"DEL08-MG";"UOP03-DEL08-MG"
574808;2024-01-14;"domingo";"19:30:00";"MT";70;522;"VARZEA GRANDE";"Acessar a via sem observar a presença dos outros veículos";"Colisão transversal";"Com Vítimas Feridas";"Plena Noite";"Decrescente";"Céu Claro";"Simples";"Reta";"Sim";3;0;0;2;1;0;2;2;-15,66320547;-56,18513346;"SPRF-MT";"DEL01-MT";"UOP02-DEL01-MT"
574809;2024-01-15;"segunda-feira";"03:59:00";"PI";343;313;"ALTOS";"Reação tardia ou ineficiente do condutor";"Colisão traseira";"Com Vítimas Feridas";"Amanhecer";"Crescente";"Céu Claro";"Simples";"Aclive;Reta                   ";"Não";2;0;1;0;1;0;1;2;-5,046057;-42,509869;"SPRF-PI";"DEL01-PI";"UOP01-DEL01-PI"
574810;2024-01-15;"segunda-feira";"05:00:00";"MG";262;448;"NOVA SERRANA";"Acessar a via sem observar a presença dos outros veículos";"Colisão traseira";"Sem Vítimas";"Plena Noite";"Decrescente";"Nublado";"Simples";"Reta";"Não";6;0;0;0;5;1;0;2;-19,85573124;-45,01750946;"SPRF-MG";"DEL08-MG";"UOP03-DEL08-MG"
574812;2024-01-15;"segunda-feira";"04:50:00";"PR";369;157;"LONDRINA";"Condutor Dormindo";"Tombamento";"Com Vítimas Feridas";"Plena Noite";"Crescente";"Nublado";"Dupla";"Reta;Interseção de Vias       ";"Sim";1;0;1;0;0;0;1;1;-23,2872019;-51,2261365;"SPRF-PR";"DEL07-PR";"UOP01-DEL07-PR"
574813;2024-01-15;"segunda-feira";"05:40:00";"MG";381;447;"SANTA LUZIA";"Condutor Dormindo";"Saída de leito carroçável";"Com Vítimas Feridas";"Amanhecer";"Decrescente";"Garoa/Chuvisco";"Simples";"Aclive;Curva                  ";"Sim";5;0;1;0;4;0;1;1;-19,83447607;-43,85011601;"SPRF-MG";"DEL01-MG";"UOP01-DEL01-MG"
574815;2024-01-15;"segunda-feira";"05:14:00";"PR";376;619;"SAO JOSE DOS PINHAIS";"Acessar a via sem observar a presença dos outros veículos";"Colisão transversal";"Com Vítimas Feridas";"Amanhecer";"Crescente";"Céu Claro";"Simples";"Reta";"Sim";2;0;1;0;1;0;1;2;-25,60925907;-49,17205834;"SPRF-PR";"DEL01-PR";"UOP04-DEL01-PR"
574816;2024-01-15;"segunda-feira";"05:44:00";"PB";230;49;"SANTA RITA";"Ausência de reação do condutor";"Saída de leito carroçável";"Com Vítimas Feridas";"Pleno dia";"Decrescente";"Céu Claro";"Dupla";"Reta";"Não";2;0;1;0;0;1;1;2;-7,1803;-35,0485;"SPRF-PB";"DEL01-PB";"UOP03-DEL01-PB"
574818;2024-01-14;"domingo";"20:25:00";"PI";135;231;"COLONIA DO GURGUEIA";"Animais na Pista";"Atropelamento de Animal";"Com Vítimas Fatais";"Plena Noite";"Crescente";"Nublado";"Simples";"Reta";"Não";1;1;0;0;0;0;0;1;-8,21441401;-43,79529186;"SPRF-PI";"DEL03-PI";"UOP02-DEL03-PI"
574821;2024-01-15;"segunda-feira";"05:30:00";"SP";116;51;"LORENA";"Curva acentuada";"Colisão com objeto";"Sem Vítimas";"Amanhecer";"Crescente";"Céu Claro";"Dupla";"Reta";"Não";2;0;0;0;2;0;0;1;-22,74157511;-45,09206392;"SPRF-SP";"DEL08-SP";"UOP02-DEL08-SP"
574822;2024-01-04;"quinta-feira";"13:30:00";"GO";40;6;"VALPARAISO DE GOIAS";"Ausência de reação do condutor";"Queda de ocupante de veículo";"Sem Vítimas";"Pleno dia";"Crescente";"Nublado";"Dupla";"Reta";"Não";1;0;0;0;1;0;0;1;-16,100814;-47,977351;"SPRF-DF";"DEL01-DF";"UOP01-DEL01-DF"
574824;2024-01-14;"domingo";"23:15:00";"SC";101;446,3;"SANTA ROSA DO SUL";"Reação tardia ou ineficiente do condutor";"Saída de leito carroçável";"Sem Vítimas";"Plena Noite";"Crescente";"Ignorado";"Dupla";"Reta";"Não";1;0;0;0;1;0;0;1;-29,14529081;-49,72240128;"SPRF-SC";"DEL02-SC";"UOP02-DEL02-SC"
574826;2024-01-15;"segunda-feira";"06:40:00";"MG";116;276,3;"TEOFILO OTONI";"Acesso irregular";"Colisão lateral mesmo sentido";"Com Vítimas Feridas";"Pleno dia";"Crescente";"Céu Claro";"Simples";"Reta";"Sim";2;0;1;0;1;0;1;2;-17,85105696;-41,51454492;"SPRF-MG";"DEL11-MG";"UOP01-DEL11-MG"
574827;2024-01-15;"segunda-feira";"00:45:00";"SP";116;508;"CAJATI";"Reação tardia ou ineficiente do condutor";"Saída de leito carroçável";"Sem Vítimas";"Plena Noite";"Crescente";"Céu Claro";"Simples";"Reta";"Não";1;0;0;0;0;1;0;1;-24,81333299;-48,21310484;"SPRF-SP";"DEL05-SP";"UOP02-DEL05-SP"
574828;2024-01-15;"segunda-feira";"07:00:00";"PR";376;600;"CURITIBA";"Manobra de mudança de faixa";"Colisão lateral mesmo sentido";"Com Vítimas Feridas";"Pleno dia";"Decrescente";"Céu Claro";"Dupla";"Reta";"Não";3;0;2;0;1;0;2;2;-25,53195602;-49,32205901;"SPRF-PR";"DEL01-PR";"UOP06-DEL01-PR"
574829;2024-01-15;"segunda-feira";"06:20:00";"PE";316;61;"TRINDADE";"Acesso irregular";"Colisão traseira";"Sem Vítimas";"Pleno dia";"Decrescente";"Céu Claro";"Simples";"Reta";"Não";3;0;0;0;2;1;0;2;-7,77549362;-40,25174282;"SPRF-PE";"DEL05-PE";"UOP02-DEL05-PE"
574831;2024-01-14;"domingo";"17:40:00";"BA";101;857,8;"TEIXEIRA DE FREITAS";"Demais falhas mecânicas ou elétricas";"Incêndio";"Com Vítimas Feridas";"Pleno dia";"Decrescente";"Céu Claro";"Simples";"Aclive;Reta                   ";"Não";1;0;1;0;0;0;1;1;-17,57759187;-39,73659523;"SPRF-BA";"DEL09-BA";"UOP02-DEL09-BA"
574832;2024-01-15;"segunda-feira";"07:50:00";"TO";10;455;"PALMAS";"Ausência de reação do condutor";"Colisão traseira";"Com Vítimas Feridas";"Pleno dia";"Crescente";"Chuva";"Dupla";"Declive;Reta                  ";"Sim";2;0;1;0;1;0;1;2;-10,29138835;-48,29737902;"SPRF-TO";"DEL01-TO";"UOP03-DEL01-TO"
574833;2024-01-15;"segunda-feira";"07:30:00";"SC";101;119;"ITAJAI";"Manobra de mudança de faixa";"Colisão lateral mesmo sentido";"Com Vítimas Feridas";"Pleno dia";"Decrescente";"Sol";"Múltipla";"Reta";"Não";2;0;1;0;1;0;1;2;-26,9043179;-48,71555481;"SPRF-SC";"DEL04-SC";"UOP04-DEL04-SC"
574834;2024-01-15;"segunda-feira";"07:30:00";"SC";101;191,9;"BIGUACU";"Avarias e/ou desgaste excessivo no pneu";"Queda de ocupante de veículo";"Com Vítimas Feridas";"Pleno dia";"Crescente";"Céu Claro";"Dupla";"Reta";"Não";2;0;2;0;0;0;2;1;-27,47730273;-48,64127329;"SPRF-SC";"DEL01-SC";"UOP01-DEL01-SC"
574835;2024-01-14;"domingo";"21:30:00";"BA";101;875,5;"TEIXEIRA DE FREITAS";"Animais na Pista";"Atropelamento de Animal";"Com Vítimas Feridas";"Plena Noite";"Crescente";"Céu Claro";"Simples";"Reta";"Sim";2;0;2;0;0;0;2;1;-17,52804858;-39,70955662;"SPRF-BA";"DEL09-BA";"UOP02-DEL09-BA"
574837;2024-01-15;"segunda-feira";"07:20:00";"MG";381;488;"BETIM";"Manobra de mudança de faixa";"Colisão lateral mesmo sentido";"Com Vítimas Feridas";"Pleno dia";"Decrescente";"Chuva";"Dupla";"Aclive;Reta                   ";"Sim";2;0;1;0;1;0;1;2;-19,9598656;-44,15489715;"SPRF-MG";"DEL01-MG";"UOP03-DEL01-MG"
574838;2024-01-15;"segunda-feira";"04:00:00";"MG";40;34;"PARACATU";"Ausência de reação do condutor";"Saída de leito carroçável";"Com Vítimas Feridas";"Plena Noite";"Decrescente";"Céu Claro";"Simples";"Curva;Declive                 ";"Não";1;0;1;0;0;0;1;1;-17,18867389;-46,92301984;"SPRF-MG";"DEL14-MG";"UOP01-DEL14-MG"
574839;2024-01-15;"segunda-feira";"07:00:00";"MG";40;42;"PARACATU";"Acessar a via sem observar a presença dos outros veículos";"Colisão transversal";"Com Vítimas Feridas";"Pleno dia";"Decrescente";"Céu Claro";"Simples";"Retorno Regulamentado;Interseç";"Sim";2;0;0;2;0;0;2;2;-17,2188441;-46,8666753;"SPRF-MG";"DEL14-MG";"UOP01-DEL14-MG"
574840;2024-01-15;"segunda-feira";"08:09:00";"MG";381;542;"ITATIAIUCU";"Velocidade Incompatível";"Saída de leito carroçável";"Com Vítimas Feridas";"Pleno dia";"Crescente";"Céu Claro";"Dupla";"Aclive;Curva                  ";"Não";2;0;2;0;0;0;2;1;-20,23811999;-44,41188812;"SPRF-MG";"DEL04-MG";"UOP03-DEL04-MG"
574841;2024-01-14;"domingo";"23:30:00";"RJ";101;390;"RIO DE JANEIRO";"Ingestão de álcool pelo condutor";"Colisão com objeto";"Sem Vítimas";"Plena Noite";"Decrescente";"Céu Claro";"Dupla";"Curva;Viaduto                 ";"Não";1;0;0;0;1;0;0;1;-22,89346927;-43,67542992;"SPRF-RJ";"DEL03-RJ";"UOP01-DEL03-RJ"
574842;2024-01-15;"segunda-feira";"08:15:00";"MG";365;624,6;"UBERLANDIA";"Pista esburacada";"Tombamento";"Com Vítimas Feridas";"Pleno dia";"Crescente";"Céu Claro";"Dupla";"Reta";"Sim";1;0;0;1;0;0;1;1;-18,90926042;-48,30970645;"SPRF-MG";"DEL15-MG";"UOP01-DEL15-MG"
574844;2024-01-15;"segunda-feira";"05:20:00";"RO";364;18;"VILHENA";"Ultrapassagem Indevida";"Saída de leito carroçável";"Sem Vítimas";"Pleno dia";"Decrescente";"Céu Claro";"Simples";"Reta";"Não";1;0;0;0;1;0;0;1;-12,72972661;-60,17479789;"SPRF-RO";"DEL04-RO";"UOP01-DEL04-RO"
574845;2024-01-15;"segunda-feira";"08:00:00";"BA";116;426,1;"FEIRA DE SANTANA";"Reação tardia ou ineficiente do condutor";"Colisão transversal";"Com Vítimas Feridas";"Pleno dia";"Decrescente";"Céu Claro";"Simples";"Reta";"Sim";2;0;0;1;1;0;1;2;-12,2695;-38,99;"SPRF-BA";"DEL02-BA";"UOP01-DEL02-BA"
574846;2024-01-15;"segunda-feira";"08:50:00";"RN";101;97;"NATAL";"Condutor deixou de manter distância do veículo da frente";"Colisão lateral mesmo sentido";"Com Vítimas Feridas";"Pleno dia";"Crescente";"Céu Claro";"Dupla";"Reta;Declive                  ";"Sim";4;0;2;0;2;0;2;2;-5,86567888;-35,21651625;"SPRF-RN";"DEL01-RN";"UOP01-DEL01-RN"
574847;2024-01-15;"segunda-feira";"07:25:00";"ES";101;37,5;"CONCEICAO DA BARRA";"Desrespeitar a preferência no cruzamento";"Colisão transversal";"Com Vítimas Feridas";"Pleno dia";"Crescente";"Céu Claro";"Simples";"Interseção de Vias;Reta       ";"Não";2;0;1;0;0;1;1;2;-18,47332967;-39,92661186;"SPRF-ES";"DEL04-ES";"UOP02-DEL04-ES"
574851;2024-01-15;"segunda-feira";"05:50:00";"PE";116;29;"SALGUEIRO";"Ultrapassagem Indevida";"Saída de leito carroçável";"Com Vítimas Feridas";"Amanhecer";"Crescente";"Céu Claro";"Simples";"Reta;Ponte                    ";"Não";3;0;2;1;0;0;3;1;-8,095521;-39,124843;"SPRF-PE";"DEL05-PE";"UOP01-DEL05-PE"
574852;2024-01-15;"segunda-feira";"09:15:00";"RJ";40;108;"DUQUE DE CAXIAS";"Reação tardia ou ineficiente do condutor";"Colisão traseira";"Com Vítimas Feridas";"Pleno dia";"Decrescente";"Chuva";"Dupla";"Reta";"Sim";2;0;0;1;1;0;1;2;-22,66476979;-43,28495144;"SPRF-RJ";"DEL01-RJ";"UOP02-DEL01-RJ"
574854;2024-01-15;"segunda-feira";"06:00:00";"RJ";116;148;"DUQUE DE CAXIAS";"Manobra de mudança de faixa";"Colisão lateral mesmo sentido";"Com Vítimas Feridas";"Pleno dia";"Crescente";"Sol";"Dupla";"Reta;Aclive;Viaduto           ";"Sim";2;0;1;0;1;0;1;2;-22,6723488;-43,28215398;"SPRF-RJ";"DEL01-RJ";"UOP02-DEL01-RJ"
574862;2024-01-15;"segunda-feira";"08:50:00";"GO";60;31;"ALEXANIA";"Acessar a via sem observar a presença dos outros veículos";"Colisão transversal";"Com Vítimas Feridas";"Pleno dia";"Decrescente";"Céu Claro";"Dupla";"Retorno Regulamentado;Reta    ";"Sim";2;0;1;0;1;0;1;2;-16,09179454;-48,49476814;"SPRF-DF";"DEL03-DF";"UOP01-DEL03-DF"
574866;2024-01-15;"segunda-feira";"08:20:00";"SC";101;83,5;"BARRA VELHA";"Reação tardia ou ineficiente do condutor";"Colisão traseira";"Com Vítimas Feridas";"Pleno dia";"Crescente";"Nublado";"Dupla";"Reta";"Sim";2;0;1;0;1;0;1;2;-26,61864896;-48,71859312;"SPRF-SC";"DEL03-SC";"UOP02-DEL03-SC"
574867;2024-01-15;"segunda-feira";"10:45:00";"PR";277;729,2;"FOZ DO IGUACU";"Transitar na contramão";"Colisão frontal";"Com Vítimas Feridas";"Pleno dia";"Crescente";"Céu Claro";"Simples";"Retorno Regulamentado;Curva;Vi";"Sim";4;0;1;0;2;1;1;3;-25,50749887;-54,58379896;"SPRF-PR";"DEL05-PR";"UOP03-DEL05-PR"
574870;2024-01-15;"segunda-feira";"09:55:00";"MG";381;705;"LAVRAS";"Reação tardia ou ineficiente do condutor";"Colisão com objeto";"Com Vítimas Feridas";"Pleno dia";"Crescente";"Chuva";"Dupla";"Curva";"Não";2;0;2;0;0;0;2;1;-21,34965018;-45,17946289;"SPRF-MG";"DEL04-MG";"UOP02-DEL04-MG"
574871;2024-01-15;"segunda-feira";"07:35:00";"MG";116;507,5;"UBAPORANGA";"Acessar a via sem observar a presença dos outros veículos";"Colisão transversal";"Com Vítimas Feridas";"Pleno dia";"Decrescente";"Nublado";"Simples";"Reta";"Sim";2;0;1;0;1;0;1;2;-19,61953715;-42,10872923;"SPRF-MG";"DEL06-MG";"UOP02-DEL06-MG"
574872;2024-01-15;"segunda-feira";"04:30:00";"ES";262;99,6;"VENDA NOVA DO IMIGRANTE";"Condutor Dormindo";"Colisão com objeto";"Com Vítimas Feridas";"Amanhecer";"Crescente";"Céu Claro";"Simples";"Declive";"Não";1;0;0;1;0;0;1;1;-20,35052264;-41,09312126;"SPRF-ES";"DEL01-ES";"UOP02-DEL01-ES"
574874;2024-01-15;"segunda-feira";"11:00:00";"PR";369;140;"IBIPORA";"Mal súbito do condutor";"Colisão lateral mesmo sentido";"Com Vítimas Feridas";"Pleno dia";"Decrescente";"Céu Claro";"Simples";"Curva";"Sim";3;0;1;0;2;0;1;3;-23,273568;-51,05318;"SPRF-PR";"DEL07-PR";"UOP01-DEL07-PR"
574876;2024-01-15;"segunda-feira";"09:50:00";"MS";163;538;"JARAGUARI";"Ausência de reação do condutor";"Engavetamento";"Com Vítimas Feridas";"Pleno dia";"Decrescente";"Nublado";"Simples";"Reta;Aclive                   ";"Não";7;0;1;0;5;1;1;3;-20,00703107;-54,39790883;"SPRF-MS";"DEL01-MS";"UOP02-DEL01-MS"
574877;2024-01-13;"sábado";"21:40:00";"ES";262;20;"VIANA";"Velocidade Incompatível";"Capotamento";"Sem Vítimas";"Plena Noite";"Decrescente";"Céu Claro";"Simples";"Reta";"Não";1;0;0;0;0;1;0;1;-20,38569081;-40,49680586;"SPRF-ES";"DEL01-ES";"UOP01-DEL01-ES"
574879;2024-01-15;"segunda-feira";"09:30:00";"SP";101;41,8;"UBATUBA";"Manobra de mudança de faixa";"Colisão lateral mesmo sentido";"Com Vítimas Feridas";"Pleno dia";"Decrescente";"Céu Claro";"Simples";"Reta";"Não";3;0;2;0;1;0;2;2;-23,41597789;-45,03645658;"SPRF-SP";"DEL06-SP";"UOP01-DEL06-SP"
574884;2024-01-15;"segunda-feira";"11:20:00";"PR";277;669,8;"MEDIANEIRA";"Reação tardia ou ineficiente do condutor";"Colisão com objeto";"Com Vítimas Feridas";"Pleno dia";"Crescente";"Chuva";"Dupla";"Reta";"Sim";2;0;1;0;1;0;1;1;-25,27562214;-54,0709859;"SPRF-PR";"DEL05-PR";"UOP02-DEL05-PR"
574885;2024-01-15;"segunda-feira";"11:58:00";"SC";282;106;"ALFREDO WAGNER";"Acessar a via sem observar a presença dos outros veículos";"Colisão transversal";"Com Vítimas Feridas";"Pleno dia";"Crescente";"Céu Claro";"Simples";"Reta";"Não";2;0;1;0;1;0;1;2;-27,697609;-49,344734;"SPRF-SC";"DEL01-SC";"UOP03-DEL01-SC"
574886;2024-01-15;"segunda-feira";"11:00:00";"RJ";356;167;"SAO JOAO DA BARRA";"Ausência de reação do condutor";"Colisão lateral mesmo sentido";"Com Vítimas Feridas";"Pleno dia";"Decrescente";"Céu Claro";"Simples";"Reta";"Não";2;0;1;0;1;0;1;2;-21,71855602;-41,10127604;"SPRF-RJ";"DEL08-RJ";"UOP02-DEL08-RJ"
574887;2024-01-15;"segunda-feira";"09:00:00";"RJ";116;264;"VOLTA REDONDA";"Reação tardia ou ineficiente do condutor";"Capotamento";"Com Vítimas Feridas";"Pleno dia";"Decrescente";"Sol";"Múltipla";"Aclive;Curva                  ";"Não";4;0;3;0;1;0;3;1;-22,55695223;-44,12658691;"SPRF-RJ";"DEL07-RJ";"UOP02-DEL07-RJ"
574892;2024-01-15;"segunda-feira";"12:30:00";"PR";163;182,9;"LINDOESTE";"Demais falhas mecânicas ou elétricas";"Saída de leito carroçável";"Sem Vítimas";"Pleno dia";"Decrescente";"Garoa/Chuvisco";"Dupla";"Curva";"Não";1;0;0;0;1;0;0;1;-25,15864601;-53,59746064;"SPRF-PR";"DEL05-PR";"UOP05-DEL05-PR"
574893;2024-01-15;"segunda-feira";"13:00:00";"RS";116;263;"CANOAS";"Condutor desrespeitou a iluminação vermelha do semáforo";"Colisão transversal";"Com Vítimas Feridas";"Pleno dia";"Crescente";"Céu Claro";"Múltipla";"Interseção de Vias";"Sim";3;0;1;1;1;0;2;2;-29,90545398;-51,17674031;"SPRF-RS";"DEL01-RS";"UOP01-DEL01-RS"
574900;2024-01-02;"terça-feira";"17:25:00";"RS";386;351,5;"ESTRELA";"Condutor deixou de manter distância do veículo da frente";"Colisão traseira";"Com Vítimas Feridas";"Pleno dia";"Decrescente";"Garoa/Chuvisco";"Dupla";"Curva";"Sim";8;0;5;0;3;0;5;2;-29,48978627;-51,95234401;"SPRF-RS";"DEL04-RS";"UOP01-DEL04-RS"
574904;2024-01-05;"sexta-feira";"09:30:00";"GO";153;516,5;"APARECIDA DE GOIANIA";"Reação tardia ou ineficiente do condutor";"Saída de leito carroçável";"Com Vítimas Feridas";"Pleno dia";"Crescente";"Nublado";"Dupla";"Declive";"Sim";2;0;1;0;1;0;1;1;-16,8504;-49,2473;"SPRF-GO";"DEL01-GO";"UOP03-DEL01-GO"
574905;2024-01-15;"segunda-feira";"11:10:00";"RN";304;47,7;"MOSSORO";"Problema com o freio";"Tombamento";"Com Vítimas Feridas";"Pleno dia";"Crescente";"Céu Claro";"Dupla";"Reta";"Sim";1;0;1;0;0;0;1;1;-5,22597224;-37,33086797;"SPRF-RN";"DEL04-RN";"UOP01-DEL04-RN"
574907;2024-01-15;"segunda-feira";"13:40:00";"RJ";116;313,8;"RESENDE";"Acumulo de água sobre o pavimento";"Colisão com objeto";"Com Vítimas Feridas";"Pleno dia";"Decrescente";"Chuva";"Dupla";"Reta";"Não";4;0;3;0;1;0;3;1;-22,45998766;-44,46237202;"SPRF-RJ";"DEL07-RJ";"UOP02-DEL07-RJ"
574908;2024-01-15;"segunda-feira";"07:45:00";"SC";280;235,2;"CANOINHAS";"Manobra de mudança de faixa";"Colisão lateral sentido oposto";"Sem Vítimas";"Pleno dia";"Crescente";"Céu Claro";"Simples";"Reta";"Não";2;0;0;0;2;0;0;2;-26,19206283;-50,41295701;"SPRF-SC";"DEL06-SC";"UOP04-DEL06-SC"
574909;2024-01-15;"segunda-feira";"15:00:00";"CE";20;404;"CAUCAIA";"Ausência de reação do condutor";"Colisão transversal";"Com Vítimas Feridas";"Pleno dia";"Crescente";"Céu Claro";"Simples";"Reta";"Não";5;0;0;1;4;0;1;2;-3,77821762;-38,68607924;"SPRF-CE";"DEL01-CE";"UOP01-DEL01-CE"
574911;2024-01-15;"segunda-feira";"15:00:00";"SC";101;189,6;"BIGUACU";"Reação tardia ou ineficiente do condutor";"Saída de leito carroçável";"Com Vítimas Feridas";"Pleno dia";"Crescente";"Céu Claro";"Dupla";"Curva";"Não";2;0;2;0;0;0;2;1;-27,459393;-48,638914;"SPRF-SC";"DEL01-SC";"UOP01-DEL01-SC"
574912;2024-01-12;"sexta-feira";"08:54:00";"RS";285;324,9;"PASSO FUNDO";"Condutor deixou de manter distância do veículo da frente";"Colisão traseira";"Sem Vítimas";"Pleno dia";"Decrescente";"Céu Claro";"Simples";"Reta";"Não";3;0;0;0;2;1;0;3;-28,269268;-52,659126;"SPRF-RS";"DEL08-RS";"UOP03-DEL08-RS"
574914;2024-01-15;"segunda-feira";"10:53:00";"MG";381;710,2;"NEPOMUCENO";"Reação tardia ou ineficiente do condutor";"Colisão com objeto";"Com Vítimas Feridas";"Pleno dia";"Crescente";"Céu Claro";"Dupla";"Curva;Declive                 ";"Não";3;0;1;0;2;0;1;1;-21,38614615;-45,1948603;"SPRF-MG";"DEL04-MG";"UOP02-DEL04-MG"
574918;2024-01-15;"segunda-feira";"15:12:00";"RN";101;85;"NATAL";"Reação tardia ou ineficiente do condutor";"Colisão lateral mesmo sentido";"Sem Vítimas";"Pleno dia";"Crescente";"Sol";"Dupla";"Em Obras;Reta                 ";"Sim";2;0;0;0;2;0;0;2;-5,777664;-35,24937;"SPRF-RN";"DEL02-RN";"UOP01-DEL02-RN"
574920;2024-01-15;"segunda-feira";"15:05:00";"SC";101;206;"SAO JOSE";"Trafegar com motocicleta (ou similar) entre as faixas";"Colisão lateral mesmo sentido";"Com Vítimas Feridas";"Pleno dia";"Crescente";"Céu Claro";"Múltipla";"Reta";"Sim";2;0;0;1;1;0;1;2;-27,60327979;-48,63201818;"SPRF-SC";"DEL01-SC";"UOP01-DEL01-SC"
574921;2024-01-15;"segunda-feira";"15:10:00";"MG";262;196;"JOAO MONLEVADE";"Pista esburacada";"Tombamento";"Com Vítimas Feridas";"Pleno dia";"Crescente";"Nublado";"Simples";"Curva";"Não";1;0;1;0;0;0;1;1;-19,86091;-43,11725;"SPRF-MG";"DEL03-MG";"UOP01-DEL03-MG"
574922;2024-01-15;"segunda-feira";"15:20:00";"SC";101;35,1;"JOINVILLE";"Ausência de reação do condutor";"Colisão traseira";"Sem Vítimas";"Pleno dia";"Decrescente";"Chuva";"Dupla";"Reta;Declive                  ";"Não";3;0;0;0;1;2;0;3;-26,26570955;-48,89945984;"SPRF-SC";"DEL03-SC";"UOP01-DEL03-SC"
574923;2024-01-15;"segunda-feira";"15:30:00";"PR";163;227,3;"CASCAVEL";"Manobra de mudança de faixa";"Saída de leito carroçável";"Com Vítimas Feridas";"Pleno dia";"Decrescente";"Céu Claro";"Dupla";"Reta";"Sim";1;0;0;1;0;0;1;1;-24,897235;-53,533793;"SPRF-PR";"DEL04-PR";"UOP01-DEL04-PR"
574924;2024-01-15;"segunda-feira";"15:50:00";"ES";101;230;"FUNDAO";"Acessar a via sem observar a presença dos outros veículos";"Colisão transversal";"Com Vítimas Feridas";"Pleno dia";"Crescente";"Céu Claro";"Simples";"Reta";"Não";2;0;1;0;1;0;1;2;-19,93558165;-40,40603211;"SPRF-ES";"DEL02-ES";"UOP01-DEL02-ES"