"id";"data_inversa";"dia_semana";"horario";"uf";"br";"km";"municipio";"causa_acidente";"tipo_acidente";"classificacao_acidente";"fase_dia";"sentido_via";"condicao_metereologica";"tipo_pista";"tracado_via";"uso_solo";"pessoas";"mortos";"feridos_leves";"feridos_graves";"ilesos";"ignorados";"feridos";"veiculos";"latitude";"longitude";"regional";"delegacia";"uop"
574925;2024-01-15;"segunda-feira";"15:40:00";"RS";386;442;"CANOAS";"Conversão proibida";"Colisão transversal";"Com Vítimas Feridas";"Pleno dia";"Crescente";"Céu Claro";"Simples";"Reta";"Não";2;0;0;1;1;0;1;2;-29,885923;-51,223259;"SPRF-RS";"DEL01-RS";"UOP01-DEL01-RS"
574926;2024-01-15;"segunda-feira";"16:00:00";"RN";101;93,5;"NATAL";"Manobra de mudança de faixa";"Tombamento";"Com Vítimas Feridas";"Pleno dia";"Crescente";"Céu Claro";"Múltipla";"Viaduto";"Sim";2;0;2;0;0;0;2;1;-5,82309126;-35,20879637;"SPRF-RN";"DEL01-RN";"UOP01-DEL01-RN"
574929;2024-01-15;"segunda-feira";"15:50:00";"MG";365;621,9;"UBERLANDIA";"Condutor deixou de manter distância do veículo da frente";"Colisão lateral mesmo sentido";"Com Vítimas Feridas";"Pleno dia";"Decrescente";"Sol";"Dupla";"Reta";"Sim";3;0;3;0;0;0;3;2;-18,899923;-48,273839;"SPRF-MG";"DEL15-MG";"UOP01-DEL15-MG"
574930;2024-01-15;"segunda-feira";"16:00:00";"RN";101;97;"NATAL";"Manobra de mudança de faixa";"Colisão transversal";"Com Vítimas Feridas";"Pleno dia";"Decrescente";"Céu Claro";"Dupla";"Reta";"Sim";3;0;1;0;2;0;1;2;-5,8483995;-35,20713687;"SPRF-RN";"DEL01-RN";"UOP01-DEL01-RN"
574931;2024-01-15;"segunda-feira";"15:56:00";"RS";116;218,5;"MORRO REUTER";"Ausência de reação do condutor";"Saída de leito carroçável";"Com Vítimas Fatais";"Pleno dia";"Crescente";"Céu Claro";"Simples";"Curva;Declive                 ";"Não";2;1;0;0;0;1;0;2;-29,55121993;-51,08906202;"SPRF-RS";"DEL05-RS";"UOP02-DEL05-RS"
574932;2024-01-15;"segunda-feira";"16:40:00";"SP";116;0;"GUARULHOS";"Reação tardia ou ineficiente do condutor";"Tombamento";"Com Vítimas Feridas";"Pleno dia";"Crescente";"Céu Claro";"Dupla";"Reta";"Não";2;0;2;0;0;0;2;2;-23,463257;-46,53373;"SPRF-SP";"DEL01-SP";"UOP01-DEL01-SP"
574933;2024-01-15;"segunda-feira";"14:00:00";"RJ";101;392,5;"RIO DE JANEIRO";"Acesso irregular";"Colisão frontal";"Com Vítimas Feridas";"Pleno dia";"Crescente";"Céu Claro";"Simples";"Retorno Regulamentado";"Sim";2;0;1;0;1;0;1;2;-22,89265625;-43,6945091;"SPRF-RJ";"DEL03-RJ";"UOP01-DEL03-RJ"
574934;2024-01-15;"segunda-feira";"16:30:00";"SC";101;135;"BALNEARIO CAMBORIU";"Objeto estático sobre o leito carroçável";"Colisão com objeto";"Com Vítimas Feridas";"Pleno dia";"Crescente";"Céu Claro";"Múltipla";"Reta";"Sim";1;0;1;0;0;0;1;1;-27,0050108;-48,62677494;"SPRF-SC";"DEL04-SC";"UOP03-DEL04-SC"
574936;2024-01-15;"segunda-feira";"11:30:00";"SC";101;357;"SANGAO";"Condutor deixou de manter distância do veículo da frente";"Engavetamento";"Com Vítimas Feridas";"Pleno dia";"Decrescente";"Céu Claro";"Dupla";"Reta";"Não";3;0;0;1;2;0;1;3;-28,635168;-49,09467;"SPRF-SC";"DEL02-SC";"UOP01-DEL02-SC"
574938;2024-01-15;"segunda-feira";"17:00:00";"RN";101;83;"NATAL";"Demais falhas mecânicas ou elétricas";"Colisão traseira";"Com Vítimas Feridas";"Pleno dia";"Decrescente";"Céu Claro";"Dupla";"Viaduto";"Sim";2;0;0;2;0;0;2;2;-5,7710445;-35,26616981;"SPRF-RN";"DEL02-RN";"UOP01-DEL02-RN"
574940;2024-01-15;"segunda-feira";"16:05:00";"PR";277;216;"SANTA TEREZINHA DE ITAIPU";"Avarias e/ou desgaste excessivo no pneu";"Tombamento";"Com Vítimas Feridas";"Pleno dia";"Decrescente";"Nublado";"Simples";"Reta";"Sim";2;0;2;0;0;0;2;1;-25,46846453;-54,45692913;"SPRF-PR";"DEL08-PR";"UOP02-DEL08-PR"
574941;2024-01-15;"segunda-feira";"11:35:00";"SC";282;1;"FLORIANOPOLIS";"Pedestre andava na pista";"Atropelamento de Pedestre";"Com Vítimas Feridas";"Pleno dia";"Crescente";"Céu Claro";"Múltipla";"Reta";"Sim";2;0;0;1;0;1;1;2;-27,602955;-48,580509;"SPRF-SC";"DEL01-SC";"UOP01-DEL01-SC"
574942;2024-01-15;"segunda-feira";"15:50:00";"PR";376;471,9;"TIBAGI";"Velocidade Incompatível";"Saída de leito carroçável";"Sem Vítimas";"Pleno dia";"Decrescente";"Céu Claro";"Dupla";"Reta";"Não";3;0;0;0;3;0;0;1;-24,9558572;-50,39227746;"SPRF-PR";"DEL03-PR";"UOP01-DEL03-PR"
574943;2024-01-15;"segunda-feira";"17:10:00";"ES";101;1,5;"SERRA";"Demais falhas mecânicas ou elétricas";"Tombamento";"Com Vítimas Feridas";"Pleno dia";"Crescente";"Céu Claro";"Dupla";"Reta";"Não";2;0;2;0;0;0;2;1;-20,129093;-40,308125;"SPRF-ES";"DEL02-ES";"UOP01-DEL02-ES"
574946;2024-01-15;"segunda-feira";"17:35:00";"CE";116;17;"ITAITINGA";"Avarias e/ou desgaste excessivo no pneu";"Queda de ocupante de veículo";"Com Vítimas Feridas";"Pleno dia";"Crescente";"Céu Claro";"Múltipla";"Reta";"Sim";2;0;2;0;0;0;2;1;-3,89617918;-38,50336042;"SPRF-CE";"DEL01-CE";"UOP02-DEL01-CE"
574947;2024-01-15;"segunda-feira";"16:40:00";"MG";381;340,8;"BELA VISTA DE MINAS";"Transitar na contramão";"Colisão frontal";"Com Vítimas Fatais";"Pleno dia";"Crescente";"Nublado";"Simples";"Curva";"Não";3;1;0;1;0;1;1;3;-19,84087497;-43,09635354;"SPRF-MG";"DEL03-MG";"UOP01-DEL03-MG"
574948;2024-01-15;"segunda-feira";"16:40:00";"RS";285;670,8;"SAO BORJA";"Ausência de reação do condutor";"Colisão traseira";"Com Vítimas Feridas";"Pleno dia";"Crescente";"Céu Claro";"Simples";"Em Obras;Reta                 ";"Não";2;0;0;1;1;0;1;2;-28,669565;-55,95982;"SPRF-RS";"DEL12-RS";"UOP01-DEL12-RS"
574951;2024-01-15;"segunda-feira";"15:00:00";"MG";381;642,3;"SANTO ANTONIO DO AMPARO";"Reação tardia ou ineficiente do condutor";"Capotamento";"Com Vítimas Feridas";"Pleno dia";"Crescente";"Nublado";"Dupla";"Curva";"Não";2;0;1;0;1;0;1;1;-20,91634314;-44,86629397;"SPRF-MG";"DEL04-MG";"UOP01-DEL04-MG"
574952;2024-01-15;"segunda-feira";"17:40:00";"SC";470;70;"INDAIAL";"Reação tardia ou ineficiente do condutor";"Colisão traseira";"Com Vítimas Feridas";"Pleno dia";"Crescente";"Nublado";"Simples";"Reta";"Sim";2;0;2;0;0;0;2;2;-26,88942757;-49,25466503;"SPRF-SC";"DEL04-SC";"UOP01-DEL04-SC"
574953;2024-01-15;"segunda-feira";"13:44:00";"SC";470;138;"RIO DO SUL";"Reação tardia ou ineficiente do condutor";"Colisão traseira";"Com Vítimas Feridas";"Pleno dia";"Decrescente";"Chuva";"Simples";"Reta";"Sim";2;0;1;0;1;0;1;2;-27,207214;-49,648476;"SPRF-SC";"DEL04-SC";"UOP02-DEL04-SC"
574954;2024-01-05;"sexta-feira";"10:10:00";"SC";101;142;"ITAPEMA";"Afundamento ou ondulação no pavimento";"Colisão com objeto";"Com Vítimas Feridas";"Pleno dia";"Crescente";"Chuva";"Dupla";"Declive";"Sim";2;0;2;0;0;0;2;1;-27,056089;-48,599449;"SPRF-SC";"DEL04-SC";"UOP03-DEL04-SC"
574955;2024-01-15;"segunda-feira";"18:15:00";"RN";101;103,8;"PARNAMIRIM";"Manobra de mudança de faixa";"Colisão lateral mesmo sentido";"Com Vítimas Feridas";"Plena Noite";"Crescente";"Céu Claro";"Múltipla";"Reta";"Não";1;0;1;0;0;0;1;1;-5,89034022;-35,24894996;"SPRF-RN";"DEL01-RN";"UOP01-DEL01-RN"
574956;2024-01-15;"segunda-feira";"18:15:00";"RN";101;103;"PARNAMIRIM";"Condutor deixou de manter distância do veículo da frente";"Colisão lateral mesmo sentido";"Com Vítimas Feridas";"Plena Noite";"Crescente";"Céu Claro";"Dupla";"Reta";"Sim";2;0;2;0;0;0;2;2;-5,89034022;-35,24894996;"SPRF-RN";"DEL01-RN";"UOP01-DEL01-RN"
574957;2024-01-15;"segunda-feira";"16:00:00";"MT";163;55,9;"RONDONOPOLIS";"Acumulo de água sobre o pavimento";"Saída de leito carroçável";"Com Vítimas Feridas";"Pleno dia";"Crescente";"Chuva";"Dupla";"Declive";"Não";2;0;1;0;1;0;1;1;-17,03023299;-54,76417913;"SPRF-MT";"DEL02-MT";"UOP03-DEL02-MT"
574958;2024-01-15;"segunda-feira";"18:25:00";"SC";280;48,5;"GUARAMIRIM";"Retorno proibido";"Colisão transversal";"Com Vítimas Feridas";"Pleno dia";"Decrescente";"Nublado";"Simples";"Reta;Aclive;Em Obras          ";"Sim";3;0;2;0;1;0;2;2;-26,45506795;-48,92766502;"SPRF-SC";"DEL03-SC";"UOP03-DEL03-SC"
574959;2024-01-15;"segunda-feira";"18:00:00";"RS";392;347;"SANTA MARIA";"Acessar a via sem observar a presença dos outros veículos";"Colisão transversal";"Com Vítimas Feridas";"Pleno dia";"Crescente";"Sol";"Simples";"Reta;Interseção de Vias       ";"Sim";2;0;1;0;1;0;1;2;-29,76067988;-53,78700256;"SPRF-RS";"DEL09-RS";"UOP01-DEL09-RS"
574960;2024-01-15;"segunda-feira";"15:30:00";"RJ";356;27;"ITAPERUNA";"Condutor Dormindo";"Saída de leito carroçável";"Com Vítimas Feridas";"Pleno dia";"Decrescente";"Céu Claro";"Simples";"Declive";"Não";4;0;4;0;0;0;4;1;-21,18163338;-41,94541519;"SPRF-RJ";"DEL08-RJ";"UOP03-DEL08-RJ"
574961;2024-01-15;"segunda-feira";"12:50:00";"RJ";101;330;"RIO DE JANEIRO";"Manobra de mudança de faixa";"Tombamento";"Com Vítimas Feridas";"Pleno dia";"Decrescente";"Céu Claro";"Dupla";"Reta";"Sim";1;0;1;0;0;0;1;1;-22,8684989;-43,18548699;"SPRF-RJ";"DEL02-RJ";"UOP01-DEL02-RJ"
574965;2024-01-15;"segunda-feira";"16:30:00";"MG";381;924;"CAMANDUCAIA";"Chuva";"Colisão com objeto";"Com Vítimas Feridas";"Pleno dia";"Decrescente";"Chuva";"Dupla";"Curva";"Não";1;0;1;0;0;0;1;1;-22,77050246;-46,23490598;"SPRF-MG";"DEL16-MG";"UOP03-DEL16-MG"
574967;2024-01-15;"segunda-feira";"18:30:00";"GO";40;12,9;"LUZIANIA";"Acessar a via sem observar a presença dos outros veículos";"Colisão transversal";"Com Vítimas Feridas";"Plena Noite";"Crescente";"Céu Claro";"Dupla";"Reta";"Sim";2;0;0;1;1;0;1;2;-16,145123;-47,945382;"SPRF-DF";"DEL01-DF";"UOP01-DEL01-DF"
574968;2024-01-15;"segunda-feira";"18:25:00";"SC";101;120,7;"ITAJAI";"Condutor deixou de manter distância do veículo da frente";"Colisão traseira";"Com Vítimas Feridas";"Anoitecer";"Crescente";"Céu Claro";"Simples";"Viaduto";"Não";2;0;1;0;1;0;1;2;-26,912758;-48,711998;"SPRF-SC";"DEL04-SC";"UOP04-DEL04-SC"
574970;2024-01-15;"segunda-feira";"18:15:00";"RS";285;512,6;"VITORIA DAS MISSOES";"Desrespeitar a preferência no cruzamento";"Colisão transversal";"Com Vítimas Feridas";"Pleno dia";"Decrescente";"Sol";"Simples";"Declive;Reta                  ";"Não";2;0;0;1;1;0;1;2;-28,403116;-54,413624;"SPRF-RS";"DEL10-RS";"UOP01-DEL10-RS"
574973;2024-01-15;"segunda-feira";"18:25:00";"RJ";356;165;"SAO JOAO DA BARRA";"Condutor deixou de manter distância do veículo da frente";"Colisão traseira";"Com Vítimas Feridas";"Plena Noite";"Decrescente";"Céu Claro";"Simples";"Reta";"Não";3;0;1;0;2;0;1;2;-21,71855602;-41,10127604;"SPRF-RJ";"DEL08-RJ";"UOP02-DEL08-RJ"
574975;2024-01-15;"segunda-feira";"18:50:00";"RS";293;169;"HULHA NEGRA";"Demais falhas mecânicas ou elétricas";"Incêndio";"Sem Vítimas";"Pleno dia";"Decrescente";"Céu Claro";"Simples";"Reta;Declive                  ";"Não";2;0;0;0;2;0;0;1;-31,34749768;-53,95004479;"SPRF-RS";"DEL11-RS";"UOP03-DEL11-RS"
574978;2024-01-15;"segunda-feira";"11:50:00";"MA";222;209,9;"ITAPECURU MIRIM";"Acesso irregular";"Colisão transversal";"Com Vítimas Feridas";"Pleno dia";"Crescente";"Céu Claro";"Simples";"Reta";"Não";2;0;0;1;1;0;1;2;-3,39040253;-44,3639195;"SPRF-MA";"DEL01-MA";"UOP02-DEL01-MA"
574979;2024-01-15;"segunda-feira";"18:50:00";"BA";324;530;"FEIRA DE SANTANA";"Afundamento ou ondulação no pavimento";"Tombamento";"Com Vítimas Feridas";"Plena Noite";"Decrescente";"Céu Claro";"Múltipla";"Reta";"Não";2;0;2;0;0;0;2;1;-12,33704025;-38,8496536;"SPRF-BA";"DEL01-BA";"UOP03-DEL01-BA"
574980;2024-01-15;"segunda-feira";"19:33:00";"SP";116;321;"JUQUITIBA";"Pedestre cruzava a pista fora da faixa";"Atropelamento de Pedestre";"Com Vítimas Fatais";"Plena Noite";"Decrescente";"Ignorado";"Dupla";"Reta";"Sim";6;1;0;1;3;1;1;2;-23,934612;-47,01729;"SPRF-SP";"DEL04-SP";"UOP03-DEL04-SP"
574981;2024-01-15;"segunda-feira";"20:15:00";"ES";101;361,4;"ANCHIETA";"Iluminação deficiente";"Queda de ocupante de veículo";"Com Vítimas Feridas";"Plena Noite";"Decrescente";"Céu Claro";"Simples";"Reta";"Não";1;0;1;0;0;0;1;1;-20,71074392;-40,72242606;"SPRF-ES";"DEL03-ES";"UOP01-DEL03-ES"
574982;2024-01-15;"segunda-feira";"20:20:00";"RS";116;147,9;"CAXIAS DO SUL";"Manobra de mudança de faixa";"Tombamento";"Com Vítimas Feridas";"Plena Noite";"Crescente";"Céu Claro";"Dupla";"Reta";"Sim";1;0;1;0;0;0;1;1;-29,14908014;-51,1429969;"SPRF-RS";"DEL05-RS";"UOP01-DEL05-RS"
574983;2024-01-15;"segunda-feira";"20:35:00";"PR";116;160;"QUITANDINHA";"Reação tardia ou ineficiente do condutor";"Saída de leito carroçável";"Com Vítimas Feridas";"Plena Noite";"Crescente";"Nublado";"Simples";"Reta";"Não";1;0;1;0;0;0;1;1;-25,8644568;-49,39181797;"SPRF-PR";"DEL01-PR";"UOP03-DEL01-PR"
574985;2024-01-15;"segunda-feira";"20:35:00";"DF";80;24;"BRASILIA";"Animais na Pista";"Atropelamento de Animal";"Com Vítimas Feridas";"Plena Noite";"Crescente";"Céu Claro";"Simples";"Reta";"Não";2;0;2;0;0;0;2;1;-15,630569;-48,199944;"SPRF-DF";"DEL03-DF";"UOP02-DEL03-DF"
574986;2024-01-15;"segunda-feira";"21:15:00";"ES";101;147;"LINHARES";"Condutor desrespeitou a iluminação vermelha do semáforo";"Colisão transversal";"Com Vítimas Feridas";"Plena Noite";"Crescente";"Céu Claro";"Dupla";"Reta;Interseção de Vias       ";"Sim";4;0;4;0;0;0;4;2;-19,37887202;-40,06657892;"SPRF-ES";"DEL04-ES";"UOP01-DEL04-ES"
574987;2024-01-15;"segunda-feira";"21:20:00";"RN";304;103;"PARNAMIRIM";"Acessar a via sem observar a presença dos outros veículos";"Colisão transversal";"Com Vítimas Feridas";"Plena Noite";"Crescente";"Céu Claro";"Dupla";"Reta";"Sim";2;0;2;0;0;0;2;2;-5,891197;-35,252482;"SPRF-RN";"DEL04-RN";"UOP01-DEL04-RN"
574988;2024-01-15;"segunda-feira";"21:20:00";"SP";116;227;"GUARULHOS";"Iluminação deficiente";"Colisão com objeto";"Com Vítimas Feridas";"Plena Noite";"Decrescente";"Nublado";"Dupla";"Reta;Em Obras                 ";"Sim";2;0;1;0;0;1;1;2;-23,49659264;-46,55648754;"SPRF-SP";"DEL01-SP";"UOP01-DEL01-SP"
574990;2024-01-15;"segunda-feira";"20:45:00";"RN";226;174,5;"CURRAIS NOVOS";"Conversão proibida";"Colisão lateral mesmo sentido";"Com Vítimas Feridas";"Plena Noite";"Decrescente";"Céu Claro";"Simples";"Reta";"Sim";3;0;3;0;0;0;3;2;-6,2581793;-36,50117297;"SPRF-RN";"DEL03-RN";"UOP02-DEL03-RN"
574991;2024-01-15;"segunda-feira";"21:00:00";"RJ";101;60,2;"CAMPOS DOS GOYTACAZES";"Ausência de reação do condutor";"Colisão traseira";"Com Vítimas Feridas";"Plena Noite";"Crescente";"Céu Claro";"Simples";"Reta";"Sim";2;0;0;1;1;0;1;2;-21,72048414;-41,31448591;"SPRF-RJ";"DEL08-RJ";"UOP01-DEL08-RJ"
574992;2024-01-15;"segunda-feira";"22:35:00";"SC";101;207;"SAO JOSE";"Reação tardia ou ineficiente do condutor";"Colisão traseira";"Com Vítimas Feridas";"Plena Noite";"Crescente";"Céu Claro";"Dupla";"Reta";"Sim";2;0;1;0;1;0;1;2;-27,60001226;-48,6226467;"SPRF-SC";"DEL01-SC";"UOP01-DEL01-SC"
574995;2024-01-15;"segunda-feira";"19:00:00";"RS";290;107;"ELDORADO DO SUL";"Acessar a via sem observar a presença dos outros veículos";"Colisão transversal";"Com Vítimas Feridas";"Pleno dia";"Crescente";"Céu Claro";"Simples";"Reta";"Sim";2;0;1;0;1;0;1;2;-30,001852;-51,304264;"SPRF-RS";"DEL02-RS";"UOP01-DEL02-RS"
574996;2024-01-15;"segunda-feira";"22:37:00";"SC";101;199,5;"SAO JOSE";"Transitar na contramão";"Colisão frontal";"Com Vítimas Feridas";"Plena Noite";"Crescente";"Céu Claro";"Dupla";"Reta";"Sim";4;0;0;2;0;2;2;4;-27,53413705;-48,63003205;"SPRF-SC";"DEL01-SC";"UOP01-DEL01-SC"
574999;2024-01-15;"segunda-feira";"22:30:00";"SC";101;43,8;"JOINVILLE";"Desrespeitar a preferência no cruzamento";"Colisão frontal";"Com Vítimas Feridas";"Plena Noite";"Crescente";"Céu Claro";"Simples";"Interseção de Vias";"Sim";2;0;1;0;1;0;1;2;-26,33806365;-48,85951102;"SPRF-SC";"DEL03-SC";"UOP01-DEL03-SC"
575000;2024-01-15;"segunda-feira";"19:16:00";"AC";317;312;"BRASILEIA";"Pedestre andava na pista";"Atropelamento de Pedestre";"Com Vítimas Feridas";"Plena Noite";"Crescente";"Nublado";"Simples";"Reta";"Não";4;0;2;2;0;0;4;2;-10,94235686;-68,85206483;"SPRF-AC";"DEL01-AC";"UOP02-DEL01-AC"
575002;2024-01-15;"segunda-feira";"23:30:00";"MS";163;463,4;"CAMPO GRANDE";"Ausência de reação do condutor";"Colisão com objeto";"Sem Vítimas";"Plena Noite";"Decrescente";"Céu Claro";"Simples";"Reta;Declive                  ";"Não";2;0;0;0;2;0;0;1;-20,61187111;-54,57639346;"SPRF-MS";"DEL01-MS";"UOP01-DEL01-MS"
575005;2024-01-16;"terça-feira";"01:40:00";"BA";101;870,7;"TEIXEIRA DE FREITAS";"Entrada inopinada do pedestre";"Atropelamento de Pedestre";"Com Vítimas Fatais";"Plena Noite";"Crescente";"Céu Claro";"Simples";"Reta;Declive                  ";"Não";2;1;0;0;1;0;0;2;-17,4895217;-39,70643932;"SPRF-BA";"DEL09-BA";"UOP02-DEL09-BA"
575007;2024-01-16;"terça-feira";"02:30:00";"MG";381;908,8;"CAMBUI";"Velocidade Incompatível";"Saída de leito carroçável";"Com Vítimas Feridas";"Plena Noite";"Crescente";"Nublado";"Dupla";"Aclive;Curva                  ";"Não";4;0;4;0;0;0;4;1;-22,68087312;-46,10142415;"SPRF-MG";"DEL16-MG";"UOP03-DEL16-MG"
575010;2024-01-16;"terça-feira";"05:10:00";"PE";101;78;"RECIFE";"Reação tardia ou ineficiente do condutor";"Queda de ocupante de veículo";"Com Vítimas Feridas";"Amanhecer";"Decrescente";"Céu Claro";"Dupla";"Reta";"Sim";1;0;0;1;0;0;1;1;-8,13496499;-34,94738614;"SPRF-PE";"DEL01-PE";"UOP01-DEL01-PE"
575011;2024-01-16;"terça-feira";"05:35:00";"BA";101;256,9;"CONCEICAO DO ALMEIDA";"Ultrapassagem Indevida";"Colisão frontal";"Com Vítimas Feridas";"Amanhecer";"Crescente";"Nublado";"Simples";"Aclive";"Não";6;0;4;2;0;0;6;2;-12,93322172;-39,25336611;"SPRF-BA";"DEL01-BA";"UOP02-DEL01-BA"
575012;2024-01-16;"terça-feira";"05:52:00";"TO";153;688;"CARIRI DO TOCANTINS";"Objeto estático sobre o leito carroçável";"Colisão com objeto";"Com Vítimas Feridas";"Amanhecer";"Decrescente";"Céu Claro";"Simples";"Reta";"Não";1;0;1;0;0;0;1;1;-11,8547779658;-49,1488440753;"SPRF-TO";"DEL01-TO";"UOP02-DEL01-TO"
575014;2024-01-16;"terça-feira";"06:00:00";"DF";70;9,5;"BRASILIA";"Ausência de reação do condutor";"Saída de leito carroçável";"Com Vítimas Feridas";"Pleno dia";"Crescente";"Céu Claro";"Dupla";"Interseção de Vias";"Sim";1;0;1;0;0;0;1;1;-15,784615;-48,132023;"SPRF-DF";"DEL03-DF";"UOP02-DEL03-DF"
575015;2024-01-16;"terça-feira";"06:45:00";"CE";116;6,5;"FORTALEZA";"Manobra de mudança de faixa";"Colisão lateral mesmo sentido";"Com Vítimas Feridas";"Pleno dia";"Decrescente";"Céu Claro";"Múltipla";"Reta";"Sim";2;0;0;1;0;1;1;2;-3,802624;-38,50400499;"SPRF-CE";"DEL01-CE";"UOP02-DEL01-CE"
575016;2024-01-15;"segunda-feira";"19:00:00";"BA";101;103;"ALAGOINHAS";"Condutor deixou de manter distância do veículo da frente";"Colisão lateral mesmo sentido";"Com Vítimas Feridas";"Plena Noite";"Crescente";"Céu Claro";"Simples";"Reta";"Sim";1;0;1;0;0;0;1;1;-12,15963868;-38,41162324;"SPRF-BA";"DEL01-BA";"UOP04-DEL01-BA"
575017;2024-01-16;"terça-feira";"06:50:00";"SC";470;55,3;"BLUMENAU";"Condutor deixou de manter distância do veículo da frente";"Colisão traseira";"Com Vítimas Feridas";"Pleno dia";"Crescente";"Céu Claro";"Simples";"Reta";"Sim";2;0;1;0;1;0;1;2;-26,875601;-49,117992;"SPRF-SC";"DEL04-SC";"UOP01-DEL04-SC"
575018;2024-01-16;"terça-feira";"07:10:00";"SC";101;4,2;"ARARANGUA";"Desrespeitar a preferência no cruzamento";"Colisão transversal";"Com Vítimas Feridas";"Pleno dia";"Decrescente";"Céu Claro";"Simples";"Reta;Interseção de Vias       ";"Sim";2;0;2;0;0;0;2;2;-28,9356;-49,4864;"SPRF-SC";"DEL02-SC";"UOP02-DEL02-SC"
575020;2024-01-16;"terça-feira";"06:30:00";"SE";101;56,5;"CAPELA";"Acessar a via sem observar a presença dos outros veículos";"Colisão frontal";"Com Vítimas Feridas";"Pleno dia";"Decrescente";"Céu Claro";"Simples";"Interseção de Vias;Reta       ";"Não";3;0;1;0;2;0;1;2;-10,6393067;-37,0106971;"SPRF-SE";"DEL02-SE";"UOP02-DEL02-SE"
575022;2024-01-16;"terça-feira";"07:40:00";"MG";381;479;"CONTAGEM";"Trafegar com motocicleta (ou similar) entre as faixas";"Colisão traseira";"Com Vítimas Feridas";"Pleno dia";"Decrescente";"Sol";"Múltipla";"Curva;Declive                 ";"Sim";3;0;2;0;1;0;2;2;-19,96326;-44,04871;"SPRF-MG";"DEL01-MG";"UOP03-DEL01-MG"
575023;2024-01-16;"terça-feira";"07:30:00";"SP";116;210;"GUARULHOS";"Trafegar com motocicleta (ou similar) entre as faixas";"Colisão lateral mesmo sentido";"Com Vítimas Feridas";"Pleno dia";"Crescente";"Céu Claro";"Simples";"Reta";"Sim";2;0;1;0;1;0;1;2;-23,42870023;-46,41085991;"SPRF-SP";"DEL01-SP";"UOP01-DEL01-SP"
575024;2024-01-16;"terça-feira";"07:50:00";"PE";232;5;"RECIFE";"Acessar a via sem observar a presença dos outros veículos";"Colisão lateral mesmo sentido";"Com Vítimas Feridas";"Pleno dia";"Decrescente";"Céu Claro";"Múltipla";"Curva";"Sim";2;0;2;0;0;0;2;2;-8,06795766;-34,94535414;"SPRF-PE";"DEL01-PE";"UOP01-DEL01-PE"
575025;2024-01-16;"terça-feira";"07:55:00";"SP";116;209;"GUARULHOS";"Mal súbito do condutor";"Saída de leito carroçável";"Sem Vítimas";"Pleno dia";"Decrescente";"Céu Claro";"Dupla";"Reta";"Sim";1;0;0;0;1;0;0;1;-23,42511799;-46,40221101;"SPRF-SP";"DEL01-SP";"UOP01-DEL01-SP"
575026;2024-01-13;"sábado";"01:30:00";"SP";381;52;"ATIBAIA";"Ausência de reação do condutor";"Capotamento";"Com Vítimas Feridas";"Plena Noite";"Decrescente";"Chuva";"Dupla";"Reta";"Sim";1;0;1;0;0;0;1;1;-23,2300622;-46,59963076;"SPRF-SP";"DEL03-SP";"UOP01-DEL03-SP"
575027;2024-01-16;"terça-feira";"06:44:00";"RJ";116;320,4;"ITATIAIA";"Condutor Dormindo";"Colisão com objeto";"Com Vítimas Feridas";"Pleno dia";"Crescente";"Céu Claro";"Simples";"Reta";"Não";5;0;1;0;4;0;1;1;-22,47656315;-44,52710689;"SPRF-RJ";"DEL07-RJ";"UOP02-DEL07-RJ"
575028;2024-01-16;"terça-feira";"07:40:00";"SP";101;44,9;"UBATUBA";"Conversão proibida";"Colisão transversal";"Com Vítimas Feridas";"Amanhecer";"Crescente";"Sol";"Múltipla";"Curva";"Sim";2;0;1;0;1;0;1;2;-23,41014346;-45,06455371;"SPRF-SP";"DEL06-SP";"UOP01-DEL06-SP"
575029;2024-01-16;"terça-feira";"08:30:00";"DF";20;36,1;"BRASILIA";"Suicídio (presumido)";"Saída de leito carroçável";"Com Vítimas Feridas";"Pleno dia";"Decrescente";"Céu Claro";"Dupla";"Reta";"Não";2;0;1;0;0;1;1;2;-15,581923;-47,549881;"SPRF-DF";"DEL02-DF";"UOP01-DEL02-DF"
575031;2024-01-16;"terça-feira";"08:00:00";"RJ";116;181;"NOVA IGUACU";"Acessar a via sem observar a presença dos outros veículos";"Colisão transversal";"Com Vítimas Feridas";"Pleno dia";"Decrescente";"Céu Claro";"Dupla";"Reta";"Não";2;0;0;2;0;0;2;1;-22,761312;-43,423492;"SPRF-RJ";"DEL06-RJ";"UOP01-DEL06-RJ"
575033;2024-01-16;"terça-feira";"09:21:00";"PI";343;343;"TERESINA";"Ausência de reação do condutor";"Colisão traseira";"Sem Vítimas";"Pleno dia";"Crescente";"Céu Claro";"Simples";"Reta;Ponte                    ";"Não";2;0;0;0;2;0;0;2;-5,094729;-42,762775;"SPRF-PI";"DEL01-PI";"UOP01-DEL01-PI"
575035;2024-01-16;"terça-feira";"08:33:00";"RS";392;41,7;"RIO GRANDE";"Reação tardia ou ineficiente do condutor";"Saída de leito carroçável";"Com Vítimas Feridas";"Pleno dia";"Crescente";"Nublado";"Dupla";"Reta";"Sim";2;0;2;0;0;0;2;2;-31,95483688;-52,30684982;"SPRF-RS";"DEL07-RS";"UOP02-DEL07-RS"