"id";"data_inversa";"dia_semana";"horario";"uf";"br";"km";"municipio";"causa_acidente";"tipo_acidente";"classificacao_acidente";"fase_dia";"sentido_via";"condicao_metereologica";"tipo_pista";"tracado_via";"uso_solo";"pessoas";"mortos";"feridos_leves";"feridos_graves";"ilesos";"ignorados";"feridos";"veiculos";"latitude";"longitude";"regional";"delegacia";"uop"
575651;2024-01-19;"sexta-feira";"08:40:00";"SP";116;439;"REGISTRO";"Pista Escorregadia";"Queda de ocupante de veículo";"Com Vítimas Feridas";"Pleno dia";"Decrescente";"Nublado";"Simples";"Aclive;Curva                  ";"Sim";1;0;1;0;0;0;1;1;-24,45842012;-47,81421661;"SPRF-SP";"DEL05-SP";"UOP01-DEL05-SP"
575652;2024-01-19;"sexta-feira";"08:50:00";"SP";116;439;"REGISTRO";"Acumulo de óleo sobre o pavimento";"Tombamento";"Com Vítimas Feridas";"Pleno dia";"Decrescente";"Nublado";"Simples";"Curva";"Sim";1;0;1;0;0;0;1;1;-24,45859591;-47,81421661;"SPRF-SP";"DEL05-SP";"UOP01-DEL05-SP"
575657;2024-01-12;"sexta-feira";"21:00:00";"GO";60;462,4;"JATAI";"Reação tardia ou ineficiente do condutor";"Tombamento";"Com Vítimas Feridas";"Plena Noite";"Decrescente";"Nublado";"Dupla";"Declive;Curva                 ";"Não";1;0;0;1;0;0;1;1;-17,8742;-51,6338;"SPRF-GO";"DEL05-GO";"UOP01-DEL05-GO"
575659;2024-01-19;"sexta-feira";"08:30:00";"SC";101;327;"CAPIVARI DE BAIXO";"Condutor deixou de manter distância do veículo da frente";"Colisão traseira";"Com Vítimas Feridas";"Pleno dia";"Crescente";"Céu Claro";"Dupla";"Reta";"Sim";3;0;2;0;1;0;2;2;-28,43023306;-48,95205197;"SPRF-SC";"DEL02-SC";"UOP01-DEL02-SC"
575661;2024-01-19;"sexta-feira";"03:20:00";"SC";101;143;"ITAPEMA";"Manobra de mudança de faixa";"Colisão com objeto";"Sem Vítimas";"Pleno dia";"Crescente";"Nublado";"Dupla";"Reta";"Sim";1;0;0;0;1;0;0;1;-27,06436;-48,59599405;"SPRF-SC";"DEL04-SC";"UOP03-DEL04-SC"
575662;2024-01-19;"sexta-feira";"08:40:00";"RJ";101;196;"CASIMIRO DE ABREU";"Ausência de reação do condutor";"Colisão com objeto";"Com Vítimas Feridas";"Pleno dia";"Decrescente";"Chuva";"Dupla";"Curva";"Não";1;0;1;0;0;0;1;1;-22,49207101;-42,10926701;"SPRF-RJ";"DEL08-RJ";"UOP04-DEL08-RJ"
575663;2024-01-19;"sexta-feira";"09:50:00";"RJ";116;170;"RIO DE JANEIRO";"Ausência de reação do condutor";"Colisão traseira";"Com Vítimas Feridas";"Pleno dia";"Crescente";"Nublado";"Múltipla";"Aclive;Reta                   ";"Sim";3;0;2;0;1;0;2;2;-22,81113183;-43,3336729;"SPRF-RJ";"DEL06-RJ";"UOP01-DEL06-RJ"
575665;2024-01-19;"sexta-feira";"10:00:00";"SP";153;64;"SAO JOSE DO RIO PRETO";"Demais falhas mecânicas ou elétricas";"Tombamento";"Com Vítimas Feridas";"Pleno dia";"Crescente";"Céu Claro";"Dupla";"Reta";"Não";1;0;1;0;0;0;1;1;-20,82919401;-49,36046325;"SPRF-SP";"DEL09-SP";"UOP01-DEL09-SP"
575667;2024-01-19;"sexta-feira";"10:00:00";"SC";101;185,1;"BIGUACU";"Manobra de mudança de faixa";"Colisão lateral mesmo sentido";"Com Vítimas Feridas";"Pleno dia";"Decrescente";"Céu Claro";"Dupla";"Retorno Regulamentado";"Sim";2;0;1;0;1;0;1;2;-27,42536698;-48,62465876;"SPRF-SC";"DEL01-SC";"UOP01-DEL01-SC"
575668;2024-01-14;"domingo";"03:00:00";"PE";232;409;"SERRA TALHADA";"Ausência de reação do condutor";"Tombamento";"Com Vítimas Feridas";"Plena Noite";"Decrescente";"Céu Claro";"Simples";"Reta";"Não";1;0;0;1;0;0;1;1;-7,981944;-38,289467;"SPRF-PE";"DEL04-PE";"UOP01-DEL04-PE"
575671;2024-01-19;"sexta-feira";"09:20:00";"MG";262;35,1;"MANHUACU";"Ausência de reação do condutor";"Atropelamento de Pedestre";"Com Vítimas Feridas";"Pleno dia";"Decrescente";"Céu Claro";"Simples";"Interseção de Vias";"Sim";2;0;1;0;1;0;1;2;-20,2592562;-42,01698194;"SPRF-MG";"DEL06-MG";"UOP03-DEL06-MG"
575675;2024-01-19;"sexta-feira";"10:10:00";"TO";153;674;"GURUPI";"Ingestão de álcool pelo condutor";"Saída de leito carroçável";"Sem Vítimas";"Pleno dia";"Crescente";"Nublado";"Dupla";"Reta;Retorno Regulamentado    ";"Sim";1;0;0;0;1;0;0;1;-11,74596399;-49,08518001;"SPRF-TO";"DEL01-TO";"UOP02-DEL01-TO"
575676;2024-01-19;"sexta-feira";"11:00:00";"RJ";101;324;"NITEROI";"Reação tardia ou ineficiente do condutor";"Colisão lateral mesmo sentido";"Sem Vítimas";"Pleno dia";"Decrescente";"Nublado";"Simples";"Reta;Ponte                    ";"Sim";3;0;0;0;3;0;0;2;-22,87381074;-43,12640997;"SPRF-RJ";"DEL02-RJ";"UOP01-DEL02-RJ"
575681;2024-01-19;"sexta-feira";"11:00:00";"SC";101;227,2;"PALHOCA";"Reação tardia ou ineficiente do condutor";"Colisão traseira";"Com Vítimas Feridas";"Pleno dia";"Decrescente";"Céu Claro";"Dupla";"Reta";"Não";3;0;2;0;1;0;2;2;-27,7509149;-48,63460277;"SPRF-SC";"DEL01-SC";"UOP02-DEL01-SC"
575684;2024-01-19;"sexta-feira";"10:40:00";"RJ";101;229;"SILVA JARDIM";"Ausência de reação do condutor";"Saída de leito carroçável";"Com Vítimas Feridas";"Pleno dia";"Crescente";"Nublado";"Dupla";"Curva";"Não";1;0;1;0;0;0;1;1;-22,5666;-42,373958;"SPRF-RJ";"DEL02-RJ";"UOP03-DEL02-RJ"
575685;2024-01-19;"sexta-feira";"11:20:00";"RJ";40;109;"DUQUE DE CAXIAS";"Ausência de reação do condutor";"Colisão traseira";"Com Vítimas Feridas";"Pleno dia";"Decrescente";"Céu Claro";"Múltipla";"Reta";"Sim";6;0;2;0;4;0;2;2;-22,67374628;-43,28638368;"SPRF-RJ";"DEL01-RJ";"UOP02-DEL01-RJ"
575687;2024-01-11;"quinta-feira";"22:30:00";"MS";163;256;"DOURADOS";"Ausência de reação do condutor";"Queda de ocupante de veículo";"Com Vítimas Feridas";"Plena Noite";"Decrescente";"Céu Claro";"Dupla";"Rotatória";"Sim";1;0;0;1;0;0;1;1;-22,258688;-54,804028;"SPRF-MS";"DEL04-MS";"UOP01-DEL04-MS"
575688;2024-01-19;"sexta-feira";"12:16:00";"PR";376;407,5;"TIBAGI";"Velocidade Incompatível";"Colisão com objeto";"Com Vítimas Feridas";"Pleno dia";"Decrescente";"Nublado";"Dupla";"Declive;Curva                 ";"Não";3;0;2;0;1;0;2;1;-24,60274493;-50,66420853;"SPRF-PR";"DEL03-PR";"UOP02-DEL03-PR"
575689;2024-01-19;"sexta-feira";"11:15:00";"MS";163;23;"MUNDO NOVO";"Acessar a via sem observar a presença dos outros veículos";"Colisão transversal";"Com Vítimas Feridas";"Pleno dia";"Decrescente";"Nublado";"Simples";"Reta";"Não";3;0;0;1;2;0;1;2;-23,90417813;-54,30157316;"SPRF-MS";"DEL09-MS";"UOP02-DEL09-MS"
575690;2024-01-19;"sexta-feira";"11:20:00";"SP";116;59,4;"GUARATINGUETA";"Transitar no Acostamento";"Colisão lateral mesmo sentido";"Com Vítimas Feridas";"Pleno dia";"Decrescente";"Nublado";"Dupla";"Reta";"Não";2;0;1;0;1;0;1;2;-22,78555649;-45,15339465;"SPRF-SP";"DEL08-SP";"UOP01-DEL08-SP"
575692;2024-01-19;"sexta-feira";"11:00:00";"BA";101;41;"ESPLANADA";"Animais na Pista";"Capotamento";"Com Vítimas Feridas";"Pleno dia";"Crescente";"Céu Claro";"Simples";"Declive";"Não";2;0;2;0;0;0;2;1;-11,86585201;-37,99130917;"SPRF-SE";"DEL02-SE";"UOP03-DEL02-SE"
575693;2024-01-18;"quinta-feira";"20:00:00";"SC";280;269,5;"IRINEOPOLIS";"Reação tardia ou ineficiente do condutor";"Colisão com objeto";"Com Vítimas Fatais";"Plena Noite";"Crescente";"Chuva";"Simples";"Reta";"Não";1;1;0;0;0;0;0;1;-26,26284242;-50,72452068;"SPRF-SC";"DEL06-SC";"UOP04-DEL06-SC"
575694;2024-01-19;"sexta-feira";"12:35:00";"MG";381;482,9;"BETIM";"Acumulo de óleo sobre o pavimento";"Tombamento";"Com Vítimas Feridas";"Pleno dia";"Crescente";"Céu Claro";"Múltipla";"Declive;Curva                 ";"Sim";1;0;1;0;0;0;1;1;-19,95755123;-44,07873999;"SPRF-MG";"DEL01-MG";"UOP03-DEL01-MG"
575695;2024-01-19;"sexta-feira";"11:40:00";"MA";10;259;"IMPERATRIZ";"Acessar a via sem observar a presença dos outros veículos";"Colisão transversal";"Com Vítimas Feridas";"Pleno dia";"Decrescente";"Céu Claro";"Simples";"Reta;Interseção de Vias       ";"Sim";2;0;2;0;0;0;2;2;-5,472474;-47,472221;"SPRF-MA";"DEL04-MA";"UOP01-DEL04-MA"
575698;2024-01-19;"sexta-feira";"11:25:00";"RO";319;64;"PORTO VELHO";"Manobra de mudança de faixa";"Colisão lateral mesmo sentido";"Com Vítimas Feridas";"Pleno dia";"Decrescente";"Céu Claro";"Dupla";"Reta";"Sim";2;0;1;0;1;0;1;2;-8,766685;-63,884052;"SPRF-RO";"DEL01-RO";"UOP01-DEL01-RO"
575699;2024-01-19;"sexta-feira";"12:20:00";"RS";470;214;"BENTO GONCALVES";"Reação tardia ou ineficiente do condutor";"Saída de leito carroçável";"Sem Vítimas";"Pleno dia";"Crescente";"Céu Claro";"Simples";"Curva";"Não";1;0;0;0;0;1;0;1;-29,14408811;-51,53555411;"SPRF-RS";"DEL06-RS";"UOP01-DEL06-RS"
575702;2024-01-19;"sexta-feira";"13:00:00";"SC";101;135;"BALNEARIO CAMBORIU";"Reação tardia ou ineficiente do condutor";"Colisão frontal";"Com Vítimas Feridas";"Pleno dia";"Decrescente";"Céu Claro";"Dupla";"Reta";"Sim";2;0;1;0;1;0;1;2;-27,0050108;-48,62677494;"SPRF-SC";"DEL04-SC";"UOP03-DEL04-SC"
575704;2024-01-11;"quinta-feira";"20:41:00";"CE";304;41;"ARACATI";"Avarias e/ou desgaste excessivo no pneu";"Tombamento";"Com Vítimas Feridas";"Plena Noite";"Decrescente";"Céu Claro";"Simples";"Reta";"Não";2;0;2;0;0;0;2;1;-4,57958432;-37,84253999;"SPRF-CE";"DEL03-CE";"UOP03-DEL03-CE"
575709;2024-01-19;"sexta-feira";"12:40:00";"SE";101;149;"ESTANCIA";"Condutor deixou de manter distância do veículo da frente";"Colisão traseira";"Com Vítimas Feridas";"Pleno dia";"Decrescente";"Céu Claro";"Simples";"Reta";"Sim";5;0;1;0;4;0;1;2;-11,24076315;-37,43120873;"SPRF-SE";"DEL02-SE";"UOP01-DEL02-SE"
575710;2024-01-19;"sexta-feira";"13:30:00";"CE";116;3;"FORTALEZA";"Condutor deixou de manter distância do veículo da frente";"Colisão traseira";"Com Vítimas Feridas";"Pleno dia";"Crescente";"Sol";"Múltipla";"Reta";"Sim";2;0;1;0;0;1;1;2;-3,77866493;-38,51490171;"SPRF-CE";"DEL01-CE";"UOP02-DEL01-CE"
575716;2024-01-19;"sexta-feira";"13:40:00";"RJ";101;482;"ANGRA DOS REIS";"Acessar a via sem observar a presença dos outros veículos";"Colisão transversal";"Com Vítimas Feridas";"Pleno dia";"Decrescente";"Nublado";"Dupla";"Interseção de Vias;Reta       ";"Sim";2;0;1;0;1;0;1;2;-23,00453;-44,29746;"SPRF-RJ";"DEL03-RJ";"UOP03-DEL03-RJ"
575717;2024-01-19;"sexta-feira";"11:00:00";"SC";282;59;"IRANI";"Desrespeitar a preferência no cruzamento";"Colisão transversal";"Com Vítimas Feridas";"Pleno dia";"Crescente";"Nublado";"Simples";"Interseção de Vias;Rotatória  ";"Não";6;0;2;2;2;0;4;2;-26,96947494;-51,85476923;"SPRF-SC";"DEL01-SC";"UOP03-DEL01-SC"
575718;2024-01-19;"sexta-feira";"11:37:00";"SC";282;212,2;"LAGES";"Acessar a via sem observar a presença dos outros veículos";"Colisão transversal";"Com Vítimas Feridas";"Pleno dia";"Decrescente";"Nublado";"Simples";"Interseção de Vias;Declive    ";"Não";3;0;1;1;1;0;2;2;-27,782257;-50,251381;"SPRF-SC";"DEL05-SC";"UOP01-DEL05-SC"
575721;2024-01-19;"sexta-feira";"14:30:00";"MG";146;462,3;"BOTELHOS";"Acessar a via sem observar a presença dos outros veículos";"Colisão transversal";"Com Vítimas Feridas";"Pleno dia";"Crescente";"Céu Claro";"Simples";"Reta;Interseção de Vias       ";"Não";3;0;2;0;1;0;2;2;-21,63214323;-46,40747738;"SPRF-MG";"DEL09-MG";"UOP01-DEL09-MG"
575723;2024-01-19;"sexta-feira";"13:50:00";"RN";304;43,1;"MOSSORO";"Reação tardia ou ineficiente do condutor";"Colisão com objeto";"Com Vítimas Feridas";"Pleno dia";"Crescente";"Céu Claro";"Múltipla";"Reta";"Sim";3;0;2;1;0;0;3;1;-5,21815835;-37,36500124;"SPRF-RN";"DEL04-RN";"UOP01-DEL04-RN"
575724;2024-01-19;"sexta-feira";"13:30:00";"SE";101;2;"PROPRIA";"Acessar a via sem observar a presença dos outros veículos";"Colisão lateral mesmo sentido";"Com Vítimas Feridas";"Pleno dia";"Crescente";"Céu Claro";"Dupla";"Interseção de Vias";"Não";2;0;1;0;1;0;1;2;-10,22260924;-36,83049779;"SPRF-SE";"DEL02-SE";"UOP02-DEL02-SE"
575726;2024-01-19;"sexta-feira";"14:35:00";"SC";101;2,3;"ARARANGUA";"Condutor deixou de manter distância do veículo da frente";"Colisão traseira";"Sem Vítimas";"Pleno dia";"Decrescente";"Céu Claro";"Simples";"Interseção de Vias";"Sim";2;0;0;0;2;0;0;2;-28,93981019;-49,49769974;"SPRF-SC";"DEL02-SC";"UOP02-DEL02-SC"
575727;2024-01-19;"sexta-feira";"14:18:00";"MG";116;415,5;"GOVERNADOR VALADARES";"Acessar a via sem observar a presença dos outros veículos";"Colisão transversal";"Com Vítimas Feridas";"Pleno dia";"Crescente";"Céu Claro";"Simples";"Reta;Interseção de Vias       ";"Sim";2;0;1;0;1;0;1;2;-18,88401297;-41,94924399;"SPRF-MG";"DEL06-MG";"UOP01-DEL06-MG"
575728;2024-01-19;"sexta-feira";"14:20:00";"CE";116;314,9;"JAGUARIBE";"Demais falhas mecânicas ou elétricas";"Eventos atípicos";"Com Vítimas Feridas";"Pleno dia";"Decrescente";"Céu Claro";"Simples";"Reta";"Não";3;0;0;1;1;1;1;3;-5,94449716;-38,63265038;"SPRF-CE";"DEL05-CE";"UOP02-DEL05-CE"
575730;2024-01-19;"sexta-feira";"15:15:00";"PR";116;97,9;"SAO JOSE DOS PINHAIS";"Manobra de mudança de faixa";"Tombamento";"Com Vítimas Feridas";"Pleno dia";"Crescente";"Céu Claro";"Dupla";"Reta";"Sim";1;0;1;0;0;0;1;1;-25,51973222;-49,13431573;"SPRF-PR";"DEL01-PR";"UOP07-DEL01-PR"
575731;2024-01-19;"sexta-feira";"15:40:00";"SC";101;135;"BALNEARIO CAMBORIU";"Ausência de reação do condutor";"Colisão traseira";"Com Vítimas Feridas";"Pleno dia";"Crescente";"Céu Claro";"Múltipla";"Reta";"Sim";2;0;0;1;1;0;1;2;-27,0050108;-48,62677494;"SPRF-SC";"DEL04-SC";"UOP03-DEL04-SC"
575734;2024-01-19;"sexta-feira";"15:20:00";"RN";101;96;"NATAL";"Manobra de mudança de faixa";"Colisão lateral mesmo sentido";"Com Vítimas Feridas";"Pleno dia";"Decrescente";"Céu Claro";"Múltipla";"Reta";"Sim";2;0;1;0;1;0;1;2;-5,84949622;-35,20890752;"SPRF-RN";"DEL01-RN";"UOP01-DEL01-RN"
575735;2024-01-19;"sexta-feira";"12:30:00";"PI";343;142;"PIRACURUCA";"Ausência de reação do condutor";"Colisão lateral mesmo sentido";"Com Vítimas Feridas";"Pleno dia";"Decrescente";"Céu Claro";"Simples";"Ponte;Reta                    ";"Sim";2;0;2;0;0;0;2;2;-3,937132;-41,717117;"SPRF-PI";"DEL02-PI";"UOP01-DEL02-PI"
575736;2024-01-19;"sexta-feira";"08:00:00";"RJ";101;477;"ANGRA DOS REIS";"Transitar na contramão";"Colisão transversal";"Com Vítimas Feridas";"Pleno dia";"Crescente";"Nublado";"Simples";"Reta";"Sim";2;0;1;0;1;0;1;2;-22,99923676;-44,2684865;"SPRF-RJ";"DEL03-RJ";"UOP03-DEL03-RJ"
575737;2024-01-19;"sexta-feira";"15:30:00";"CE";116;1;"FORTALEZA";"Trafegar com motocicleta (ou similar) entre as faixas";"Colisão lateral mesmo sentido";"Com Vítimas Feridas";"Pleno dia";"Decrescente";"Céu Claro";"Múltipla";"Reta";"Sim";2;0;1;0;1;0;1;2;-3,76159894;-38,51900662;"SPRF-CE";"DEL01-CE";"UOP02-DEL01-CE"
575738;2024-01-19;"sexta-feira";"13:50:00";"BA";242;625;"MUQUEM DE SAO FRANCISCO";"Reação tardia ou ineficiente do condutor";"Saída de leito carroçável";"Com Vítimas Feridas";"Pleno dia";"Decrescente";"Céu Claro";"Simples";"Reta";"Não";2;0;1;0;1;0;1;1;-12,14229431;-43,36896604;"SPRF-BA";"DEL10-BA";"UOP02-DEL10-BA"
575740;2024-01-19;"sexta-feira";"15:50:00";"RS";290;95;"PORTO ALEGRE";"Manobra de mudança de faixa";"Colisão lateral mesmo sentido";"Com Vítimas Feridas";"Pleno dia";"Crescente";"Sol";"Dupla";"Reta";"Sim";2;0;1;0;1;0;1;2;-29,982832;-51,201572;"SPRF-RS";"DEL01-RS";"UOP01-DEL01-RS"
575743;2024-01-19;"sexta-feira";"12:20:00";"AL";316;87,7;"SANTANA DO IPANEMA";"Ausência de reação do condutor";"Colisão traseira";"Com Vítimas Feridas";"Pleno dia";"Crescente";"Céu Claro";"Simples";"Aclive;Reta                   ";"Não";3;0;1;0;2;0;1;2;-9,37623216;-37,22677605;"SPRF-AL";"DEL03-AL";"UOP02-DEL03-AL"
575744;2024-01-19;"sexta-feira";"16:00:00";"SC";101;144;"ITAPEMA";"Manobra de mudança de faixa";"Colisão lateral mesmo sentido";"Com Vítimas Feridas";"Pleno dia";"Decrescente";"Céu Claro";"Dupla";"Reta";"Sim";3;0;2;0;1;0;2;2;-27,0732659;-48,59672716;"SPRF-SC";"DEL04-SC";"UOP03-DEL04-SC"
575746;2024-01-19;"sexta-feira";"14:15:00";"RO";364;889;"PORTO VELHO";"Reação tardia ou ineficiente do condutor";"Saída de leito carroçável";"Com Vítimas Feridas";"Pleno dia";"Decrescente";"Chuva";"Dupla";"Reta";"Não";2;0;2;0;0;0;2;1;-9,66381975;-65,03158008;"SPRF-RO";"DEL01-RO";"UOP02-DEL01-RO"
575747;2024-01-19;"sexta-feira";"16:00:00";"PE";232;409;"SERRA TALHADA";"Acessar a via sem observar a presença dos outros veículos";"Colisão lateral mesmo sentido";"Com Vítimas Feridas";"Pleno dia";"Decrescente";"Céu Claro";"Dupla";"Reta";"Sim";2;0;1;0;0;1;1;2;-7,981944;-38,289467;"SPRF-PE";"DEL04-PE";"UOP01-DEL04-PE"
575748;2024-01-19;"sexta-feira";"16:30:00";"RJ";101;306;"SAO GONCALO";"Condutor deixou de manter distância do veículo da frente";"Colisão traseira";"Sem Vítimas";"Pleno dia";"Crescente";"Céu Claro";"Dupla";"Reta";"Sim";2;0;0;0;2;0;0;2;-22,78913759;-43,00550909;"SPRF-RJ";"DEL02-RJ";"UOP02-DEL02-RJ"
575749;2024-01-19;"sexta-feira";"14:00:00";"RO";364;340;"JI-PARANA";"Transitar no Acostamento";"Colisão lateral mesmo sentido";"Com Vítimas Feridas";"Pleno dia";"Crescente";"Garoa/Chuvisco";"Múltipla";"Reta";"Sim";2;0;1;0;1;0;1;2;-10,898802;-61,93046;"SPRF-RO";"DEL02-RO";"UOP01-DEL02-RO"
575750;2024-01-19;"sexta-feira";"15:25:00";"PR";369;460,3;"CORBELIA";"Avarias e/ou desgaste excessivo no pneu";"Saída de leito carroçável";"Com Vítimas Feridas";"Pleno dia";"Crescente";"Chuva";"Simples";"Aclive;Reta                   ";"Não";1;0;1;0;0;0;1;1;-24,61552;-53,20431;"SPRF-PR";"DEL04-PR";"UOP03-DEL04-PR"
575751;2024-01-19;"sexta-feira";"13:00:00";"PR";153;475;"PORTO VITORIA";"Avarias e/ou desgaste excessivo no pneu";"Colisão frontal";"Com Vítimas Fatais";"Pleno dia";"Crescente";"Chuva";"Simples";"Curva";"Não";6;1;2;2;1;0;4;3;-26,325266;-51,232945;"SPRF-PR";"DEL02-PR";"UOP03-DEL02-PR"
575754;2024-01-19;"sexta-feira";"16:18:00";"DF";70;19;"BRASILIA";"Reação tardia ou ineficiente do condutor";"Saída de leito carroçável";"Com Vítimas Feridas";"Pleno dia";"Decrescente";"Céu Claro";"Dupla";"Curva;Aclive                  ";"Sim";1;0;1;0;0;0;1;1;-15,788868;-48,220242;"SPRF-DF";"DEL03-DF";"UOP02-DEL03-DF"
575757;2024-01-19;"sexta-feira";"08:00:00";"GO";70;329;"JUSSARA";"Ingestão de álcool pelo condutor";"Saída de leito carroçável";"Com Vítimas Fatais";"Pleno dia";"Decrescente";"Céu Claro";"Simples";"Curva";"Não";2;1;0;1;0;0;1;1;-15,87542011;-50,95746886;"SPRF-GO";"DEL04-GO";"UOP02-DEL04-GO"
575758;2024-01-19;"sexta-feira";"17:00:00";"PE";232;9;"JABOATAO DOS GUARARAPES";"Ultrapassagem Indevida";"Colisão lateral mesmo sentido";"Com Vítimas Feridas";"Anoitecer";"Crescente";"Nublado";"Dupla";"Aclive";"Sim";2;0;1;0;1;0;1;2;-8,084801;-35,000255;"SPRF-PE";"DEL01-PE";"UOP01-DEL01-PE"
575759;2024-01-19;"sexta-feira";"17:20:00";"SC";101;2,5;"GARUVA";"Ausência de reação do condutor";"Saída de leito carroçável";"Com Vítimas Feridas";"Pleno dia";"Crescente";"Chuva";"Dupla";"Curva;Declive                 ";"Não";2;0;2;0;0;0;2;1;-26,00788699;-48,86529922;"SPRF-SC";"DEL03-SC";"UOP01-DEL03-SC"
575760;2024-01-19;"sexta-feira";"15:00:00";"PR";376;504;"PONTA GROSSA";"Ausência de reação do condutor";"Queda de ocupante de veículo";"Com Vítimas Feridas";"Pleno dia";"Decrescente";"Céu Claro";"Dupla";"Reta";"Sim";2;0;1;0;1;0;1;2;-25,23024416;-50,04503118;"SPRF-PR";"DEL03-PR";"UOP04-DEL03-PR"
575761;2024-01-19;"sexta-feira";"17:45:00";"SP";116;227;"GUARULHOS";"Ausência de reação do condutor";"Tombamento";"Com Vítimas Feridas";"Anoitecer";"Decrescente";"Chuva";"Múltipla";"Reta";"Sim";1;0;1;0;0;0;1;1;-23,49659264;-46,55648754;"SPRF-SP";"DEL01-SP";"UOP01-DEL01-SP"
575762;2024-01-19;"sexta-feira";"17:35:00";"RS";116;147,9;"CAXIAS DO SUL";"Trafegar com motocicleta (ou similar) entre as faixas";"Colisão traseira";"Com Vítimas Feridas";"Pleno dia";"Decrescente";"Sol";"Simples";"Reta";"Não";3;0;1;0;1;1;1;3;-29,14908014;-51,1429969;"SPRF-RS";"DEL05-RS";"UOP01-DEL05-RS"
575763;2024-01-19;"sexta-feira";"16:50:00";"PR";376;4;"MANDAGUARI";"Condutor desrespeitou a iluminação vermelha do semáforo";"Colisão transversal";"Sem Vítimas";"Pleno dia";"Crescente";"Nublado";"Simples";"Reta;Interseção de Vias       ";"Sim";3;0;0;0;2;1;0;3;-23,51739425;-51,6827023;"SPRF-PR";"DEL09-PR";"UOP01-DEL09-PR"
575764;2024-01-19;"sexta-feira";"18:00:00";"SC";101;159;"PORTO BELO";"Ausência de reação do condutor";"Saída de leito carroçável";"Sem Vítimas";"Anoitecer";"Crescente";"Céu Claro";"Dupla";"Reta";"Sim";1;0;0;0;0;1;0;1;-27,1998778;-48,61534236;"SPRF-SC";"DEL04-SC";"UOP03-DEL04-SC"
575765;2024-01-19;"sexta-feira";"17:50:00";"BA";367;23,2;"PORTO SEGURO";"Ausência de reação do condutor";"Colisão traseira";"Com Vítimas Feridas";"Pleno dia";"Crescente";"Sol";"Simples";"Reta";"Sim";3;0;2;0;1;0;2;2;-16,43517732;-39,07201198;"SPRF-BA";"DEL09-BA";"UOP03-DEL09-BA"
575766;2024-01-19;"sexta-feira";"15:40:00";"AC";364;139;"RIO BRANCO";"Manobra de mudança de faixa";"Colisão lateral mesmo sentido";"Sem Vítimas";"Pleno dia";"Decrescente";"Garoa/Chuvisco";"Dupla";"Rotatória";"Sim";2;0;0;0;2;0;0;2;-9,95306335;-67,86231279;"SPRF-AC";"DEL01-AC";"UOP01-DEL01-AC"
575767;2024-01-19;"sexta-feira";"18:10:00";"SC";101;114,9;"ITAJAI";"Condutor deixou de manter distância do veículo da frente";"Colisão traseira";"Com Vítimas Feridas";"Pleno dia";"Decrescente";"Céu Claro";"Múltipla";"Reta";"Não";2;0;0;1;1;0;1;2;-26,87064015;-48,72954134;"SPRF-SC";"DEL04-SC";"UOP04-DEL04-SC"
575769;2024-01-19;"sexta-feira";"17:40:00";"ES";101;296;"CARIACICA";"Reação tardia ou ineficiente do condutor";"Colisão traseira";"Com Vítimas Feridas";"Pleno dia";"Crescente";"Céu Claro";"Dupla";"Curva;Aclive;Viaduto          ";"Sim";5;0;2;0;3;0;2;4;-20,34029997;-40,40405712;"SPRF-ES";"DEL01-ES";"UOP01-DEL01-ES"
575770;2024-01-19;"sexta-feira";"16:57:00";"SC";101;213;"PALHOCA";"Trafegar com motocicleta (ou similar) entre as faixas";"Colisão traseira";"Com Vítimas Feridas";"Pleno dia";"Decrescente";"Céu Claro";"Múltipla";"Reta";"Sim";2;0;1;0;1;0;1;2;-27,63697369;-48,66514142;"SPRF-SC";"DEL01-SC";"UOP02-DEL01-SC"
575771;2024-01-19;"sexta-feira";"15:00:00";"BA";101;135;"TEODORO SAMPAIO";"Acesso irregular";"Colisão lateral sentido oposto";"Com Vítimas Fatais";"Pleno dia";"Crescente";"Céu Claro";"Simples";"Reta";"Não";4;1;1;0;2;0;1;2;-12,25795073;-38,64659211;"SPRF-BA";"DEL01-BA";"UOP04-DEL01-BA"
575773;2024-01-19;"sexta-feira";"18:20:00";"GO";60;388;"RIO VERDE";"Condutor deixou de manter distância do veículo da frente";"Colisão lateral mesmo sentido";"Com Vítimas Feridas";"Anoitecer";"Decrescente";"Nublado";"Dupla";"Reta";"Não";2;0;1;0;1;0;1;2;-17,8151;-50,9343;"SPRF-GO";"DEL04-GO";"UOP02-DEL04-GO"
575774;2024-01-19;"sexta-feira";"18:15:00";"RJ";101;331;"RIO DE JANEIRO";"Ausência de reação do condutor";"Colisão traseira";"Com Vítimas Feridas";"Pleno dia";"Crescente";"Céu Claro";"Dupla";"Reta";"Sim";2;0;1;0;1;0;1;2;-22,867662;-43,195337;"SPRF-RJ";"DEL02-RJ";"UOP01-DEL02-RJ"
575775;2024-01-19;"sexta-feira";"16:30:00";"RJ";40;7;"COMENDADOR LEVY GASPARIAN";"Avarias e/ou desgaste excessivo no pneu";"Colisão com objeto";"Com Vítimas Feridas";"Pleno dia";"Decrescente";"Céu Claro";"Dupla";"Curva";"Não";1;0;1;0;0;0;1;1;-22,03172956;-43,2244336;"SPRF-RJ";"DEL05-RJ";"UOP02-DEL05-RJ"
575777;2024-01-19;"sexta-feira";"18:30:00";"SE";235;48;"ITABAIANA";"Ingestão de álcool pelo condutor";"Colisão lateral sentido oposto";"Com Vítimas Feridas";"Plena Noite";"Crescente";"Céu Claro";"Simples";"Aclive;Reta                   ";"Sim";4;0;1;0;3;0;1;2;-10,724387;-37,41708;"SPRF-SE";"DEL01-SE";"UOP02-DEL01-SE"