"id";"data_inversa";"dia_semana";"horario";"uf";"br";"km";"municipio";"causa_acidente";"tipo_acidente";"classificacao_acidente";"fase_dia";"sentido_via";"condicao_metereologica";"tipo_pista";"tracado_via";"uso_solo";"pessoas";"mortos";"feridos_leves";"feridos_graves";"ilesos";"ignorados";"feridos";"veiculos";"latitude";"longitude";"regional";"delegacia";"uop"
575778;2024-01-19;"sexta-feira";"13:40:00";"BA";116;141,5;"CANUDOS";"Falta de acostamento";"Saída de leito carroçável";"Com Vítimas Feridas";"Pleno dia";"Crescente";"Céu Claro";"Simples";"Reta";"Não";4;0;1;0;3;0;1;1;-9,84042301;-39,16240591;"SPRF-BA";"DEL07-BA";"UOP01-DEL07-BA"
575779;2024-01-19;"sexta-feira";"17:23:00";"PE";101;61;"RECIFE";"Trafegar com motocicleta (ou similar) entre as faixas";"Colisão lateral mesmo sentido";"Sem Vítimas";"Pleno dia";"Decrescente";"Céu Claro";"Múltipla";"Reta";"Sim";2;0;0;0;1;1;0;2;-7,99097103;-34,93598295;"SPRF-PE";"DEL01-PE";"UOP02-DEL01-PE"
575780;2024-01-19;"sexta-feira";"18:30:00";"PR";369;151,1;"LONDRINA";"Avarias e/ou desgaste excessivo no pneu";"Tombamento";"Com Vítimas Feridas";"Pleno dia";"Decrescente";"Nublado";"Dupla";"Aclive;Viaduto                ";"Sim";2;0;1;1;0;0;2;1;-23,292873;-51,172987;"SPRF-PR";"DEL07-PR";"UOP01-DEL07-PR"
575781;2024-01-19;"sexta-feira";"18:18:00";"SC";101;209,2;"SAO JOSE";"Manobra de mudança de faixa";"Colisão lateral mesmo sentido";"Com Vítimas Feridas";"Pleno dia";"Crescente";"Céu Claro";"Múltipla";"Reta";"Sim";2;0;1;0;1;0;1;2;-27,61110895;-48,64028335;"SPRF-SC";"DEL01-SC";"UOP01-DEL01-SC"
575782;2024-01-19;"sexta-feira";"17:00:00";"RJ";40;112;"DUQUE DE CAXIAS";"Ausência de reação do condutor";"Colisão lateral mesmo sentido";"Com Vítimas Feridas";"Pleno dia";"Decrescente";"Céu Claro";"Múltipla";"Reta;Declive                  ";"Sim";4;0;1;0;3;0;1;4;-22,7004454;-43,29014851;"SPRF-RJ";"DEL01-RJ";"UOP02-DEL01-RJ"
575783;2024-01-19;"sexta-feira";"14:15:00";"RS";287;280;"SAO PEDRO DO SUL";"Ausência de reação do condutor";"Colisão traseira";"Sem Vítimas";"Pleno dia";"Crescente";"Céu Claro";"Simples";"Reta";"Não";5;0;0;0;4;1;0;3;-29,6410317;-54,17002483;"SPRF-RS";"DEL09-RS";"UOP01-DEL09-RS"
575784;2024-01-19;"sexta-feira";"17:18:00";"RJ";493;1;"ITABORAI";"Acessar a via sem observar a presença dos outros veículos";"Colisão transversal";"Com Vítimas Feridas";"Pleno dia";"Crescente";"Céu Claro";"Simples";"Reta";"Sim";2;0;1;0;1;0;1;2;-22,76398788;-42,92731895;"SPRF-RJ";"DEL02-RJ";"UOP02-DEL02-RJ"
575785;2024-01-19;"sexta-feira";"18:00:00";"PR";153;1,8;"IMBITUVA";"Velocidade Incompatível";"Colisão transversal";"Com Vítimas Feridas";"Anoitecer";"Crescente";"Céu Claro";"Simples";"Aclive;Reta                   ";"Não";2;0;0;1;1;0;1;2;-25,196452;-50,598649;"SPRF-PR";"DEL03-PR";"UOP01-DEL03-PR"
575786;2024-01-19;"sexta-feira";"18:00:00";"BA";116;419;"FEIRA DE SANTANA";"Demais falhas mecânicas ou elétricas";"Incêndio";"Sem Vítimas";"Plena Noite";"Crescente";"Céu Claro";"Dupla";"Reta";"Sim";1;0;0;0;1;0;0;1;-12,194529;-38,965336;"SPRF-BA";"DEL02-BA";"UOP01-DEL02-BA"
575787;2024-01-19;"sexta-feira";"18:55:00";"SE";101;132;"ESTANCIA";"Condutor deixou de manter distância do veículo da frente";"Colisão traseira";"Com Vítimas Feridas";"Plena Noite";"Decrescente";"Céu Claro";"Dupla";"Reta";"Não";6;0;1;0;5;0;1;2;-11,1149429261;-37,3763081592;"SPRF-SE";"DEL02-SE";"UOP01-DEL02-SE"
575788;2024-01-19;"sexta-feira";"19:00:00";"SC";101;66,3;"ARAQUARI";"Reação tardia ou ineficiente do condutor";"Tombamento";"Com Vítimas Feridas";"Anoitecer";"Decrescente";"Nublado";"Dupla";"Curva";"Não";1;0;1;0;0;0;1;1;-26,4825074;-48,7354213;"SPRF-SC";"DEL03-SC";"UOP02-DEL03-SC"
575789;2024-01-19;"sexta-feira";"18:30:00";"PB";230;26;"JOAO PESSOA";"Reação tardia ou ineficiente do condutor";"Colisão traseira";"Com Vítimas Feridas";"Plena Noite";"Crescente";"Céu Claro";"Dupla";"Declive;Reta                  ";"Sim";3;0;1;1;1;0;2;2;-7,1693;-34,8782;"SPRF-PB";"DEL01-PB";"UOP01-DEL01-PB"
575791;2024-01-19;"sexta-feira";"20:00:00";"CE";116;5,5;"FORTALEZA";"Acessar a via sem observar a presença dos outros veículos";"Colisão lateral mesmo sentido";"Com Vítimas Feridas";"Plena Noite";"Decrescente";"Céu Claro";"Dupla";"Reta";"Sim";2;0;2;0;0;0;2;2;-3,79467116;-38,50772734;"SPRF-CE";"DEL01-CE";"UOP02-DEL01-CE"
575792;2024-01-19;"sexta-feira";"19:20:00";"SC";282;3,5;"FLORIANOPOLIS";"Manobra de mudança de faixa";"Colisão traseira";"Com Vítimas Feridas";"Plena Noite";"Crescente";"Céu Claro";"Dupla";"Reta";"Não";3;0;2;0;1;0;2;2;-27,600384;-48,599705;"SPRF-SC";"DEL01-SC";"UOP01-DEL01-SC"
575793;2024-01-19;"sexta-feira";"18:50:00";"MT";163;1037;"MATUPA";"Ingestão de álcool pelo condutor";"Colisão lateral sentido oposto";"Com Vítimas Feridas";"Plena Noite";"Decrescente";"Ignorado";"Simples";"Reta";"Sim";3;0;1;0;2;0;1;2;-10,19802782;-54,9553299;"SPRF-MT";"DEL06-MT";"UOP03-DEL06-MT"
575794;2024-01-19;"sexta-feira";"19:00:00";"BA";116;827,1;"VITORIA DA CONQUISTA";"Conversão proibida";"Colisão transversal";"Com Vítimas Feridas";"Plena Noite";"Decrescente";"Céu Claro";"Simples";"Interseção de Vias;Reta       ";"Não";2;0;1;0;1;0;1;2;-14,88843658;-40,86084414;"SPRF-BA";"DEL08-BA";"UOP01-DEL08-BA"
575796;2024-01-19;"sexta-feira";"16:30:00";"BA";116;619;"JAGUAQUARA";"Frear bruscamente";"Queda de ocupante de veículo";"Com Vítimas Feridas";"Pleno dia";"Decrescente";"Sol";"Simples";"Aclive;Reta                   ";"Não";1;0;1;0;0;0;1;1;-13,35700606;-40,01713362;"SPRF-BA";"DEL03-BA";"UOP01-DEL03-BA"
575799;2024-01-19;"sexta-feira";"20:00:00";"SC";101;204,3;"SAO JOSE";"Condutor deixou de manter distância do veículo da frente";"Colisão traseira";"Com Vítimas Feridas";"Plena Noite";"Decrescente";"Nublado";"Múltipla";"Reta";"Sim";2;0;1;0;1;0;1;2;-27,57413014;-48,61363083;"SPRF-SC";"DEL01-SC";"UOP01-DEL01-SC"
575800;2024-01-19;"sexta-feira";"17:40:00";"SC";470;300;"CAMPOS NOVOS";"Condutor Dormindo";"Saída de leito carroçável";"Com Vítimas Feridas";"Pleno dia";"Crescente";"Céu Claro";"Simples";"Reta";"Não";1;0;0;1;0;0;1;1;-27,372538;-51,046467;"SPRF-SC";"DEL07-SC";"UOP06-DEL07-SC"
575801;2024-01-19;"sexta-feira";"19:41:00";"SC";101;412,9;"ARARANGUA";"Pedestre andava na pista";"Atropelamento de Pedestre";"Com Vítimas Fatais";"Plena Noite";"Crescente";"Nublado";"Dupla";"Curva";"Sim";2;1;0;0;1;0;0;2;-28,95317942;-49,53117371;"SPRF-SC";"DEL02-SC";"UOP02-DEL02-SC"
575803;2024-01-19;"sexta-feira";"18:30:00";"SC";280;56,2;"GUARAMIRIM";"Condutor deixou de manter distância do veículo da frente";"Colisão traseira";"Com Vítimas Feridas";"Plena Noite";"Crescente";"Nublado";"Dupla";"Reta;Em Obras                 ";"Não";3;0;1;0;2;0;1;2;-26,47947677;-49,00298702;"SPRF-SC";"DEL03-SC";"UOP03-DEL03-SC"
575804;2024-01-19;"sexta-feira";"19:40:00";"CE";222;1,2;"FORTALEZA";"Pedestre cruzava a pista fora da faixa";"Atropelamento de Pedestre";"Com Vítimas Feridas";"Plena Noite";"Crescente";"Céu Claro";"Múltipla";"Reta";"Sim";2;0;0;2;0;0;2;2;-3,73911117;-38,58687498;"SPRF-CE";"DEL01-CE";"UOP01-DEL01-CE"
575805;2024-01-19;"sexta-feira";"19:30:00";"MG";381;449;"SABARA";"Ausência de reação do condutor";"Atropelamento de Pedestre";"Com Vítimas Feridas";"Plena Noite";"Crescente";"Céu Claro";"Simples";"Declive;Reta                  ";"Sim";2;0;1;0;1;0;1;2;-19,84164036;-43,86232683;"SPRF-MG";"DEL01-MG";"UOP01-DEL01-MG"
575807;2024-01-19;"sexta-feira";"19:10:00";"PE";424;91;"GARANHUNS";"Transitar na contramão";"Colisão frontal";"Com Vítimas Feridas";"Plena Noite";"Crescente";"Chuva";"Simples";"Reta";"Não";2;0;1;0;0;1;1;2;-8,90409633;-36,49974647;"SPRF-PE";"DEL03-PE";"UOP01-DEL03-PE"
575808;2024-01-19;"sexta-feira";"19:45:00";"RJ";493;65;"DUQUE DE CAXIAS";"Pedestre andava na pista";"Atropelamento de Pedestre";"Com Vítimas Fatais";"Plena Noite";"Crescente";"Ignorado";"Dupla";"Viaduto;Reta                  ";"Não";2;1;0;0;0;1;0;2;-22,672089;-43,285053;"SPRF-RJ";"DEL01-RJ";"UOP03-DEL01-RJ"
575809;2024-01-19;"sexta-feira";"21:08:00";"ES";259;58;"COLATINA";"Reação tardia ou ineficiente do condutor";"Colisão com objeto";"Com Vítimas Feridas";"Plena Noite";"Crescente";"Céu Claro";"Simples";"Reta";"Sim";1;0;0;1;0;0;1;1;-19,50223983;-40,62081603;"SPRF-ES";"DEL02-ES";"UOP01-DEL02-ES"
575810;2024-01-19;"sexta-feira";"21:15:00";"SC";280;25,2;"ARAQUARI";"Acessar a via sem observar a presença dos outros veículos";"Colisão frontal";"Com Vítimas Feridas";"Plena Noite";"Crescente";"Nublado";"Simples";"Reta";"Sim";2;0;1;0;1;0;1;2;-26,38523815;-48,72876406;"SPRF-SC";"DEL03-SC";"UOP03-DEL03-SC"
575811;2024-01-19;"sexta-feira";"20:30:00";"PA";316;63,8;"CASTANHAL";"Acessar a via sem observar a presença dos outros veículos";"Colisão transversal";"Com Vítimas Feridas";"Plena Noite";"Crescente";"Nublado";"Dupla";"Interseção de Vias";"Sim";2;0;0;1;1;0;1;2;-1,29679363;-47,92878096;"SPRF-PA";"DEL01-PA";"UOP01-DEL01-PA"
575812;2024-01-19;"sexta-feira";"18:20:00";"BA";242;601;"IBOTIRAMA";"Reação tardia ou ineficiente do condutor";"Colisão traseira";"Com Vítimas Feridas";"Plena Noite";"Decrescente";"Céu Claro";"Simples";"Curva";"Não";4;0;4;0;0;0;4;1;-12,15538495;-43,18446116;"SPRF-BA";"DEL10-BA";"UOP02-DEL10-BA"
575813;2024-01-19;"sexta-feira";"21:00:00";"SP";116;217;"GUARULHOS";"Acumulo de água sobre o pavimento";"Queda de ocupante de veículo";"Com Vítimas Feridas";"Plena Noite";"Decrescente";"Chuva";"Dupla";"Reta";"Não";1;0;1;0;0;0;1;1;-23,45423824;-46,47119028;"SPRF-SP";"DEL01-SP";"UOP01-DEL01-SP"
575815;2024-01-19;"sexta-feira";"20:40:00";"TO";153;723;"FIGUEIROPOLIS";"Reação tardia ou ineficiente do condutor";"Colisão traseira";"Com Vítimas Feridas";"Plena Noite";"Crescente";"Céu Claro";"Simples";"Reta";"Sim";2;0;1;0;1;0;1;2;-12,1458809;-49,16654166;"SPRF-TO";"DEL01-TO";"UOP02-DEL01-TO"
575816;2024-01-19;"sexta-feira";"21:15:00";"SC";101;195;"BIGUACU";"Acessar a via sem observar a presença dos outros veículos";"Colisão transversal";"Com Vítimas Feridas";"Plena Noite";"Decrescente";"Céu Claro";"Dupla";"Reta";"Sim";2;0;1;0;0;1;1;2;-27,5047092;-48,65010819;"SPRF-SC";"DEL01-SC";"UOP01-DEL01-SC"
575818;2024-01-19;"sexta-feira";"21:06:00";"RJ";116;303,4;"RESENDE";"Manobra de mudança de faixa";"Colisão lateral mesmo sentido";"Com Vítimas Feridas";"Plena Noite";"Decrescente";"Céu Claro";"Dupla";"Em Obras;Reta                 ";"Não";3;0;1;0;2;0;1;2;-22,45434989;-44,37845201;"SPRF-RJ";"DEL07-RJ";"UOP02-DEL07-RJ"
575819;2024-01-19;"sexta-feira";"21:25:00";"SC";101;131;"BALNEARIO CAMBORIU";"Acessar a via sem observar a presença dos outros veículos";"Colisão transversal";"Com Vítimas Feridas";"Plena Noite";"Decrescente";"Nublado";"Simples";"Aclive;Reta                   ";"Sim";3;0;2;1;0;0;3;2;-26,99064209;-48,66310912;"SPRF-SC";"DEL04-SC";"UOP03-DEL04-SC"
575820;2024-01-19;"sexta-feira";"21:05:00";"RS";158;438,6;"ROSARIO DO SUL";"Demais falhas mecânicas ou elétricas";"Saída de leito carroçável";"Sem Vítimas";"Plena Noite";"Decrescente";"Garoa/Chuvisco";"Simples";"Curva";"Não";1;0;0;0;1;0;0;1;-30,17875626;-54,69887783;"SPRF-RS";"DEL11-RS";"UOP02-DEL11-RS"
575822;2024-01-19;"sexta-feira";"21:45:00";"SC";101;206,3;"SAO JOSE";"Condutor deixou de manter distância do veículo da frente";"Colisão traseira";"Sem Vítimas";"Plena Noite";"Crescente";"Céu Claro";"Dupla";"Reta";"Sim";2;0;0;0;1;1;0;2;-27,59193546;-48,61824557;"SPRF-SC";"DEL01-SC";"UOP01-DEL01-SC"
575826;2024-01-03;"quarta-feira";"23:59:00";"SC";101;214,3;"PALHOCA";"Acessar a via sem observar a presença dos outros veículos";"Colisão transversal";"Com Vítimas Feridas";"Plena Noite";"Decrescente";"Céu Claro";"Múltipla";"Interseção de Vias;Viaduto    ";"Sim";2;0;1;0;1;0;1;2;-27,64717913;-48,67216408;"SPRF-SC";"DEL01-SC";"UOP02-DEL01-SC"
575827;2024-01-19;"sexta-feira";"22:20:00";"MG";365;612;"UBERLANDIA";"Ausência de reação do condutor";"Tombamento";"Com Vítimas Feridas";"Plena Noite";"Decrescente";"Vento";"Simples";"Viaduto;Reta                  ";"Sim";1;0;1;0;0;0;1;1;-18,92793854;-48,19198317;"SPRF-MG";"DEL15-MG";"UOP01-DEL15-MG"
575828;2024-01-19;"sexta-feira";"22:22:00";"PE";101;89;"CABO DE SANTO AGOSTINHO";"Condutor deixou de manter distância do veículo da frente";"Colisão traseira";"Sem Vítimas";"Plena Noite";"Crescente";"Nublado";"Dupla";"Reta;Aclive;Viaduto           ";"Não";2;0;0;0;1;1;0;2;-8,20760697;-34,98372005;"SPRF-PE";"DEL01-PE";"UOP01-DEL01-PE"
575830;2024-01-19;"sexta-feira";"22:40:00";"MG";262;493;"BETIM";"Pedestre cruzava a pista fora da faixa";"Atropelamento de Pedestre";"Com Vítimas Feridas";"Plena Noite";"Crescente";"Céu Claro";"Dupla";"Reta";"Sim";2;0;1;0;1;0;1;2;-19,96399101;-44,17121887;"SPRF-MG";"DEL08-MG";"UOP03-DEL08-MG"
575831;2024-01-19;"sexta-feira";"23:00:00";"RN";427;3,7;"CURRAIS NOVOS";"Reação tardia ou ineficiente do condutor";"Capotamento";"Com Vítimas Feridas";"Plena Noite";"Crescente";"Ignorado";"Simples";"Reta;Ponte                    ";"Não";2;0;1;0;1;0;1;1;-6,29840692;-36,52610779;"SPRF-RN";"DEL03-RN";"UOP02-DEL03-RN"
575832;2024-01-19;"sexta-feira";"23:20:00";"SC";101;137;"BALNEARIO CAMBORIU";"Ausência de reação do condutor";"Colisão transversal";"Com Vítimas Feridas";"Pleno dia";"Crescente";"Céu Claro";"Dupla";"Aclive;Viaduto                ";"Sim";2;0;0;2;0;0;2;2;-27,0157238;-48,61192763;"SPRF-SC";"DEL04-SC";"UOP03-DEL04-SC"
575834;2024-01-19;"sexta-feira";"19:49:00";"RS";116;439;"SAO LOURENCO DO SUL";"Ausência de reação do condutor";"Saída de leito carroçável";"Com Vítimas Feridas";"Plena Noite";"Crescente";"Céu Claro";"Dupla";"Reta";"Não";1;0;1;0;0;0;1;1;-31,09479708;-52,0350442;"SPRF-RS";"DEL02-RS";"UOP02-DEL02-RS"
575835;2024-01-19;"sexta-feira";"22:25:00";"RN";101;97;"NATAL";"Ausência de reação do condutor";"Colisão lateral mesmo sentido";"Sem Vítimas";"Plena Noite";"Crescente";"Céu Claro";"Dupla";"Curva;Interseção de Vias      ";"Sim";2;0;0;0;2;0;0;2;-5,86063379;-35,21448076;"SPRF-RN";"DEL01-RN";"UOP01-DEL01-RN"
575836;2024-01-19;"sexta-feira";"22:00:00";"MG";381;942,1;"EXTREMA";"Velocidade Incompatível";"Saída de leito carroçável";"Com Vítimas Feridas";"Pleno dia";"Decrescente";"Chuva";"Dupla";"Curva;Declive                 ";"Não";5;0;2;0;3;0;2;1;-22,83560549;-46,32051814;"SPRF-MG";"DEL16-MG";"UOP03-DEL16-MG"
575837;2024-01-19;"sexta-feira";"15:00:00";"AP";210;151;"PORTO GRANDE";"Pista Escorregadia";"Saída de leito carroçável";"Sem Vítimas";"Pleno dia";"Crescente";"Chuva";"Simples";"Reta";"Não";1;0;0;0;1;0;0;1;0,616353;-51,77326;"SPRF-AP";"DEL01-AP";"UOP01-DEL01-AP"
575839;2024-01-19;"sexta-feira";"22:30:00";"RO";364;711;"PORTO VELHO";"Acumulo de água sobre o pavimento";"Saída de leito carroçável";"Sem Vítimas";"Plena Noite";"Crescente";"Chuva";"Múltipla";"Reta";"Sim";1;0;0;0;1;0;0;1;-8,78153947;-63,86531369;"SPRF-RO";"DEL01-RO";"UOP01-DEL01-RO"
575843;2024-01-19;"sexta-feira";"22:18:00";"MT";174;304;"PONTES E LACERDA";"Ausência de reação do condutor";"Capotamento";"Com Vítimas Feridas";"Plena Noite";"Decrescente";"Céu Claro";"Simples";"Reta";"Não";5;0;2;1;2;0;3;1;-15,09940701;-59,30417798;"SPRF-MT";"DEL04-MT";"UOP01-DEL04-MT"
575845;2024-01-19;"sexta-feira";"23:25:00";"PB";230;12;"CABEDELO";"Reação tardia ou ineficiente do condutor";"Saída de leito carroçável";"Com Vítimas Feridas";"Plena Noite";"Crescente";"Céu Claro";"Dupla";"Reta";"Sim";2;0;2;0;0;0;2;1;-7,07001665;-34,849931;"SPRF-PB";"DEL01-PB";"UOP01-DEL01-PB"
575847;2024-01-20;"sábado";"00:10:00";"PR";116;205;"RIO NEGRO";"Reação tardia ou ineficiente do condutor";"Colisão com objeto";"Com Vítimas Feridas";"Plena Noite";"Decrescente";"Céu Claro";"Simples";"Aclive;Reta                   ";"Sim";1;0;1;0;0;0;1;1;-26,05749692;-49,72632005;"SPRF-SC";"DEL06-SC";"UOP01-DEL06-SC"
575849;2024-01-19;"sexta-feira";"09:25:00";"BA";101;505;"ITABUNA";"Retorno proibido";"Colisão lateral mesmo sentido";"Com Vítimas Feridas";"Pleno dia";"Decrescente";"Céu Claro";"Simples";"Reta";"Sim";2;0;1;0;1;0;1;2;-14,786473;-39,290453;"SPRF-BA";"DEL05-BA";"UOP01-DEL05-BA"
575850;2024-01-19;"sexta-feira";"22:00:00";"MA";226;2,4;"TIMON";"Desrespeitar a preferência no cruzamento";"Colisão transversal";"Com Vítimas Feridas";"Plena Noite";"Crescente";"Céu Claro";"Múltipla";"Interseção de Vias";"Sim";3;0;1;0;0;2;1;2;-5,136114;-42,836397;"SPRF-MA";"DEL03-MA";"UOP02-DEL03-MA"
575851;2024-01-20;"sábado";"00:05:00";"BA";407;124;"SENHOR DO BONFIM";"Ingestão de álcool pelo condutor";"Colisão traseira";"Com Vítimas Feridas";"Plena Noite";"Crescente";"Céu Claro";"Simples";"Reta";"Não";2;0;1;0;1;0;1;2;-10,43896901;-40,18718133;"SPRF-BA";"DEL04-BA";"UOP01-DEL04-BA"
575852;2024-01-19;"sexta-feira";"20:22:00";"MA";222;560,5;"BOM JESUS DAS SELVAS";"Deficiência do Sistema de Iluminação/Sinalização";"Colisão traseira";"Com Vítimas Fatais";"Plena Noite";"Crescente";"Céu Claro";"Simples";"Aclive;Reta                   ";"Não";2;1;0;0;0;1;0;2;-4,38914753;-46,6932603;"SPRF-MA";"DEL04-MA";"UOP03-DEL04-MA"
575853;2024-01-20;"sábado";"00:40:00";"RS";116;40,3;"VACARIA";"Ingestão de álcool pelo condutor";"Colisão com objeto";"Sem Vítimas";"Plena Noite";"Decrescente";"Nublado";"Simples";"Interseção de Vias";"Sim";1;0;0;0;1;0;0;1;-28,52066483;-50,94186544;"SPRF-RS";"DEL05-RS";"UOP03-DEL05-RS"
575854;2024-01-20;"sábado";"01:30:00";"MG";381;887,3;"ESTIVA";"Velocidade Incompatível";"Saída de leito carroçável";"Com Vítimas Feridas";"Plena Noite";"Crescente";"Chuva";"Dupla";"Reta";"Não";2;0;2;0;0;0;2;1;-22,51992961;-46,02219415;"SPRF-MG";"DEL16-MG";"UOP03-DEL16-MG"
575855;2024-01-20;"sábado";"00:45:00";"RS";470;155;"NOVA PRATA";"Transitar na contramão";"Colisão frontal";"Com Vítimas Fatais";"Plena Noite";"Crescente";"Nublado";"Simples";"Curva;Declive                 ";"Sim";2;1;0;0;1;0;0;2;-28,7766872;-51,61119461;"SPRF-RS";"DEL06-RS";"UOP02-DEL06-RS"
575856;2024-01-19;"sexta-feira";"23:00:00";"PB";230;216;"SOLEDADE";"Conversão proibida";"Colisão transversal";"Sem Vítimas";"Plena Noite";"Decrescente";"Céu Claro";"Simples";"Reta";"Sim";2;0;0;0;0;2;0;2;-7,0562;-36,3681;"SPRF-PB";"DEL02-PB";"UOP02-DEL02-PB"
575859;2024-01-20;"sábado";"01:45:00";"PR";277;77;"CURITIBA";"Pedestre andava na pista";"Atropelamento de Pedestre";"Com Vítimas Fatais";"Plena Noite";"Crescente";"Céu Claro";"Dupla";"Reta";"Sim";2;1;0;0;1;0;0;2;-25,483841;-49,189746;"SPRF-PR";"DEL01-PR";"UOP07-DEL01-PR"
575860;2024-01-20;"sábado";"01:15:00";"SC";280;70,5;"JARAGUA DO SUL";"Manobra de mudança de faixa";"Colisão frontal";"Sem Vítimas";"Plena Noite";"Decrescente";"Céu Claro";"Simples";"Reta";"Sim";6;0;0;0;6;0;0;2;-26,46522052;-49,12675918;"SPRF-SC";"DEL03-SC";"UOP03-DEL03-SC"
575861;2024-01-20;"sábado";"03:10:00";"SP";116;145;"SAO JOSE DOS CAMPOS";"Velocidade Incompatível";"Colisão traseira";"Com Vítimas Feridas";"Plena Noite";"Decrescente";"Nublado";"Dupla";"Aclive;Reta                   ";"Sim";3;0;3;0;0;0;3;2;-23,1869844;-45,8548078;"SPRF-SP";"DEL02-SP";"UOP01-DEL02-SP"
575862;2024-01-20;"sábado";"03:30:00";"MG";116;626;"ORIZANIA";"Velocidade Incompatível";"Capotamento";"Com Vítimas Feridas";"Plena Noite";"Decrescente";"Nublado";"Simples";"Curva";"Não";2;0;2;0;0;0;2;1;-20,547563;-42,208299;"SPRF-MG";"DEL07-MG";"UOP02-DEL07-MG"
575863;2024-01-20;"sábado";"03:30:00";"MG";40;626,9;"CONSELHEIRO LAFAIETE";"Ingestão de álcool pelo condutor";"Saída de leito carroçável";"Sem Vítimas";"Plena Noite";"Crescente";"Nublado";"Simples";"Curva";"Sim";1;0;0;0;1;0;0;1;-20,63970917;-43,81430453;"SPRF-MG";"DEL05-MG";"UOP02-DEL05-MG"
575864;2024-01-20;"sábado";"04:38:00";"ES";101;169;"LINHARES";"Reação tardia ou ineficiente do condutor";"Saída de leito carroçável";"Com Vítimas Feridas";"Amanhecer";"Decrescente";"Céu Claro";"Simples";"Reta";"Não";3;0;2;0;1;0;2;1;-19,54224113;-40,16291381;"SPRF-ES";"DEL04-ES";"UOP01-DEL04-ES"
575865;2024-01-20;"sábado";"03:50:00";"RS";116;242;"SAO LEOPOLDO";"Ausência de reação do condutor";"Colisão lateral mesmo sentido";"Sem Vítimas";"Plena Noite";"Crescente";"Garoa/Chuvisco";"Múltipla";"Reta";"Sim";6;0;0;0;6;0;0;2;-29,72297087;-51,14858729;"SPRF-RS";"DEL01-RS";"UOP02-DEL01-RS"
575866;2024-01-20;"sábado";"03:50:00";"BA";116;756;"POCOES";"Condutor Dormindo";"Colisão traseira";"Com Vítimas Feridas";"Plena Noite";"Crescente";"Céu Claro";"Simples";"Reta";"Não";4;0;2;1;1;0;3;2;-14,518065;-40,370995;"SPRF-BA";"DEL08-BA";"UOP02-DEL08-BA"
575867;2024-01-20;"sábado";"04:30:00";"GO";60;388;"RIO VERDE";"Ausência de reação do condutor";"Colisão com objeto";"Sem Vítimas";"Plena Noite";"Crescente";"Céu Claro";"Dupla";"Reta;Desvio Temporário;Em Obra";"Sim";1;0;0;0;1;0;0;1;-17,8151;-50,9343;"SPRF-GO";"DEL04-GO";"UOP02-DEL04-GO"
575870;2024-01-19;"sexta-feira";"17:45:00";"MG";381;654,5;"SANTO ANTONIO DO AMPARO";"Velocidade Incompatível";"Saída de leito carroçável";"Com Vítimas Feridas";"Anoitecer";"Decrescente";"Chuva";"Dupla";"Curva";"Não";1;0;1;0;0;0;1;1;-20,99437964;-44,96041633;"SPRF-MG";"DEL04-MG";"UOP02-DEL04-MG"
575872;2024-01-20;"sábado";"04:30:00";"PR";116;7;"QUATRO BARRAS";"Ingestão de álcool pelo condutor";"Colisão com objeto";"Sem Vítimas";"Amanhecer";"Decrescente";"Céu Claro";"Dupla";"Reta";"Sim";1;0;0;0;1;0;0;1;-25,3683;-49,1074;"SPRF-PR";"DEL01-PR";"UOP02-DEL01-PR"
575873;2024-01-20;"sábado";"04:00:00";"MG";116;144,6;"PONTO DOS VOLANTES";"Animais na Pista";"Atropelamento de Animal";"Com Vítimas Fatais";"Amanhecer";"Crescente";"Céu Claro";"Simples";"Reta";"Não";2;1;1;0;0;0;1;1;-16,8019472;-41,47716326;"SPRF-MG";"DEL11-MG";"UOP02-DEL11-MG"
575875;2024-01-20;"sábado";"05:30:00";"SC";470;128;"LONTRAS";"Reação tardia ou ineficiente do condutor";"Saída de leito carroçável";"Com Vítimas Feridas";"Amanhecer";"Decrescente";"Nublado";"Simples";"Reta;Declive                  ";"Não";1;0;0;1;0;0;1;1;-27,143742;-49,548897;"SPRF-SC";"DEL04-SC";"UOP02-DEL04-SC"
575877;2024-01-20;"sábado";"03:00:00";"MG";381;913;"CAMANDUCAIA";"Reação tardia ou ineficiente do condutor";"Saída de leito carroçável";"Com Vítimas Feridas";"Plena Noite";"Crescente";"Garoa/Chuvisco";"Dupla";"Reta";"Não";49;0;8;0;41;0;8;1;-22,71869759;-46,12743128;"SPRF-MG";"DEL16-MG";"UOP03-DEL16-MG"
575880;2024-01-20;"sábado";"06:00:00";"PB";230;438,2;"SAO DOMINGOS";"Acessar a via sem observar a presença dos outros veículos";"Colisão traseira";"Com Vítimas Feridas";"Pleno dia";"Decrescente";"Céu Claro";"Simples";"Declive;Curva                 ";"Não";2;0;1;0;1;0;1;2;-6,7612;-38,0094;"SPRF-PB";"DEL03-PB";"UOP02-DEL03-PB"
575881;2024-01-20;"sábado";"06:20:00";"TO";242;376,3;"GURUPI";"Avarias e/ou desgaste excessivo no pneu";"Saída de leito carroçável";"Sem Vítimas";"Pleno dia";"Crescente";"Sol";"Simples";"Reta";"Sim";1;0;0;0;1;0;0;1;-11,73637396;-49,03112802;"SPRF-TO";"DEL01-TO";"UOP02-DEL01-TO"