"id";"data_inversa";"dia_semana";"horario";"uf";"br";"km";"municipio";"causa_acidente";"tipo_acidente";"classificacao_acidente";"fase_dia";"sentido_via";"condicao_metereologica";"tipo_pista";"tracado_via";"uso_solo";"pessoas";"mortos";"feridos_leves";"feridos_graves";"ilesos";"ignorados";"feridos";"veiculos";"latitude";"longitude";"regional";"delegacia";"uop"
575884;2024-01-20;"sábado";"03:30:00";"RJ";101;261;"RIO BONITO";"Reação tardia ou ineficiente do condutor";"Tombamento";"Com Vítimas Feridas";"Plena Noite";"Crescente";"Céu Claro";"Dupla";"Viaduto;Curva                 ";"Sim";1;0;1;0;0;0;1;1;-22,71139378;-42,61157199;"SPRF-RJ";"DEL02-RJ";"UOP03-DEL02-RJ"
575885;2024-01-20;"sábado";"05:40:00";"MG";267;138;"JUIZ DE FORA";"Ausência de reação do condutor";"Colisão traseira";"Com Vítimas Feridas";"Amanhecer";"Crescente";"Nublado";"Simples";"Reta";"Sim";3;0;0;1;1;1;1;3;-21,79071223;-43,67401443;"SPRF-MG";"DEL05-MG";"UOP01-DEL05-MG"
575886;2024-01-20;"sábado";"07:25:00";"SP";101;39;"UBATUBA";"Reação tardia ou ineficiente do condutor";"Colisão traseira";"Com Vítimas Feridas";"Pleno dia";"Decrescente";"Nublado";"Simples";"Aclive;Reta                   ";"Não";6;0;1;0;5;0;1;2;-23,41312274;-45,02386093;"SPRF-SP";"DEL06-SP";"UOP01-DEL06-SP"
575887;2024-01-20;"sábado";"06:40:00";"RJ";116;209;"SEROPEDICA";"Ausência de reação do condutor";"Colisão com objeto";"Com Vítimas Feridas";"Amanhecer";"Crescente";"Céu Claro";"Dupla";"Reta";"Não";1;0;1;0;0;0;1;1;-22,721238;-43,681105;"SPRF-RJ";"DEL06-RJ";"UOP02-DEL06-RJ"
575888;2024-01-20;"sábado";"07:54:00";"RN";405;75;"APODI";"Acessar a via sem observar a presença dos outros veículos";"Colisão transversal";"Com Vítimas Feridas";"Pleno dia";"Crescente";"Céu Claro";"Dupla";"Aclive;Reta                   ";"Não";2;0;0;1;0;1;1;2;-5,6430151;-37,79996162;"SPRF-RN";"DEL04-RN";"UOP02-DEL04-RN"
575889;2024-01-20;"sábado";"07:50:00";"MG";40;524;"CONTAGEM";"Avarias e/ou desgaste excessivo no pneu";"Tombamento";"Com Vítimas Feridas";"Pleno dia";"Crescente";"Nublado";"Dupla";"Curva";"Sim";2;0;2;0;0;0;2;1;-19,8754469;-44,05345586;"SPRF-MG";"DEL01-MG";"UOP02-DEL01-MG"
575890;2024-01-20;"sábado";"07:40:00";"RS";116;148,2;"CAXIAS DO SUL";"Ingestão de álcool pelo condutor";"Saída de leito carroçável";"Com Vítimas Feridas";"Pleno dia";"Decrescente";"Nublado";"Dupla";"Curva";"Sim";2;0;1;0;0;1;1;2;-29,15710842;-51,15142107;"SPRF-RS";"DEL05-RS";"UOP01-DEL05-RS"
575891;2024-01-20;"sábado";"06:30:00";"SC";158;109,2;"CUNHA PORA";"Desrespeitar a preferência no cruzamento";"Colisão transversal";"Com Vítimas Feridas";"Pleno dia";"Crescente";"Céu Claro";"Simples";"Interseção de Vias";"Não";2;0;2;0;0;0;2;2;-26,88666987;-53,1757164;"SPRF-SC";"DEL07-SC";"UOP02-DEL07-SC"
575892;2024-01-20;"sábado";"07:50:00";"SC";101;309,8;"LAGUNA";"Ausência de reação do condutor";"Colisão com objeto";"Com Vítimas Feridas";"Pleno dia";"Crescente";"Céu Claro";"Dupla";"Reta";"Não";2;0;1;1;0;0;2;1;-28,40755485;-48,79169438;"SPRF-SC";"DEL02-SC";"UOP01-DEL02-SC"
575893;2024-01-20;"sábado";"04:20:00";"MG";251;278,1;"SALINAS";"Ausência de reação do condutor";"Saída de leito carroçável";"Com Vítimas Feridas";"Amanhecer";"Decrescente";"Céu Claro";"Simples";"Reta;Declive                  ";"Não";6;0;5;0;1;0;5;1;-16,03852999;-42,12846324;"SPRF-MG";"DEL12-MG";"UOP02-DEL12-MG"
575894;2024-01-20;"sábado";"08:30:00";"ES";262;25;"VIANA";"Ausência de reação do condutor";"Saída de leito carroçável";"Com Vítimas Fatais";"Pleno dia";"Crescente";"Sol";"Simples";"Reta";"Não";3;2;1;0;0;0;1;1;-20,37910854;-40,53514614;"SPRF-ES";"DEL01-ES";"UOP01-DEL01-ES"
575895;2024-01-20;"sábado";"08:30:00";"PR";476;170,3;"CONTENDA";"Ingestão de álcool pelo condutor";"Saída de leito carroçável";"Sem Vítimas";"Pleno dia";"Crescente";"Nublado";"Simples";"Reta";"Sim";1;0;0;0;1;0;0;1;-25,668074;-49,503948;"SPRF-PR";"DEL01-PR";"UOP06-DEL01-PR"
575896;2024-01-07;"domingo";"23:30:00";"MG";40;530;"CONTAGEM";"Manobra de mudança de faixa";"Colisão lateral mesmo sentido";"Com Vítimas Feridas";"Plena Noite";"Decrescente";"Céu Claro";"Dupla";"Reta;Declive                  ";"Sim";2;0;1;0;0;1;1;2;-19,92064782;-44,0335681;"SPRF-MG";"DEL01-MG";"UOP02-DEL01-MG"
575897;2024-01-20;"sábado";"01:00:00";"MG";116;466,7;"TARUMIRIM";"Reação tardia ou ineficiente do condutor";"Saída de leito carroçável";"Com Vítimas Fatais";"Plena Noite";"Decrescente";"Céu Claro";"Simples";"Curva;Declive                 ";"Não";1;1;0;0;0;0;0;1;-19,2852902;-42,07293963;"SPRF-MG";"DEL06-MG";"UOP02-DEL06-MG"
575898;2024-01-20;"sábado";"08:30:00";"GO";70;8,2;"AGUAS LINDAS DE GOIAS";"Falta de elemento de contenção que evite a saída do leito carroçável";"Capotamento";"Com Vítimas Feridas";"Pleno dia";"Decrescente";"Céu Claro";"Dupla";"Curva;Declive                 ";"Sim";1;0;0;1;0;0;1;1;-15,73733681;-48,27407468;"SPRF-DF";"DEL03-DF";"UOP02-DEL03-DF"
575902;2024-01-20;"sábado";"08:45:00";"PR";163;247;"TOLEDO";"Afundamento ou ondulação no pavimento";"Queda de ocupante de veículo";"Com Vítimas Feridas";"Pleno dia";"Decrescente";"Nublado";"Dupla";"Reta";"Não";1;0;1;0;0;0;1;1;-24,717822;-53,711597;"SPRF-PR";"DEL06-PR";"UOP02-DEL06-PR"
575903;2024-01-20;"sábado";"09:00:00";"PI";343;320,9;"ALTOS";"Avarias e/ou desgaste excessivo no pneu";"Tombamento";"Com Vítimas Feridas";"Pleno dia";"Decrescente";"Céu Claro";"Simples";"Reta";"Não";2;0;2;0;0;0;2;1;-5,048756;-42,569283;"SPRF-PI";"DEL01-PI";"UOP01-DEL01-PI"
575905;2024-01-20;"sábado";"07:00:00";"MS";262;434;"DOIS IRMAOS DO BURITI";"Ausência de reação do condutor";"Capotamento";"Com Vítimas Feridas";"Pleno dia";"Crescente";"Céu Claro";"Simples";"Reta";"Não";3;0;2;0;1;0;2;1;-20,49784673;-55,31053909;"SPRF-MS";"DEL03-MS";"UOP01-DEL03-MS"
575907;2024-01-16;"terça-feira";"19:15:00";"MA";230;365,9;"SAO RAIMUNDO DAS MANGABEIRAS";"Ausência de reação do condutor";"Colisão traseira";"Com Vítimas Feridas";"Anoitecer";"Crescente";"Nublado";"Simples";"Reta";"Não";2;0;2;0;0;0;2;2;-7,22812219;-45,88018396;"SPRF-MA";"DEL05-MA";"UOP01-DEL05-MA"
575908;2024-01-20;"sábado";"04:30:00";"GO";60;211;"GUAPO";"Acumulo de água sobre o pavimento";"Colisão com objeto";"Com Vítimas Feridas";"Plena Noite";"Decrescente";"Chuva";"Dupla";"Interseção de Vias";"Não";1;0;1;0;0;0;1;1;-16,9488;-49,6748;"SPRF-GO";"DEL01-GO";"UOP02-DEL01-GO"
575909;2024-01-20;"sábado";"09:30:00";"RJ";116;201;"QUEIMADOS";"Avarias e/ou desgaste excessivo no pneu";"Queda de ocupante de veículo";"Com Vítimas Feridas";"Pleno dia";"Decrescente";"Sol";"Dupla";"Reta";"Sim";2;0;2;0;0;0;2;1;-22,73124742;-43,60364806;"SPRF-RJ";"DEL06-RJ";"UOP02-DEL06-RJ"
575910;2024-01-20;"sábado";"06:25:00";"RJ";40;82;"PETROPOLIS";"Transitar na contramão";"Colisão frontal";"Com Vítimas Feridas";"Pleno dia";"Decrescente";"Céu Claro";"Dupla";"Curva";"Sim";3;0;2;1;0;0;3;2;-22,51183137;-43,23076171;"SPRF-RJ";"DEL01-RJ";"UOP01-DEL01-RJ"
575915;2024-01-20;"sábado";"07:30:00";"BA";101;479,5;"URUCUCA";"Velocidade Incompatível";"Capotamento";"Com Vítimas Feridas";"Amanhecer";"Crescente";"Nublado";"Simples";"Curva";"Não";3;0;2;1;0;0;3;1;-14,610345;-39,330134;"SPRF-BA";"DEL05-BA";"UOP01-DEL05-BA"
575917;2024-01-20;"sábado";"10:17:00";"RN";226;82;"TANGARA";"Transitar na contramão";"Colisão frontal";"Com Vítimas Feridas";"Pleno dia";"Crescente";"Céu Claro";"Simples";"Reta;Declive                  ";"Sim";3;0;1;1;1;0;2;2;-6,19172946;-35,79119344;"SPRF-RN";"DEL01-RN";"UOP02-DEL01-RN"
575918;2024-01-20;"sábado";"09:30:00";"DF";70;16,3;"BRASILIA";"Acessar a via sem observar a presença dos outros veículos";"Colisão traseira";"Com Vítimas Feridas";"Pleno dia";"Decrescente";"Céu Claro";"Dupla";"Reta;Rotatória                ";"Sim";2;0;1;0;1;0;1;2;-15,795828;-48,196706;"SPRF-DF";"DEL03-DF";"UOP02-DEL03-DF"
575919;2024-01-20;"sábado";"09:30:00";"SC";101;110;"PENHA";"Reação tardia ou ineficiente do condutor";"Colisão traseira";"Com Vítimas Feridas";"Pleno dia";"Crescente";"Céu Claro";"Dupla";"Reta";"Não";2;0;0;1;1;0;1;2;-26,83477;-48,706151;"SPRF-SC";"DEL03-SC";"UOP02-DEL03-SC"
575920;2024-01-20;"sábado";"09:45:00";"RO";174;16,3;"VILHENA";"Acessar a via sem observar a presença dos outros veículos";"Colisão transversal";"Com Vítimas Feridas";"Pleno dia";"Decrescente";"Sol";"Simples";"Reta;Interseção de Vias       ";"Sim";3;0;1;0;1;1;1;3;-12,71452302;-60,1262149;"SPRF-RO";"DEL04-RO";"UOP01-DEL04-RO"
575923;2024-01-20;"sábado";"09:50:00";"RJ";393;176;"TRES RIOS";"Pedestre andava na pista";"Atropelamento de Pedestre";"Com Vítimas Feridas";"Pleno dia";"Decrescente";"Céu Claro";"Simples";"Reta";"Não";3;0;0;2;1;0;2;2;-22,12586166;-43,21215519;"SPRF-RJ";"DEL05-RJ";"UOP03-DEL05-RJ"
575924;2024-01-20;"sábado";"11:05:00";"RN";101;125,6;"SAO JOSE DE MIPIBU";"Manobra de mudança de faixa";"Colisão transversal";"Com Vítimas Feridas";"Pleno dia";"Decrescente";"Sol";"Dupla";"Retorno Regulamentado;Reta    ";"Sim";4;0;2;0;2;0;2;3;-6,07815599;-35,23412006;"SPRF-RN";"DEL01-RN";"UOP01-DEL01-RN"
575925;2024-01-20;"sábado";"10:45:00";"PE";101;43,1;"IGARASSU";"Ausência de reação do condutor";"Colisão traseira";"Com Vítimas Feridas";"Pleno dia";"Crescente";"Sol";"Múltipla";"Reta";"Sim";3;0;0;2;1;0;2;2;-7,84753808;-34,90977038;"SPRF-PE";"DEL01-PE";"UOP02-DEL01-PE"
575926;2024-01-20;"sábado";"09:20:00";"SC";282;0,1;"FLORIANOPOLIS";"Reação tardia ou ineficiente do condutor";"Colisão lateral mesmo sentido";"Com Vítimas Feridas";"Pleno dia";"Decrescente";"Céu Claro";"Múltipla";"Curva";"Sim";3;0;1;0;1;1;1;2;-27,59845;-48,571995;"SPRF-SC";"DEL01-SC";"UOP01-DEL01-SC"
575927;2024-01-20;"sábado";"09:30:00";"BA";101;362,9;"GANDU";"Pedestre andava na pista";"Engavetamento";"Com Vítimas Feridas";"Pleno dia";"Crescente";"Céu Claro";"Simples";"Reta;Declive                  ";"Não";6;0;2;0;3;1;2;5;-13,856841;-39,49252598;"SPRF-BA";"DEL05-BA";"UOP03-DEL05-BA"
575928;2024-01-20;"sábado";"09:10:00";"BA";415;47;"ITABUNA";"Ausência de sinalização";"Colisão transversal";"Com Vítimas Feridas";"Pleno dia";"Decrescente";"Céu Claro";"Simples";"Interseção de Vias;Reta       ";"Sim";2;0;1;0;1;0;1;2;-14,81695319;-39,30075645;"SPRF-BA";"DEL05-BA";"UOP01-DEL05-BA"
575930;2024-01-20;"sábado";"09:00:00";"SC";282;420,8;"VARGEM BONITA";"Pista Escorregadia";"Saída de leito carroçável";"Com Vítimas Feridas";"Pleno dia";"Crescente";"Céu Claro";"Simples";"Curva";"Não";2;0;1;0;1;0;1;1;-27,014505;-51,736427;"SPRF-SC";"DEL07-SC";"UOP05-DEL07-SC"
575931;2024-01-20;"sábado";"10:29:00";"RJ";101;272;"RIO BONITO";"Conversão proibida";"Colisão transversal";"Com Vítimas Feridas";"Pleno dia";"Crescente";"Sol";"Dupla";"Reta";"Sim";4;0;1;0;3;0;1;2;-22,72935968;-42,70112512;"SPRF-RJ";"DEL02-RJ";"UOP03-DEL02-RJ"
575932;2024-01-20;"sábado";"11:30:00";"GO";153;191;"URUACU";"Ausência de reação do condutor";"Saída de leito carroçável";"Sem Vítimas";"Pleno dia";"Crescente";"Céu Claro";"Simples";"Reta;Declive                  ";"Não";1;0;0;0;1;0;0;1;-14,437541;-49,156738;"SPRF-GO";"DEL07-GO";"UOP02-DEL07-GO"
575935;2024-01-20;"sábado";"12:18:00";"GO";40;3;"VALPARAISO DE GOIAS";"Ausência de reação do condutor";"Colisão traseira";"Com Vítimas Feridas";"Pleno dia";"Decrescente";"Céu Claro";"Dupla";"Reta";"Sim";2;0;1;0;1;0;1;2;-16,076081;-47,985671;"SPRF-DF";"DEL01-DF";"UOP01-DEL01-DF"
575936;2024-01-20;"sábado";"08:27:00";"ES";101;69,8;"SAO MATEUS";"Reação tardia ou ineficiente do condutor";"Tombamento";"Com Vítimas Feridas";"Pleno dia";"Decrescente";"Céu Claro";"Simples";"Reta";"Sim";2;0;2;0;0;0;2;1;-18,73556097;-39,86069526;"SPRF-ES";"DEL04-ES";"UOP02-DEL04-ES"
575937;2024-01-20;"sábado";"11:20:00";"ES";262;125;"CONCEICAO DO CASTELO";"Curva acentuada";"Tombamento";"Com Vítimas Feridas";"Pleno dia";"Crescente";"Sol";"Simples";"Curva;Declive                 ";"Não";2;0;2;0;0;0;2;1;-20,27994144;-41,26114078;"SPRF-ES";"DEL01-ES";"UOP02-DEL01-ES"
575938;2024-01-20;"sábado";"13:10:00";"RS";116;254,4;"SAPUCAIA DO SUL";"Ausência de reação do condutor";"Colisão lateral mesmo sentido";"Com Vítimas Feridas";"Pleno dia";"Decrescente";"Chuva";"Dupla";"Reta";"Sim";2;0;1;0;1;0;1;2;-29,82654797;-51,17241311;"SPRF-RS";"DEL01-RS";"UOP02-DEL01-RS"
575940;2024-01-09;"terça-feira";"15:00:00";"MS";163;181;"JUTI";"Ultrapassagem Indevida";"Saída de leito carroçável";"Com Vítimas Feridas";"Pleno dia";"Decrescente";"Céu Claro";"Simples";"Reta";"Não";5;0;4;0;1;0;4;2;-22,82799837;-54,6870281;"SPRF-MS";"DEL09-MS";"UOP01-DEL09-MS"
575941;2024-01-20;"sábado";"13:05:00";"RS";290;142,8;"ELDORADO DO SUL";"Acessar a via sem observar a presença dos outros veículos";"Colisão transversal";"Sem Vítimas";"Pleno dia";"Crescente";"Nublado";"Simples";"Reta";"Não";4;0;0;0;4;0;0;3;-30,089678;-51,628311;"SPRF-RS";"DEL02-RS";"UOP01-DEL02-RS"
575944;2024-01-20;"sábado";"09:47:00";"MG";381;844;"POUSO ALEGRE";"Ausência de reação do condutor";"Saída de leito carroçável";"Com Vítimas Feridas";"Pleno dia";"Crescente";"Céu Claro";"Dupla";"Reta";"Não";1;0;1;0;0;0;1;1;-22,229838;-45,876144;"SPRF-MG";"DEL16-MG";"UOP01-DEL16-MG"
575945;2024-01-20;"sábado";"11:45:00";"MG";116;281;"TEOFILO OTONI";"Demais falhas mecânicas ou elétricas";"Incêndio";"Sem Vítimas";"Pleno dia";"Crescente";"Céu Claro";"Simples";"Reta";"Não";2;0;0;0;2;0;0;1;-17,89352518;-41,52352462;"SPRF-MG";"DEL11-MG";"UOP01-DEL11-MG"
575946;2024-01-20;"sábado";"14:05:00";"PR";116;17;"COLOMBO";"Condutor deixou de manter distância do veículo da frente";"Colisão traseira";"Com Vítimas Feridas";"Pleno dia";"Crescente";"Nublado";"Dupla";"Reta";"Sim";5;0;2;0;2;1;2;2;-25,38962848;-49,20055389;"SPRF-PR";"DEL01-PR";"UOP02-DEL01-PR"
575947;2024-01-20;"sábado";"11:00:00";"SC";101;112;"ITAJAI";"Acessar a via sem observar a presença dos outros veículos";"Colisão lateral mesmo sentido";"Com Vítimas Feridas";"Pleno dia";"Decrescente";"Céu Claro";"Dupla";"Curva";"Sim";3;0;3;0;0;0;3;2;-26,84589005;-48,72131295;"SPRF-SC";"DEL04-SC";"UOP04-DEL04-SC"
575948;2024-01-20;"sábado";"14:00:00";"PR";376;5;"APUCARANA";"Acessar a via sem observar a presença dos outros veículos";"Colisão transversal";"Com Vítimas Feridas";"Pleno dia";"Crescente";"Chuva";"Simples";"Interseção de Vias;Reta       ";"Sim";3;0;2;0;1;0;2;2;-23,5513;-51,461266;"SPRF-PR";"DEL07-PR";"UOP03-DEL07-PR"
575949;2024-01-20;"sábado";"13:00:00";"MG";40;522;"CONTAGEM";"Avarias e/ou desgaste excessivo no pneu";"Saída de leito carroçável";"Com Vítimas Feridas";"Pleno dia";"Crescente";"Céu Claro";"Dupla";"Reta";"Sim";1;0;1;0;0;0;1;1;-19,8638731;-44,06749809;"SPRF-MG";"DEL01-MG";"UOP02-DEL01-MG"
575950;2024-01-20;"sábado";"14:10:00";"PI";135;363,9;"BOM JESUS";"Ultrapassagem Indevida";"Colisão frontal";"Com Vítimas Feridas";"Pleno dia";"Crescente";"Céu Claro";"Simples";"Aclive;Reta                   ";"Não";10;0;5;0;5;0;5;2;-9,14779614;-44,41230285;"SPRF-PI";"DEL03-PI";"UOP02-DEL03-PI"
575951;2024-01-20;"sábado";"14:20:00";"PI";343;18,7;"PARNAIBA";"Acessar a via sem observar a presença dos outros veículos";"Colisão lateral mesmo sentido";"Com Vítimas Feridas";"Pleno dia";"Crescente";"Céu Claro";"Simples";"Reta";"Sim";2;0;1;0;1;0;1;2;-2,96772409;-41,76027959;"SPRF-PI";"DEL05-PI";"UOP01-DEL05-PI"
575953;2024-01-20;"sábado";"13:55:00";"SC";101;360,9;"SANGAO";"Manobra de mudança de faixa";"Colisão com objeto";"Com Vítimas Feridas";"Pleno dia";"Crescente";"Nublado";"Múltipla";"Curva";"Não";4;0;4;0;0;0;4;1;-28,67096645;-49,12202954;"SPRF-SC";"DEL02-SC";"UOP01-DEL02-SC"
575954;2024-01-20;"sábado";"14:23:00";"RN";101;79;"NATAL";"Manobra de mudança de faixa";"Colisão traseira";"Com Vítimas Feridas";"Pleno dia";"Decrescente";"Céu Claro";"Dupla";"Reta";"Sim";3;0;2;0;1;0;2;2;-5,749543;-35,289096;"SPRF-RN";"DEL02-RN";"UOP01-DEL02-RN"
575955;2024-01-20;"sábado";"15:05:00";"PE";101;72;"RECIFE";"Condutor deixou de manter distância do veículo da frente";"Colisão traseira";"Com Vítimas Feridas";"Pleno dia";"Crescente";"Céu Claro";"Dupla";"Reta";"Sim";5;0;3;0;2;0;3;3;-8,09896785;-34,95022416;"SPRF-PE";"DEL01-PE";"UOP01-DEL01-PE"
575956;2024-01-20;"sábado";"14:55:00";"ES";101;222,1;"IBIRACU";"Condutor Dormindo";"Colisão frontal";"Com Vítimas Fatais";"Pleno dia";"Crescente";"Sol";"Simples";"Curva";"Não";6;1;4;1;0;0;5;3;-19,86967622;-40,40915873;"SPRF-ES";"DEL02-ES";"UOP01-DEL02-ES"
575957;2024-01-20;"sábado";"14:30:00";"SP";116;221;"GUARULHOS";"Trafegar com motocicleta (ou similar) entre as faixas";"Colisão lateral mesmo sentido";"Com Vítimas Feridas";"Pleno dia";"Crescente";"Nublado";"Múltipla";"Reta";"Sim";3;0;2;0;1;0;2;2;-23,46802395;-46,50704901;"SPRF-SP";"DEL01-SP";"UOP01-DEL01-SP"
575958;2024-01-20;"sábado";"15:15:00";"PE";101;20,4;"GOIANA";"Manobra de mudança de faixa";"Saída de leito carroçável";"Com Vítimas Feridas";"Pleno dia";"Crescente";"Céu Claro";"Dupla";"Reta";"Não";2;0;0;1;1;0;1;2;-7,66042701;-34,93780401;"SPRF-PE";"DEL01-PE";"UOP02-DEL01-PE"
575960;2024-01-20;"sábado";"15:00:00";"GO";60;126;"GOIANAPOLIS";"Avarias e/ou desgaste excessivo no pneu";"Queda de ocupante de veículo";"Com Vítimas Feridas";"Pleno dia";"Crescente";"Céu Claro";"Dupla";"Reta";"Não";2;0;2;0;0;0;2;1;-16,5324;-49,1473;"SPRF-GO";"DEL01-GO";"UOP01-DEL01-GO"
575961;2024-01-20;"sábado";"13:15:00";"MA";10;253,6;"IMPERATRIZ";"Condutor desrespeitou a iluminação vermelha do semáforo";"Colisão transversal";"Com Vítimas Feridas";"Pleno dia";"Decrescente";"Céu Claro";"Simples";"Interseção de Vias;Reta       ";"Sim";3;0;1;0;2;0;1;2;-5,526911;-47,471455;"SPRF-MA";"DEL04-MA";"UOP01-DEL04-MA"
575962;2024-01-20;"sábado";"11:00:00";"MG";381;242,5;"SANTANA DO PARAISO";"Objeto estático sobre o leito carroçável";"Colisão com objeto";"Com Vítimas Feridas";"Pleno dia";"Decrescente";"Céu Claro";"Simples";"Reta";"Não";5;0;2;0;3;0;2;1;-19,42980464;-42,50381335;"SPRF-MG";"DEL06-MG";"UOP01-DEL06-MG"
575963;2024-01-20;"sábado";"14:40:00";"BA";324;611;"SIMOES FILHO";"Condutor deixou de manter distância do veículo da frente";"Colisão traseira";"Com Vítimas Feridas";"Pleno dia";"Decrescente";"Céu Claro";"Dupla";"Reta";"Não";2;0;1;0;1;0;1;2;-12,83798396;-38,41427011;"SPRF-BA";"DEL01-BA";"UOP01-DEL01-BA"
575964;2024-01-20;"sábado";"15:34:00";"PI";343;18,7;"PARNAIBA";"Ingestão de álcool pelo condutor";"Colisão traseira";"Sem Vítimas";"Pleno dia";"Decrescente";"Sol";"Simples";"Reta";"Não";2;0;0;0;2;0;0;2;-2,963282;-41,759464;"SPRF-PI";"DEL05-PI";"UOP01-DEL05-PI"
575965;2024-01-20;"sábado";"14:08:00";"ES";262;103;"VENDA NOVA DO IMIGRANTE";"Frear bruscamente";"Tombamento";"Com Vítimas Feridas";"Pleno dia";"Crescente";"Sol";"Simples";"Curva";"Sim";2;0;1;0;0;1;1;2;-20,33657022;-41,12201819;"SPRF-ES";"DEL01-ES";"UOP02-DEL01-ES"
575967;2024-01-20;"sábado";"14:50:00";"PB";101;76;"SANTA RITA";"Manobra de mudança de faixa";"Colisão lateral mesmo sentido";"Com Vítimas Feridas";"Pleno dia";"Decrescente";"Céu Claro";"Dupla";"Reta;Desvio Temporário;Ponte  ";"Não";4;0;2;0;0;2;2;3;-7,09085711;-34,96857932;"SPRF-PB";"DEL01-PB";"UOP04-DEL01-PB"
575969;2024-01-20;"sábado";"15:35:00";"SC";101;137,7;"BALNEARIO CAMBORIU";"Trafegar com motocicleta (ou similar) entre as faixas";"Colisão traseira";"Com Vítimas Feridas";"Pleno dia";"Decrescente";"Chuva";"Múltipla";"Reta";"Sim";2;0;0;1;1;0;1;2;-27,0157238;-48,61192763;"SPRF-SC";"DEL04-SC";"UOP03-DEL04-SC"
575971;2024-01-20;"sábado";"14:40:00";"AL";101;129;"SAO MIGUEL DOS CAMPOS";"Velocidade Incompatível";"Queda de ocupante de veículo";"Com Vítimas Feridas";"Pleno dia";"Crescente";"Céu Claro";"Simples";"Viaduto";"Não";1;0;1;0;0;0;1;1;-9,74963266;-36,06531248;"SPRF-AL";"DEL02-AL";"UOP01-DEL02-AL"
575973;2024-01-20;"sábado";"16:00:00";"PI";316;2,8;"TERESINA";"Transitar na contramão";"Colisão frontal";"Sem Vítimas";"Pleno dia";"Crescente";"Céu Claro";"Múltipla";"Reta";"Sim";2;0;0;0;2;0;0;2;-5,130648;-42,792034;"SPRF-PI";"DEL01-PI";"UOP02-DEL01-PI"
575975;2024-01-20;"sábado";"16:30:00";"SP";116;505,8;"CAJATI";"Reação tardia ou ineficiente do condutor";"Saída de leito carroçável";"Com Vítimas Feridas";"Pleno dia";"Crescente";"Chuva";"Simples";"Curva";"Não";2;0;1;0;1;0;1;1;-24,79028098;-48,21075278;"SPRF-SP";"DEL05-SP";"UOP02-DEL05-SP"
575976;2024-01-20;"sábado";"16:20:00";"RJ";101;276;"TANGUA";"Manobra de mudança de faixa";"Colisão lateral mesmo sentido";"Com Vítimas Feridas";"Pleno dia";"Crescente";"Céu Claro";"Dupla";"Reta";"Não";3;0;1;0;2;0;1;2;-22,73796393;-42,73871802;"SPRF-RJ";"DEL02-RJ";"UOP03-DEL02-RJ"
575978;2024-01-20;"sábado";"16:25:00";"PR";469;12,4;"FOZ DO IGUACU";"Condutor deixou de manter distância do veículo da frente";"Colisão traseira";"Com Vítimas Feridas";"Pleno dia";"Crescente";"Nublado";"Simples";"Reta";"Não";2;0;1;0;1;0;1;2;-25,5754;-54,5489;"SPRF-PR";"DEL05-PR";"UOP04-DEL05-PR"
575979;2024-01-20;"sábado";"13:45:00";"PR";376;279,5;"MARILANDIA DO SUL";"Ausência de reação do condutor";"Saída de leito carroçável";"Com Vítimas Feridas";"Pleno dia";"Decrescente";"Chuva";"Dupla";"Declive;Reta                  ";"Não";1;0;1;0;0;0;1;1;-23,84271577;-51,25922441;"SPRF-PR";"DEL07-PR";"UOP02-DEL07-PR"
575981;2024-01-20;"sábado";"16:40:00";"PR";277;165;"PORTO AMAZONAS";"Pedestre cruzava a pista fora da faixa";"Atropelamento de Pedestre";"Com Vítimas Feridas";"Pleno dia";"Crescente";"Nublado";"Simples";"Reta";"Não";4;0;0;1;3;0;1;2;-25,47289;-49,895964;"SPRF-PR";"DEL03-PR";"UOP03-DEL03-PR"
575982;2024-01-20;"sábado";"15:40:00";"MG";262;40,8;"MANHUACU";"Transitar na contramão";"Colisão lateral sentido oposto";"Com Vítimas Feridas";"Pleno dia";"Decrescente";"Céu Claro";"Simples";"Reta";"Não";3;0;1;0;2;0;1;2;-20,27334219;-42,04913988;"SPRF-MG";"DEL06-MG";"UOP03-DEL06-MG"
575984;2024-01-20;"sábado";"16:30:00";"SP";101;25;"UBATUBA";"Reação tardia ou ineficiente do condutor";"Colisão lateral mesmo sentido";"Com Vítimas Feridas";"Pleno dia";"Crescente";"Céu Claro";"Múltipla";"Reta";"Não";4;0;2;0;2;0;2;2;-23,35526999;-44,94599221;"SPRF-SP";"DEL06-SP";"UOP01-DEL06-SP"
575985;2024-01-20;"sábado";"17:15:00";"ES";101;149;"LINHARES";"Condutor desrespeitou a iluminação vermelha do semáforo";"Colisão transversal";"Com Vítimas Feridas";"Pleno dia";"Crescente";"Céu Claro";"Dupla";"Interseção de Vias";"Sim";3;0;2;1;0;0;3;2;-19,39619083;-40,06435871;"SPRF-ES";"DEL04-ES";"UOP01-DEL04-ES"
575988;2024-01-20;"sábado";"17:20:00";"SC";101;228,1;"PALHOCA";"Animais na Pista";"Colisão com objeto";"Com Vítimas Feridas";"Pleno dia";"Decrescente";"Céu Claro";"Dupla";"Aclive;Reta                   ";"Não";2;0;1;0;1;0;1;1;-27,7597249;-48,63078869;"SPRF-SC";"DEL01-SC";"UOP02-DEL01-SC"