"id";"data_inversa";"dia_semana";"horario";"uf";"br";"km";"municipio";"causa_acidente";"tipo_acidente";"classificacao_acidente";"fase_dia";"sentido_via";"condicao_metereologica";"tipo_pista";"tracado_via";"uso_solo";"pessoas";"mortos";"feridos_leves";"feridos_graves";"ilesos";"ignorados";"feridos";"veiculos";"latitude";"longitude";"regional";"delegacia";"uop"
576083;2024-01-20;"sábado";"23:46:00";"SP";381;59,1;"MAIRIPORA";"Reação tardia ou ineficiente do condutor";"Colisão traseira";"Sem Vítimas";"Plena Noite";"Decrescente";"Garoa/Chuvisco";"Múltipla";"Curva";"Não";4;0;0;0;4;0;0;2;-23,28270705;-46,58787791;"SPRF-SP";"DEL03-SP";"UOP01-DEL03-SP"
576085;2024-01-21;"domingo";"00:45:00";"SC";101;191;"BIGUACU";"Demais falhas mecânicas ou elétricas";"Tombamento";"Com Vítimas Feridas";"Plena Noite";"Crescente";"Garoa/Chuvisco";"Múltipla";"Curva";"Sim";2;0;1;0;1;0;1;1;-27,47730273;-48,64127329;"SPRF-SC";"DEL01-SC";"UOP01-DEL01-SC"
576086;2024-01-21;"domingo";"00:45:00";"PR";277;7;"PARANAGUA";"Reação tardia ou ineficiente do condutor";"Colisão com objeto";"Sem Vítimas";"Plena Noite";"Crescente";"Chuva";"Dupla";"Curva;Declive;Viaduto         ";"Não";1;0;0;0;0;1;0;1;-25,56040382;-48,58332932;"SPRF-PR";"DEL01-PR";"UOP05-DEL01-PR"
576087;2024-01-21;"domingo";"01:30:00";"SC";101;216;"PALHOCA";"Acumulo de areia ou detritos sobre o pavimento";"Tombamento";"Com Vítimas Feridas";"Plena Noite";"Decrescente";"Garoa/Chuvisco";"Simples";"Interseção de Vias";"Sim";1;0;0;1;0;0;1;1;-27,65981409;-48,67747798;"SPRF-SC";"DEL01-SC";"UOP02-DEL01-SC"
576088;2024-01-21;"domingo";"01:50:00";"MG";40;436;"PARAOPEBA";"Ingestão de álcool pelo condutor";"Saída de leito carroçável";"Com Vítimas Feridas";"Plena Noite";"Decrescente";"Céu Claro";"Dupla";"Reta";"Não";2;0;1;1;0;0;2;1;-19,22540708;-44,44298306;"SPRF-MG";"DEL02-MG";"UOP01-DEL02-MG"
576089;2024-01-21;"domingo";"00:15:00";"SC";101;401,5;"MARACAJA";"Ausência de reação do condutor";"Tombamento";"Com Vítimas Feridas";"Plena Noite";"Crescente";"Garoa/Chuvisco";"Dupla";"Reta";"Não";2;0;1;0;1;0;1;1;-28,85594274;-49,44019434;"SPRF-SC";"DEL02-SC";"UOP02-DEL02-SC"
576090;2024-01-21;"domingo";"00:40:00";"PB";101;9,6;"MAMANGUAPE";"Transitar na contramão";"Colisão frontal";"Com Vítimas Feridas";"Plena Noite";"Decrescente";"Nublado";"Dupla";"Reta";"Não";3;0;0;2;1;0;2;2;-6,578412;-35,14419;"SPRF-PB";"DEL01-PB";"UOP04-DEL01-PB"
576091;2024-01-21;"domingo";"02:00:00";"DF";40;5;"BRASILIA";"Reação tardia ou ineficiente do condutor";"Saída de leito carroçável";"Com Vítimas Feridas";"Plena Noite";"Crescente";"Garoa/Chuvisco";"Dupla";"Reta";"Sim";1;0;1;0;0;0;1;1;-16,020903;-47,980541;"SPRF-DF";"DEL01-DF";"UOP01-DEL01-DF"
576094;2024-01-21;"domingo";"02:30:00";"ES";259;83;"BAIXO GUANDU";"Ausência de reação do condutor";"Saída de leito carroçável";"Com Vítimas Feridas";"Plena Noite";"Decrescente";"Chuva";"Simples";"Reta";"Não";4;0;4;0;0;0;4;1;-19,51149932;-40,85998524;"SPRF-ES";"DEL02-ES";"UOP01-DEL02-ES"
576095;2024-01-20;"sábado";"23:11:00";"MS";163;486,7;"CAMPO GRANDE";"Manobra de mudança de faixa";"Colisão frontal";"Com Vítimas Fatais";"Plena Noite";"Crescente";"Nublado";"Simples";"Reta";"Sim";5;1;1;3;0;0;4;2;-20,42493093;-54,54550758;"SPRF-MS";"DEL01-MS";"UOP02-DEL01-MS"
576096;2024-01-21;"domingo";"01:45:00";"PR";116;116;"CURITIBA";"Ausência de reação do condutor";"Colisão traseira";"Sem Vítimas";"Plena Noite";"Crescente";"Nublado";"Dupla";"Reta";"Sim";2;0;0;0;2;0;0;2;-25,551487;-49,305096;"SPRF-PR";"DEL01-PR";"UOP03-DEL01-PR"
576097;2024-01-21;"domingo";"02:00:00";"SC";101;333,3;"TUBARAO";"Acessar a via sem observar a presença dos outros veículos";"Colisão transversal";"Sem Vítimas";"Plena Noite";"Decrescente";"Chuva";"Simples";"Interseção de Vias;Viaduto    ";"Sim";3;0;0;0;3;0;0;2;-28,46630107;-48,99653096;"SPRF-SC";"DEL02-SC";"UOP01-DEL02-SC"
576098;2024-01-21;"domingo";"00:20:00";"MS";163;374,7;"NOVA ALVORADA DO SUL";"Velocidade Incompatível";"Capotamento";"Com Vítimas Feridas";"Plena Noite";"Decrescente";"Nublado";"Simples";"Reta";"Não";3;0;1;1;1;0;2;1;-21,39332793;-54,40779977;"SPRF-MS";"DEL02-MS";"UOP01-DEL02-MS"
576099;2024-01-20;"sábado";"23:30:00";"MT";163;1056;"MATUPA";"Ausência de reação do condutor";"Tombamento";"Sem Vítimas";"Plena Noite";"Decrescente";"Nevoeiro/Neblina";"Simples";"Reta";"Não";1;0;0;0;1;0;0;1;-10,16007133;-54,93469767;"SPRF-MT";"DEL06-MT";"UOP03-DEL06-MT"
576101;2024-01-21;"domingo";"01:10:00";"RJ";356;175;"SAO JOAO DA BARRA";"Acessar a via sem observar a presença dos outros veículos";"Colisão transversal";"Com Vítimas Feridas";"Plena Noite";"Crescente";"Céu Claro";"Simples";"Interseção de Vias";"Não";3;0;1;1;1;0;2;2;-21,700266;-41,0569;"SPRF-RJ";"DEL08-RJ";"UOP02-DEL08-RJ"
576102;2024-01-21;"domingo";"02:45:00";"SC";101;205;"SAO JOSE";"Ingestão de álcool pelo condutor";"Queda de ocupante de veículo";"Com Vítimas Feridas";"Plena Noite";"Crescente";"Garoa/Chuvisco";"Dupla";"Reta";"Sim";1;0;1;0;0;0;1;1;-27,58313237;-48,61532885;"SPRF-SC";"DEL01-SC";"UOP01-DEL01-SC"
576104;2024-01-21;"domingo";"01:38:00";"PB";230;156,7;"CAMPINA GRANDE";"Ausência de reação do condutor";"Colisão com objeto";"Com Vítimas Feridas";"Plena Noite";"Crescente";"Céu Claro";"Simples";"Reta;Desvio Temporário        ";"Sim";1;0;0;1;0;0;1;1;-7,264;-35,9199;"SPRF-PB";"DEL02-PB";"UOP01-DEL02-PB"
576105;2024-01-21;"domingo";"01:00:00";"PI";316;100,9;"BARRO DURO";"Animais na Pista";"Atropelamento de Animal";"Com Vítimas Feridas";"Plena Noite";"Decrescente";"Nublado";"Simples";"Reta";"Não";2;0;0;2;0;0;2;1;-5,83728946;-42,48844504;"SPRF-PI";"DEL04-PI";"UOP02-DEL04-PI"
576106;2024-01-21;"domingo";"03:15:00";"RS";290;85;"PORTO ALEGRE";"Manobra de mudança de faixa";"Colisão traseira";"Sem Vítimas";"Plena Noite";"Decrescente";"Nublado";"Múltipla";"Reta";"Não";3;0;0;0;3;0;0;2;-29,9656054;-51,10067368;"SPRF-RS";"DEL01-RS";"UOP01-DEL01-RS"
576107;2024-01-21;"domingo";"03:00:00";"PB";230;503;"CAJAZEIRAS";"Ingestão de álcool pelo condutor";"Saída de leito carroçável";"Sem Vítimas";"Amanhecer";"Crescente";"Céu Claro";"Simples";"Reta";"Não";1;0;0;0;1;0;0;1;-6,8962;-38,534;"SPRF-PB";"DEL03-PB";"UOP03-DEL03-PB"
576108;2024-01-21;"domingo";"02:50:00";"GO";153;356;"JARAGUA";"Ingestão de álcool pelo condutor";"Saída de leito carroçável";"Com Vítimas Feridas";"Plena Noite";"Crescente";"Céu Claro";"Simples";"Interseção de Vias;Rotatória;R";"Sim";1;0;1;0;0;0;1;1;-15,716531;-49,329445;"SPRF-GO";"DEL02-GO";"UOP02-DEL02-GO"
576110;2024-01-21;"domingo";"03:50:00";"PR";277;584;"CASCAVEL";"Neblina";"Colisão com objeto";"Sem Vítimas";"Plena Noite";"Crescente";"Nevoeiro/Neblina";"Múltipla";"Interseção de Vias";"Não";1;0;0;0;1;0;0;1;-24,96408637;-53,40667371;"SPRF-PR";"DEL04-PR";"UOP01-DEL04-PR"
576111;2024-01-21;"domingo";"03:20:00";"BA";101;709,7;"EUNAPOLIS";"Acesso irregular";"Colisão lateral sentido oposto";"Com Vítimas Feridas";"Plena Noite";"Decrescente";"Céu Claro";"Simples";"Reta";"Não";3;0;0;1;0;2;1;3;-16,48013692;-39,58194883;"SPRF-BA";"DEL09-BA";"UOP01-DEL09-BA"
576112;2024-01-21;"domingo";"03:20:00";"PI";343;175,6;"PIRIPIRI";"Animais na Pista";"Atropelamento de Animal";"Com Vítimas Fatais";"Plena Noite";"Decrescente";"Céu Claro";"Simples";"Reta";"Não";2;1;0;0;1;0;0;2;-4,202044;-41,781467;"SPRF-PI";"DEL02-PI";"UOP01-DEL02-PI"
576113;2024-01-21;"domingo";"03:55:00";"DF";60;22;"BRASILIA";"Ausência de reação do condutor";"Saída de leito carroçável";"Sem Vítimas";"Plena Noite";"Crescente";"Nublado";"Dupla";"Reta";"Não";1;0;0;0;1;0;0;1;-15,984106;-48,215378;"SPRF-DF";"DEL03-DF";"UOP01-DEL03-DF"
576115;2024-01-21;"domingo";"03:40:00";"RJ";393;236;"VASSOURAS";"Conversão proibida";"Colisão frontal";"Com Vítimas Feridas";"Plena Noite";"Decrescente";"Chuva";"Simples";"Reta";"Não";3;0;2;1;0;0;3;2;-22,418015;-43,681941;"SPRF-RJ";"DEL05-RJ";"UOP03-DEL05-RJ"
576117;2024-01-21;"domingo";"03:20:00";"MS";163;366,3;"NOVA ALVORADA DO SUL";"Ausência de reação do condutor";"Saída de leito carroçável";"Sem Vítimas";"Amanhecer";"Decrescente";"Ignorado";"Simples";"Reta";"Sim";1;0;0;0;0;1;0;1;-21,45560311;-54,3798887;"SPRF-MS";"DEL02-MS";"UOP01-DEL02-MS"
576118;2024-01-21;"domingo";"01:00:00";"MG";459;82,1;"CONGONHAL";"Transitar no Acostamento";"Colisão com objeto";"Sem Vítimas";"Plena Noite";"Crescente";"Chuva";"Simples";"Aclive;Reta                   ";"Não";1;0;0;0;0;1;0;1;-22,157645;-46,09524;"SPRF-MG";"DEL09-MG";"UOP01-DEL09-MG"
576119;2024-01-21;"domingo";"04:00:00";"PR";277;660,2;"MATELANDIA";"Condutor Dormindo";"Colisão com objeto";"Com Vítimas Feridas";"Plena Noite";"Decrescente";"Céu Claro";"Dupla";"Curva";"Não";1;0;1;0;0;0;1;1;-25,25136237;-53,99027796;"SPRF-PR";"DEL05-PR";"UOP02-DEL05-PR"
576121;2024-01-21;"domingo";"03:50:00";"RO";364;710;"PORTO VELHO";"Ausência de reação do condutor";"Colisão com objeto";"Sem Vítimas";"Plena Noite";"Crescente";"Chuva";"Múltipla";"Reta";"Sim";1;0;0;0;0;1;0;1;-8,78732583;-63,8553822;"SPRF-RO";"DEL01-RO";"UOP01-DEL01-RO"
576122;2024-01-21;"domingo";"05:10:00";"BA";116;859,5;"VITORIA DA CONQUISTA";"Ausência de reação do condutor";"Saída de leito carroçável";"Com Vítimas Feridas";"Amanhecer";"Decrescente";"Céu Claro";"Simples";"Reta";"Não";2;0;1;1;0;0;2;1;-15,124317;-41,034905;"SPRF-BA";"DEL08-BA";"UOP01-DEL08-BA"
576125;2024-01-21;"domingo";"05:28:00";"CE";116;310,1;"JAGUARIBE";"Acessar a via sem observar a presença dos outros veículos";"Colisão transversal";"Com Vítimas Feridas";"Pleno dia";"Crescente";"Céu Claro";"Simples";"Reta";"Sim";2;0;1;0;1;0;1;2;-5,90307287;-38,62314223;"SPRF-CE";"DEL05-CE";"UOP02-DEL05-CE"
576126;2024-01-21;"domingo";"04:10:00";"SC";101;290,8;"IMBITUBA";"Reação tardia ou ineficiente do condutor";"Colisão traseira";"Sem Vítimas";"Plena Noite";"Decrescente";"Nublado";"Dupla";"Reta";"Não";2;0;0;0;2;0;0;2;-28,26202477;-48,70403355;"SPRF-SC";"DEL02-SC";"UOP03-DEL02-SC"
576127;2024-01-21;"domingo";"04:50:00";"PR";277;713;"SANTA TEREZINHA DE ITAIPU";"Retorno proibido";"Saída de leito carroçável";"Sem Vítimas";"Plena Noite";"Decrescente";"Céu Claro";"Dupla";"Retorno Regulamentado;Reta    ";"Sim";1;0;0;0;1;0;0;1;-25,46144154;-54,44010119;"SPRF-PR";"DEL05-PR";"UOP01-DEL05-PR"
576128;2024-01-21;"domingo";"06:12:00";"SP";116;224;"GUARULHOS";"Reação tardia ou ineficiente do condutor";"Capotamento";"Com Vítimas Feridas";"Amanhecer";"Crescente";"Céu Claro";"Múltipla";"Reta";"Sim";1;0;1;0;0;0;1;1;-23,48071896;-46,53271603;"SPRF-SP";"DEL01-SP";"UOP01-DEL01-SP"
576129;2024-01-21;"domingo";"05:00:00";"RS";116;364;"SENTINELA DO SUL";"Ingestão de álcool pelo condutor";"Saída de leito carroçável";"Sem Vítimas";"Amanhecer";"Decrescente";"Céu Claro";"Simples";"Desvio Temporário";"Não";2;0;0;0;2;0;0;1;-30,65662083;-51,56347647;"SPRF-RS";"DEL02-RS";"UOP02-DEL02-RS"
576130;2024-01-21;"domingo";"05:30:00";"PR";369;478;"CORBELIA";"Ingestão de álcool pelo condutor";"Colisão com objeto";"Com Vítimas Feridas";"Amanhecer";"Decrescente";"Nevoeiro/Neblina";"Simples";"Reta";"Não";1;0;1;0;0;0;1;1;-24,74351113;-53,26941401;"SPRF-PR";"DEL04-PR";"UOP03-DEL04-PR"
576131;2024-01-21;"domingo";"05:43:00";"RN";406;103,3;"JOAO CAMARA";"Pedestre andava na pista";"Atropelamento de Pedestre";"Com Vítimas Fatais";"Amanhecer";"Decrescente";"Nublado";"Simples";"Curva";"Sim";2;1;0;0;0;1;0;2;-5,538434;-35,812181;"SPRF-RN";"DEL02-RN";"UOP01-DEL02-RN"
576132;2024-01-21;"domingo";"06:00:00";"PR";163;216;"CASCAVEL";"Reação tardia ou ineficiente do condutor";"Saída de leito carroçável";"Com Vítimas Feridas";"Amanhecer";"Decrescente";"Céu Claro";"Dupla";"Reta;Aclive                   ";"Não";2;0;1;0;1;0;1;1;-24,9955871;-53,55699127;"SPRF-PR";"DEL04-PR";"UOP01-DEL04-PR"
576133;2024-01-21;"domingo";"05:00:00";"MG";40;507,5;"RIBEIRAO DAS NEVES";"Reação tardia ou ineficiente do condutor";"Saída de leito carroçável";"Com Vítimas Feridas";"Amanhecer";"Crescente";"Céu Claro";"Dupla";"Reta";"Sim";1;0;0;1;0;0;1;1;-19,75431705;-44,14152606;"SPRF-MG";"DEL02-MG";"UOP01-DEL02-MG"
576134;2024-01-21;"domingo";"01:20:00";"RS";472;578;"URUGUAIANA";"Ausência de reação do condutor";"Saída de leito carroçável";"Sem Vítimas";"Plena Noite";"Crescente";"Céu Claro";"Simples";"Reta";"Sim";2;0;0;0;0;2;0;2;-29,7671399;-57,018372;"SPRF-RS";"DEL13-RS";"UOP01-DEL13-RS"
576135;2024-01-21;"domingo";"05:50:00";"MA";316;551,6;"CAXIAS";"Ingestão de álcool pelo condutor";"Queda de ocupante de veículo";"Com Vítimas Feridas";"Amanhecer";"Decrescente";"Céu Claro";"Dupla";"Curva";"Sim";2;0;2;0;0;0;2;1;-4,886332;-43,353386;"SPRF-MA";"DEL03-MA";"UOP02-DEL03-MA"
576136;2024-01-21;"domingo";"05:50:00";"CE";116;200,9;"LIMOEIRO DO NORTE";"Condutor deixou de manter distância do veículo da frente";"Colisão traseira";"Com Vítimas Fatais";"Pleno dia";"Crescente";"Céu Claro";"Simples";"Reta";"Não";2;1;0;0;0;1;0;2;-5,18070673;-38,18925503;"SPRF-CE";"DEL03-CE";"UOP01-DEL03-CE"
576137;2024-01-20;"sábado";"22:00:00";"RJ";116;317;"ITATIAIA";"Condutor deixou de manter distância do veículo da frente";"Colisão traseira";"Com Vítimas Feridas";"Plena Noite";"Crescente";"Nublado";"Dupla";"Reta";"Não";3;0;1;0;2;0;1;2;-22,46708478;-44,50067002;"SPRF-RJ";"DEL07-RJ";"UOP02-DEL07-RJ"
576138;2024-01-21;"domingo";"06:00:00";"RS";448;1;"ESTEIO";"Ausência de reação do condutor";"Colisão com objeto";"Sem Vítimas";"Amanhecer";"Crescente";"Céu Claro";"Dupla";"Reta";"Sim";1;0;0;0;1;0;0;1;-29,836086;-51,182426;"SPRF-RS";"DEL01-RS";"UOP02-DEL01-RS"
576142;2024-01-21;"domingo";"04:45:00";"BA";324;567;"SAO SEBASTIAO DO PASSE";"Demais falhas na via";"Saída de leito carroçável";"Com Vítimas Feridas";"Amanhecer";"Crescente";"Céu Claro";"Dupla";"Reta";"Não";2;0;2;0;0;0;2;1;-12,529901;-38,603207;"SPRF-BA";"DEL01-BA";"UOP01-DEL01-BA"
576145;2024-01-21;"domingo";"06:11:00";"RJ";101;262;"RIO BONITO";"Ausência de reação do condutor";"Saída de leito carroçável";"Com Vítimas Feridas";"Amanhecer";"Crescente";"Chuva";"Dupla";"Curva";"Sim";1;0;1;0;0;0;1;1;-22,71367506;-42,62052996;"SPRF-RJ";"DEL02-RJ";"UOP03-DEL02-RJ"
576147;2024-01-21;"domingo";"06:30:00";"PR";277;62;"SAO JOSE DOS PINHAIS";"Reação tardia ou ineficiente do condutor";"Atropelamento de Pedestre";"Com Vítimas Fatais";"Pleno dia";"Decrescente";"Céu Claro";"Dupla";"Reta";"Não";4;1;1;0;2;0;1;2;-25,56498129;-49,00825813;"SPRF-PR";"DEL01-PR";"UOP01-DEL01-PR"
576149;2024-01-21;"domingo";"06:50:00";"MG";40;693,1;"ALFREDO VASCONCELOS";"Demais falhas mecânicas ou elétricas";"Saída de leito carroçável";"Com Vítimas Feridas";"Pleno dia";"Decrescente";"Céu Claro";"Dupla";"Reta";"Sim";1;0;1;0;0;0;1;1;-21,12471006;-43,75850056;"SPRF-MG";"DEL05-MG";"UOP02-DEL05-MG"
576150;2024-01-01;"segunda-feira";"15:45:00";"CE";222;23;"CAUCAIA";"Condutor deixou de manter distância do veículo da frente";"Engavetamento";"Sem Vítimas";"Pleno dia";"Decrescente";"Nublado";"Simples";"Reta";"Sim";6;0;0;0;5;1;0;5;-3,7317898372;-38,7597419716;"SPRF-CE";"DEL01-CE";"UOP01-DEL01-CE"
576151;2024-01-20;"sábado";"18:00:00";"AM";174;894;"MANAUS";"Acessar a via sem observar a presença dos outros veículos";"Colisão transversal";"Com Vítimas Feridas";"Anoitecer";"Decrescente";"Chuva";"Simples";"Reta";"Não";2;0;0;1;1;0;1;2;-2,897712;-60,03525801;"SPRF-AM";"DEL01-AM";"UOP01-DEL01-AM"
576152;2024-01-21;"domingo";"07:20:00";"RJ";116;169;"RIO DE JANEIRO";"Reação tardia ou ineficiente do condutor";"Colisão frontal";"Com Vítimas Feridas";"Pleno dia";"Decrescente";"Céu Claro";"Múltipla";"Reta";"Sim";1;0;1;0;0;0;1;1;-22,816206;-43,324463;"SPRF-RJ";"DEL06-RJ";"UOP01-DEL06-RJ"
576153;2024-01-21;"domingo";"05:20:00";"PB";230;112;"INGA";"Reação tardia ou ineficiente do condutor";"Queda de ocupante de veículo";"Com Vítimas Feridas";"Pleno dia";"Crescente";"Céu Claro";"Dupla";"Curva";"Não";2;0;1;1;0;0;2;1;-7,2117;-35,5822;"SPRF-PB";"DEL01-PB";"UOP03-DEL01-PB"
576154;2024-01-21;"domingo";"07:10:00";"MS";158;98,5;"PARANAIBA";"Ausência de reação do condutor";"Colisão com objeto";"Com Vítimas Feridas";"Pleno dia";"Crescente";"Céu Claro";"Dupla";"Interseção de Vias";"Sim";1;0;1;0;0;0;1;1;-19,69815977;-51,17088854;"SPRF-MS";"DEL08-MS";"UOP01-DEL08-MS"
576157;2024-01-21;"domingo";"01:50:00";"MG";381;612,5;"OLIVEIRA";"Velocidade Incompatível";"Saída de leito carroçável";"Com Vítimas Feridas";"Plena Noite";"Decrescente";"Chuva";"Dupla";"Curva;Declive                 ";"Não";2;0;2;0;0;0;2;1;-20,697418;-44,748784;"SPRF-MG";"DEL04-MG";"UOP01-DEL04-MG"
576161;2024-01-21;"domingo";"07:57:00";"GO";40;8;"VALPARAISO DE GOIAS";"Problema na suspensão";"Colisão lateral mesmo sentido";"Sem Vítimas";"Pleno dia";"Decrescente";"Céu Claro";"Dupla";"Reta";"Sim";2;0;0;0;1;1;0;2;-16,11466105;-47,96810746;"SPRF-DF";"DEL01-DF";"UOP01-DEL01-DF"
576162;2024-01-20;"sábado";"21:00:00";"RO";429;308;"SAO FRANCISCO DO GUAPORE";"Acessar a via sem observar a presença dos outros veículos";"Atropelamento de Pedestre";"Com Vítimas Fatais";"Plena Noite";"Crescente";"Nublado";"Simples";"Reta";"Não";5;1;3;0;0;1;3;3;-12,079506;-63,887619;"SPRF-RO";"DEL02-RO";"UOP03-DEL02-RO"
576163;2024-01-21;"domingo";"08:00:00";"PR";163;203;"CASCAVEL";"Velocidade Incompatível";"Saída de leito carroçável";"Com Vítimas Feridas";"Pleno dia";"Decrescente";"Céu Claro";"Dupla";"Reta;Declive                  ";"Não";1;0;1;0;0;0;1;1;-24,9746475;-53,55454272;"SPRF-PR";"DEL05-PR";"UOP05-DEL05-PR"
576164;2024-01-21;"domingo";"04:00:00";"RJ";116;205;"QUEIMADOS";"Chuva";"Tombamento";"Sem Vítimas";"Plena Noite";"Crescente";"Chuva";"Dupla";"Reta";"Não";2;0;0;0;0;2;0;1;-22,72746688;-43,64167998;"SPRF-RJ";"DEL06-RJ";"UOP02-DEL06-RJ"
576165;2024-01-21;"domingo";"04:30:00";"RJ";465;15;"SEROPEDICA";"Ausência de reação do condutor";"Tombamento";"Com Vítimas Feridas";"Plena Noite";"Decrescente";"Céu Claro";"Dupla";"Reta";"Sim";2;0;0;1;0;1;1;1;-22,810925;-43,631504;"SPRF-RJ";"DEL06-RJ";"UOP02-DEL06-RJ"
576169;2024-01-21;"domingo";"09:00:00";"PB";230;378,5;"CONDADO";"Ausência de reação do condutor";"Saída de leito carroçável";"Com Vítimas Feridas";"Pleno dia";"Decrescente";"Céu Claro";"Simples";"Reta;Declive                  ";"Não";1;0;1;0;0;0;1;1;-6,9134;-37,6178;"SPRF-PB";"DEL03-PB";"UOP02-DEL03-PB"
576170;2024-01-21;"domingo";"09:30:00";"ES";101;212;"JOAO NEIVA";"Ausência de reação do condutor";"Queda de ocupante de veículo";"Com Vítimas Feridas";"Pleno dia";"Crescente";"Céu Claro";"Simples";"Reta";"Sim";2;0;2;0;0;0;2;1;-19,81537521;-40,36655964;"SPRF-ES";"DEL02-ES";"UOP01-DEL02-ES"
576172;2024-01-21;"domingo";"08:30:00";"SP";116;538;"BARRA DO TURVO";"Reação tardia ou ineficiente do condutor";"Colisão com objeto";"Com Vítimas Feridas";"Pleno dia";"Crescente";"Chuva";"Dupla";"Curva";"Não";3;0;2;0;1;0;2;1;-24,97172153;-48,37309592;"SPRF-SP";"DEL05-SP";"UOP02-DEL05-SP"
576173;2024-01-21;"domingo";"09:10:00";"ES";101;330,7;"GUARAPARI";"Reação tardia ou ineficiente do condutor";"Colisão com objeto";"Com Vítimas Feridas";"Pleno dia";"Decrescente";"Céu Claro";"Dupla";"Reta";"Não";2;0;2;0;0;0;2;1;-20,5929953;-40,50133975;"SPRF-ES";"DEL03-ES";"UOP01-DEL03-ES"
576174;2024-01-21;"domingo";"09:40:00";"PB";230;27,9;"JOAO PESSOA";"Condutor deixou de manter distância do veículo da frente";"Engavetamento";"Com Vítimas Feridas";"Pleno dia";"Crescente";"Céu Claro";"Dupla";"Declive;Curva;Viaduto         ";"Sim";7;0;0;1;4;2;1;7;-7,1651;-34,8941;"SPRF-PB";"DEL01-PB";"UOP01-DEL01-PB"
576178;2024-01-21;"domingo";"10:15:00";"SE";101;114,6;"ITAPORANGA DAJUDA";"Condutor deixou de manter distância do veículo da frente";"Colisão traseira";"Com Vítimas Feridas";"Pleno dia";"Decrescente";"Céu Claro";"Dupla";"Retorno Regulamentado";"Não";2;0;1;0;1;0;1;2;-10,997623;-37,302944;"SPRF-SE";"DEL02-SE";"UOP01-DEL02-SE"
576180;2024-01-20;"sábado";"18:40:00";"RS";470;328,1;"TRIUNFO";"Ausência de reação do condutor";"Saída de leito carroçável";"Com Vítimas Fatais";"Anoitecer";"Decrescente";"Chuva";"Simples";"Curva";"Não";1;1;0;0;0;0;0;1;-29,835658;-51,6858839;"SPRF-RS";"DEL04-RS";"UOP02-DEL04-RS"
576181;2024-01-21;"domingo";"11:12:00";"MG";381;533,7;"ITATIAIUCU";"Velocidade Incompatível";"Queda de ocupante de veículo";"Com Vítimas Feridas";"Pleno dia";"Decrescente";"Céu Claro";"Dupla";"Curva;Declive                 ";"Não";1;0;0;1;0;0;1;1;-20,19896036;-44,38641307;"SPRF-MG";"DEL04-MG";"UOP03-DEL04-MG"
576183;2024-01-21;"domingo";"11:20:00";"PE";408;83,2;"PAUDALHO";"Condutor deixou de manter distância do veículo da frente";"Colisão traseira";"Com Vítimas Feridas";"Pleno dia";"Crescente";"Céu Claro";"Dupla";"Reta";"Sim";2;0;1;0;1;0;1;2;-7,94549251;-35,11580722;"SPRF-PE";"DEL01-PE";"UOP01-DEL01-PE"
576185;2024-01-06;"sábado";"05:40:00";"MG";364;30;"FRUTAL";"Acessar a via sem observar a presença dos outros veículos";"Colisão transversal";"Com Vítimas Fatais";"Amanhecer";"Crescente";"Céu Claro";"Simples";"Declive";"Sim";2;1;0;0;1;0;0;2;-20,025185;-48,94096;"SPRF-MG";"DEL13-MG";"UOP02-DEL13-MG"
576187;2024-01-21;"domingo";"11:35:00";"SC";101;306,6;"LAGUNA";"Avarias e/ou desgaste excessivo no pneu";"Colisão com objeto";"Com Vítimas Feridas";"Pleno dia";"Decrescente";"Chuva";"Dupla";"Curva";"Não";1;0;1;0;0;0;1;1;-28,38437001;-48,77113299;"SPRF-SC";"DEL02-SC";"UOP03-DEL02-SC"
576189;2024-01-21;"domingo";"12:20:00";"MG";40;445,9;"PARAOPEBA";"Mal súbito do condutor";"Colisão com objeto";"Com Vítimas Fatais";"Pleno dia";"Decrescente";"Céu Claro";"Dupla";"Curva;Declive                 ";"Não";8;2;3;3;0;0;6;1;-19,28815;-44,392;"SPRF-MG";"DEL02-MG";"UOP01-DEL02-MG"
576190;2024-01-21;"domingo";"10:21:00";"RS";116;6;"VACARIA";"Ingestão de álcool pelo condutor";"Saída de leito carroçável";"Com Vítimas Feridas";"Pleno dia";"Decrescente";"Sol";"Simples";"Declive";"Não";1;0;1;0;0;0;1;1;-28,25541886;-50,78215527;"SPRF-RS";"DEL05-RS";"UOP03-DEL05-RS"
576192;2024-01-21;"domingo";"08:00:00";"PR";116;93;"SAO JOSE DOS PINHAIS";"Pedestre andava na pista";"Atropelamento de Pedestre";"Com Vítimas Feridas";"Pleno dia";"Crescente";"Céu Claro";"Dupla";"Retorno Regulamentado;Curva;Ac";"Não";2;0;0;1;0;1;1;2;-25,51053107;-49,12613869;"SPRF-PR";"DEL01-PR";"UOP07-DEL01-PR"
576193;2024-01-21;"domingo";"13:30:00";"PE";232;6;"RECIFE";"Mal súbito do condutor";"Queda de ocupante de veículo";"Com Vítimas Feridas";"Pleno dia";"Crescente";"Céu Claro";"Dupla";"Reta";"Sim";2;0;1;1;0;0;2;1;-8,07079525;-34,9535389;"SPRF-PE";"DEL01-PE";"UOP01-DEL01-PE"
576194;2024-01-18;"quinta-feira";"04:00:00";"SC";282;76;"RANCHO QUEIMADO";"Chuva";"Saída de leito carroçável";"Com Vítimas Feridas";"Plena Noite";"Decrescente";"Chuva";"Simples";"Curva";"Não";3;0;3;0;0;0;3;1;-27,689442;-49,138737;"SPRF-SC";"DEL01-SC";"UOP03-DEL01-SC"
576195;2024-01-21;"domingo";"12:50:00";"RJ";116;57;"TERESOPOLIS";"Reação tardia ou ineficiente do condutor";"Colisão traseira";"Com Vítimas Feridas";"Pleno dia";"Crescente";"Céu Claro";"Simples";"Reta";"Não";2;0;1;0;1;0;1;2;-22,21208668;-42,90068849;"SPRF-RJ";"DEL04-RJ";"UOP01-DEL04-RJ"