"id";"data_inversa";"dia_semana";"horario";"uf";"br";"km";"municipio";"causa_acidente";"tipo_acidente";"classificacao_acidente";"fase_dia";"sentido_via";"condicao_metereologica";"tipo_pista";"tracado_via";"uso_solo";"pessoas";"mortos";"feridos_leves";"feridos_graves";"ilesos";"ignorados";"feridos";"veiculos";"latitude";"longitude";"regional";"delegacia";"uop"
576197;2024-01-21;"domingo";"13:50:00";"PE";408;105;"JABOATAO DOS GUARARAPES";"Demais falhas mecânicas ou elétricas";"Tombamento";"Com Vítimas Feridas";"Pleno dia";"Decrescente";"Céu Claro";"Dupla";"Retorno Regulamentado;Curva   ";"Sim";2;0;1;0;1;0;1;1;-8,07917241;-34,98718609;"SPRF-PE";"DEL01-PE";"UOP01-DEL01-PE"
576200;2024-01-21;"domingo";"09:00:00";"BA";420;284;"UBAIRA";"Ausência de reação do condutor";"Tombamento";"Com Vítimas Feridas";"Pleno dia";"Decrescente";"Sol";"Simples";"Curva";"Não";1;0;0;1;0;0;1;1;-13,26432895;-39,69374898;"SPRF-BA";"DEL03-BA";"UOP01-DEL03-BA"
576202;2024-01-21;"domingo";"09:45:00";"SC";101;382,9;"ICARA";"Velocidade Incompatível";"Capotamento";"Com Vítimas Feridas";"Pleno dia";"Decrescente";"Chuva";"Dupla";"Curva";"Sim";3;0;3;0;0;0;3;1;-28,75966988;-49,28552404;"SPRF-SC";"DEL02-SC";"UOP02-DEL02-SC"
576203;2024-01-21;"domingo";"14:00:00";"SC";470;165;"POUSO REDONDO";"Ausência de reação do condutor";"Saída de leito carroçável";"Com Vítimas Feridas";"Pleno dia";"Crescente";"Céu Claro";"Simples";"Curva";"Não";1;0;0;1;0;0;1;1;-27,27663;-49,845661;"SPRF-SC";"DEL04-SC";"UOP02-DEL04-SC"
576204;2024-01-21;"domingo";"12:55:00";"CE";222;0;"FORTALEZA";"Manobra de mudança de faixa";"Colisão lateral mesmo sentido";"Com Vítimas Feridas";"Pleno dia";"Decrescente";"Sol";"Múltipla";"Interseção de Vias";"Sim";2;0;0;1;1;0;1;2;-3,7367737;-38,56923;"SPRF-CE";"DEL01-CE";"UOP01-DEL01-CE"
576205;2024-01-21;"domingo";"14:00:00";"PB";230;360;"PATOS";"Manobra de mudança de faixa";"Colisão frontal";"Com Vítimas Fatais";"Pleno dia";"Decrescente";"Sol";"Simples";"Reta;Declive                  ";"Não";6;2;3;1;0;0;4;2;-6,9172;-37,4635;"SPRF-PB";"DEL03-PB";"UOP02-DEL03-PB"
576206;2024-01-21;"domingo";"13:30:00";"RJ";101;501;"ANGRA DOS REIS";"Reação tardia ou ineficiente do condutor";"Colisão traseira";"Sem Vítimas";"Pleno dia";"Decrescente";"Chuva";"Simples";"Reta";"Sim";2;0;0;0;2;0;0;2;-22,92308827;-44,36056298;"SPRF-RJ";"DEL03-RJ";"UOP03-DEL03-RJ"
576208;2024-01-21;"domingo";"14:22:00";"PR";369;149,2;"LONDRINA";"Desrespeitar a preferência no cruzamento";"Colisão transversal";"Com Vítimas Feridas";"Pleno dia";"Crescente";"Céu Claro";"Dupla";"Reta;Interseção de Vias;Aclive";"Sim";2;0;0;1;1;0;1;2;-23,29282954;-51,15460753;"SPRF-PR";"DEL07-PR";"UOP01-DEL07-PR"
576209;2024-01-21;"domingo";"15:15:00";"SC";282;6;"SAO JOSE";"Velocidade Incompatível";"Colisão lateral mesmo sentido";"Com Vítimas Feridas";"Plena Noite";"Crescente";"Garoa/Chuvisco";"Dupla";"Curva";"Não";2;0;1;0;1;0;1;2;-27,591936;-48,618244;"SPRF-SC";"DEL01-SC";"UOP01-DEL01-SC"
576211;2024-01-21;"domingo";"14:00:00";"PR";116;20;"ANTONINA";"Ausência de reação do condutor";"Saída de leito carroçável";"Com Vítimas Feridas";"Pleno dia";"Crescente";"Chuva";"Dupla";"Curva";"Não";1;0;1;0;0;0;1;1;-25,10052421;-48,72981603;"SPRF-PR";"DEL01-PR";"UOP02-DEL01-PR"
576212;2024-01-21;"domingo";"14:20:00";"MA";222;673,9;"ACAILANDIA";"Acesso irregular";"Colisão transversal";"Com Vítimas Feridas";"Pleno dia";"Decrescente";"Sol";"Simples";"Reta";"Sim";2;0;0;1;1;0;1;2;-4,92960481;-47,44590111;"SPRF-MA";"DEL04-MA";"UOP03-DEL04-MA"
576213;2024-01-02;"terça-feira";"06:42:00";"MT";70;7;"BARRA DO GARCAS";"Avarias e/ou desgaste excessivo no pneu";"Queda de ocupante de veículo";"Com Vítimas Feridas";"Amanhecer";"Decrescente";"Chuva";"Simples";"Reta";"Sim";2;0;1;0;1;0;1;1;-15,878143;-52,316788;"SPRF-MT";"DEL07-MT";"UOP01-DEL07-MT"
576214;2024-01-21;"domingo";"14:50:00";"DF";20;24,9;"BRASILIA";"Ingestão de álcool pelo condutor";"Saída de leito carroçável";"Com Vítimas Feridas";"Pleno dia";"Decrescente";"Nublado";"Dupla";"Reta";"Não";2;0;1;0;1;0;1;1;-15,594831;-47,658615;"SPRF-DF";"DEL02-DF";"UOP01-DEL02-DF"
576215;2024-01-21;"domingo";"15:03:00";"GO";70;5;"AGUAS LINDAS DE GOIAS";"Manobra de mudança de faixa";"Capotamento";"Com Vítimas Feridas";"Pleno dia";"Decrescente";"Céu Claro";"Múltipla";"Reta";"Não";2;0;1;0;1;0;1;1;-15,75683677;-48,25464732;"SPRF-DF";"DEL03-DF";"UOP02-DEL03-DF"
576216;2024-01-21;"domingo";"14:50:00";"MG";381;487;"BETIM";"Ingestão de álcool pelo condutor";"Colisão com objeto";"Sem Vítimas";"Pleno dia";"Crescente";"Céu Claro";"Dupla";"Curva";"Não";1;0;0;0;1;0;0;1;-19,95586853;-44,14609501;"SPRF-MG";"DEL01-MG";"UOP03-DEL01-MG"
576218;2024-01-21;"domingo";"15:50:00";"SC";282;54,4;"AGUAS MORNAS";"Frear bruscamente";"Colisão frontal";"Com Vítimas Feridas";"Pleno dia";"Decrescente";"Garoa/Chuvisco";"Dupla";"Curva";"Sim";4;0;2;0;2;0;2;2;-27,685799;-48,974514;"SPRF-SC";"DEL01-SC";"UOP03-DEL01-SC"
576219;2024-01-21;"domingo";"15:43:00";"RN";101;71;"EXTREMOZ";"Reação tardia ou ineficiente do condutor";"Queda de ocupante de veículo";"Com Vítimas Feridas";"Pleno dia";"Crescente";"Céu Claro";"Simples";"Reta";"Não";1;0;0;1;0;0;1;1;-5,68968701;-35,26298333;"SPRF-RN";"DEL02-RN";"UOP01-DEL02-RN"
576220;2024-01-21;"domingo";"15:30:00";"SC";282;54,4;"AGUAS MORNAS";"Chuva";"Saída de leito carroçável";"Com Vítimas Feridas";"Pleno dia";"Crescente";"Chuva";"Simples";"Curva";"Não";1;0;1;0;0;0;1;1;-27,68813967;-48,97734046;"SPRF-SC";"DEL01-SC";"UOP03-DEL01-SC"
576221;2024-01-21;"domingo";"15:15:00";"RJ";40;68;"PETROPOLIS";"Ausência de reação do condutor";"Colisão com objeto";"Sem Vítimas";"Pleno dia";"Decrescente";"Garoa/Chuvisco";"Dupla";"Curva";"Não";5;0;0;0;5;0;0;1;-22,4381808;-43,18488009;"SPRF-RJ";"DEL05-RJ";"UOP02-DEL05-RJ"
576223;2024-01-21;"domingo";"16:15:00";"MG";381;406,4;"NOVA UNIAO";"Ausência de reação do condutor";"Saída de leito carroçável";"Com Vítimas Feridas";"Pleno dia";"Decrescente";"Nublado";"Dupla";"Reta;Declive                  ";"Não";2;0;2;0;0;0;2;1;-19,75189815;-43,54081929;"SPRF-MG";"DEL01-MG";"UOP01-DEL01-MG"
576226;2024-01-21;"domingo";"16:30:00";"GO";60;234;"CEZARINA";"Pista Escorregadia";"Capotamento";"Com Vítimas Feridas";"Pleno dia";"Crescente";"Chuva";"Dupla";"Reta";"Não";3;0;0;1;2;0;1;1;-17,0757;-49,8215;"SPRF-GO";"DEL01-GO";"UOP02-DEL01-GO"
576228;2024-01-21;"domingo";"13:45:00";"PE";424;60;"CAETES";"Acessar a via sem observar a presença dos outros veículos";"Colisão transversal";"Com Vítimas Feridas";"Pleno dia";"Crescente";"Céu Claro";"Simples";"Reta";"Não";3;0;0;2;1;0;2;2;-8,74187;-36,70164;"SPRF-PE";"DEL03-PE";"UOP01-DEL03-PE"
576229;2024-01-21;"domingo";"16:00:00";"SP";116;514;"CAJATI";"Reação tardia ou ineficiente do condutor";"Saída de leito carroçável";"Com Vítimas Feridas";"Pleno dia";"Crescente";"Chuva";"Simples";"Aclive;Curva                  ";"Não";3;0;1;0;2;0;1;1;-24,85874304;-48,21731282;"SPRF-SP";"DEL05-SP";"UOP02-DEL05-SP"
576230;2024-01-21;"domingo";"16:30:00";"PR";376;517;"PONTA GROSSA";"Acessar a via sem observar a presença dos outros veículos";"Colisão transversal";"Com Vítimas Feridas";"Pleno dia";"Crescente";"Céu Claro";"Dupla";"Reta";"Não";4;0;2;0;2;0;2;2;-25,26141221;-50,00379503;"SPRF-PR";"DEL03-PR";"UOP04-DEL03-PR"
576231;2024-01-21;"domingo";"17:02:00";"PB";230;19;"JOAO PESSOA";"Reação tardia ou ineficiente do condutor";"Colisão traseira";"Com Vítimas Feridas";"Pleno dia";"Decrescente";"Céu Claro";"Dupla";"Reta";"Sim";3;0;2;0;1;0;2;2;-7,1198;-34,8453;"SPRF-PB";"DEL01-PB";"UOP01-DEL01-PB"
576232;2024-01-21;"domingo";"15:40:00";"RJ";393;168;"TRES RIOS";"Ausência de reação do condutor";"Tombamento";"Com Vítimas Feridas";"Pleno dia";"Decrescente";"Céu Claro";"Simples";"Reta";"Sim";1;0;1;0;0;0;1;1;-22,127502;-43,147022;"SPRF-RJ";"DEL05-RJ";"UOP01-DEL05-RJ"
576236;2024-01-21;"domingo";"16:43:00";"TO";153;689;"GURUPI";"Ausência de reação do condutor";"Saída de leito carroçável";"Com Vítimas Feridas";"Pleno dia";"Crescente";"Nublado";"Simples";"Reta";"Não";1;0;1;0;0;0;1;1;-11,86294093;-49,15274014;"SPRF-TO";"DEL01-TO";"UOP02-DEL01-TO"
576237;2024-01-21;"domingo";"16:45:00";"ES";101;202,8;"JOAO NEIVA";"Acessar a via sem observar a presença dos outros veículos";"Colisão transversal";"Com Vítimas Feridas";"Pleno dia";"Crescente";"Nublado";"Simples";"Reta";"Não";2;0;1;0;1;0;1;2;-19,7447055;-40,37063967;"SPRF-ES";"DEL04-ES";"UOP01-DEL04-ES"
576239;2024-01-21;"domingo";"13:50:00";"MG";40;430;"PARAOPEBA";"Manobra de mudança de faixa";"Colisão traseira";"Com Vítimas Feridas";"Pleno dia";"Crescente";"Céu Claro";"Dupla";"Reta;Declive                  ";"Não";3;0;1;0;2;0;1;2;-19,19144984;-44,48681487;"SPRF-MG";"DEL02-MG";"UOP01-DEL02-MG"
576241;2024-01-21;"domingo";"15:40:00";"PB";230;439,9;"APARECIDA";"Transitar na contramão";"Colisão frontal";"Com Vítimas Fatais";"Pleno dia";"Crescente";"Céu Claro";"Simples";"Aclive;Curva                  ";"Não";4;2;0;1;0;1;1;2;-6,7633;-38,0179;"SPRF-PB";"DEL03-PB";"UOP02-DEL03-PB"
576243;2024-01-21;"domingo";"17:40:00";"PB";230;19,2;"JOAO PESSOA";"Manobra de mudança de faixa";"Colisão lateral mesmo sentido";"Com Vítimas Feridas";"Anoitecer";"Decrescente";"Céu Claro";"Dupla";"Declive;Retorno Regulamentado ";"Sim";3;0;1;0;2;0;1;2;-7,13715615;-34,85382264;"SPRF-PB";"DEL01-PB";"UOP01-DEL01-PB"
576244;2024-01-21;"domingo";"17:30:00";"SP";381;10;"VARGEM";"Ausência de reação do condutor";"Saída de leito carroçável";"Sem Vítimas";"Pleno dia";"Crescente";"Garoa/Chuvisco";"Simples";"Rotatória;Viaduto             ";"Não";1;0;0;0;1;0;0;1;-22,92240388;-46,44345503;"SPRF-SP";"DEL03-SP";"UOP02-DEL03-SP"
576245;2024-01-21;"domingo";"17:10:00";"MS";158;244;"TRES LAGOAS";"Reação tardia ou ineficiente do condutor";"Colisão frontal";"Com Vítimas Fatais";"Pleno dia";"Crescente";"Nublado";"Simples";"Reta";"Não";2;1;0;0;1;0;0;2;-20,69839572;-51,76091656;"SPRF-MS";"DEL07-MS";"UOP01-DEL07-MS"
576246;2024-01-21;"domingo";"16:20:00";"SP";116;330;"JUQUITIBA";"Ausência de reação do condutor";"Saída de leito carroçável";"Com Vítimas Feridas";"Pleno dia";"Crescente";"Chuva";"Dupla";"Curva";"Não";1;0;1;0;0;0;1;1;-23,9442931;-47,09668891;"SPRF-SP";"DEL04-SP";"UOP03-DEL04-SP"
576248;2024-01-21;"domingo";"16:50:00";"MS";436;9,3;"APARECIDA DO TABOADO";"Demais falhas mecânicas ou elétricas";"Saída de leito carroçável";"Sem Vítimas";"Pleno dia";"Decrescente";"Nublado";"Simples";"Curva";"Não";1;0;0;0;0;1;0;1;-20,09599044;-51,07154846;"SPRF-MS";"DEL08-MS";"UOP01-DEL08-MS"
576249;2024-01-21;"domingo";"18:05:00";"PR";116;39;"CAMPINA GRANDE DO SUL";"Reação tardia ou ineficiente do condutor";"Colisão com objeto";"Com Vítimas Feridas";"Pleno dia";"Crescente";"Chuva";"Dupla";"Curva";"Não";5;0;1;0;4;0;1;1;-25,156168;-48,8613401;"SPRF-PR";"DEL01-PR";"UOP02-DEL01-PR"
576250;2024-01-21;"domingo";"14:15:00";"BA";116;442;"FEIRA DE SANTANA";"Demais falhas mecânicas ou elétricas";"Incêndio";"Sem Vítimas";"Pleno dia";"Decrescente";"Céu Claro";"Dupla";"Reta";"Não";1;0;0;0;0;1;0;1;-12,33676101;-39,07328599;"SPRF-BA";"DEL02-BA";"UOP01-DEL02-BA"
576251;2024-01-21;"domingo";"15:50:00";"RO";364;851;"PORTO VELHO";"Ausência de reação do condutor";"Saída de leito carroçável";"Com Vítimas Feridas";"Pleno dia";"Decrescente";"Céu Claro";"Simples";"Reta";"Não";5;0;3;2;0;0;5;1;-9,46717102;-64,75770698;"SPRF-RO";"DEL01-RO";"UOP02-DEL01-RO"
576252;2024-01-21;"domingo";"18:00:00";"RS";116;234;"ESTANCIA VELHA";"Frear bruscamente";"Colisão traseira";"Com Vítimas Feridas";"Anoitecer";"Crescente";"Céu Claro";"Simples";"Reta;Interseção de Vias       ";"Sim";5;0;0;2;2;1;2;4;-29,65121313;-51,1444433;"SPRF-RS";"DEL01-RS";"UOP02-DEL01-RS"
576253;2024-01-21;"domingo";"13:30:00";"PE";101;44;"IGARASSU";"Manobra de mudança de faixa";"Colisão lateral mesmo sentido";"Com Vítimas Feridas";"Pleno dia";"Decrescente";"Céu Claro";"Dupla";"Reta";"Sim";3;0;1;0;2;0;1;2;-7,85637001;-34,90842109;"SPRF-PE";"DEL01-PE";"UOP02-DEL01-PE"
576254;2024-01-21;"domingo";"16:30:00";"MG";116;499;"INHAPIM";"Desrespeitar a preferência no cruzamento";"Colisão frontal";"Com Vítimas Feridas";"Pleno dia";"Crescente";"Céu Claro";"Simples";"Interseção de Vias;Curva      ";"Sim";5;0;4;0;1;0;4;2;-19,55247801;-42,12429712;"SPRF-MG";"DEL06-MG";"UOP02-DEL06-MG"
576255;2024-01-21;"domingo";"18:30:00";"PR";163;281;"MARECHAL CANDIDO RONDON";"Conversão proibida";"Colisão transversal";"Com Vítimas Feridas";"Pleno dia";"Crescente";"Nublado";"Simples";"Reta";"Sim";2;0;1;0;1;0;1;2;-24,57864514;-53,99236214;"SPRF-PR";"DEL06-PR";"UOP02-DEL06-PR"
576257;2024-01-21;"domingo";"18:20:00";"PB";104;131,3;"QUEIMADAS";"Ingestão de álcool pelo condutor";"Tombamento";"Com Vítimas Feridas";"Plena Noite";"Decrescente";"Céu Claro";"Simples";"Reta";"Sim";2;0;2;0;0;0;2;1;-7,29218931;-35,8906424;"SPRF-PB";"DEL02-PB";"UOP03-DEL02-PB"
576259;2024-01-21;"domingo";"17:20:00";"MG";50;124;"UBERABA";"Ausência de reação do condutor";"Saída de leito carroçável";"Com Vítimas Feridas";"Pleno dia";"Decrescente";"Céu Claro";"Dupla";"Reta";"Não";2;0;1;1;0;0;2;1;-19,34165402;-48,09547304;"SPRF-MG";"DEL13-MG";"UOP01-DEL13-MG"
576260;2024-01-21;"domingo";"11:30:00";"MT";163;602;"NOVA MUTUM";"Ausência de reação do condutor";"Saída de leito carroçável";"Com Vítimas Feridas";"Pleno dia";"Decrescente";"Céu Claro";"Simples";"Reta";"Não";1;0;1;0;0;0;1;1;-13,89893105;-56,09076962;"SPRF-MT";"DEL01-MT";"UOP01-DEL01-MT"
576262;2024-01-21;"domingo";"17:55:00";"SC";101;205,4;"SAO JOSE";"Velocidade Incompatível";"Colisão traseira";"Com Vítimas Feridas";"Anoitecer";"Crescente";"Nublado";"Múltipla";"Reta";"Sim";2;0;1;0;1;0;1;2;-27,58313237;-48,61532885;"SPRF-SC";"DEL01-SC";"UOP01-DEL01-SC"
576264;2024-01-21;"domingo";"18:45:00";"PB";230;4;"CABEDELO";"Ingestão de álcool pelo condutor";"Colisão transversal";"Com Vítimas Feridas";"Plena Noite";"Crescente";"Céu Claro";"Simples";"Interseção de Vias";"Sim";4;0;1;0;3;0;1;2;-7,00584396;-34,82963985;"SPRF-PB";"DEL01-PB";"UOP01-DEL01-PB"
576265;2024-01-21;"domingo";"16:40:00";"PB";230;90;"GURINHEM";"Ausência de sinalização";"Queda de ocupante de veículo";"Com Vítimas Feridas";"Pleno dia";"Crescente";"Céu Claro";"Dupla";"Reta";"Sim";1;0;1;0;0;0;1;1;-7,173;-35,3934;"SPRF-PB";"DEL01-PB";"UOP03-DEL01-PB"
576266;2024-01-21;"domingo";"18:30:00";"PR";116;103;"SAO JOSE DOS PINHAIS";"Ausência de reação do condutor";"Colisão lateral mesmo sentido";"Com Vítimas Feridas";"Anoitecer";"Crescente";"Nublado";"Dupla";"Reta";"Não";4;0;3;0;1;0;3;1;-25,55944814;-49,15099774;"SPRF-PR";"DEL01-PR";"UOP07-DEL01-PR"
576267;2024-01-21;"domingo";"17:30:00";"MS";163;217;"CAARAPO";"Chuva";"Saída de leito carroçável";"Sem Vítimas";"Anoitecer";"Crescente";"Chuva";"Simples";"Reta";"Não";3;0;0;0;3;0;0;1;-22,56184589;-54,82688586;"SPRF-MS";"DEL04-MS";"UOP02-DEL04-MS"
576268;2024-01-21;"domingo";"18:20:00";"PE";104;13,2;"TAQUARITINGA DO NORTE";"Manobra de mudança de faixa";"Colisão frontal";"Com Vítimas Fatais";"Plena Noite";"Crescente";"Céu Claro";"Simples";"Reta";"Não";6;1;0;1;0;4;1;4;-7,897198;-36,113335;"SPRF-PE";"DEL02-PE";"UOP01-DEL02-PE"
576269;2024-01-21;"domingo";"18:00:00";"SC";101;146,6;"ITAPEMA";"Reação tardia ou ineficiente do condutor";"Colisão transversal";"Com Vítimas Feridas";"Pleno dia";"Crescente";"Nublado";"Múltipla";"Interseção de Vias";"Sim";2;0;1;0;1;0;1;2;-27,08666525;-48,60955587;"SPRF-SC";"DEL04-SC";"UOP03-DEL04-SC"
576270;2024-01-21;"domingo";"18:50:00";"RJ";116;292,3;"BARRA MANSA";"Reação tardia ou ineficiente do condutor";"Colisão traseira";"Com Vítimas Feridas";"Anoitecer";"Decrescente";"Chuva";"Dupla";"Reta;Interseção de Vias       ";"Não";3;0;1;0;2;0;1;2;-22,46511993;-44,28491095;"SPRF-RJ";"DEL07-RJ";"UOP02-DEL07-RJ"
576271;2024-01-21;"domingo";"15:15:00";"SC";282;4;"FLORIANOPOLIS";"Entrada inopinada do pedestre";"Atropelamento de Pedestre";"Com Vítimas Fatais";"Pleno dia";"Decrescente";"Chuva";"Múltipla";"Reta";"Sim";2;1;0;0;1;0;0;2;-27,592646;-48,604034;"SPRF-SC";"DEL01-SC";"UOP01-DEL01-SC"
576272;2024-01-21;"domingo";"19:40:00";"SP";116;541;"BARRA DO TURVO";"Velocidade Incompatível";"Colisão com objeto";"Com Vítimas Feridas";"Plena Noite";"Crescente";"Chuva";"Dupla";"Aclive;Curva                  ";"Não";2;0;2;0;0;0;2;1;-24,97245688;-48,39976606;"SPRF-SP";"DEL05-SP";"UOP02-DEL05-SP"
576274;2024-01-21;"domingo";"19:30:00";"MG";116;634,9;"DIVINO";"Velocidade Incompatível";"Saída de leito carroçável";"Com Vítimas Feridas";"Plena Noite";"Decrescente";"Chuva";"Simples";"Reta";"Não";1;0;1;0;0;0;1;1;-20,61516;-42,217882;"SPRF-MG";"DEL07-MG";"UOP02-DEL07-MG"
576275;2024-01-21;"domingo";"19:46:00";"MG";459;97,5;"POUSO ALEGRE";"Transitar na contramão";"Colisão com objeto";"Com Vítimas Fatais";"Plena Noite";"Crescente";"Céu Claro";"Simples";"Curva";"Não";3;1;2;0;0;0;2;2;-22,189781;-45,983028;"SPRF-MG";"DEL09-MG";"UOP01-DEL09-MG"
576276;2024-01-21;"domingo";"19:20:00";"CE";20;404;"CAUCAIA";"Acessar a via sem observar a presença dos outros veículos";"Colisão traseira";"Com Vítimas Feridas";"Plena Noite";"Decrescente";"Céu Claro";"Simples";"Reta";"Não";2;0;1;0;0;1;1;2;-3,77821762;-38,68607924;"SPRF-CE";"DEL01-CE";"UOP01-DEL01-CE"
576277;2024-01-21;"domingo";"19:00:00";"AL";316;244;"ATALAIA";"Acesso irregular";"Colisão transversal";"Sem Vítimas";"Plena Noite";"Crescente";"Céu Claro";"Simples";"Interseção de Vias";"Não";2;0;0;0;1;1;0;2;-9,51022028;-36,00471385;"SPRF-AL";"DEL01-AL";"UOP01-DEL01-AL"
576278;2024-01-21;"domingo";"19:40:00";"SC";101;25,6;"JOINVILLE";"Acumulo de água sobre o pavimento";"Queda de ocupante de veículo";"Com Vítimas Feridas";"Plena Noite";"Crescente";"Chuva";"Dupla";"Reta";"Não";2;0;2;0;0;0;2;1;-26,1834739;-48,9105912;"SPRF-SC";"DEL03-SC";"UOP01-DEL03-SC"
576279;2024-01-21;"domingo";"19:10:00";"PR";277;80;"CURITIBA";"Avarias e/ou desgaste excessivo no pneu";"Tombamento";"Com Vítimas Feridas";"Plena Noite";"Crescente";"Céu Claro";"Dupla";"Reta";"Sim";2;0;2;0;0;0;2;1;-25,473033;-49,209977;"SPRF-PR";"DEL01-PR";"UOP07-DEL01-PR"
576280;2024-01-21;"domingo";"20:10:00";"DF";20;20,2;"BRASILIA";"Animais na Pista";"Atropelamento de Animal";"Com Vítimas Feridas";"Plena Noite";"Crescente";"Garoa/Chuvisco";"Dupla";"Aclive;Reta                   ";"Sim";1;0;1;0;0;0;1;1;-15,607905;-47,692791;"SPRF-DF";"DEL02-DF";"UOP01-DEL02-DF"
576281;2024-01-21;"domingo";"20:00:00";"PR";369;56;"BANDEIRANTES";"Acessar a via sem observar a presença dos outros veículos";"Colisão frontal";"Com Vítimas Feridas";"Plena Noite";"Crescente";"Céu Claro";"Simples";"Interseção de Vias;Curva      ";"Sim";3;0;2;0;1;0;2;2;-23,11258439;-50,37298501;"SPRF-PR";"DEL07-PR";"UOP05-DEL07-PR"
576282;2024-01-21;"domingo";"14:30:00";"MT";364;495;"JANGADA";"Ultrapassagem Indevida";"Saída de leito carroçável";"Sem Vítimas";"Pleno dia";"Decrescente";"Céu Claro";"Simples";"Reta";"Sim";2;0;0;0;0;2;0;1;-15,28421196;-56,43782994;"SPRF-MT";"DEL01-MT";"UOP01-DEL01-MT"
576283;2024-01-21;"domingo";"20:40:00";"AL";316;158,2;"PALMEIRA DOS INDIOS";"Acessar a via sem observar a presença dos outros veículos";"Colisão lateral mesmo sentido";"Com Vítimas Feridas";"Plena Noite";"Decrescente";"Céu Claro";"Simples";"Aclive;Interseção de Vias     ";"Não";3;0;1;0;0;2;1;2;-9,43334352;-36,61323443;"SPRF-AL";"DEL03-AL";"UOP01-DEL03-AL"
576285;2024-01-21;"domingo";"20:50:00";"TO";153;335;"GUARAI";"Manobra de mudança de faixa";"Colisão traseira";"Com Vítimas Feridas";"Plena Noite";"Crescente";"Céu Claro";"Múltipla";"Reta";"Sim";2;0;1;1;0;0;2;2;-8,84481597;-48,5107318;"SPRF-TO";"DEL02-TO";"UOP02-DEL02-TO"
576287;2024-01-21;"domingo";"20:50:00";"ES";101;268;"SERRA";"Transitar na contramão";"Colisão frontal";"Com Vítimas Feridas";"Plena Noite";"Crescente";"Chuva";"Múltipla";"Reta";"Sim";5;0;1;0;4;0;1;3;-20,20842;-40,269405;"SPRF-ES";"DEL02-ES";"UOP01-DEL02-ES"
576288;2024-01-21;"domingo";"21:00:00";"RJ";40;81;"PETROPOLIS";"Pista Escorregadia";"Saída de leito carroçável";"Com Vítimas Feridas";"Plena Noite";"Crescente";"Chuva";"Múltipla";"Curva";"Não";2;0;1;0;1;0;1;1;-22,50560003;-43,23186384;"SPRF-RJ";"DEL01-RJ";"UOP01-DEL01-RJ"
576289;2024-01-21;"domingo";"20:40:00";"PR";376;631;"TIJUCAS DO SUL";"Pedestre cruzava a pista fora da faixa";"Atropelamento de Pedestre";"Com Vítimas Fatais";"Plena Noite";"Decrescente";"Céu Claro";"Dupla";"Reta";"Sim";5;1;0;0;4;0;0;2;-25,70434399;-49,14198595;"SPRF-PR";"DEL01-PR";"UOP04-DEL01-PR"
576290;2024-01-21;"domingo";"15:30:00";"MA";226;8,3;"TIMON";"Retorno proibido";"Colisão frontal";"Com Vítimas Fatais";"Pleno dia";"Crescente";"Sol";"Simples";"Reta;Interseção de Vias       ";"Não";6;1;0;5;0;0;5;2;-5,1311846;-42,815704;"SPRF-MA";"DEL03-MA";"UOP02-DEL03-MA"
576292;2024-01-21;"domingo";"21:30:00";"RN";101;103;"PARNAMIRIM";"Reação tardia ou ineficiente do condutor";"Colisão com objeto";"Com Vítimas Feridas";"Plena Noite";"Decrescente";"Nublado";"Dupla";"Reta";"Sim";1;0;1;0;0;0;1;1;-5,89034022;-35,24894996;"SPRF-RN";"DEL01-RN";"UOP01-DEL01-RN"
576293;2024-01-21;"domingo";"19:20:00";"PI";230;302;"FLORIANO";"Animais na Pista";"Atropelamento de Animal";"Sem Vítimas";"Plena Noite";"Crescente";"Céu Claro";"Simples";"Reta;Declive                  ";"Não";2;0;0;0;2;0;0;1;-6,80935231;-42,95446185;"SPRF-PI";"DEL03-PI";"UOP01-DEL03-PI"
576294;2024-01-21;"domingo";"21:10:00";"AL";316;250,3;"PILAR";"Ultrapassagem Indevida";"Colisão frontal";"Com Vítimas Fatais";"Plena Noite";"Crescente";"Céu Claro";"Simples";"Reta";"Não";4;1;1;0;1;1;1;3;-9,55605726;-35,97591943;"SPRF-AL";"DEL01-AL";"UOP01-DEL01-AL"
576295;2024-01-21;"domingo";"20:00:00";"PR";277;327;"GUARAPUAVA";"Animais na Pista";"Atropelamento de Animal";"Com Vítimas Feridas";"Plena Noite";"Crescente";"Céu Claro";"Simples";"Reta";"Não";3;0;2;0;1;0;2;1;-25,37242804;-51,28148999;"SPRF-PR";"DEL08-PR";"UOP01-DEL08-PR"
576296;2024-01-21;"domingo";"17:00:00";"MG";262;27,8;"REDUTO";"Condutor Dormindo";"Saída de leito carroçável";"Com Vítimas Feridas";"Pleno dia";"Crescente";"Nublado";"Simples";"Reta";"Não";2;0;0;1;1;0;1;1;-20,24057124;-41,966311;"SPRF-MG";"DEL06-MG";"UOP03-DEL06-MG"
576298;2024-01-21;"domingo";"19:35:00";"MG";262;44,1;"MANHUACU";"Ingestão de álcool pelo condutor";"Colisão com objeto";"Com Vítimas Feridas";"Plena Noite";"Decrescente";"Nublado";"Simples";"Reta";"Não";3;0;3;0;0;0;3;1;-20,26011575;-42,08811198;"SPRF-MG";"DEL06-MG";"UOP03-DEL06-MG"
576299;2024-01-21;"domingo";"18:35:00";"PR";369;472,1;"CORBELIA";"Avarias e/ou desgaste excessivo no pneu";"Saída de leito carroçável";"Sem Vítimas";"Anoitecer";"Decrescente";"Chuva";"Simples";"Reta";"Não";1;0;0;0;0;1;0;1;-24,5822;-53,1842;"SPRF-PR";"DEL04-PR";"UOP03-DEL04-PR"