"id";"data_inversa";"dia_semana";"horario";"uf";"br";"km";"municipio";"causa_acidente";"tipo_acidente";"classificacao_acidente";"fase_dia";"sentido_via";"condicao_metereologica";"tipo_pista";"tracado_via";"uso_solo";"pessoas";"mortos";"feridos_leves";"feridos_graves";"ilesos";"ignorados";"feridos";"veiculos";"latitude";"longitude";"regional";"delegacia";"uop"
576300;2024-01-21;"domingo";"17:30:00";"MT";163;640,9;"LUCAS DO RIO VERDE";"Chuva";"Saída de leito carroçável";"Com Vítimas Feridas";"Anoitecer";"Crescente";"Garoa/Chuvisco";"Simples";"Curva";"Não";4;0;3;0;1;0;3;1;-13,44705909;-56,08657837;"SPRF-MT";"DEL01-MT";"UOP01-DEL01-MT"
576301;2024-01-21;"domingo";"22:00:00";"SP";153;64;"SAO JOSE DO RIO PRETO";"Reação tardia ou ineficiente do condutor";"Saída de leito carroçável";"Com Vítimas Feridas";"Plena Noite";"Crescente";"Céu Claro";"Simples";"Curva";"Não";1;0;1;0;0;0;1;1;-20,8290998;-49,36114848;"SPRF-SP";"DEL09-SP";"UOP01-DEL09-SP"
576303;2024-01-21;"domingo";"22:40:00";"RS";290;86;"PORTO ALEGRE";"Ausência de reação do condutor";"Colisão traseira";"Com Vítimas Feridas";"Plena Noite";"Decrescente";"Céu Claro";"Múltipla";"Reta";"Sim";2;0;1;0;1;0;1;2;-29,968412;-51,117138;"SPRF-RS";"DEL01-RS";"UOP01-DEL01-RS"
576305;2024-01-21;"domingo";"20:40:00";"DF";251;6,3;"BRASILIA";"Acessar a via sem observar a presença dos outros veículos";"Colisão transversal";"Com Vítimas Feridas";"Plena Noite";"Decrescente";"Chuva";"Dupla";"Reta";"Não";2;0;0;1;1;0;1;2;-16,007332;-47,552052;"SPRF-DF";"DEL01-DF";"UOP01-DEL01-DF"
576306;2024-01-21;"domingo";"22:30:00";"RS";290;36,9;"SANTO ANTONIO DA PATRULHA";"Reação tardia ou ineficiente do condutor";"Colisão frontal";"Com Vítimas Feridas";"Plena Noite";"Crescente";"Céu Claro";"Dupla";"Reta";"Não";2;0;0;2;0;0;2;2;-29,885529;-50,62759;"SPRF-RS";"DEL03-RS";"UOP01-DEL03-RS"
576307;2024-01-21;"domingo";"21:30:00";"SC";101;146;"ITAPEMA";"Ausência de reação do condutor";"Colisão traseira";"Sem Vítimas";"Plena Noite";"Crescente";"Garoa/Chuvisco";"Múltipla";"Interseção de Vias;Viaduto    ";"Sim";2;0;0;0;2;0;0;2;-27,08666525;-48,60955587;"SPRF-SC";"DEL04-SC";"UOP03-DEL04-SC"
576308;2024-01-21;"domingo";"22:00:00";"ES";101;134;"LINHARES";"Ausência de reação do condutor";"Colisão traseira";"Com Vítimas Feridas";"Plena Noite";"Crescente";"Chuva";"Simples";"Reta";"Não";2;0;1;0;0;1;1;2;-19,26602502;-40,08886123;"SPRF-ES";"DEL04-ES";"UOP01-DEL04-ES"
576309;2024-01-21;"domingo";"22:58:00";"BA";324;572;"SAO SEBASTIAO DO PASSE";"Velocidade Incompatível";"Saída de leito carroçável";"Com Vítimas Feridas";"Plena Noite";"Decrescente";"Céu Claro";"Dupla";"Reta";"Não";5;0;3;0;2;0;3;1;-12,55680911;-38,56690209;"SPRF-BA";"DEL01-BA";"UOP01-DEL01-BA"
576310;2024-01-21;"domingo";"21:55:00";"RJ";465;20,5;"NOVA IGUACU";"Iluminação deficiente";"Colisão transversal";"Com Vítimas Feridas";"Plena Noite";"Crescente";"Garoa/Chuvisco";"Simples";"Reta";"Sim";2;0;1;0;1;0;1;2;-22,846828;-43,605339;"SPRF-RJ";"DEL06-RJ";"UOP02-DEL06-RJ"
576311;2024-01-21;"domingo";"16:30:00";"RJ";116;211;"SEROPEDICA";"Reação tardia ou ineficiente do condutor";"Colisão com objeto";"Sem Vítimas";"Pleno dia";"Decrescente";"Céu Claro";"Dupla";"Reta";"Não";2;0;0;0;2;0;0;1;-22,71844298;-43,700897;"SPRF-RJ";"DEL06-RJ";"UOP02-DEL06-RJ"
576312;2024-01-21;"domingo";"22:30:00";"PR";277;10;"PARANAGUA";"Ausência de reação do condutor";"Saída de leito carroçável";"Sem Vítimas";"Plena Noite";"Crescente";"Nublado";"Simples";"Curva";"Não";1;0;0;0;1;0;0;1;-25,568198;-48,615292;"SPRF-PR";"DEL01-PR";"UOP05-DEL01-PR"
576313;2024-01-21;"domingo";"23:40:00";"PR";376;5;"APUCARANA";"Desrespeitar a preferência no cruzamento";"Colisão frontal";"Com Vítimas Feridas";"Plena Noite";"Crescente";"Nublado";"Simples";"Reta;Interseção de Vias       ";"Sim";5;0;5;0;0;0;5;2;-23,549416;-51,450012;"SPRF-PR";"DEL07-PR";"UOP03-DEL07-PR"
576314;2024-01-21;"domingo";"22:20:00";"SP";116;548;"BARRA DO TURVO";"Reação tardia ou ineficiente do condutor";"Saída de leito carroçável";"Com Vítimas Feridas";"Plena Noite";"Crescente";"Chuva";"Simples";"Curva";"Não";2;0;1;0;1;0;1;1;-24,95470506;-48,45560002;"SPRF-SP";"DEL05-SP";"UOP02-DEL05-SP"
576315;2024-01-21;"domingo";"22:55:00";"RO";364;711;"PORTO VELHO";"Ausência de reação do condutor";"Colisão traseira";"Com Vítimas Feridas";"Plena Noite";"Crescente";"Nublado";"Dupla";"Reta";"Sim";3;0;2;0;0;1;2;2;-8,78153947;-63,86531369;"SPRF-RO";"DEL01-RO";"UOP01-DEL01-RO"
576317;2024-01-21;"domingo";"20:30:00";"RJ";101;481;"ANGRA DOS REIS";"Ingestão de álcool pelo condutor";"Colisão frontal";"Com Vítimas Feridas";"Plena Noite";"Crescente";"Chuva";"Simples";"Curva";"Não";6;0;4;2;0;0;6;2;-23,00246527;-44,27270594;"SPRF-RJ";"DEL03-RJ";"UOP03-DEL03-RJ"
576318;2024-01-21;"domingo";"17:00:00";"RO";174;23;"VILHENA";"Acessar a via sem observar a presença dos outros veículos";"Colisão lateral mesmo sentido";"Com Vítimas Feridas";"Pleno dia";"Crescente";"Céu Claro";"Simples";"Reta";"Sim";3;0;2;0;1;0;2;2;-12,65805896;-60,09965716;"SPRF-RO";"DEL04-RO";"UOP01-DEL04-RO"
576319;2024-01-22;"segunda-feira";"00:00:00";"RS";116;258;"ESTEIO";"Ausência de reação do condutor";"Colisão com objeto";"Com Vítimas Feridas";"Plena Noite";"Decrescente";"Nublado";"Dupla";"Reta";"Sim";1;0;1;0;0;0;1;1;-29,86150502;-51,18091535;"SPRF-RS";"DEL01-RS";"UOP02-DEL01-RS"
576320;2024-01-21;"domingo";"18:39:00";"RN";304;46;"MOSSORO";"Velocidade Incompatível";"Colisão traseira";"Com Vítimas Feridas";"Plena Noite";"Decrescente";"Céu Claro";"Dupla";"Reta";"Sim";3;0;1;0;2;0;1;2;-5,22579384;-37,340046;"SPRF-RN";"DEL04-RN";"UOP01-DEL04-RN"
576323;2024-01-22;"segunda-feira";"01:00:00";"PR";116;92;"SAO JOSE DOS PINHAIS";"Reação tardia ou ineficiente do condutor";"Colisão com objeto";"Com Vítimas Feridas";"Plena Noite";"Decrescente";"Céu Claro";"Dupla";"Curva";"Não";3;0;1;0;2;0;1;2;-25,47691403;-49,09767498;"SPRF-PR";"DEL01-PR";"UOP07-DEL01-PR"
576324;2024-01-21;"domingo";"22:30:00";"MA";222;181;"ITAPECURU MIRIM";"Reação tardia ou ineficiente do condutor";"Queda de ocupante de veículo";"Com Vítimas Fatais";"Plena Noite";"Decrescente";"Nublado";"Simples";"Reta";"Não";1;1;0;0;0;0;0;1;-3,488877;-44,171753;"SPRF-MA";"DEL01-MA";"UOP02-DEL01-MA"
576325;2024-01-22;"segunda-feira";"02:30:00";"SC";470;7,3;"NAVEGANTES";"Transitar na contramão";"Colisão transversal";"Com Vítimas Feridas";"Plena Noite";"Crescente";"Céu Claro";"Múltipla";"Aclive;Viaduto                ";"Sim";2;0;1;0;1;0;1;2;-26,84499;-48,71505;"SPRF-SC";"DEL04-SC";"UOP04-DEL04-SC"
576326;2024-01-22;"segunda-feira";"02:05:00";"RS";153;7,9;"MARCELINO RAMOS";"Velocidade Incompatível";"Colisão com objeto";"Sem Vítimas";"Plena Noite";"Decrescente";"Céu Claro";"Simples";"Reta";"Não";2;0;0;0;2;0;0;1;-27,41965352;-52,02782517;"SPRF-RS";"DEL08-RS";"UOP04-DEL08-RS"
576327;2024-01-22;"segunda-feira";"01:20:00";"AL";101;52,5;"FLEXEIRAS";"Condutor Dormindo";"Capotamento";"Sem Vítimas";"Plena Noite";"Crescente";"Céu Claro";"Dupla";"Reta";"Não";1;0;0;0;1;0;0;1;-9,24928061;-35,75771436;"SPRF-AL";"DEL01-AL";"UOP02-DEL01-AL"
576328;2024-01-22;"segunda-feira";"04:20:00";"SP";116;222;"GUARULHOS";"Reação tardia ou ineficiente do condutor";"Colisão com objeto";"Com Vítimas Feridas";"Plena Noite";"Crescente";"Ignorado";"Múltipla";"Reta";"Sim";6;0;1;2;3;0;3;4;-23,47093408;-46,51631097;"SPRF-SP";"DEL01-SP";"UOP01-DEL01-SP"
576329;2024-01-22;"segunda-feira";"05:00:00";"RS";290;86;"PORTO ALEGRE";"Reação tardia ou ineficiente do condutor";"Saída de leito carroçável";"Sem Vítimas";"Plena Noite";"Crescente";"Céu Claro";"Simples";"Curva";"Não";2;0;0;0;2;0;0;1;-29,968412;-51,117138;"SPRF-RS";"DEL01-RS";"UOP01-DEL01-RS"
576330;2024-01-22;"segunda-feira";"04:35:00";"RS";386;343,7;"LAJEADO";"Ausência de reação do condutor";"Saída de leito carroçável";"Com Vítimas Feridas";"Plena Noite";"Decrescente";"Céu Claro";"Simples";"Em Obras;Curva                ";"Sim";1;0;1;0;0;0;1;1;-29,43702808;-51,99605942;"SPRF-RS";"DEL04-RS";"UOP01-DEL04-RS"
576331;2024-01-22;"segunda-feira";"04:30:00";"RS";290;86;"PORTO ALEGRE";"Demais falhas mecânicas ou elétricas";"Incêndio";"Sem Vítimas";"Plena Noite";"Decrescente";"Céu Claro";"Simples";"Curva";"Não";1;0;0;0;0;1;0;1;-29,968412;-51,117138;"SPRF-RS";"DEL01-RS";"UOP01-DEL01-RS"
576333;2024-01-21;"domingo";"23:40:00";"PB";104;143,1;"QUEIMADAS";"Ingestão de álcool pelo condutor";"Colisão com objeto";"Com Vítimas Fatais";"Plena Noite";"Crescente";"Céu Claro";"Simples";"Declive;Curva                 ";"Não";3;1;2;0;0;0;2;1;-7,40477903;-35,89667929;"SPRF-PB";"DEL02-PB";"UOP03-DEL02-PB"
576334;2024-01-22;"segunda-feira";"04:29:00";"RN";226;79,5;"TANGARA";"Animais na Pista";"Atropelamento de Animal";"Com Vítimas Feridas";"Plena Noite";"Decrescente";"Céu Claro";"Simples";"Reta";"Não";2;0;2;0;0;0;2;1;-6,18392073;-35,77550021;"SPRF-RN";"DEL01-RN";"UOP02-DEL01-RN"
576335;2024-01-22;"segunda-feira";"04:40:00";"GO";60;184;"TRINDADE";"Condutor Dormindo";"Saída de leito carroçável";"Com Vítimas Feridas";"Plena Noite";"Decrescente";"Céu Claro";"Dupla";"Aclive";"Não";3;0;2;1;0;0;3;1;-16,7899;-49,5019;"SPRF-GO";"DEL01-GO";"UOP02-DEL01-GO"
576337;2024-01-22;"segunda-feira";"05:50:00";"RS";116;244,5;"SAO LEOPOLDO";"Condutor deixou de manter distância do veículo da frente";"Colisão traseira";"Sem Vítimas";"Amanhecer";"Crescente";"Céu Claro";"Dupla";"Reta";"Não";2;0;0;0;1;1;0;2;-29,74088003;-51,15039566;"SPRF-RS";"DEL01-RS";"UOP02-DEL01-RS"
576339;2024-01-22;"segunda-feira";"02:25:00";"MS";463;112;"PONTA PORA";"Reação tardia ou ineficiente do condutor";"Saída de leito carroçável";"Com Vítimas Feridas";"Amanhecer";"Decrescente";"Nublado";"Dupla";"Reta";"Sim";1;0;1;0;0;0;1;1;-22,56000937;-55,70527615;"SPRF-MS";"DEL04-MS";"UOP03-DEL04-MS"
576340;2024-01-22;"segunda-feira";"05:30:00";"AL";316;248;"ATALAIA";"Condutor Dormindo";"Colisão frontal";"Com Vítimas Feridas";"Pleno dia";"Decrescente";"Céu Claro";"Simples";"Reta";"Não";2;0;0;1;1;0;1;2;-9,54078106;-35,98549809;"SPRF-AL";"DEL01-AL";"UOP01-DEL01-AL"
576341;2024-01-22;"segunda-feira";"06:40:00";"PE";428;184;"PETROLINA";"Ausência de reação do condutor";"Saída de leito carroçável";"Sem Vítimas";"Pleno dia";"Decrescente";"Céu Claro";"Dupla";"Reta";"Sim";1;0;0;0;0;1;0;1;-9,33211208;-40,46621385;"SPRF-PE";"DEL06-PE";"UOP01-DEL06-PE"
576342;2024-01-22;"segunda-feira";"05:30:00";"GO";20;220;"POSSE";"Ultrapassagem Indevida";"Colisão lateral sentido oposto";"Com Vítimas Feridas";"Amanhecer";"Decrescente";"Céu Claro";"Simples";"Declive";"Não";8;0;8;0;0;0;8;2;-14,197667;-46,332184;"SPRF-DF";"DEL02-DF";"UOP03-DEL02-DF"
576343;2024-01-22;"segunda-feira";"05:30:00";"SP";381;85;"SAO PAULO";"Demais falhas mecânicas ou elétricas";"Incêndio";"Sem Vítimas";"Amanhecer";"Decrescente";"Céu Claro";"Dupla";"Aclive;Reta;Viaduto           ";"Sim";1;0;0;0;0;1;0;1;-23,449343;-46,56983501;"SPRF-SP";"DEL03-SP";"UOP01-DEL03-SP"
576344;2024-01-22;"segunda-feira";"05:10:00";"RS";386;146,6;"SARANDI";"Ausência de reação do condutor";"Saída de leito carroçável";"Com Vítimas Feridas";"Amanhecer";"Crescente";"Céu Claro";"Simples";"Reta";"Não";5;0;2;0;3;0;2;1;-28,056545;-52,870819;"SPRF-RS";"DEL08-RS";"UOP01-DEL08-RS"
576346;2024-01-22;"segunda-feira";"07:00:00";"SC";101;211,5;"PALHOCA";"Manobra de mudança de faixa";"Colisão lateral mesmo sentido";"Com Vítimas Feridas";"Pleno dia";"Decrescente";"Garoa/Chuvisco";"Dupla";"Reta";"Sim";2;0;1;0;1;0;1;2;-27,62636516;-48,65504891;"SPRF-SC";"DEL01-SC";"UOP02-DEL01-SC"
576347;2024-01-22;"segunda-feira";"06:40:00";"SP";101;49,3;"UBATUBA";"Animais na Pista";"Colisão traseira";"Com Vítimas Feridas";"Pleno dia";"Decrescente";"Chuva";"Simples";"Reta";"Não";2;0;1;0;1;0;1;2;-23,44410908;-45,08375708;"SPRF-SP";"DEL06-SP";"UOP01-DEL06-SP"
576350;2024-01-22;"segunda-feira";"04:15:00";"PR";277;406,5;"CANDOI";"Ingestão de álcool pelo condutor";"Colisão com objeto";"Sem Vítimas";"Plena Noite";"Decrescente";"Nublado";"Simples";"Curva";"Não";1;0;0;0;1;0;0;1;-25,42529186;-52,01271057;"SPRF-PR";"DEL04-PR";"UOP02-DEL04-PR"
576352;2024-01-22;"segunda-feira";"07:30:00";"RS";101;62;"MAQUINE";"Acessar a via sem observar a presença dos outros veículos";"Colisão traseira";"Com Vítimas Feridas";"Pleno dia";"Crescente";"Céu Claro";"Dupla";"Declive;Reta                  ";"Sim";2;0;2;0;0;0;2;2;-29,69416682;-50,16348839;"SPRF-RS";"DEL03-RS";"UOP02-DEL03-RS"
576353;2024-01-22;"segunda-feira";"07:00:00";"RS";472;521;"URUGUAIANA";"Demais falhas mecânicas ou elétricas";"Incêndio";"Sem Vítimas";"Pleno dia";"Decrescente";"Céu Claro";"Simples";"Reta";"Não";1;0;0;0;1;0;0;1;-29,407495;-56,684604;"SPRF-RS";"DEL13-RS";"UOP01-DEL13-RS"
576355;2024-01-21;"domingo";"04:00:00";"MA";222;207;"ITAPECURU MIRIM";"Transitar na contramão";"Colisão frontal";"Com Vítimas Feridas";"Amanhecer";"Crescente";"Céu Claro";"Simples";"Reta";"Sim";2;0;1;0;0;1;1;2;-3,39827306;-44,35676617;"SPRF-MA";"DEL01-MA";"UOP02-DEL01-MA"
576356;2024-01-22;"segunda-feira";"07:15:00";"RJ";116;78;"TERESOPOLIS";"Chuva";"Capotamento";"Com Vítimas Feridas";"Amanhecer";"Decrescente";"Chuva";"Simples";"Curva";"Não";1;0;1;0;0;0;1;1;-22,37408687;-42,95260496;"SPRF-RJ";"DEL04-RJ";"UOP01-DEL04-RJ"
576357;2024-01-22;"segunda-feira";"03:00:00";"RJ";40;30;"TRES RIOS";"Demais falhas mecânicas ou elétricas";"Incêndio";"Sem Vítimas";"Plena Noite";"Crescente";"Vento";"Dupla";"Reta";"Sim";1;0;0;0;1;0;0;1;-22,18633705;-43,16660309;"SPRF-RJ";"DEL05-RJ";"UOP02-DEL05-RJ"
576358;2024-01-22;"segunda-feira";"07:58:00";"DF";40;7,9;"BRASILIA";"Condutor deixou de manter distância do veículo da frente";"Colisão lateral mesmo sentido";"Com Vítimas Feridas";"Pleno dia";"Decrescente";"Nublado";"Dupla";"Reta";"Sim";2;0;1;0;0;1;1;2;-16,038666;-47,979691;"SPRF-DF";"DEL01-DF";"UOP01-DEL01-DF"
576359;2024-01-03;"quarta-feira";"13:20:00";"GO";60;265;"INDIARA";"Chuva";"Saída de leito carroçável";"Com Vítimas Feridas";"Pleno dia";"Crescente";"Chuva";"Dupla";"Curva";"Não";1;0;1;0;0;0;1;1;-17,1927;-50,0795;"SPRF-GO";"DEL01-GO";"UOP02-DEL01-GO"
576360;2024-01-22;"segunda-feira";"08:20:00";"PB";361;4;"PATOS";"Condutor deixou de manter distância do veículo da frente";"Colisão traseira";"Com Vítimas Feridas";"Pleno dia";"Crescente";"Céu Claro";"Simples";"Reta";"Sim";2;0;1;0;1;0;1;2;-7,03208047;-37,29365088;"SPRF-PB";"DEL03-PB";"UOP01-DEL03-PB"
576363;2024-01-22;"segunda-feira";"07:50:00";"ES";101;74,5;"SAO MATEUS";"Demais falhas mecânicas ou elétricas";"Incêndio";"Sem Vítimas";"Pleno dia";"Decrescente";"Nublado";"Simples";"Reta";"Não";1;0;0;0;1;0;0;1;-18,77756015;-39,87357381;"SPRF-ES";"DEL04-ES";"UOP02-DEL04-ES"
576364;2024-01-22;"segunda-feira";"08:40:00";"PB";230;22,6;"JOAO PESSOA";"Reação tardia ou ineficiente do condutor";"Colisão traseira";"Sem Vítimas";"Pleno dia";"Decrescente";"Sol";"Dupla";"Reta";"Sim";2;0;0;0;2;0;0;2;-7,1495;-34,8517;"SPRF-PB";"DEL01-PB";"UOP01-DEL01-PB"
576366;2024-01-22;"segunda-feira";"08:20:00";"RN";101;133;"ARES";"Condutor deixou de manter distância do veículo da frente";"Colisão traseira";"Com Vítimas Feridas";"Pleno dia";"Decrescente";"Nublado";"Dupla";"Reta";"Não";2;0;1;0;1;0;1;2;-6,14655198;-35,22722973;"SPRF-RN";"DEL01-RN";"UOP01-DEL01-RN"
576367;2024-01-22;"segunda-feira";"08:30:00";"RJ";116;175;"SAO JOAO DE MERITI";"Trafegar com motocicleta (ou similar) entre as faixas";"Colisão lateral mesmo sentido";"Com Vítimas Feridas";"Pleno dia";"Decrescente";"Céu Claro";"Dupla";"Reta";"Sim";3;0;2;0;1;0;2;2;-22,78923555;-43,37275272;"SPRF-RJ";"DEL06-RJ";"UOP01-DEL06-RJ"
576369;2024-01-22;"segunda-feira";"07:30:00";"RJ";116;198;"QUEIMADOS";"Acesso irregular";"Colisão transversal";"Com Vítimas Feridas";"Pleno dia";"Crescente";"Nublado";"Dupla";"Reta";"Não";3;0;1;0;0;2;1;3;-22,72952183;-43,57481597;"SPRF-RJ";"DEL06-RJ";"UOP02-DEL06-RJ"
576371;2024-01-22;"segunda-feira";"07:50:00";"PR";369;90;"CORNELIO PROCOPIO";"Desrespeitar a preferência no cruzamento";"Saída de leito carroçável";"Com Vítimas Feridas";"Pleno dia";"Decrescente";"Nublado";"Simples";"Interseção de Vias";"Sim";2;0;1;0;1;0;1;2;-23,19879826;-50,65410012;"SPRF-PR";"DEL07-PR";"UOP05-DEL07-PR"
576372;2024-01-22;"segunda-feira";"08:00:00";"SC";282;1;"FLORIANOPOLIS";"Manobra de mudança de faixa";"Colisão lateral mesmo sentido";"Com Vítimas Feridas";"Pleno dia";"Decrescente";"Nublado";"Múltipla";"Reta";"Não";2;0;1;0;1;0;1;2;-27,602955;-48,580509;"SPRF-SC";"DEL01-SC";"UOP01-DEL01-SC"
576374;2024-01-22;"segunda-feira";"08:20:00";"GO";452;134;"BOM JESUS DE GOIAS";"Condutor deixou de manter distância do veículo da frente";"Colisão traseira";"Com Vítimas Feridas";"Pleno dia";"Crescente";"Céu Claro";"Simples";"Reta";"Sim";5;0;3;0;2;0;3;3;-18,24113336;-49,70845327;"SPRF-GO";"DEL03-GO";"UOP02-DEL03-GO"
576378;2024-01-22;"segunda-feira";"09:30:00";"RS";392;19,8;"RIO GRANDE";"Reação tardia ou ineficiente do condutor";"Saída de leito carroçável";"Com Vítimas Feridas";"Pleno dia";"Crescente";"Céu Claro";"Dupla";"Reta";"Sim";1;0;1;0;0;0;1;1;-32,08573295;-52,19690099;"SPRF-RS";"DEL07-RS";"UOP02-DEL07-RS"
576379;2024-01-22;"segunda-feira";"09:45:00";"RJ";101;485;"ANGRA DOS REIS";"Reação tardia ou ineficiente do condutor";"Atropelamento de Pedestre";"Com Vítimas Feridas";"Pleno dia";"Crescente";"Chuva";"Simples";"Reta";"Sim";2;0;1;0;1;0;1;2;-22,98573526;-44,29709764;"SPRF-RJ";"DEL03-RJ";"UOP03-DEL03-RJ"
576380;2024-01-22;"segunda-feira";"09:30:00";"SC";282;4;"FLORIANOPOLIS";"Trafegar com motocicleta (ou similar) entre as faixas";"Colisão lateral mesmo sentido";"Com Vítimas Feridas";"Pleno dia";"Decrescente";"Céu Claro";"Múltipla";"Reta";"Sim";2;0;1;0;1;0;1;2;-27,592646;-48,604034;"SPRF-SC";"DEL01-SC";"UOP01-DEL01-SC"
576381;2024-01-22;"segunda-feira";"05:30:00";"AL";104;39;"UNIAO DOS PALMARES";"Ingestão de álcool pelo condutor";"Saída de leito carroçável";"Com Vítimas Feridas";"Amanhecer";"Decrescente";"Céu Claro";"Simples";"Reta";"Não";1;0;1;0;0;0;1;1;-9,19029401;-36,03691216;"SPRF-AL";"DEL01-AL";"UOP02-DEL01-AL"
576382;2024-01-22;"segunda-feira";"10:00:00";"MG";262;375;"JUATUBA";"Pedestre andava na pista";"Atropelamento de Pedestre";"Com Vítimas Feridas";"Pleno dia";"Crescente";"Sol";"Dupla";"Reta";"Sim";2;0;0;1;1;0;1;2;-19,959929;-44,337997;"SPRF-MG";"DEL01-MG";"UOP03-DEL01-MG"
576383;2024-01-22;"segunda-feira";"08:20:00";"SC";282;220;"LAGES";"Mal súbito do condutor";"Saída de leito carroçável";"Com Vítimas Feridas";"Amanhecer";"Crescente";"Nublado";"Simples";"Reta";"Sim";1;0;1;0;0;0;1;1;-27,794014;-50,33363;"SPRF-SC";"DEL05-SC";"UOP01-DEL05-SC"
576385;2024-01-22;"segunda-feira";"09:30:00";"PE";101;71;"RECIFE";"Manobra de mudança de faixa";"Colisão lateral mesmo sentido";"Com Vítimas Feridas";"Pleno dia";"Crescente";"Sol";"Dupla";"Reta";"Sim";3;0;2;0;1;0;2;2;-8,07663102;-34,94277871;"SPRF-PE";"DEL01-PE";"UOP01-DEL01-PE"
576386;2024-01-22;"segunda-feira";"07:30:00";"BA";324;582,8;"CANDEIAS";"Velocidade Incompatível";"Capotamento";"Sem Vítimas";"Pleno dia";"Decrescente";"Céu Claro";"Dupla";"Reta";"Não";1;0;0;0;0;1;0;1;-12,60856603;-38,49390902;"SPRF-BA";"DEL01-BA";"UOP01-DEL01-BA"
576387;2024-01-22;"segunda-feira";"10:00:00";"RS";158;333;"JACUIZINHO";"Reação tardia ou ineficiente do condutor";"Colisão transversal";"Com Vítimas Feridas";"Pleno dia";"Crescente";"Céu Claro";"Simples";"Reta";"Sim";2;0;1;0;1;0;1;2;-29;-53;"SPRF-RS";"DEL09-RS";"UOP01-DEL09-RS"
576388;2024-01-19;"sexta-feira";"23:55:00";"MG";50;99;"UBERLANDIA";"Velocidade Incompatível";"Saída de leito carroçável";"Com Vítimas Feridas";"Plena Noite";"Decrescente";"Chuva";"Dupla";"Reta;Retorno Regulamentado    ";"Não";1;0;1;0;0;0;1;1;-19,127352;-48,173278;"SPRF-MG";"DEL15-MG";"UOP01-DEL15-MG"
576389;2024-01-22;"segunda-feira";"09:15:00";"PE";104;53,9;"CARUARU";"Condutor Dormindo";"Saída de leito carroçável";"Com Vítimas Feridas";"Pleno dia";"Crescente";"Céu Claro";"Dupla";"Reta";"Não";1;0;0;1;0;0;1;1;-8,1837;-35,967;"SPRF-PE";"DEL02-PE";"UOP01-DEL02-PE"
576390;2024-01-22;"segunda-feira";"09:15:00";"BA";135;131;"RIACHAO DAS NEVES";"Ingestão de álcool pelo condutor";"Colisão lateral mesmo sentido";"Com Vítimas Feridas";"Pleno dia";"Crescente";"Céu Claro";"Simples";"Reta";"Não";5;0;0;4;1;0;4;2;-11,80196188;-44,87450291;"SPRF-BA";"DEL08-BA";"UOP04-DEL08-BA"
576392;2024-01-22;"segunda-feira";"10:00:00";"SP";116;59,9;"GUARATINGUETA";"Demais falhas mecânicas ou elétricas";"Queda de ocupante de veículo";"Com Vítimas Feridas";"Pleno dia";"Decrescente";"Nublado";"Dupla";"Declive";"Sim";2;0;2;0;0;0;2;1;-22,78555649;-45,15339465;"SPRF-SP";"DEL08-SP";"UOP01-DEL08-SP"
576395;2024-01-22;"segunda-feira";"09:50:00";"GO";153;492;"GOIANIA";"Ausência de reação do condutor";"Saída de leito carroçável";"Com Vítimas Feridas";"Pleno dia";"Decrescente";"Nublado";"Dupla";"Curva";"Sim";1;0;1;0;0;0;1;1;-16,6461;-49,2114;"SPRF-GO";"DEL01-GO";"UOP01-DEL01-GO"
576397;2024-01-22;"segunda-feira";"09:52:00";"SP";116;224;"GUARULHOS";"Reação tardia ou ineficiente do condutor";"Colisão lateral mesmo sentido";"Com Vítimas Feridas";"Pleno dia";"Crescente";"Nublado";"Múltipla";"Reta";"Não";2;0;1;0;0;1;1;2;-23,48071896;-46,53271603;"SPRF-SP";"DEL01-SP";"UOP01-DEL01-SP"
576400;2024-01-22;"segunda-feira";"10:58:00";"GO";153;175;"CAMPINORTE";"Acessar a via sem observar a presença dos outros veículos";"Colisão transversal";"Com Vítimas Feridas";"Pleno dia";"Crescente";"Céu Claro";"Simples";"Reta;Interseção de Vias       ";"Sim";3;0;0;1;2;0;1;3;-14,301579;-49,14817;"SPRF-GO";"DEL07-GO";"UOP02-DEL07-GO"
576403;2024-01-22;"segunda-feira";"11:40:00";"TO";NA;NA;"GUARAI";"Acessar a via sem observar a presença dos outros veículos";"Colisão lateral mesmo sentido";"Com Vítimas Feridas";"Pleno dia";"Não Informado";"Céu Claro";"Simples";"Reta;Interseção de Vias       ";"Sim";2;0;1;0;1;0;1;2;-8,835718;-48,512123;"SPRF-TO";"DEL02-TO";"UOP02-DEL02-TO"
576405;2024-01-22;"segunda-feira";"11:50:00";"ES";101;280;"SERRA";"Ausência de reação do condutor";"Queda de ocupante de veículo";"Com Vítimas Feridas";"Pleno dia";"Crescente";"Céu Claro";"Dupla";"Retorno Regulamentado";"Não";1;0;1;0;0;0;1;1;-20,21828666;-40,34895595;"SPRF-ES";"DEL02-ES";"UOP01-DEL02-ES"
576407;2024-01-22;"segunda-feira";"12:00:00";"PR";116;40,1;"CAMPINA GRANDE DO SUL";"Pista Escorregadia";"Colisão com objeto";"Com Vítimas Feridas";"Pleno dia";"Decrescente";"Chuva";"Dupla";"Curva";"Não";1;0;0;1;0;0;1;1;-25,167888;-48,865535;"SPRF-PR";"DEL01-PR";"UOP02-DEL01-PR"
576408;2024-01-02;"terça-feira";"15:15:00";"PB";101;26;"MAMANGUAPE";"Manobra de mudança de faixa";"Colisão com objeto";"Sem Vítimas";"Pleno dia";"Crescente";"Sol";"Dupla";"Reta";"Não";4;0;0;0;4;0;0;1;-6,71699905;-35,11894863;"SPRF-PB";"DEL01-PB";"UOP04-DEL01-PB"