"id";"data_inversa";"dia_semana";"horario";"uf";"br";"km";"municipio";"causa_acidente";"tipo_acidente";"classificacao_acidente";"fase_dia";"sentido_via";"condicao_metereologica";"tipo_pista";"tracado_via";"uso_solo";"pessoas";"mortos";"feridos_leves";"feridos_graves";"ilesos";"ignorados";"feridos";"veiculos";"latitude";"longitude";"regional";"delegacia";"uop"
576671;2024-01-23;"terça-feira";"14:20:00";"PE";423;93,9;"GARANHUNS";"Ausência de reação do condutor";"Colisão traseira";"Com Vítimas Feridas";"Pleno dia";"Decrescente";"Céu Claro";"Simples";"Interseção de Vias";"Sim";3;0;0;1;2;0;1;2;-8,874414;-36,469377;"SPRF-PE";"DEL03-PE";"UOP01-DEL03-PE"
576672;2024-01-23;"terça-feira";"14:50:00";"PB";427;32;"POMBAL";"Animais na Pista";"Capotamento";"Com Vítimas Feridas";"Pleno dia";"Crescente";"Céu Claro";"Simples";"Curva";"Sim";1;0;0;1;0;0;1;1;-6,74623178;-37,74994815;"SPRF-PB";"DEL03-PB";"UOP02-DEL03-PB"
576676;2024-01-23;"terça-feira";"17:15:00";"SC";101;202;"SAO JOSE";"Trafegar com motocicleta (ou similar) entre as faixas";"Colisão lateral mesmo sentido";"Com Vítimas Feridas";"Pleno dia";"Crescente";"Céu Claro";"Múltipla";"Reta";"Sim";2;0;1;0;1;0;1;2;-27,55711595;-48,61897889;"SPRF-SC";"DEL01-SC";"UOP01-DEL01-SC"
576678;2024-01-23;"terça-feira";"17:40:00";"CE";116;11;"FORTALEZA";"Condutor deixou de manter distância do veículo da frente";"Colisão traseira";"Com Vítimas Feridas";"Pleno dia";"Crescente";"Céu Claro";"Dupla";"Reta";"Sim";4;0;3;0;1;0;3;3;-3,84778986;-38,49706385;"SPRF-CE";"DEL01-CE";"UOP02-DEL01-CE"
576679;2024-01-23;"terça-feira";"17:59:00";"DF";40;1;"BRASILIA";"Ausência de reação do condutor";"Colisão lateral mesmo sentido";"Com Vítimas Feridas";"Pleno dia";"Crescente";"Céu Claro";"Dupla";"Reta";"Sim";2;0;1;0;1;0;1;2;-15,985532;-47,987747;"SPRF-DF";"DEL01-DF";"UOP01-DEL01-DF"
576681;2024-01-14;"domingo";"18:00:00";"RJ";40;30;"AREAL";"Velocidade Incompatível";"Saída de leito carroçável";"Sem Vítimas";"Pleno dia";"Crescente";"Sol";"Dupla";"Reta";"Não";2;0;0;0;2;0;0;1;-22,18633705;-43,16660309;"SPRF-RJ";"DEL05-RJ";"UOP02-DEL05-RJ"
576686;2024-01-23;"terça-feira";"14:15:00";"SC";282;90,7;"ALFREDO WAGNER";"Ingestão de substâncias psicoativas pelo condutor";"Colisão frontal";"Com Vítimas Feridas";"Pleno dia";"Decrescente";"Garoa/Chuvisco";"Simples";"Reta";"Não";5;0;2;2;1;0;4;2;-27,683796;-49,222366;"SPRF-SC";"DEL01-SC";"UOP03-DEL01-SC"
576687;2024-01-11;"quinta-feira";"20:45:00";"SC";470;132;"RIO DO SUL";"Ultrapassagem Indevida";"Colisão transversal";"Com Vítimas Feridas";"Plena Noite";"Crescente";"Céu Claro";"Simples";"Reta";"Sim";3;0;1;1;1;0;2;2;-27,170237;-49,574718;"SPRF-SC";"DEL04-SC";"UOP02-DEL04-SC"
576689;2024-01-23;"terça-feira";"18:20:00";"SE";235;2;"ARACAJU";"Pedestre - Ingestão de álcool/ substâncias psicoativas";"Atropelamento de Pedestre";"Com Vítimas Feridas";"Pleno dia";"Crescente";"Céu Claro";"Dupla";"Reta";"Sim";2;0;0;1;1;0;1;2;-10,9062;-37,1034;"SPRF-SE";"DEL01-SE";"UOP01-DEL01-SE"
576692;2024-01-23;"terça-feira";"06:00:00";"SC";282;68,5;"RANCHO QUEIMADO";"Velocidade Incompatível";"Saída de leito carroçável";"Com Vítimas Feridas";"Plena Noite";"Crescente";"Chuva";"Simples";"Curva";"Não";1;0;1;0;0;0;1;1;-27,692406;-49,075939;"SPRF-SC";"DEL01-SC";"UOP03-DEL01-SC"
576695;2024-01-23;"terça-feira";"17:30:00";"GO";40;5;"VALPARAISO DE GOIAS";"Manobra de mudança de faixa";"Colisão lateral mesmo sentido";"Com Vítimas Feridas";"Plena Noite";"Crescente";"Nublado";"Dupla";"Reta";"Sim";3;0;1;1;1;0;2;2;-16,093134;-47,982236;"SPRF-DF";"DEL01-DF";"UOP01-DEL01-DF"
576697;2024-01-21;"domingo";"05:00:00";"PR";277;495,9;"GUARANIACU";"Neblina";"Colisão frontal";"Com Vítimas Feridas";"Amanhecer";"Decrescente";"Nevoeiro/Neblina";"Simples";"Reta";"Não";2;0;2;0;0;0;2;2;-25,20085392;-52,65444353;"SPRF-PR";"DEL04-PR";"UOP04-DEL04-PR"
576698;2024-01-23;"terça-feira";"16:38:00";"AC";364;124;"RIO BRANCO";"Acessar a via sem observar a presença dos outros veículos";"Colisão transversal";"Com Vítimas Feridas";"Pleno dia";"Crescente";"Céu Claro";"Dupla";"Rotatória";"Sim";2;0;1;0;1;0;1;2;-10,01180203;-67,79850841;"SPRF-AC";"DEL01-AC";"UOP01-DEL01-AC"
576700;2024-01-23;"terça-feira";"17:40:00";"SC";282;1;"FLORIANOPOLIS";"Ausência de reação do condutor";"Colisão traseira";"Com Vítimas Feridas";"Pleno dia";"Crescente";"Nublado";"Dupla";"Reta";"Sim";2;0;1;0;0;1;1;2;-27,602955;-48,580509;"SPRF-SC";"DEL01-SC";"UOP01-DEL01-SC"
576702;2024-01-23;"terça-feira";"16:00:00";"RS";392;680;"SAO PEDRO DO BUTIA";"Ingestão de álcool pelo condutor";"Saída de leito carroçável";"Com Vítimas Feridas";"Pleno dia";"Decrescente";"Sol";"Simples";"Aclive;Reta                   ";"Não";1;0;1;0;0;0;1;1;-28,12649445;-54,91623402;"SPRF-RS";"DEL10-RS";"UOP01-DEL10-RS"
576703;2024-01-23;"terça-feira";"19:10:00";"PR";116;142;"MANDIRITUBA";"Demais falhas mecânicas ou elétricas";"Incêndio";"Sem Vítimas";"Anoitecer";"Crescente";"Nublado";"Simples";"Reta";"Sim";1;0;0;0;1;0;0;1;-25,78277352;-49,32544827;"SPRF-PR";"DEL01-PR";"UOP03-DEL01-PR"
576704;2024-01-23;"terça-feira";"18:35:00";"MS";163;476;"CAMPO GRANDE";"Acessar a via sem observar a presença dos outros veículos";"Colisão frontal";"Com Vítimas Feridas";"Plena Noite";"Crescente";"Céu Claro";"Simples";"Reta";"Sim";2;0;1;0;1;0;1;2;-20,51162825;-54,56030973;"SPRF-MS";"DEL01-MS";"UOP01-DEL01-MS"
576705;2024-01-23;"terça-feira";"19:45:00";"PE";101;46;"ABREU E LIMA";"Condutor deixou de manter distância do veículo da frente";"Colisão traseira";"Com Vítimas Feridas";"Plena Noite";"Decrescente";"Céu Claro";"Dupla";"Reta";"Não";3;0;1;0;2;0;1;2;-7,87406004;-34,90588126;"SPRF-PE";"DEL01-PE";"UOP02-DEL01-PE"
576708;2024-01-23;"terça-feira";"19:30:00";"MG";153;170;"COMENDADOR GOMES";"Reação tardia ou ineficiente do condutor";"Saída de leito carroçável";"Sem Vítimas";"Plena Noite";"Crescente";"Céu Claro";"Simples";"Reta";"Não";1;0;0;0;0;1;0;1;-19,76711903;-48,96509614;"SPRF-MG";"DEL13-MG";"UOP02-DEL13-MG"
576709;2024-01-23;"terça-feira";"19:30:00";"BA";110;175;"RIBEIRA DO POMBAL";"Acesso irregular";"Colisão frontal";"Com Vítimas Feridas";"Plena Noite";"Crescente";"Nublado";"Simples";"Reta";"Sim";4;0;0;2;2;0;2;2;-10,887348;-38,52479999;"SPRF-BA";"DEL07-BA";"UOP02-DEL07-BA"
576710;2024-01-23;"terça-feira";"18:15:00";"PR";277;25,3;"MORRETES";"Reação tardia ou ineficiente do condutor";"Colisão com objeto";"Sem Vítimas";"Anoitecer";"Crescente";"Chuva";"Dupla";"Reta;Aclive;Retorno Regulament";"Não";1;0;0;0;1;0;0;1;-25,5337347;-48,7576141;"SPRF-PR";"DEL01-PR";"UOP05-DEL01-PR"
576712;2024-01-23;"terça-feira";"16:00:00";"GO";364;192;"JATAI";"Chuva";"Colisão traseira";"Com Vítimas Feridas";"Anoitecer";"Crescente";"Chuva";"Simples";"Rotatória";"Não";2;0;0;1;1;0;1;2;-17,922094;-51,69062;"SPRF-GO";"DEL05-GO";"UOP01-DEL05-GO"
576714;2024-01-23;"terça-feira";"20:00:00";"SP";116;231;"SAO PAULO";"Demais falhas mecânicas ou elétricas";"Incêndio";"Sem Vítimas";"Plena Noite";"Decrescente";"Nublado";"Múltipla";"Reta";"Não";1;0;0;0;1;0;0;1;-23,5290581;-46,59398303;"SPRF-SP";"DEL01-SP";"UOP01-DEL01-SP"
576716;2024-01-23;"terça-feira";"14:00:00";"MT";70;112;"GENERAL CARNEIRO";"Acumulo de água sobre o pavimento";"Saída de leito carroçável";"Sem Vítimas";"Pleno dia";"Decrescente";"Chuva";"Simples";"Curva";"Não";1;0;0;0;1;0;0;1;-15,59286112;-53,05797982;"SPRF-MT";"DEL07-MT";"UOP01-DEL07-MT"
576719;2024-01-23;"terça-feira";"19:30:00";"RJ";356;175;"SAO JOAO DA BARRA";"Chuva";"Colisão lateral mesmo sentido";"Com Vítimas Fatais";"Plena Noite";"Crescente";"Chuva";"Simples";"Reta";"Não";3;1;0;0;1;1;0;3;-21,71834;-41,059303;"SPRF-RJ";"DEL08-RJ";"UOP02-DEL08-RJ"
576720;2024-01-23;"terça-feira";"20:25:00";"MS";163;615;"SAO GABRIEL DO OESTE";"Acessar a via sem observar a presença dos outros veículos";"Colisão transversal";"Com Vítimas Feridas";"Plena Noite";"Crescente";"Nublado";"Simples";"Reta";"Sim";2;0;1;0;1;0;1;2;-19,38914948;-54,57155943;"SPRF-MS";"DEL06-MS";"UOP02-DEL06-MS"
576721;2024-01-23;"terça-feira";"21:35:00";"MG";40;505;"RIBEIRAO DAS NEVES";"Chuva";"Capotamento";"Com Vítimas Feridas";"Plena Noite";"Crescente";"Chuva";"Dupla";"Reta";"Não";2;0;1;0;1;0;1;1;-19,73838088;-44,14935661;"SPRF-MG";"DEL02-MG";"UOP01-DEL02-MG"
576722;2024-01-23;"terça-feira";"17:20:00";"PR";376;176,1;"MARINGA";"Avarias e/ou desgaste excessivo no pneu";"Queda de ocupante de veículo";"Com Vítimas Feridas";"Pleno dia";"Decrescente";"Céu Claro";"Dupla";"Reta";"Não";1;0;1;0;0;0;1;1;-23,41269173;-51,93158327;"SPRF-PR";"DEL09-PR";"UOP01-DEL09-PR"
576724;2024-01-23;"terça-feira";"21:40:00";"GO";60;66;"ABADIANIA";"Ingestão de álcool pelo condutor";"Saída de leito carroçável";"Com Vítimas Feridas";"Plena Noite";"Crescente";"Céu Claro";"Dupla";"Reta";"Não";1;0;1;0;0;0;1;1;-16,2138;-48,7457;"SPRF-GO";"DEL02-GO";"UOP01-DEL02-GO"
576725;2024-01-23;"terça-feira";"21:50:00";"MG";381;425,4;"CAETE";"Velocidade Incompatível";"Capotamento";"Com Vítimas Feridas";"Plena Noite";"Crescente";"Chuva";"Dupla";"Curva;Aclive                  ";"Não";1;0;0;1;0;0;1;1;-19,78738018;-43,6706543;"SPRF-MG";"DEL01-MG";"UOP01-DEL01-MG"
576728;2024-01-23;"terça-feira";"22:30:00";"RJ";101;68;"CAMPOS DOS GOYTACAZES";"Chuva";"Colisão transversal";"Com Vítimas Feridas";"Plena Noite";"Decrescente";"Chuva";"Simples";"Reta";"Não";2;0;1;1;0;0;2;2;-21,77186768;-41,35705017;"SPRF-RJ";"DEL08-RJ";"UOP02-DEL08-RJ"
576729;2024-01-23;"terça-feira";"21:20:00";"PR";373;260;"PRUDENTOPOLIS";"Acessar a via sem observar a presença dos outros veículos";"Colisão transversal";"Com Vítimas Feridas";"Plena Noite";"Decrescente";"Nublado";"Simples";"Interseção de Vias;Curva      ";"Sim";2;0;2;0;0;0;2;2;-25,20788;-50,940221;"SPRF-PR";"DEL08-PR";"UOP01-DEL08-PR"
576730;2024-01-23;"terça-feira";"22:00:00";"RJ";101;485;"ANGRA DOS REIS";"Acessar a via sem observar a presença dos outros veículos";"Colisão transversal";"Com Vítimas Feridas";"Plena Noite";"Decrescente";"Garoa/Chuvisco";"Simples";"Aclive;Curva                  ";"Sim";2;0;1;0;0;1;1;2;-22,98540965;-44,29693937;"SPRF-RJ";"DEL03-RJ";"UOP03-DEL03-RJ"
576732;2024-01-23;"terça-feira";"21:00:00";"MT";70;4;"BARRA DO GARCAS";"Reação tardia ou ineficiente do condutor";"Tombamento";"Com Vítimas Feridas";"Plena Noite";"Crescente";"Garoa/Chuvisco";"Dupla";"Declive;Reta                  ";"Sim";1;0;1;0;0;0;1;1;-15,87793;-52,29291;"SPRF-MT";"DEL07-MT";"UOP01-DEL07-MT"
576734;2024-01-23;"terça-feira";"17:00:00";"SC";470;110;"APIUNA";"Reação tardia ou ineficiente do condutor";"Saída de leito carroçável";"Sem Vítimas";"Plena Noite";"Crescente";"Nublado";"Simples";"Reta";"Não";1;0;0;0;1;0;0;1;-27,0909835;-49,45838191;"SPRF-SC";"DEL04-SC";"UOP02-DEL04-SC"
576736;2024-01-23;"terça-feira";"22:15:00";"BA";242;419;"SEABRA";"Velocidade Incompatível";"Colisão traseira";"Com Vítimas Feridas";"Plena Noite";"Decrescente";"Chuva";"Simples";"Reta";"Não";2;0;1;0;1;0;1;2;-12,43338196;-41,81551801;"SPRF-BA";"DEL06-BA";"UOP01-DEL06-BA"
576738;2024-01-23;"terça-feira";"22:28:00";"PR";116;102;"SAO JOSE DOS PINHAIS";"Ausência de reação do condutor";"Queda de ocupante de veículo";"Com Vítimas Feridas";"Plena Noite";"Crescente";"Chuva";"Dupla";"Reta";"Não";1;0;1;0;0;0;1;1;-25,568783;-49,184688;"SPRF-PR";"DEL01-PR";"UOP07-DEL01-PR"
576739;2024-01-23;"terça-feira";"23:40:00";"MG";40;565,7;"NOVA LIMA";"Chuva";"Colisão lateral mesmo sentido";"Sem Vítimas";"Plena Noite";"Decrescente";"Chuva";"Simples";"Declive;Reta                  ";"Não";2;0;0;0;0;2;0;2;-20,16985101;-43,96554788;"SPRF-MG";"DEL01-MG";"UOP02-DEL01-MG"
576741;2024-01-24;"quarta-feira";"01:40:00";"MG";40;526;"CONTAGEM";"Ausência de reação do condutor";"Saída de leito carroçável";"Sem Vítimas";"Plena Noite";"Crescente";"Chuva";"Dupla";"Reta";"Sim";4;0;0;0;3;1;0;1;-19,89878376;-44,04972553;"SPRF-MG";"DEL01-MG";"UOP02-DEL01-MG"
576743;2024-01-23;"terça-feira";"07:20:00";"RO";364;715;"PORTO VELHO";"Acessar a via sem observar a presença dos outros veículos";"Colisão transversal";"Com Vítimas Feridas";"Pleno dia";"Crescente";"Céu Claro";"Dupla";"Reta";"Sim";2;0;1;0;1;0;1;2;-8,77957291;-63,89174213;"SPRF-RO";"DEL01-RO";"UOP01-DEL01-RO"
576744;2024-01-24;"quarta-feira";"01:40:00";"RS";470;10;"BARRACAO";"Condutor Dormindo";"Saída de leito carroçável";"Sem Vítimas";"Plena Noite";"Crescente";"Garoa/Chuvisco";"Simples";"Rotatória";"Não";2;0;0;0;2;0;0;1;-27,66229079;-51,45618168;"SPRF-RS";"DEL08-RS";"UOP05-DEL08-RS"
576746;2024-01-24;"quarta-feira";"04:14:00";"PR";116;115,3;"CURITIBA";"Entrada inopinada do pedestre";"Atropelamento de Pedestre";"Com Vítimas Feridas";"Plena Noite";"Crescente";"Garoa/Chuvisco";"Múltipla";"Reta";"Sim";2;0;1;0;1;0;1;2;-25,55468195;-49,27402397;"SPRF-PR";"DEL01-PR";"UOP07-DEL01-PR"
576752;2024-01-18;"quinta-feira";"14:30:00";"PR";373;230;"IMBITUVA";"Ausência de reação do condutor";"Saída de leito carroçável";"Com Vítimas Feridas";"Pleno dia";"Decrescente";"Céu Claro";"Simples";"Reta";"Sim";1;0;1;0;0;0;1;1;-25,1807283;-50,66818293;"SPRF-PR";"DEL03-PR";"UOP01-DEL03-PR"
576759;2024-01-24;"quarta-feira";"08:00:00";"ES";101;260,5;"SERRA";"Reação tardia ou ineficiente do condutor";"Colisão lateral sentido oposto";"Com Vítimas Feridas";"Pleno dia";"Decrescente";"Nublado";"Simples";"Curva";"Não";3;0;1;0;2;0;1;3;-20,14616415;-40,28836206;"SPRF-ES";"DEL02-ES";"UOP01-DEL02-ES"
576760;2024-01-24;"quarta-feira";"07:33:00";"PI";316;32,3;"DEMERVAL LOBAO";"Acessar a via sem observar a presença dos outros veículos";"Colisão transversal";"Com Vítimas Feridas";"Pleno dia";"Decrescente";"Nublado";"Dupla";"Reta";"Sim";2;0;1;0;1;0;1;2;-5,35972759;-42,67557621;"SPRF-PI";"DEL01-PI";"UOP02-DEL01-PI"
576763;2024-01-23;"terça-feira";"18:50:00";"MG";40;730,8;"OLIVEIRA FORTES";"Velocidade Incompatível";"Colisão com objeto";"Com Vítimas Feridas";"Plena Noite";"Decrescente";"Chuva";"Dupla";"Curva;Declive                 ";"Não";2;0;1;0;1;0;1;1;-21,33378994;-43,5866212;"SPRF-MG";"DEL05-MG";"UOP01-DEL05-MG"
576764;2024-01-24;"quarta-feira";"09:00:00";"RN";304;295;"MACAIBA";"Reação tardia ou ineficiente do condutor";"Colisão traseira";"Sem Vítimas";"Pleno dia";"Decrescente";"Céu Claro";"Dupla";"Reta;Em Obras                 ";"Sim";2;0;0;0;2;0;0;2;-5,86605927;-35,35822096;"SPRF-RN";"DEL01-RN";"UOP02-DEL01-RN"
576767;2024-01-24;"quarta-feira";"05:30:00";"RJ";101;388;"RIO DE JANEIRO";"Reação tardia ou ineficiente do condutor";"Colisão traseira";"Com Vítimas Feridas";"Amanhecer";"Crescente";"Nublado";"Dupla";"Reta";"Sim";3;0;2;1;0;0;3;2;-22,88810094;-43,65827302;"SPRF-RJ";"DEL03-RJ";"UOP01-DEL03-RJ"
576769;2024-01-24;"quarta-feira";"08:30:00";"ES";101;270;"SERRA";"Acessar a via sem observar a presença dos outros veículos";"Tombamento";"Com Vítimas Feridas";"Pleno dia";"Decrescente";"Garoa/Chuvisco";"Dupla";"Reta";"Não";1;0;1;0;0;0;1;1;-20,22662056;-40,27075088;"SPRF-ES";"DEL02-ES";"UOP01-DEL02-ES"
576770;2024-01-24;"quarta-feira";"09:15:00";"RS";116;243;"SAO LEOPOLDO";"Condutor deixou de manter distância do veículo da frente";"Colisão traseira";"Sem Vítimas";"Pleno dia";"Decrescente";"Sol";"Dupla";"Declive;Viaduto               ";"Sim";2;0;0;0;2;0;0;2;-29,73196199;-51,14952004;"SPRF-RS";"DEL01-RS";"UOP02-DEL01-RS"
576771;2024-01-24;"quarta-feira";"09:14:00";"MG";381;478,2;"CONTAGEM";"Velocidade Incompatível";"Colisão traseira";"Com Vítimas Feridas";"Pleno dia";"Crescente";"Céu Claro";"Múltipla";"Reta;Aclive                   ";"Sim";2;0;1;0;1;0;1;2;-19,9619571;-44,03914;"SPRF-MG";"DEL01-MG";"UOP03-DEL01-MG"
576772;2024-01-24;"quarta-feira";"08:50:00";"PE";232;140,4;"SAO CAITANO";"Reação tardia ou ineficiente do condutor";"Colisão traseira";"Com Vítimas Feridas";"Pleno dia";"Crescente";"Sol";"Dupla";"Curva";"Não";4;0;2;0;0;2;2;3;-8,32046632;-36,07694496;"SPRF-PE";"DEL03-PE";"UOP02-DEL03-PE"
576774;2024-01-24;"quarta-feira";"08:30:00";"RJ";116;306;"RESENDE";"Ausência de reação do condutor";"Colisão traseira";"Com Vítimas Feridas";"Pleno dia";"Decrescente";"Nublado";"Dupla";"Reta;Declive                  ";"Não";4;0;2;0;2;0;2;2;-22,45645538;-44,40259093;"SPRF-RJ";"DEL07-RJ";"UOP02-DEL07-RJ"
576775;2024-01-24;"quarta-feira";"08:35:00";"MS";163;535,2;"BANDEIRANTES";"Ausência de reação do condutor";"Saída de leito carroçável";"Com Vítimas Feridas";"Pleno dia";"Decrescente";"Céu Claro";"Dupla";"Reta";"Não";1;0;1;0;0;0;1;1;-20,03329908;-54,40952083;"SPRF-MS";"DEL01-MS";"UOP02-DEL01-MS"
576776;2024-01-24;"quarta-feira";"08:43:00";"RO";435;87;"COLORADO DO OESTE";"Reação tardia ou ineficiente do condutor";"Colisão lateral mesmo sentido";"Com Vítimas Feridas";"Pleno dia";"Decrescente";"Céu Claro";"Simples";"Reta;Aclive                   ";"Sim";2;0;1;0;1;0;1;2;-13,12026846;-60,54055407;"SPRF-RO";"DEL04-RO";"UOP02-DEL04-RO"
576779;2024-01-12;"sexta-feira";"21:30:00";"RJ";NA;NA;"RIO DE JANEIRO";"Condutor deixou de manter distância do veículo da frente";"Colisão traseira";"Sem Vítimas";"Plena Noite";"Não Informado";"Chuva";"Múltipla";"Reta;Declive                  ";"Não";2;0;0;0;2;0;0;2;-22,81543725;-43,30073476;"SPRF-RJ";"DEL06-RJ";"UOP01-DEL06-RJ"
576781;2024-01-24;"quarta-feira";"09:00:00";"SC";101;371;"ICARA";"Reação tardia ou ineficiente do condutor";"Colisão com objeto";"Com Vítimas Fatais";"Pleno dia";"Decrescente";"Céu Claro";"Dupla";"Reta";"Sim";2;1;1;0;0;0;1;1;-28,71163;-49,21395;"SPRF-SC";"DEL02-SC";"UOP01-DEL02-SC"
576782;2024-01-24;"quarta-feira";"09:30:00";"GO";60;240;"INDIARA";"Acumulo de água sobre o pavimento";"Colisão com objeto";"Com Vítimas Feridas";"Pleno dia";"Crescente";"Chuva";"Dupla";"Declive";"Não";1;0;1;0;0;0;1;1;-17,098;-49,8729;"SPRF-GO";"DEL01-GO";"UOP02-DEL01-GO"
576784;2024-01-24;"quarta-feira";"10:17:00";"MG";381;510;"SAO JOAQUIM DE BICAS";"Transitar na contramão";"Colisão transversal";"Com Vítimas Feridas";"Pleno dia";"Crescente";"Nublado";"Múltipla";"Interseção de Vias;Rotatória  ";"Sim";2;0;1;0;1;0;1;2;-20,07738209;-44,30434488;"SPRF-MG";"DEL01-MG";"UOP03-DEL01-MG"
576788;2024-01-24;"quarta-feira";"11:25:00";"SP";116;227;"SAO PAULO";"Trafegar com motocicleta (ou similar) entre as faixas";"Tombamento";"Com Vítimas Feridas";"Pleno dia";"Crescente";"Céu Claro";"Múltipla";"Reta";"Sim";1;0;0;1;0;0;1;1;-23,49659264;-46,55648754;"SPRF-SP";"DEL01-SP";"UOP01-DEL01-SP"
576789;2024-01-24;"quarta-feira";"11:10:00";"SP";153;61,8;"SAO JOSE DO RIO PRETO";"Condutor deixou de manter distância do veículo da frente";"Colisão traseira";"Com Vítimas Feridas";"Pleno dia";"Crescente";"Sol";"Dupla";"Aclive";"Não";3;0;1;0;2;0;1;3;-20,80502876;-49,35574909;"SPRF-SP";"DEL09-SP";"UOP01-DEL09-SP"
576792;2024-01-24;"quarta-feira";"09:40:00";"MG";116;349;"JAMPRUCA";"Reação tardia ou ineficiente do condutor";"Colisão frontal";"Com Vítimas Feridas";"Pleno dia";"Crescente";"Chuva";"Simples";"Reta";"Não";7;0;6;0;0;1;6;4;-18,3854254;-41,80337796;"SPRF-MG";"DEL11-MG";"UOP01-DEL11-MG"
576793;2024-01-24;"quarta-feira";"11:08:00";"MG";459;15,8;"CALDAS";"Animais na Pista";"Atropelamento de Animal";"Com Vítimas Feridas";"Pleno dia";"Crescente";"Céu Claro";"Simples";"Curva";"Não";1;0;0;1;0;0;1;1;-21,838104;-46,443806;"SPRF-MG";"DEL09-MG";"UOP01-DEL09-MG"
576796;2024-01-24;"quarta-feira";"09:10:00";"AL";316;256;"PILAR";"Acessar a via sem observar a presença dos outros veículos";"Colisão transversal";"Com Vítimas Feridas";"Pleno dia";"Crescente";"Céu Claro";"Simples";"Interseção de Vias";"Sim";3;0;1;0;2;0;1;2;-9,59089056;-35,93939066;"SPRF-AL";"DEL02-AL";"UOP01-DEL02-AL"
576797;2024-01-24;"quarta-feira";"12:00:00";"SP";488;1;"APARECIDA";"Ausência de reação do condutor";"Colisão traseira";"Com Vítimas Feridas";"Pleno dia";"Decrescente";"Céu Claro";"Dupla";"Reta";"Sim";3;0;2;0;1;0;2;2;-22,850164;-45,231808;"SPRF-SP";"DEL08-SP";"UOP01-DEL08-SP"
576798;2024-01-24;"quarta-feira";"10:32:00";"SP";116;509;"CAJATI";"Reação tardia ou ineficiente do condutor";"Saída de leito carroçável";"Com Vítimas Feridas";"Pleno dia";"Decrescente";"Nublado";"Dupla";"Curva";"Não";2;0;1;0;1;0;1;1;-24,82178987;-48,21419034;"SPRF-SP";"DEL05-SP";"UOP02-DEL05-SP"
576800;2024-01-24;"quarta-feira";"12:20:00";"PE";101;57,4;"RECIFE";"Manobra de mudança de faixa";"Colisão lateral mesmo sentido";"Com Vítimas Feridas";"Pleno dia";"Decrescente";"Céu Claro";"Dupla";"Reta;Aclive                   ";"Sim";3;0;1;1;0;1;2;2;-7,966446;-34,917809;"SPRF-PE";"DEL01-PE";"UOP02-DEL01-PE"
576802;2024-01-24;"quarta-feira";"05:25:00";"MG";40;203,8;"JOAO PINHEIRO";"Acumulo de água sobre o pavimento";"Colisão com objeto";"Com Vítimas Fatais";"Amanhecer";"Decrescente";"Chuva";"Simples";"Reta;Declive                  ";"Não";5;1;3;0;1;0;3;1;-17,99232915;-45,79149287;"SPRF-MG";"DEL14-MG";"UOP02-DEL14-MG"
576804;2024-01-24;"quarta-feira";"12:20:00";"BA";324;626,2;"SALVADOR";"Avarias e/ou desgaste excessivo no pneu";"Queda de ocupante de veículo";"Com Vítimas Feridas";"Pleno dia";"Crescente";"Sol";"Dupla";"Reta";"Não";1;0;1;0;0;0;1;1;-12,95020997;-38,47073108;"SPRF-BA";"DEL01-BA";"UOP01-DEL01-BA"
576805;2024-01-24;"quarta-feira";"12:50:00";"MG";50;78,6;"UBERLANDIA";"Ausência de reação do condutor";"Colisão traseira";"Com Vítimas Feridas";"Pleno dia";"Crescente";"Céu Claro";"Dupla";"Reta";"Não";2;0;1;0;1;0;1;2;-18,986906;-48,211853;"SPRF-MG";"DEL15-MG";"UOP01-DEL15-MG"
576806;2024-01-24;"quarta-feira";"09:30:00";"SC";280;139,9;"RIO NEGRINHO";"Velocidade Incompatível";"Saída de leito carroçável";"Com Vítimas Feridas";"Pleno dia";"Crescente";"Garoa/Chuvisco";"Simples";"Reta";"Não";2;0;2;0;0;0;2;1;-26,254826;-49,603124;"SPRF-SC";"DEL06-SC";"UOP03-DEL06-SC"
576807;2024-01-24;"quarta-feira";"12:30:00";"MG";40;525;"CONTAGEM";"Ausência de reação do condutor";"Queda de ocupante de veículo";"Com Vítimas Feridas";"Pleno dia";"Crescente";"Céu Claro";"Dupla";"Reta";"Sim";1;0;1;0;0;0;1;1;-19,88361702;-44,05039336;"SPRF-MG";"DEL01-MG";"UOP02-DEL01-MG"
576808;2024-01-24;"quarta-feira";"10:15:00";"GO";60;199,1;"GUAPO";"Acumulo de água sobre o pavimento";"Saída de leito carroçável";"Sem Vítimas";"Pleno dia";"Decrescente";"Chuva";"Dupla";"Reta";"Não";1;0;0;0;0;1;0;1;-16,88309242;-49,6188516;"SPRF-GO";"DEL01-GO";"UOP02-DEL01-GO"
576809;2024-01-24;"quarta-feira";"11:45:00";"MG";251;282;"SALINAS";"Ausência de reação do condutor";"Saída de leito carroçável";"Com Vítimas Feridas";"Pleno dia";"Crescente";"Nublado";"Simples";"Reta";"Não";4;0;0;1;3;0;1;1;-16,03732509;-42,12659895;"SPRF-MG";"DEL12-MG";"UOP02-DEL12-MG"
576810;2024-01-24;"quarta-feira";"10:00:00";"MG";262;612,1;"IBIA";"Condutor Dormindo";"Saída de leito carroçável";"Com Vítimas Feridas";"Pleno dia";"Crescente";"Nublado";"Simples";"Curva";"Não";1;0;1;0;0;0;1;1;-19,5883;-46,321499;"SPRF-MG";"DEL08-MG";"UOP02-DEL08-MG"