"id";"data_inversa";"dia_semana";"horario";"uf";"br";"km";"municipio";"causa_acidente";"tipo_acidente";"classificacao_acidente";"fase_dia";"sentido_via";"condicao_metereologica";"tipo_pista";"tracado_via";"uso_solo";"pessoas";"mortos";"feridos_leves";"feridos_graves";"ilesos";"ignorados";"feridos";"veiculos";"latitude";"longitude";"regional";"delegacia";"uop"
577192;2024-01-10;"quarta-feira";"14:15:00";"MS";163;615,7;"SAO GABRIEL DO OESTE";"Acessar a via sem observar a presença dos outros veículos";"Colisão transversal";"Sem Vítimas";"Pleno dia";"Decrescente";"Céu Claro";"Simples";"Interseção de Vias;Reta       ";"Sim";2;0;0;0;2;0;0;2;-19,39850778;-54,56579964;"SPRF-MS";"DEL06-MS";"UOP02-DEL06-MS"
577193;2024-01-26;"sexta-feira";"13:55:00";"SP";116;274;"TABOAO DA SERRA";"Acumulo de areia ou detritos sobre o pavimento";"Tombamento";"Com Vítimas Feridas";"Pleno dia";"Crescente";"Nublado";"Dupla";"Interseção de Vias";"Sim";2;0;1;0;0;1;1;2;-23,63445084;-46,82418514;"SPRF-SP";"DEL04-SP";"UOP01-DEL04-SP"
577195;2024-01-26;"sexta-feira";"14:25:00";"PR";369;72,1;"SANTA MARIANA";"Mal súbito do condutor";"Colisão frontal";"Com Vítimas Feridas";"Pleno dia";"Crescente";"Sol";"Simples";"Curva";"Sim";3;0;2;1;0;0;3;2;-23,15582843;-50,50706863;"SPRF-PR";"DEL07-PR";"UOP05-DEL07-PR"
577197;2024-01-26;"sexta-feira";"07:30:00";"CE";116;23;"ITAITINGA";"Acessar a via sem observar a presença dos outros veículos";"Colisão traseira";"Com Vítimas Feridas";"Pleno dia";"Decrescente";"Céu Claro";"Simples";"Retorno Regulamentado";"Sim";2;0;1;0;1;0;1;2;-3,95439191;-38,51255178;"SPRF-CE";"DEL01-CE";"UOP02-DEL01-CE"
577199;2024-01-26;"sexta-feira";"14:30:00";"PB";101;97;"CONDE";"Acessar a via sem observar a presença dos outros veículos";"Colisão lateral mesmo sentido";"Com Vítimas Feridas";"Pleno dia";"Decrescente";"Céu Claro";"Múltipla";"Reta";"Sim";2;0;0;1;1;0;1;2;-7,23846306;-34,9268519;"SPRF-PB";"DEL01-PB";"UOP02-DEL01-PB"
577200;2024-01-26;"sexta-feira";"14:15:00";"SC";101;155,7;"PORTO BELO";"Demais falhas na via";"Tombamento";"Com Vítimas Feridas";"Pleno dia";"Crescente";"Chuva";"Simples";"Reta";"Sim";1;0;1;0;0;0;1;1;-27,16944139;-48,61170709;"SPRF-SC";"DEL04-SC";"UOP03-DEL04-SC"
577201;2024-01-25;"quinta-feira";"15:55:00";"SP";116;482,2;"JACUPIRANGA";"Ausência de reação do condutor";"Saída de leito carroçável";"Com Vítimas Feridas";"Pleno dia";"Decrescente";"Garoa/Chuvisco";"Dupla";"Reta";"Não";1;0;1;0;0;0;1;1;-24,72213327;-48,04339385;"SPRF-SP";"DEL05-SP";"UOP01-DEL05-SP"
577202;2024-01-14;"domingo";"18:15:00";"PR";476;120,3;"COLOMBO";"Trafegar com motocicleta (ou similar) entre as faixas";"Colisão traseira";"Com Vítimas Feridas";"Pleno dia";"Decrescente";"Céu Claro";"Dupla";"Reta;Interseção de Vias       ";"Sim";11;0;0;1;10;0;1;4;-25,37401274;-49,19301152;"SPRF-PR";"DEL01-PR";"UOP01-DEL01-PR"
577204;2024-01-26;"sexta-feira";"15:30:00";"RN";101;80,8;"NATAL";"Animais na Pista";"Atropelamento de Animal";"Com Vítimas Feridas";"Pleno dia";"Decrescente";"Céu Claro";"Dupla";"Reta";"Sim";1;0;0;1;0;0;1;1;-5,75852229;-35,28806121;"SPRF-RN";"DEL02-RN";"UOP01-DEL02-RN"
577207;2024-01-26;"sexta-feira";"14:50:00";"RS";470;226,7;"GARIBALDI";"Retorno proibido";"Colisão transversal";"Com Vítimas Feridas";"Pleno dia";"Decrescente";"Nublado";"Simples";"Curva;Interseção de Vias      ";"Sim";4;0;3;1;0;0;4;2;-29,25423849;-51,51157737;"SPRF-RS";"DEL06-RS";"UOP01-DEL06-RS"
577208;2024-01-26;"sexta-feira";"14:40:00";"PR";376;379;"IMBAU";"Avarias e/ou desgaste excessivo no pneu";"Saída de leito carroçável";"Com Vítimas Feridas";"Pleno dia";"Decrescente";"Chuva";"Simples";"Declive;Curva                 ";"Não";3;0;1;1;1;0;2;2;-24,44402691;-50,76102963;"SPRF-PR";"DEL03-PR";"UOP02-DEL03-PR"
577209;2024-01-26;"sexta-feira";"10:00:00";"SC";101;119;"ITAJAI";"Reação tardia ou ineficiente do condutor";"Colisão lateral mesmo sentido";"Sem Vítimas";"Pleno dia";"Crescente";"Céu Claro";"Dupla";"Reta";"Sim";2;0;0;0;1;1;0;2;-26,9043179;-48,71555481;"SPRF-SC";"DEL04-SC";"UOP04-DEL04-SC"
577211;2024-01-19;"sexta-feira";"02:05:00";"MS";463;34,5;"PONTA PORA";"Animais na Pista";"Atropelamento de Animal";"Sem Vítimas";"Plena Noite";"Decrescente";"Céu Claro";"Simples";"Reta";"Não";1;0;0;0;1;0;0;1;-22,30370849;-55,11222839;"SPRF-MS";"DEL04-MS";"UOP03-DEL04-MS"
577213;2024-01-26;"sexta-feira";"16:00:00";"MG";381;906,5;"CAMBUI";"Chuva";"Capotamento";"Com Vítimas Feridas";"Pleno dia";"Decrescente";"Chuva";"Dupla";"Curva";"Não";4;0;3;0;1;0;3;1;-22,70254777;-46,11752735;"SPRF-MG";"DEL16-MG";"UOP03-DEL16-MG"
577216;2024-01-26;"sexta-feira";"15:40:00";"CE";116;0;"FORTALEZA";"Acessar a via sem observar a presença dos outros veículos";"Colisão transversal";"Sem Vítimas";"Pleno dia";"Crescente";"Céu Claro";"Múltipla";"Reta";"Sim";2;0;0;0;1;1;0;2;-3,754584;-38,523407;"SPRF-CE";"DEL01-CE";"UOP02-DEL01-CE"
577217;2024-01-26;"sexta-feira";"15:13:00";"PI";343;2;"TERESINA";"Manobra de mudança de faixa";"Colisão lateral mesmo sentido";"Com Vítimas Feridas";"Pleno dia";"Crescente";"Céu Claro";"Dupla";"Reta";"Sim";2;0;1;0;0;1;1;2;-5,089569;-42,802288;"SPRF-PI";"DEL01-PI";"UOP01-DEL01-PI"
577218;2024-01-26;"sexta-feira";"16:50:00";"SE";235;2;"ARACAJU";"Manobra de mudança de faixa";"Tombamento";"Com Vítimas Feridas";"Pleno dia";"Decrescente";"Nublado";"Dupla";"Interseção de Vias;Curva      ";"Sim";1;0;1;0;0;0;1;1;-10,9062;-37,1034;"SPRF-SE";"DEL01-SE";"UOP01-DEL01-SE"
577220;2024-01-26;"sexta-feira";"15:50:00";"TO";230;1;"AGUIARNOPOLIS";"Acessar a via sem observar a presença dos outros veículos";"Colisão transversal";"Com Vítimas Feridas";"Pleno dia";"Crescente";"Céu Claro";"Simples";"Reta";"Não";2;0;0;1;1;0;1;2;-6,56184592;-47,46741502;"SPRF-TO";"DEL02-TO";"UOP03-DEL02-TO"
577221;2024-01-26;"sexta-feira";"16:15:00";"BA";324;616;"SALVADOR";"Condutor deixou de manter distância do veículo da frente";"Engavetamento";"Com Vítimas Feridas";"Pleno dia";"Decrescente";"Garoa/Chuvisco";"Dupla";"Reta";"Sim";4;0;1;0;1;2;1;3;-12,87957905;-38,43213893;"SPRF-BA";"DEL01-BA";"UOP01-DEL01-BA"
577223;2024-01-26;"sexta-feira";"16:30:00";"ES";101;269;"SERRA";"Condutor deixou de manter distância do veículo da frente";"Colisão traseira";"Com Vítimas Feridas";"Pleno dia";"Crescente";"Chuva";"Dupla";"Reta";"Sim";3;0;0;1;2;0;1;2;-20,190199;-40,26828891;"SPRF-ES";"DEL02-ES";"UOP01-DEL02-ES"
577225;2024-01-26;"sexta-feira";"15:45:00";"AL";104;88;"RIO LARGO";"Retorno proibido";"Colisão transversal";"Com Vítimas Feridas";"Pleno dia";"Decrescente";"Céu Claro";"Dupla";"Reta";"Sim";2;0;0;1;1;0;1;2;-9,48375193;-35,81815581;"SPRF-AL";"DEL01-AL";"UOP01-DEL01-AL"
577227;2024-01-26;"sexta-feira";"17:10:00";"SP";381;47;"ATIBAIA";"Ausência de reação do condutor";"Queda de ocupante de veículo";"Com Vítimas Feridas";"Pleno dia";"Crescente";"Céu Claro";"Dupla";"Reta";"Sim";1;0;1;0;0;0;1;1;-23,18904617;-46,58407757;"SPRF-SP";"DEL03-SP";"UOP01-DEL03-SP"
577228;2024-01-26;"sexta-feira";"17:10:00";"RS";116;147,3;"CAXIAS DO SUL";"Reação tardia ou ineficiente do condutor";"Colisão traseira";"Com Vítimas Feridas";"Pleno dia";"Crescente";"Céu Claro";"Dupla";"Reta;Interseção de Vias       ";"Sim";2;0;0;1;1;0;1;2;-29,14908014;-51,1429969;"SPRF-RS";"DEL05-RS";"UOP01-DEL05-RS"
577230;2024-01-26;"sexta-feira";"15:45:00";"MG";381;479;"CONTAGEM";"Ausência de reação do condutor";"Colisão traseira";"Sem Vítimas";"Pleno dia";"Crescente";"Céu Claro";"Dupla";"Reta";"Sim";2;0;0;0;2;0;0;2;-19,95889605;-44,069202;"SPRF-MG";"DEL01-MG";"UOP03-DEL01-MG"
577231;2024-01-26;"sexta-feira";"14:45:00";"RS";471;174,4;"RIO PARDO";"Desrespeitar a preferência no cruzamento";"Colisão transversal";"Com Vítimas Feridas";"Pleno dia";"Crescente";"Sol";"Simples";"Rotatória";"Sim";2;0;1;0;1;0;1;2;-29,98168946;-52,36967193;"SPRF-RS";"DEL02-RS";"UOP03-DEL02-RS"
577232;2024-01-26;"sexta-feira";"17:10:00";"SE";101;96;"SAO CRISTOVAO";"Acessar a via sem observar a presença dos outros veículos";"Colisão transversal";"Com Vítimas Feridas";"Pleno dia";"Crescente";"Céu Claro";"Dupla";"Retorno Regulamentado;Reta    ";"Não";2;0;0;1;1;0;1;2;-10,91256274;-37,15981218;"SPRF-SE";"DEL02-SE";"UOP01-DEL02-SE"
577234;2024-01-26;"sexta-feira";"16:50:00";"PE";101;75,5;"RECIFE";"Trafegar com motocicleta (ou similar) entre as faixas";"Colisão traseira";"Com Vítimas Feridas";"Anoitecer";"Decrescente";"Céu Claro";"Dupla";"Reta";"Sim";3;0;1;0;1;1;1;2;-8,10973523;-34,94660151;"SPRF-PE";"DEL01-PE";"UOP01-DEL01-PE"
577235;2024-01-26;"sexta-feira";"17:55:00";"SP";153;86;"MIRASSOL";"Ingestão de álcool pelo condutor";"Colisão traseira";"Sem Vítimas";"Pleno dia";"Decrescente";"Céu Claro";"Simples";"Declive;Reta;Em Obras         ";"Não";4;0;0;0;4;0;0;2;-20,94035079;-49,52635316;"SPRF-SP";"DEL09-SP";"UOP01-DEL09-SP"
577236;2024-01-26;"sexta-feira";"15:00:00";"MG";262;32,3;"MANHUACU";"Reação tardia ou ineficiente do condutor";"Colisão lateral mesmo sentido";"Com Vítimas Feridas";"Pleno dia";"Crescente";"Chuva";"Simples";"Aclive";"Não";3;0;1;0;1;1;1;3;-20,25556389;-41,99814902;"SPRF-MG";"DEL06-MG";"UOP03-DEL06-MG"
577237;2024-01-26;"sexta-feira";"16:40:00";"MG";262;442;"NOVA SERRANA";"Ausência de reação do condutor";"Colisão traseira";"Sem Vítimas";"Pleno dia";"Crescente";"Céu Claro";"Dupla";"Reta;Declive                  ";"Sim";2;0;0;0;2;0;0;2;-19,8806236;-44,91232265;"SPRF-MG";"DEL08-MG";"UOP03-DEL08-MG"
577238;2024-01-26;"sexta-feira";"16:10:00";"MS";60;466,2;"DOIS IRMAOS DO BURITI";"Demais falhas mecânicas ou elétricas";"Saída de leito carroçável";"Com Vítimas Fatais";"Pleno dia";"Crescente";"Céu Claro";"Simples";"Reta";"Não";2;1;0;1;0;0;1;1;-21,00670833;-55,28388672;"SPRF-MS";"DEL01-MS";"UOP04-DEL01-MS"
577239;2024-01-26;"sexta-feira";"18:10:00";"SP";116;204;"GUARULHOS";"Frear bruscamente";"Colisão traseira";"Com Vítimas Feridas";"Pleno dia";"Decrescente";"Céu Claro";"Múltipla";"Reta";"Não";2;0;1;0;1;0;1;2;-23,41236123;-46,35692496;"SPRF-SP";"DEL01-SP";"UOP01-DEL01-SP"
577240;2024-01-26;"sexta-feira";"14:00:00";"RJ";40;124;"DUQUE DE CAXIAS";"Ausência de reação do condutor";"Saída de leito carroçável";"Com Vítimas Feridas";"Pleno dia";"Crescente";"Sol";"Múltipla";"Curva";"Sim";1;0;1;0;0;0;1;1;-22,807953;-43,289124;"SPRF-RJ";"DEL01-RJ";"UOP02-DEL01-RJ"
577243;2024-01-26;"sexta-feira";"18:20:00";"PR";476;151,9;"ARAUCARIA";"Ausência de reação do condutor";"Queda de ocupante de veículo";"Com Vítimas Feridas";"Pleno dia";"Crescente";"Chuva";"Dupla";"Reta";"Sim";1;0;1;0;0;0;1;1;-25,563601;-49,377041;"SPRF-PR";"DEL01-PR";"UOP06-DEL01-PR"
577244;2024-01-26;"sexta-feira";"16:48:00";"MT";163;101;"RONDONOPOLIS";"Reação tardia ou ineficiente do condutor";"Saída de leito carroçável";"Com Vítimas Feridas";"Pleno dia";"Crescente";"Chuva";"Dupla";"Reta;Declive                  ";"Não";1;0;1;0;0;0;1;1;-16,65297112;-54,68569822;"SPRF-MT";"DEL02-MT";"UOP03-DEL02-MT"
577245;2024-01-26;"sexta-feira";"18:20:00";"GO";153;517;"APARECIDA DE GOIANIA";"Ingestão de álcool pelo condutor";"Saída de leito carroçável";"Sem Vítimas";"Pleno dia";"Crescente";"Céu Claro";"Dupla";"Aclive;Reta                   ";"Não";1;0;0;0;1;0;0;1;-16,8581;-49,2488;"SPRF-GO";"DEL01-GO";"UOP03-DEL01-GO"
577247;2024-01-26;"sexta-feira";"18:05:00";"SC";470;58,4;"BLUMENAU";"Conversão proibida";"Colisão frontal";"Com Vítimas Feridas";"Pleno dia";"Decrescente";"Nublado";"Simples";"Reta;Em Obras;Aclive          ";"Sim";5;0;1;0;4;0;1;3;-26,88408619;-49,14987087;"SPRF-SC";"DEL04-SC";"UOP01-DEL04-SC"
577248;2024-01-26;"sexta-feira";"14:40:00";"SC";101;285;"IMBITUBA";"Ausência de reação do condutor";"Saída de leito carroçável";"Com Vítimas Feridas";"Pleno dia";"Decrescente";"Nublado";"Dupla";"Curva";"Não";2;0;1;0;1;0;1;1;-28,22116606;-48,70063047;"SPRF-SC";"DEL02-SC";"UOP03-DEL02-SC"
577249;2024-01-26;"sexta-feira";"18:50:00";"SP";116;289;"ITAPECERICA DA SERRA";"Frear bruscamente";"Tombamento";"Com Vítimas Feridas";"Plena Noite";"Decrescente";"Nublado";"Dupla";"Curva";"Não";3;0;3;0;0;0;3;1;-23,72290969;-46,89096614;"SPRF-SP";"DEL04-SP";"UOP01-DEL04-SP"
577250;2024-01-26;"sexta-feira";"18:10:00";"RO";364;226,7;"CACOAL";"Acessar a via sem observar a presença dos outros veículos";"Colisão transversal";"Com Vítimas Feridas";"Pleno dia";"Crescente";"Céu Claro";"Simples";"Reta;Aclive                   ";"Não";3;0;2;1;0;0;3;2;-11,49861314;-61,37213945;"SPRF-RO";"DEL02-RO";"UOP02-DEL02-RO"
577252;2024-01-26;"sexta-feira";"19:15:00";"SC";282;23;"PALHOCA";"Desrespeitar a preferência no cruzamento";"Colisão transversal";"Com Vítimas Feridas";"Plena Noite";"Crescente";"Nublado";"Simples";"Interseção de Vias";"Sim";2;0;0;1;1;0;1;2;-27,687958;-48,736794;"SPRF-SC";"DEL01-SC";"UOP02-DEL01-SC"
577253;2024-01-26;"sexta-feira";"19:00:00";"PA";316;53;"CASTANHAL";"Ausência de reação do condutor";"Colisão traseira";"Com Vítimas Feridas";"Plena Noite";"Crescente";"Céu Claro";"Dupla";"Reta";"Não";2;0;1;0;1;0;1;2;-1,30643485;-48,01696002;"SPRF-PA";"DEL01-PA";"UOP01-DEL01-PA"
577254;2024-01-26;"sexta-feira";"18:30:00";"MG";381;517;"IGARAPE";"Ausência de reação do condutor";"Capotamento";"Com Vítimas Feridas";"Anoitecer";"Decrescente";"Chuva";"Dupla";"Reta";"Não";1;0;1;0;0;0;1;1;-20,11382303;-44,30720801;"SPRF-MG";"DEL01-MG";"UOP03-DEL01-MG"
577255;2024-01-06;"sábado";"13:50:00";"RJ";101;545;"PARATY";"Acessar a via sem observar a presença dos outros veículos";"Colisão transversal";"Com Vítimas Feridas";"Pleno dia";"Crescente";"Sol";"Simples";"Reta";"Sim";2;0;0;1;1;0;1;2;-23,0428643;-44,61880587;"SPRF-RJ";"DEL03-RJ";"UOP04-DEL03-RJ"
577256;2024-01-26;"sexta-feira";"18:45:00";"SC";101;139;"BALNEARIO CAMBORIU";"Reação tardia ou ineficiente do condutor";"Colisão com objeto";"Com Vítimas Feridas";"Plena Noite";"Decrescente";"Chuva";"Dupla";"Curva";"Sim";1;0;1;0;0;0;1;1;-27,02873574;-48,6052376;"SPRF-SC";"DEL04-SC";"UOP03-DEL04-SC"
577257;2024-01-26;"sexta-feira";"17:20:00";"PE";101;43;"ABREU E LIMA";"Ausência de reação do condutor";"Colisão lateral mesmo sentido";"Sem Vítimas";"Plena Noite";"Decrescente";"Céu Claro";"Múltipla";"Reta";"Sim";2;0;0;0;2;0;0;2;-7,84753808;-34,90977038;"SPRF-PE";"DEL01-PE";"UOP02-DEL01-PE"
577259;2024-01-26;"sexta-feira";"19:15:00";"PR";376;99,7;"PARANAVAI";"Demais falhas mecânicas ou elétricas";"Colisão com objeto";"Sem Vítimas";"Anoitecer";"Crescente";"Céu Claro";"Simples";"Reta";"Não";2;0;0;0;2;0;0;2;-23,02707029;-52,48539824;"SPRF-PR";"DEL09-PR";"UOP02-DEL09-PR"
577260;2024-01-26;"sexta-feira";"18:20:00";"RJ";465;14,5;"SEROPEDICA";"Acessar a via sem observar a presença dos outros veículos";"Colisão frontal";"Com Vítimas Feridas";"Plena Noite";"Crescente";"Garoa/Chuvisco";"Dupla";"Reta";"Sim";3;0;1;1;1;0;2;2;-22,804979;-43,638828;"SPRF-RJ";"DEL06-RJ";"UOP02-DEL06-RJ"
577262;2024-01-26;"sexta-feira";"19:45:00";"PE";232;6;"RECIFE";"Trafegar com motocicleta (ou similar) entre as faixas";"Colisão traseira";"Com Vítimas Feridas";"Plena Noite";"Crescente";"Garoa/Chuvisco";"Múltipla";"Reta";"Não";3;0;2;0;1;0;2;2;-8,07079525;-34,9535389;"SPRF-PE";"DEL01-PE";"UOP01-DEL01-PE"
577263;2024-01-26;"sexta-feira";"19:40:00";"RJ";393;255;"BARRA DO PIRAI";"Restrição de visibilidade em curvas horizontais";"Atropelamento de Pedestre";"Com Vítimas Feridas";"Plena Noite";"Crescente";"Céu Claro";"Simples";"Reta;Interseção de Vias       ";"Sim";3;0;1;0;0;2;1;2;-22,45028541;-43,7987758;"SPRF-RJ";"DEL05-RJ";"UOP04-DEL05-RJ"
577264;2024-01-26;"sexta-feira";"18:55:00";"ES";101;285;"CARIACICA";"Acessar a via sem observar a presença dos outros veículos";"Colisão transversal";"Com Vítimas Feridas";"Plena Noite";"Crescente";"Nublado";"Dupla";"Aclive;Reta;Retorno Regulament";"Não";2;0;1;0;1;0;1;2;-20,25148171;-40,37270066;"SPRF-ES";"DEL01-ES";"UOP01-DEL01-ES"
577265;2024-01-26;"sexta-feira";"18:10:00";"SC";282;341,8;"CAMPOS NOVOS";"Condutor deixou de manter distância do veículo da frente";"Engavetamento";"Com Vítimas Feridas";"Anoitecer";"Crescente";"Chuva";"Simples";"Reta";"Sim";7;0;0;1;5;1;1;3;-27,389957;-51,213387;"SPRF-SC";"DEL07-SC";"UOP06-DEL07-SC"
577267;2024-01-26;"sexta-feira";"12:30:00";"RO";364;711;"PORTO VELHO";"Ausência de reação do condutor";"Atropelamento de Pedestre";"Com Vítimas Feridas";"Pleno dia";"Decrescente";"Céu Claro";"Dupla";"Reta";"Sim";1;0;0;1;0;0;1;1;-8,78153947;-63,86531369;"SPRF-RO";"DEL01-RO";"UOP01-DEL01-RO"
577268;2024-01-26;"sexta-feira";"19:28:00";"MS";60;25;"CHAPADAO DO SUL";"Animais na Pista";"Atropelamento de Animal";"Com Vítimas Fatais";"Plena Noite";"Crescente";"Céu Claro";"Simples";"Reta";"Não";3;1;1;1;0;0;2;2;-18,88902203;-52,71499479;"SPRF-MS";"DEL08-MS";"UOP01-DEL08-MS"
577269;2024-01-26;"sexta-feira";"19:29:00";"RN";101;100;"PARNAMIRIM";"Avarias e/ou desgaste excessivo no pneu";"Queda de ocupante de veículo";"Com Vítimas Feridas";"Plena Noite";"Crescente";"Céu Claro";"Múltipla";"Reta";"Sim";2;0;1;0;0;1;1;2;-5,88106901;-35,22542396;"SPRF-RN";"DEL01-RN";"UOP01-DEL01-RN"
577270;2024-01-26;"sexta-feira";"18:30:00";"AL";423;104;"DELMIRO GOUVEIA";"Manobra de mudança de faixa";"Colisão frontal";"Com Vítimas Feridas";"Plena Noite";"Crescente";"Nublado";"Simples";"Curva";"Não";3;0;0;2;0;1;2;2;-9,40684276;-38,18998212;"SPRF-BA";"DEL07-BA";"UOP01-DEL07-BA"
577271;2024-01-26;"sexta-feira";"20:50:00";"PE";424;86,3;"GARANHUNS";"Animais na Pista";"Atropelamento de Animal";"Com Vítimas Feridas";"Plena Noite";"Decrescente";"Céu Claro";"Simples";"Reta;Declive                  ";"Sim";2;0;2;0;0;0;2;1;-8,86552886;-36,50934159;"SPRF-PE";"DEL03-PE";"UOP01-DEL03-PE"
577273;2024-01-26;"sexta-feira";"20:25:00";"DF";70;5;"BRASILIA";"Ingestão de álcool pelo condutor";"Colisão traseira";"Com Vítimas Feridas";"Plena Noite";"Crescente";"Céu Claro";"Simples";"Reta";"Sim";3;0;1;0;2;0;1;2;-15,794656;-48,096779;"SPRF-DF";"DEL03-DF";"UOP02-DEL03-DF"
577274;2024-01-26;"sexta-feira";"20:20:00";"SC";101;191;"BIGUACU";"Acumulo de água sobre o pavimento";"Saída de leito carroçável";"Com Vítimas Feridas";"Plena Noite";"Crescente";"Céu Claro";"Dupla";"Curva";"Não";5;0;1;0;4;0;1;1;-27,47730273;-48,64127329;"SPRF-SC";"DEL01-SC";"UOP01-DEL01-SC"
577275;2024-01-26;"sexta-feira";"19:00:00";"RJ";116;108;"GUAPIMIRIM";"Velocidade Incompatível";"Tombamento";"Com Vítimas Feridas";"Plena Noite";"Decrescente";"Chuva";"Dupla";"Aclive;Reta                   ";"Não";1;0;1;0;0;0;1;1;-22,535843;-42,99125;"SPRF-RJ";"DEL04-RJ";"UOP01-DEL04-RJ"
577276;2024-01-26;"sexta-feira";"20:15:00";"SC";101;207;"SAO JOSE";"Reação tardia ou ineficiente do condutor";"Saída de leito carroçável";"Com Vítimas Feridas";"Plena Noite";"Decrescente";"Garoa/Chuvisco";"Dupla";"Reta;Declive                  ";"Sim";1;0;1;0;0;0;1;1;-27,600574;-48,622675;"SPRF-SC";"DEL01-SC";"UOP01-DEL01-SC"
577277;2024-01-26;"sexta-feira";"20:00:00";"AL";101;173;"TEOTONIO VILELA";"Ausência de reação do condutor";"Colisão frontal";"Com Vítimas Feridas";"Plena Noite";"Decrescente";"Céu Claro";"Simples";"Reta";"Sim";2;0;1;0;1;0;1;2;-9,90706536;-36,35090419;"SPRF-AL";"DEL02-AL";"UOP02-DEL02-AL"
577278;2024-01-26;"sexta-feira";"19:10:00";"RJ";101;571,8;"PARATY";"Acessar a via sem observar a presença dos outros veículos";"Colisão transversal";"Com Vítimas Feridas";"Plena Noite";"Decrescente";"Nublado";"Simples";"Curva";"Sim";4;0;0;2;2;0;2;2;-23,18579921;-44,72424085;"SPRF-RJ";"DEL03-RJ";"UOP04-DEL03-RJ"
577279;2024-01-26;"sexta-feira";"19:30:00";"GO";60;37;"GOIANIA";"Reação tardia ou ineficiente do condutor";"Colisão lateral mesmo sentido";"Com Vítimas Feridas";"Plena Noite";"Decrescente";"Céu Claro";"Dupla";"Rotatória";"Sim";2;0;1;0;1;0;1;2;-16,6777;-49,2676;"SPRF-GO";"DEL01-GO";"UOP02-DEL01-GO"
577280;2024-01-26;"sexta-feira";"21:26:00";"TO";153;99;"WANDERLANDIA";"Transitar na contramão";"Colisão frontal";"Sem Vítimas";"Plena Noite";"Crescente";"Céu Claro";"Simples";"Reta";"Não";2;0;0;0;1;1;0;2;-6,80497646;-48,0510798;"SPRF-TO";"DEL02-TO";"UOP01-DEL02-TO"
577281;2024-01-26;"sexta-feira";"20:30:00";"RJ";40;121;"DUQUE DE CAXIAS";"Reação tardia ou ineficiente do condutor";"Capotamento";"Sem Vítimas";"Plena Noite";"Decrescente";"Céu Claro";"Múltipla";"Reta";"Sim";1;0;0;0;1;0;0;1;-22,78185499;-43,28571273;"SPRF-RJ";"DEL01-RJ";"UOP02-DEL01-RJ"
577282;2024-01-26;"sexta-feira";"21:20:00";"PR";277;602;"CASCAVEL";"Condutor deixou de manter distância do veículo da frente";"Colisão traseira";"Com Vítimas Feridas";"Plena Noite";"Decrescente";"Céu Claro";"Dupla";"Reta";"Não";2;0;1;0;1;0;1;2;-25,00282;-53,523851;"SPRF-PR";"DEL04-PR";"UOP01-DEL04-PR"
577283;2024-01-26;"sexta-feira";"22:15:00";"RJ";116;316;"RESENDE";"Demais falhas mecânicas ou elétricas";"Colisão com objeto";"Com Vítimas Feridas";"Plena Noite";"Crescente";"Nublado";"Dupla";"Reta";"Sim";1;0;1;0;0;0;1;1;-22,46560057;-44,49102813;"SPRF-RJ";"DEL07-RJ";"UOP02-DEL07-RJ"
577284;2024-01-26;"sexta-feira";"20:00:00";"MG";116;307,7;"ITAMBACURI";"Transitar na contramão";"Colisão frontal";"Com Vítimas Feridas";"Plena Noite";"Crescente";"Chuva";"Simples";"Curva";"Não";6;0;1;1;4;0;2;2;-18,04670104;-41,66254208;"SPRF-MG";"DEL11-MG";"UOP01-DEL11-MG"
577287;2024-01-26;"sexta-feira";"20:10:00";"PR";369;141;"IBIPORA";"Ingestão de álcool pelo condutor";"Colisão com objeto";"Sem Vítimas";"Plena Noite";"Decrescente";"Céu Claro";"Dupla";"Rotatória";"Sim";1;0;0;0;1;0;0;1;-23,28571741;-51,07445776;"SPRF-PR";"DEL07-PR";"UOP01-DEL07-PR"
577289;2024-01-26;"sexta-feira";"21:03:00";"MS";163;304,9;"DOURADINA";"Ingestão de álcool pelo condutor";"Colisão lateral sentido oposto";"Sem Vítimas";"Plena Noite";"Crescente";"Céu Claro";"Simples";"Reta";"Não";2;0;0;0;2;0;0;2;-21,94678716;-54,53348285;"SPRF-MS";"DEL02-MS";"UOP02-DEL02-MS"
577292;2024-01-26;"sexta-feira";"21:20:00";"RS";101;50,5;"TERRA DE AREIA";"Ingestão de álcool pelo condutor";"Saída de leito carroçável";"Sem Vítimas";"Plena Noite";"Decrescente";"Céu Claro";"Dupla";"Reta";"Sim";1;0;0;0;1;0;0;1;-29,60955652;-50,08763921;"SPRF-RS";"DEL03-RS";"UOP02-DEL03-RS"
577293;2024-01-26;"sexta-feira";"22:45:00";"PR";277;591;"CASCAVEL";"Ingestão de álcool pelo condutor";"Queda de ocupante de veículo";"Com Vítimas Feridas";"Plena Noite";"Crescente";"Céu Claro";"Simples";"Reta";"Sim";1;0;1;0;0;0;1;1;-24,98473242;-53,46501885;"SPRF-PR";"DEL04-PR";"UOP01-DEL04-PR"
577295;2024-01-26;"sexta-feira";"22:10:00";"BA";101;350;"WENCESLAU GUIMARAES";"Transitar na contramão";"Colisão lateral sentido oposto";"Sem Vítimas";"Plena Noite";"Crescente";"Garoa/Chuvisco";"Simples";"Reta;Declive                  ";"Sim";3;0;0;0;3;0;0;2;-13,69218186;-39,48027092;"SPRF-BA";"DEL05-BA";"UOP03-DEL05-BA"
577296;2024-01-26;"sexta-feira";"23:35:00";"MG";50;177,4;"UBERABA";"Reação tardia ou ineficiente do condutor";"Colisão com objeto";"Sem Vítimas";"Plena Noite";"Crescente";"Nublado";"Dupla";"Reta;Aclive                   ";"Sim";1;0;0;0;1;0;0;1;-19,77914852;-47,95047701;"SPRF-MG";"DEL13-MG";"UOP01-DEL13-MG"