"id";"data_inversa";"dia_semana";"horario";"uf";"br";"km";"municipio";"causa_acidente";"tipo_acidente";"classificacao_acidente";"fase_dia";"sentido_via";"condicao_metereologica";"tipo_pista";"tracado_via";"uso_solo";"pessoas";"mortos";"feridos_leves";"feridos_graves";"ilesos";"ignorados";"feridos";"veiculos";"latitude";"longitude";"regional";"delegacia";"uop"
577298;2024-01-26;"sexta-feira";"23:50:00";"ES";101;68;"SAO MATEUS";"Ausência de reação do condutor";"Colisão frontal";"Com Vítimas Feridas";"Plena Noite";"Crescente";"Chuva";"Simples";"Aclive;Interseção de Vias     ";"Sim";2;0;2;0;0;0;2;2;-18,726597;-39,85975;"SPRF-ES";"DEL04-ES";"UOP02-DEL04-ES"
577300;2024-01-26;"sexta-feira";"20:30:00";"MT";70;516;"CUIABA";"Manobra de mudança de faixa";"Colisão lateral sentido oposto";"Com Vítimas Feridas";"Plena Noite";"Decrescente";"Céu Claro";"Simples";"Reta";"Sim";2;0;0;2;0;0;2;2;-15,65051022;-55,99823809;"SPRF-MT";"DEL01-MT";"UOP02-DEL01-MT"
577301;2024-01-27;"sábado";"00:00:00";"ES";101;176;"ARACRUZ";"Transitar na contramão";"Colisão frontal";"Com Vítimas Feridas";"Plena Noite";"Crescente";"Nublado";"Simples";"Reta";"Sim";2;0;0;1;1;0;1;2;-19,59523801;-40,19835299;"SPRF-ES";"DEL04-ES";"UOP01-DEL04-ES"
577303;2024-01-27;"sábado";"00:30:00";"SP";116;107;"TAUBATE";"Animais na Pista";"Atropelamento de Animal";"Com Vítimas Feridas";"Plena Noite";"Decrescente";"Nublado";"Dupla";"Reta";"Sim";1;0;0;1;0;0;1;1;-23,01791287;-45,53009409;"SPRF-SP";"DEL02-SP";"UOP02-DEL02-SP"
577304;2024-01-26;"sexta-feira";"23:50:00";"MG";40;520;"CONTAGEM";"Ausência de reação do condutor";"Capotamento";"Com Vítimas Feridas";"Plena Noite";"Crescente";"Céu Claro";"Dupla";"Reta";"Não";1;0;0;1;0;0;1;1;-19,84761911;-44,07276144;"SPRF-MG";"DEL01-MG";"UOP02-DEL01-MG"
577305;2024-01-27;"sábado";"01:20:00";"MG";146;442;"CABO VERDE";"Velocidade Incompatível";"Saída de leito carroçável";"Com Vítimas Feridas";"Plena Noite";"Decrescente";"Céu Claro";"Simples";"Curva";"Sim";1;0;0;1;0;0;1;1;-21,466259;-46,403891;"SPRF-MG";"DEL09-MG";"UOP01-DEL09-MG"
577306;2024-01-27;"sábado";"00:50:00";"RS";392;67;"PELOTAS";"Desrespeitar a preferência no cruzamento";"Colisão transversal";"Sem Vítimas";"Plena Noite";"Crescente";"Nublado";"Simples";"Rotatória";"Não";2;0;0;0;2;0;0;2;-31,75709532;-52,39980728;"SPRF-RS";"DEL07-RS";"UOP01-DEL07-RS"
577309;2024-01-26;"sexta-feira";"19:30:00";"RO";364;956;"PORTO VELHO";"Acumulo de água sobre o pavimento";"Saída de leito carroçável";"Com Vítimas Feridas";"Plena Noite";"Decrescente";"Chuva";"Simples";"Reta";"Não";1;0;1;0;0;0;1;1;-9,64631731;-65,60019099;"SPRF-RO";"DEL01-RO";"UOP03-DEL01-RO"
577310;2024-01-26;"sexta-feira";"20:30:00";"MA";135;2,3;"SAO LUIS";"Manobra de mudança de faixa";"Saída de leito carroçável";"Com Vítimas Fatais";"Plena Noite";"Crescente";"Céu Claro";"Dupla";"Reta";"Sim";1;1;0;0;0;0;0;1;-2,59806699;-44,24573511;"SPRF-MA";"DEL01-MA";"UOP01-DEL01-MA"
577311;2024-01-27;"sábado";"03:00:00";"ES";259;57,8;"COLATINA";"Ingestão de álcool pelo condutor";"Tombamento";"Com Vítimas Feridas";"Plena Noite";"Crescente";"Nublado";"Simples";"Rotatória";"Sim";1;0;1;0;0;0;1;1;-19,50865703;-40,65581416;"SPRF-ES";"DEL02-ES";"UOP01-DEL02-ES"
577312;2024-01-27;"sábado";"03:20:00";"ES";259;57,7;"COLATINA";"Condutor Dormindo";"Colisão com objeto";"Com Vítimas Feridas";"Plena Noite";"Crescente";"Céu Claro";"Simples";"Reta";"Não";1;0;0;1;0;0;1;1;-19,50865703;-40,65581416;"SPRF-ES";"DEL02-ES";"UOP01-DEL02-ES"
577313;2024-01-27;"sábado";"03:10:00";"RS";116;67,6;"CAMPESTRE DA SERRA";"Reação tardia ou ineficiente do condutor";"Capotamento";"Com Vítimas Feridas";"Plena Noite";"Decrescente";"Nublado";"Simples";"Curva";"Não";1;0;1;0;0;0;1;1;-28,70037526;-51,0755682;"SPRF-RS";"DEL05-RS";"UOP03-DEL05-RS"
577314;2024-01-27;"sábado";"03:10:00";"PR";277;664;"MEDIANEIRA";"Velocidade Incompatível";"Colisão traseira";"Sem Vítimas";"Plena Noite";"Crescente";"Céu Claro";"Dupla";"Reta";"Não";2;0;0;0;1;1;0;2;-25,25301037;-54,02857196;"SPRF-PR";"DEL05-PR";"UOP02-DEL05-PR"
577315;2024-01-27;"sábado";"03:30:00";"MS";262;486,1;"ANASTACIO";"Ausência de reação do condutor";"Colisão com objeto";"Com Vítimas Feridas";"Plena Noite";"Crescente";"Céu Claro";"Simples";"Reta";"Não";2;0;1;0;1;0;1;1;-20,50015885;-55,77788898;"SPRF-MS";"DEL03-MS";"UOP01-DEL03-MS"
577316;2024-01-27;"sábado";"03:50:00";"PR";277;672;"MEDIANEIRA";"Velocidade Incompatível";"Colisão traseira";"Com Vítimas Feridas";"Plena Noite";"Crescente";"Céu Claro";"Dupla";"Reta";"Sim";2;0;1;0;1;0;1;2;-25,28740438;-54,09701091;"SPRF-PR";"DEL05-PR";"UOP02-DEL05-PR"
577319;2024-01-27;"sábado";"04:36:00";"TO";153;671;"GURUPI";"Chuva";"Saída de leito carroçável";"Sem Vítimas";"Plena Noite";"Decrescente";"Chuva";"Dupla";"Reta";"Sim";1;0;0;0;1;0;0;1;-11,72075725;-49,07713594;"SPRF-TO";"DEL01-TO";"UOP02-DEL01-TO"
577321;2024-01-27;"sábado";"04:20:00";"RJ";101;521;"ANGRA DOS REIS";"Condutor Dormindo";"Saída de leito carroçável";"Com Vítimas Feridas";"Plena Noite";"Crescente";"Nublado";"Simples";"Reta";"Sim";1;0;0;1;0;0;1;1;-23,003503;-44,46175;"SPRF-RJ";"DEL03-RJ";"UOP03-DEL03-RJ"
577322;2024-01-27;"sábado";"05:30:00";"RJ";116;144;"DUQUE DE CAXIAS";"Condutor Dormindo";"Queda de ocupante de veículo";"Com Vítimas Feridas";"Amanhecer";"Crescente";"Nublado";"Dupla";"Interseção de Vias";"Não";1;0;0;1;0;0;1;1;-22,65737709;-43,24724694;"SPRF-RJ";"DEL01-RJ";"UOP02-DEL01-RJ"
577323;2024-01-26;"sexta-feira";"23:30:00";"RJ";40;107,9;"DUQUE DE CAXIAS";"Condutor deixou de manter distância do veículo da frente";"Colisão lateral mesmo sentido";"Com Vítimas Feridas";"Plena Noite";"Crescente";"Céu Claro";"Múltipla";"Reta";"Sim";4;0;0;1;1;2;1;3;-22,65581497;-43,28378546;"SPRF-RJ";"DEL01-RJ";"UOP02-DEL01-RJ"
577324;2024-01-26;"sexta-feira";"22:30:00";"SC";280;25,3;"ARAQUARI";"Acesso irregular";"Colisão frontal";"Com Vítimas Feridas";"Plena Noite";"Crescente";"Garoa/Chuvisco";"Simples";"Interseção de Vias";"Não";2;0;1;0;1;0;1;2;-26,38352781;-48,72677516;"SPRF-SC";"DEL03-SC";"UOP03-DEL03-SC"
577325;2024-01-26;"sexta-feira";"17:40:00";"GO";60;93;"ANAPOLIS";"Reação tardia ou ineficiente do condutor";"Tombamento";"Com Vítimas Feridas";"Pleno dia";"Decrescente";"Céu Claro";"Dupla";"Reta;Declive                  ";"Sim";1;0;1;0;0;0;1;1;-16,3538;-48,9268;"SPRF-GO";"DEL02-GO";"UOP01-DEL02-GO"
577326;2024-01-27;"sábado";"05:40:00";"MG";116;410,4;"GOVERNADOR VALADARES";"Ausência de reação do condutor";"Colisão com objeto";"Com Vítimas Feridas";"Pleno dia";"Crescente";"Nublado";"Dupla";"Aclive;Reta                   ";"Sim";1;0;1;0;0;0;1;1;-18,855625;-41,975623;"SPRF-MG";"DEL06-MG";"UOP01-DEL06-MG"
577327;2024-01-27;"sábado";"06:50:00";"SP";116;210;"GUARULHOS";"Trafegar com motocicleta (ou similar) entre as faixas";"Colisão lateral mesmo sentido";"Com Vítimas Feridas";"Pleno dia";"Crescente";"Céu Claro";"Múltipla";"Reta";"Sim";2;0;1;0;0;1;1;2;-23,42870023;-46,41085991;"SPRF-SP";"DEL01-SP";"UOP01-DEL01-SP"
577328;2024-01-27;"sábado";"07:00:00";"SP";116;207;"GUARULHOS";"Manobra de mudança de faixa";"Colisão lateral mesmo sentido";"Com Vítimas Feridas";"Pleno dia";"Crescente";"Nublado";"Dupla";"Reta";"Sim";3;0;2;0;1;0;2;2;-23,41722629;-46,37510292;"SPRF-SP";"DEL01-SP";"UOP01-DEL01-SP"
577329;2024-01-27;"sábado";"06:20:00";"MG";40;522;"CONTAGEM";"Reação tardia ou ineficiente do condutor";"Saída de leito carroçável";"Com Vítimas Feridas";"Amanhecer";"Decrescente";"Chuva";"Dupla";"Reta";"Não";1;0;1;0;0;0;1;1;-19,8638731;-44,06749809;"SPRF-MG";"DEL01-MG";"UOP02-DEL01-MG"
577330;2024-01-27;"sábado";"01:46:00";"SC";116;7,5;"MAFRA";"Ausência de reação do condutor";"Saída de leito carroçável";"Com Vítimas Feridas";"Plena Noite";"Decrescente";"Céu Claro";"Simples";"Reta";"Não";1;0;1;0;0;0;1;1;-26,15196176;-49,83102416;"SPRF-SC";"DEL06-SC";"UOP01-DEL06-SC"
577331;2024-01-27;"sábado";"07:10:00";"RS";290;240;"RIO PARDO";"Transitar na contramão";"Colisão lateral sentido oposto";"Sem Vítimas";"Pleno dia";"Crescente";"Céu Claro";"Simples";"Aclive";"Não";7;0;0;0;7;0;0;2;-30,2216155;-52,63366342;"SPRF-RS";"DEL02-RS";"UOP03-DEL02-RS"
577332;2024-01-27;"sábado";"03:00:00";"SC";470;176,6;"POUSO REDONDO";"Ausência de reação do condutor";"Saída de leito carroçável";"Com Vítimas Feridas";"Plena Noite";"Crescente";"Nevoeiro/Neblina";"Simples";"Declive;Reta                  ";"Sim";2;0;2;0;0;0;2;1;-27,25213067;-49,95578885;"SPRF-SC";"DEL04-SC";"UOP02-DEL04-SC"
577333;2024-01-27;"sábado";"03:00:00";"TO";153;471;"MIRACEMA DO TOCANTINS";"Condutor Dormindo";"Colisão frontal";"Sem Vítimas";"Plena Noite";"Crescente";"Nublado";"Simples";"Declive";"Não";2;0;0;0;2;0;0;2;-10,011625;-48,770067;"SPRF-TO";"DEL01-TO";"UOP01-DEL01-TO"
577334;2024-01-27;"sábado";"07:45:00";"MG";459;87,3;"CONGONHAL";"Acesso irregular";"Colisão transversal";"Com Vítimas Feridas";"Pleno dia";"Crescente";"Céu Claro";"Simples";"Reta";"Sim";3;0;0;1;2;0;1;2;-22,150578;-46,043282;"SPRF-MG";"DEL09-MG";"UOP01-DEL09-MG"
577335;2024-01-27;"sábado";"07:35:00";"MG";381;494;"BETIM";"Velocidade Incompatível";"Colisão com objeto";"Com Vítimas Feridas";"Pleno dia";"Crescente";"Nublado";"Dupla";"Curva;Declive                 ";"Sim";1;0;1;0;0;0;1;1;-19,985563;-44,20318;"SPRF-MG";"DEL01-MG";"UOP03-DEL01-MG"
577336;2024-01-23;"terça-feira";"12:00:00";"RS";116;523;"PELOTAS";"Curva acentuada";"Tombamento";"Com Vítimas Feridas";"Pleno dia";"Decrescente";"Nublado";"Simples";"Curva";"Não";2;0;2;0;0;0;2;1;-31,72136584;-52,38140629;"SPRF-RS";"DEL07-RS";"UOP01-DEL07-RS"
577337;2024-01-27;"sábado";"08:25:00";"SP";116;141,7;"SAO JOSE DOS CAMPOS";"Condutor deixou de manter distância do veículo da frente";"Colisão traseira";"Com Vítimas Feridas";"Pleno dia";"Decrescente";"Céu Claro";"Dupla";"Reta";"Sim";3;0;1;1;0;1;2;2;-23,17004717;-45,82091491;"SPRF-SP";"DEL02-SP";"UOP01-DEL02-SP"
577338;2024-01-27;"sábado";"07:15:00";"SP";381;2;"VARGEM";"Transitar no Acostamento";"Colisão lateral mesmo sentido";"Com Vítimas Feridas";"Pleno dia";"Crescente";"Sol";"Dupla";"Curva";"Não";3;0;2;0;1;0;2;2;-22,88187369;-46,39059388;"SPRF-SP";"DEL03-SP";"UOP02-DEL03-SP"
577343;2024-01-27;"sábado";"09:00:00";"RS";290;76;"GRAVATAI";"Avarias e/ou desgaste excessivo no pneu";"Queda de ocupante de veículo";"Com Vítimas Feridas";"Pleno dia";"Decrescente";"Céu Claro";"Dupla";"Reta";"Não";2;0;2;0;0;0;2;1;-29,956612;-51,017124;"SPRF-RS";"DEL01-RS";"UOP01-DEL01-RS"
577344;2024-01-27;"sábado";"09:15:00";"SP";116;226,1;"GUARULHOS";"Avarias e/ou desgaste excessivo no pneu";"Tombamento";"Com Vítimas Feridas";"Pleno dia";"Decrescente";"Nublado";"Múltipla";"Reta;Aclive                   ";"Sim";2;0;2;0;0;0;2;1;-23,49102507;-46,54878195;"SPRF-SP";"DEL01-SP";"UOP01-DEL01-SP"
577345;2024-01-27;"sábado";"07:40:00";"PB";361;1;"PATOS";"Reação tardia ou ineficiente do condutor";"Colisão traseira";"Com Vítimas Feridas";"Pleno dia";"Crescente";"Céu Claro";"Simples";"Reta";"Sim";2;0;1;0;1;0;1;2;-7,02239904;-37,26888498;"SPRF-PB";"DEL03-PB";"UOP01-DEL03-PB"
577347;2024-01-27;"sábado";"09:25:00";"RN";101;99,8;"NATAL";"Trafegar com motocicleta (ou similar) entre as faixas";"Colisão lateral mesmo sentido";"Com Vítimas Feridas";"Pleno dia";"Crescente";"Céu Claro";"Múltipla";"Viaduto";"Sim";3;0;2;0;1;0;2;2;-5,87359183;-35,22063023;"SPRF-RN";"DEL01-RN";"UOP01-DEL01-RN"
577348;2024-01-27;"sábado";"09:40:00";"CE";116;3;"FORTALEZA";"Acumulo de óleo sobre o pavimento";"Queda de ocupante de veículo";"Com Vítimas Feridas";"Pleno dia";"Crescente";"Céu Claro";"Múltipla";"Viaduto;Curva;Retorno Regulame";"Sim";1;0;1;0;0;0;1;1;-3,77866493;-38,51490171;"SPRF-CE";"DEL01-CE";"UOP02-DEL01-CE"
577349;2024-01-27;"sábado";"09:50:00";"ES";101;262,4;"SERRA";"Demais falhas mecânicas ou elétricas";"Incêndio";"Sem Vítimas";"Pleno dia";"Decrescente";"Céu Claro";"Dupla";"Reta";"Sim";1;0;0;0;1;0;0;1;-20,1572331;-40,27678329;"SPRF-ES";"DEL02-ES";"UOP01-DEL02-ES"
577350;2024-01-27;"sábado";"09:40:00";"GO";40;2;"VALPARAISO DE GOIAS";"Condutor deixou de manter distância do veículo da frente";"Colisão traseira";"Com Vítimas Feridas";"Pleno dia";"Crescente";"Céu Claro";"Dupla";"Reta";"Sim";2;0;1;0;1;0;1;2;-16,067129;-47,984235;"SPRF-DF";"DEL01-DF";"UOP01-DEL01-DF"
577351;2024-01-27;"sábado";"07:45:00";"GO";40;11;"LUZIANIA";"Ausência de reação do condutor";"Queda de ocupante de veículo";"Com Vítimas Feridas";"Pleno dia";"Decrescente";"Nublado";"Dupla";"Reta";"Sim";1;0;1;0;0;0;1;1;-16,138336;-47,951644;"SPRF-DF";"DEL01-DF";"UOP01-DEL01-DF"
577353;2024-01-27;"sábado";"09:20:00";"PR";277;128;"BALSA NOVA";"Afundamento ou ondulação no pavimento";"Tombamento";"Com Vítimas Feridas";"Pleno dia";"Crescente";"Nublado";"Dupla";"Curva";"Não";2;0;1;0;1;0;1;1;-25,44935868;-49,6161139;"SPRF-PR";"DEL03-PR";"UOP03-DEL03-PR"
577354;2024-01-27;"sábado";"08:45:00";"RN";427;92;"CAICO";"Avarias e/ou desgaste excessivo no pneu";"Queda de ocupante de veículo";"Com Vítimas Feridas";"Pleno dia";"Crescente";"Céu Claro";"Simples";"Curva";"Não";2;0;2;0;0;0;2;1;-6,48413207;-37,04516103;"SPRF-RN";"DEL03-RN";"UOP01-DEL03-RN"
577355;2024-01-27;"sábado";"10:00:00";"MG";381;685;"RIBEIRAO VERMELHO";"Manobra de mudança de faixa";"Colisão transversal";"Com Vítimas Feridas";"Pleno dia";"Decrescente";"Chuva";"Dupla";"Reta";"Não";2;0;1;0;1;0;1;1;-21,19177791;-45,11670723;"SPRF-MG";"DEL04-MG";"UOP02-DEL04-MG"
577356;2024-01-27;"sábado";"09:00:00";"MG";381;456;"BELO HORIZONTE";"Conversão proibida";"Colisão transversal";"Com Vítimas Feridas";"Pleno dia";"Decrescente";"Nublado";"Simples";"Reta";"Não";2;0;1;1;0;0;2;2;-19,85862954;-43,91292495;"SPRF-MG";"DEL01-MG";"UOP01-DEL01-MG"
577357;2024-01-27;"sábado";"10:55:00";"PR";376;662,2;"TIJUCAS DO SUL";"Condutor deixou de manter distância do veículo da frente";"Colisão traseira";"Sem Vítimas";"Pleno dia";"Decrescente";"Garoa/Chuvisco";"Dupla";"Aclive;Reta                   ";"Não";2;0;0;0;2;0;0;2;-25,85277415;-48,97649288;"SPRF-PR";"DEL01-PR";"UOP04-DEL01-PR"
577358;2024-01-27;"sábado";"09:23:00";"MT";163;829;"SINOP";"Acessar a via sem observar a presença dos outros veículos";"Colisão transversal";"Com Vítimas Feridas";"Pleno dia";"Decrescente";"Céu Claro";"Dupla";"Retorno Regulamentado;Reta    ";"Sim";2;0;0;1;1;0;1;2;-11,91285942;-55,50876081;"SPRF-MT";"DEL06-MT";"UOP02-DEL06-MT"
577359;2024-01-27;"sábado";"09:00:00";"SC";101;233;"PALHOCA";"Ausência de reação do condutor";"Colisão com objeto";"Sem Vítimas";"Pleno dia";"Crescente";"Céu Claro";"Dupla";"Curva";"Não";1;0;0;0;0;1;0;1;-27,80376397;-48,63826211;"SPRF-SC";"DEL01-SC";"UOP02-DEL01-SC"
577360;2024-01-27;"sábado";"10:45:00";"SC";101;243;"PALHOCA";"Condutor deixou de manter distância do veículo da frente";"Colisão traseira";"Com Vítimas Feridas";"Pleno dia";"Decrescente";"Nublado";"Múltipla";"Reta";"Não";3;0;1;0;1;1;1;3;-27,88419902;-48,64750077;"SPRF-SC";"DEL01-SC";"UOP02-DEL01-SC"
577361;2024-01-27;"sábado";"07:57:00";"MT";163;61;"RONDONOPOLIS";"Ausência de reação do condutor";"Saída de leito carroçável";"Com Vítimas Feridas";"Pleno dia";"Crescente";"Céu Claro";"Dupla";"Reta";"Não";1;0;1;0;0;0;1;1;-16,97903791;-54,74750626;"SPRF-MT";"DEL02-MT";"UOP03-DEL02-MT"
577363;2024-01-27;"sábado";"08:45:00";"BA";367;32;"PORTO SEGURO";"Ultrapassagem Indevida";"Colisão lateral mesmo sentido";"Com Vítimas Feridas";"Pleno dia";"Decrescente";"Chuva";"Simples";"Reta";"Não";2;0;0;1;1;0;1;2;-16,42202306;-39,14457302;"SPRF-BA";"DEL09-BA";"UOP03-DEL09-BA"
577367;2024-01-27;"sábado";"08:00:00";"BA";101;602;"MASCOTE";"Ausência de reação do condutor";"Saída de leito carroçável";"Com Vítimas Feridas";"Pleno dia";"Crescente";"Garoa/Chuvisco";"Simples";"Reta";"Não";1;0;1;0;0;0;1;1;-15,67415807;-39,44112937;"SPRF-BA";"DEL05-BA";"UOP02-DEL05-BA"
577368;2024-01-27;"sábado";"09:55:00";"RJ";116;309;"RESENDE";"Reação tardia ou ineficiente do condutor";"Colisão lateral mesmo sentido";"Com Vítimas Feridas";"Pleno dia";"Crescente";"Sol";"Simples";"Reta";"Não";2;0;1;0;1;0;1;2;-22,45852838;-44,42672997;"SPRF-RJ";"DEL07-RJ";"UOP02-DEL07-RJ"
577370;2024-01-27;"sábado";"09:00:00";"RN";226;14;"MACAIBA";"Acesso irregular";"Colisão transversal";"Com Vítimas Feridas";"Pleno dia";"Decrescente";"Céu Claro";"Simples";"Reta";"Sim";2;0;1;0;1;0;1;2;-5,85650342;-35,33513725;"SPRF-RN";"DEL01-RN";"UOP02-DEL01-RN"
577372;2024-01-26;"sexta-feira";"18:00:00";"PR";277;612;"SANTA TEREZA DO OESTE";"Demais falhas mecânicas ou elétricas";"Incêndio";"Sem Vítimas";"Pleno dia";"Crescente";"Céu Claro";"Simples";"Reta;Viaduto                  ";"Não";1;0;0;0;0;1;0;1;-25,05631922;-53,64042585;"SPRF-PR";"DEL05-PR";"UOP02-DEL05-PR"
577374;2024-01-27;"sábado";"10:00:00";"SP";116;505,5;"CAJATI";"Animais na Pista";"Atropelamento de Animal";"Com Vítimas Feridas";"Pleno dia";"Crescente";"Céu Claro";"Simples";"Curva;Declive                 ";"Não";2;0;1;0;1;0;1;1;-24,79028098;-48,21075278;"SPRF-SP";"DEL05-SP";"UOP02-DEL05-SP"
577377;2024-01-27;"sábado";"09:45:00";"SC";282;502,4;"XANXERE";"Acessar a via sem observar a presença dos outros veículos";"Colisão traseira";"Com Vítimas Feridas";"Pleno dia";"Decrescente";"Céu Claro";"Dupla";"Interseção de Vias;Reta       ";"Sim";3;0;2;0;1;0;2;2;-26,88513881;-52,39339113;"SPRF-SC";"DEL07-SC";"UOP01-DEL07-SC"
577378;2024-01-27;"sábado";"07:30:00";"MG";381;791;"SAO GONCALO DO SAPUCAI";"Reação tardia ou ineficiente do condutor";"Queda de ocupante de veículo";"Com Vítimas Feridas";"Pleno dia";"Decrescente";"Céu Claro";"Dupla";"Reta";"Não";1;0;0;1;0;0;1;1;-21,88900384;-45,54659986;"SPRF-MG";"DEL16-MG";"UOP02-DEL16-MG"
577380;2024-01-27;"sábado";"12:30:00";"MG";40;502,7;"ESMERALDAS";"Manobra de mudança de faixa";"Saída de leito carroçável";"Com Vítimas Feridas";"Pleno dia";"Crescente";"Sol";"Dupla";"Reta";"Não";2;0;1;0;1;0;1;1;-19,714002;-44,160929;"SPRF-MG";"DEL02-MG";"UOP01-DEL02-MG"
577381;2024-01-27;"sábado";"00:00:00";"MG";40;257;"SAO GONCALO DO ABAETE";"Falta de elemento de contenção que evite a saída do leito carroçável";"Saída de leito carroçável";"Com Vítimas Feridas";"Plena Noite";"Decrescente";"Chuva";"Simples";"Reta";"Não";1;0;1;0;0;0;1;1;-18,13557504;-45,38218;"SPRF-MG";"DEL14-MG";"UOP02-DEL14-MG"
577383;2024-01-23;"terça-feira";"23:42:00";"RJ";116;42;"TERESOPOLIS";"Ausência de reação do condutor";"Tombamento";"Com Vítimas Feridas";"Plena Noite";"Crescente";"Chuva";"Simples";"Reta";"Não";2;0;2;0;0;0;2;1;-22,14560636;-42,79362881;"SPRF-RJ";"DEL04-RJ";"UOP01-DEL04-RJ"
577385;2024-01-27;"sábado";"12:30:00";"GO";364;194;"JATAI";"Ausência de reação do condutor";"Saída de leito carroçável";"Sem Vítimas";"Pleno dia";"Crescente";"Céu Claro";"Dupla";"Curva;Declive                 ";"Não";1;0;0;0;1;0;0;1;-17,922171;-51,704082;"SPRF-GO";"DEL05-GO";"UOP01-DEL05-GO"
577386;2024-01-27;"sábado";"12:44:00";"SC";101;208;"SAO JOSE";"Manobra de mudança de faixa";"Colisão lateral mesmo sentido";"Com Vítimas Feridas";"Pleno dia";"Crescente";"Nublado";"Múltipla";"Reta";"Sim";2;0;1;0;1;0;1;2;-27,60327979;-48,63201818;"SPRF-SC";"DEL01-SC";"UOP01-DEL01-SC"
577387;2024-01-27;"sábado";"12:10:00";"RO";319;62;"PORTO VELHO";"Condutor deixou de manter distância do veículo da frente";"Colisão traseira";"Sem Vítimas";"Pleno dia";"Crescente";"Nublado";"Múltipla";"Reta";"Sim";3;0;0;0;3;0;0;3;-8,766685;-63,884052;"SPRF-RO";"DEL01-RO";"UOP01-DEL01-RO"
577389;2024-01-27;"sábado";"13:20:00";"PR";116;0;"QUATRO BARRAS";"Reação tardia ou ineficiente do condutor";"Colisão com objeto";"Com Vítimas Feridas";"Pleno dia";"Decrescente";"Céu Claro";"Dupla";"Retorno Regulamentado;Curva   ";"Sim";2;0;1;0;1;0;1;1;-25,3478;-49,0493;"SPRF-PR";"DEL01-PR";"UOP02-DEL01-PR"
577391;2024-01-27;"sábado";"12:40:00";"SC";101;350;"JAGUARUNA";"Pista Escorregadia";"Saída de leito carroçável";"Com Vítimas Feridas";"Pleno dia";"Crescente";"Garoa/Chuvisco";"Simples";"Retorno Regulamentado";"Sim";2;0;1;0;1;0;1;1;-28,58988203;-49,04517307;"SPRF-SC";"DEL02-SC";"UOP01-DEL02-SC"
577392;2024-01-27;"sábado";"13:00:00";"RJ";101;409;"ITAGUAI";"Carga excessiva e/ou mal acondicionada";"Colisão lateral mesmo sentido";"Com Vítimas Feridas";"Pleno dia";"Decrescente";"Nublado";"Dupla";"Reta";"Sim";2;0;1;0;1;0;1;2;-22,88503992;-43,83250205;"SPRF-RJ";"DEL03-RJ";"UOP01-DEL03-RJ"
577393;2024-01-27;"sábado";"13:50:00";"SP";116;224;"GUARULHOS";"Demais falhas mecânicas ou elétricas";"Queda de ocupante de veículo";"Com Vítimas Feridas";"Pleno dia";"Crescente";"Céu Claro";"Múltipla";"Reta";"Sim";2;0;2;0;0;0;2;1;-23,47559815;-46,5246609;"SPRF-SP";"DEL01-SP";"UOP01-DEL01-SP"
577394;2024-01-27;"sábado";"13:20:00";"RJ";101;57;"CAMPOS DOS GOYTACAZES";"Desrespeitar a preferência no cruzamento";"Colisão transversal";"Com Vítimas Feridas";"Pleno dia";"Crescente";"Nublado";"Simples";"Reta";"Não";4;0;3;0;0;1;3;3;-21,69602101;-41,31017467;"SPRF-RJ";"DEL08-RJ";"UOP01-DEL08-RJ"
577398;2024-01-27;"sábado";"12:15:00";"RJ";116;199;"QUEIMADOS";"Avarias e/ou desgaste excessivo no pneu";"Tombamento";"Com Vítimas Feridas";"Pleno dia";"Crescente";"Céu Claro";"Dupla";"Reta";"Sim";2;0;2;0;0;0;2;1;-22,72898648;-43,58452101;"SPRF-RJ";"DEL06-RJ";"UOP02-DEL06-RJ"
577399;2024-01-27;"sábado";"14:40:00";"PR";476;154;"ARAUCARIA";"Reação tardia ou ineficiente do condutor";"Tombamento";"Com Vítimas Feridas";"Pleno dia";"Crescente";"Garoa/Chuvisco";"Dupla";"Reta";"Sim";2;0;1;0;1;0;1;1;-25,584223;-49,401379;"SPRF-PR";"DEL01-PR";"UOP06-DEL01-PR"
577400;2024-01-27;"sábado";"14:45:00";"SP";381;26;"ATIBAIA";"Acumulo de água sobre o pavimento";"Colisão com objeto";"Com Vítimas Feridas";"Pleno dia";"Crescente";"Céu Claro";"Dupla";"Aclive";"Não";2;0;1;0;1;0;1;1;-23,02679312;-46,53612988;"SPRF-SP";"DEL03-SP";"UOP02-DEL03-SP"
577402;2024-01-27;"sábado";"13:40:00";"RS";468;74;"CAMPO NOVO";"Acessar a via sem observar a presença dos outros veículos";"Colisão transversal";"Sem Vítimas";"Pleno dia";"Decrescente";"Céu Claro";"Simples";"Reta;Interseção de Vias       ";"Não";2;0;0;0;2;0;0;2;-27,69505407;-53,84466441;"SPRF-RS";"DEL08-RS";"UOP02-DEL08-RS"
577403;2024-01-27;"sábado";"14:00:00";"MG";262;755;"SACRAMENTO";"Acessar a via sem observar a presença dos outros veículos";"Colisão transversal";"Com Vítimas Feridas";"Pleno dia";"Crescente";"Céu Claro";"Simples";"Interseção de Vias";"Não";6;0;5;0;1;0;5;2;-19,64274921;-47,51038671;"SPRF-MG";"DEL13-MG";"UOP01-DEL13-MG"
577405;2024-01-27;"sábado";"14:15:00";"RS";290;103;"ELDORADO DO SUL";"Ausência de reação do condutor";"Engavetamento";"Com Vítimas Feridas";"Pleno dia";"Decrescente";"Céu Claro";"Dupla";"Reta";"Não";6;0;3;0;3;0;3;3;-29,99017;-51,265766;"SPRF-RS";"DEL01-RS";"UOP01-DEL01-RS"