"id";"data_inversa";"dia_semana";"horario";"uf";"br";"km";"municipio";"causa_acidente";"tipo_acidente";"classificacao_acidente";"fase_dia";"sentido_via";"condicao_metereologica";"tipo_pista";"tracado_via";"uso_solo";"pessoas";"mortos";"feridos_leves";"feridos_graves";"ilesos";"ignorados";"feridos";"veiculos";"latitude";"longitude";"regional";"delegacia";"uop"
578222;2024-01-31;"quarta-feira";"17:05:00";"SP";116;209;"GUARULHOS";"Reação tardia ou ineficiente do condutor";"Colisão traseira";"Com Vítimas Feridas";"Pleno dia";"Decrescente";"Chuva";"Múltipla";"Declive;Reta                  ";"Sim";3;0;2;0;0;1;2;2;-23,427622;-46,408072;"SPRF-SP";"DEL01-SP";"UOP01-DEL01-SP"
578224;2024-01-31;"quarta-feira";"18:39:00";"SP";116;225,9;"GUARULHOS";"Pista Escorregadia";"Tombamento";"Com Vítimas Feridas";"Plena Noite";"Decrescente";"Chuva";"Múltipla";"Em Obras;Reta                 ";"Sim";1;0;1;0;0;0;1;1;-23,49102507;-46,54878195;"SPRF-SP";"DEL01-SP";"UOP01-DEL01-SP"
578226;2024-01-31;"quarta-feira";"18:20:00";"RJ";101;61;"CAMPOS DOS GOYTACAZES";"Acessar a via sem observar a presença dos outros veículos";"Colisão traseira";"Com Vítimas Feridas";"Plena Noite";"Decrescente";"Céu Claro";"Simples";"Interseção de Vias";"Não";2;0;1;0;1;0;1;2;-21,72655788;-41,32133519;"SPRF-RJ";"DEL08-RJ";"UOP01-DEL08-RJ"
578227;2024-01-31;"quarta-feira";"18:20:00";"PB";230;12,8;"CABEDELO";"Manobra de mudança de faixa";"Colisão lateral mesmo sentido";"Com Vítimas Feridas";"Plena Noite";"Decrescente";"Céu Claro";"Dupla";"Reta";"Sim";2;0;1;0;1;0;1;2;-7,079903;-34,849098;"SPRF-PB";"DEL01-PB";"UOP01-DEL01-PB"
578229;2024-01-31;"quarta-feira";"18:40:00";"PE";101;68,8;"RECIFE";"Pedestre cruzava a pista fora da faixa";"Atropelamento de Pedestre";"Com Vítimas Feridas";"Plena Noite";"Decrescente";"Céu Claro";"Múltipla";"Reta";"Não";5;0;3;2;0;0;5;3;-8,05074296;-34,94580619;"SPRF-PE";"DEL01-PE";"UOP01-DEL01-PE"
578230;2024-01-31;"quarta-feira";"18:05:00";"RS";386;132;"SARANDI";"Desrespeitar a preferência no cruzamento";"Colisão transversal";"Com Vítimas Feridas";"Pleno dia";"Decrescente";"Céu Claro";"Simples";"Interseção de Vias;Reta       ";"Sim";4;0;2;0;2;0;2;2;-27,94116338;-52,94078171;"SPRF-RS";"DEL08-RS";"UOP01-DEL08-RS"
578231;2024-01-31;"quarta-feira";"18:23:00";"SC";101;204;"SAO JOSE";"Trafegar com motocicleta (ou similar) entre as faixas";"Colisão lateral mesmo sentido";"Com Vítimas Feridas";"Anoitecer";"Crescente";"Céu Claro";"Múltipla";"Reta";"Não";4;0;2;0;2;0;2;3;-27,57413014;-48,61363083;"SPRF-SC";"DEL01-SC";"UOP01-DEL01-SC"
578232;2024-01-31;"quarta-feira";"18:40:00";"GO";40;5;"VALPARAISO DE GOIAS";"Ausência de reação do condutor";"Tombamento";"Com Vítimas Feridas";"Plena Noite";"Crescente";"Céu Claro";"Dupla";"Reta";"Sim";1;0;1;0;0;0;1;1;-16,093134;-47,982236;"SPRF-DF";"DEL01-DF";"UOP01-DEL01-DF"
578233;2024-01-31;"quarta-feira";"18:20:00";"RJ";101;423;"MANGARATIBA";"Velocidade Incompatível";"Colisão lateral sentido oposto";"Com Vítimas Feridas";"Anoitecer";"Crescente";"Chuva";"Simples";"Curva";"Sim";2;0;1;0;1;0;1;2;-22,91801286;-43,94820686;"SPRF-RJ";"DEL03-RJ";"UOP02-DEL03-RJ"
578236;2024-01-31;"quarta-feira";"17:00:00";"RJ";40;17;"TRES RIOS";"Avarias e/ou desgaste excessivo no pneu";"Queda de ocupante de veículo";"Com Vítimas Feridas";"Pleno dia";"Crescente";"Chuva";"Dupla";"Curva";"Não";1;0;1;0;0;0;1;1;-22,08639692;-43,17655185;"SPRF-RJ";"DEL05-RJ";"UOP02-DEL05-RJ"
578237;2024-01-31;"quarta-feira";"18:10:00";"PR";373;180,4;"PONTA GROSSA";"Acessar a via sem observar a presença dos outros veículos";"Colisão transversal";"Com Vítimas Feridas";"Pleno dia";"Crescente";"Nublado";"Simples";"Reta";"Sim";3;0;2;0;1;0;2;2;-25,04073485;-50,25242507;"SPRF-PR";"DEL03-PR";"UOP01-DEL03-PR"
578239;2024-01-31;"quarta-feira";"19:30:00";"SC";101;143;"ITAPEMA";"Ultrapassagem Indevida";"Colisão lateral mesmo sentido";"Com Vítimas Feridas";"Plena Noite";"Crescente";"Nublado";"Dupla";"Reta";"Sim";2;0;1;0;1;0;1;2;-27,06436;-48,59599405;"SPRF-SC";"DEL04-SC";"UOP03-DEL04-SC"
578240;2024-01-31;"quarta-feira";"18:20:00";"SP";116;217;"GUARULHOS";"Ausência de reação do condutor";"Tombamento";"Com Vítimas Feridas";"Pleno dia";"Decrescente";"Chuva";"Múltipla";"Reta";"Sim";1;0;0;1;0;0;1;1;-23,45423824;-46,47119028;"SPRF-SP";"DEL01-SP";"UOP01-DEL01-SP"
578241;2024-01-31;"quarta-feira";"19:50:00";"RJ";101;323;"NITEROI";"Chuva";"Tombamento";"Com Vítimas Feridas";"Plena Noite";"Decrescente";"Nublado";"Dupla";"Reta";"Sim";2;0;1;0;1;0;1;1;-22,87684786;-43,11728689;"SPRF-RJ";"DEL02-RJ";"UOP01-DEL02-RJ"
578242;2024-01-31;"quarta-feira";"20:00:00";"AL";316;66;"MARAVILHA";"Animais na Pista";"Atropelamento de Animal";"Com Vítimas Feridas";"Plena Noite";"Crescente";"Céu Claro";"Simples";"Reta";"Não";1;0;1;0;0;0;1;1;-9,27626582;-37,38455788;"SPRF-AL";"DEL03-AL";"UOP02-DEL03-AL"
578243;2024-01-31;"quarta-feira";"19:30:00";"PA";10;323,1;"SAO MIGUEL DO GUAMA";"Reação tardia ou ineficiente do condutor";"Colisão traseira";"Com Vítimas Feridas";"Plena Noite";"Decrescente";"Céu Claro";"Simples";"Reta";"Sim";3;0;1;1;1;0;2;2;-1,61088202;-47,48281005;"SPRF-PA";"DEL01-PA";"UOP02-DEL01-PA"
578246;2024-01-31;"quarta-feira";"18:30:00";"BA";101;588;"CAMACAN";"Pedestre andava na pista";"Atropelamento de Pedestre";"Com Vítimas Fatais";"Plena Noite";"Crescente";"Céu Claro";"Simples";"Reta";"Sim";2;1;0;0;1;0;0;2;-15,57185184;-39,40626224;"SPRF-BA";"DEL05-BA";"UOP02-DEL05-BA"
578247;2024-01-31;"quarta-feira";"19:19:00";"PE";408;51;"NAZARE DA MATA";"Ingestão de álcool pelo condutor";"Colisão lateral sentido oposto";"Com Vítimas Feridas";"Plena Noite";"Crescente";"Céu Claro";"Simples";"Reta";"Sim";3;0;1;1;1;0;2;2;-7,73723901;-35,23503603;"SPRF-PE";"DEL01-PE";"UOP02-DEL01-PE"
578248;2024-01-31;"quarta-feira";"20:00:00";"PR";476;118,9;"COLOMBO";"Condutor desrespeitou a iluminação vermelha do semáforo";"Colisão transversal";"Com Vítimas Feridas";"Plena Noite";"Decrescente";"Nublado";"Dupla";"Reta;Declive;Interseção de Via";"Sim";2;0;1;0;0;1;1;2;-25,364657;-49,186103;"SPRF-PR";"DEL01-PR";"UOP01-DEL01-PR"
578250;2024-01-31;"quarta-feira";"16:00:00";"MG";116;213;"CATUJI";"Avarias e/ou desgaste excessivo no pneu";"Colisão traseira";"Com Vítimas Feridas";"Pleno dia";"Decrescente";"Nublado";"Dupla";"Aclive";"Não";4;0;3;0;0;1;3;2;-17,34977183;-41,53202462;"SPRF-MG";"DEL11-MG";"UOP01-DEL11-MG"
578251;2024-01-31;"quarta-feira";"20:10:00";"RN";226;4;"NATAL";"Acessar a via sem observar a presença dos outros veículos";"Colisão transversal";"Com Vítimas Feridas";"Plena Noite";"Crescente";"Céu Claro";"Simples";"Reta";"Sim";4;0;2;0;2;0;2;2;-5,81958019;-35,25969486;"SPRF-RN";"DEL01-RN";"UOP02-DEL01-RN"
578252;2024-01-31;"quarta-feira";"18:07:00";"RO";364;11,2;"VILHENA";"Acessar a via sem observar a presença dos outros veículos";"Colisão transversal";"Com Vítimas Feridas";"Anoitecer";"Crescente";"Céu Claro";"Simples";"Rotatória";"Não";3;0;1;0;2;0;1;2;-12,74605898;-60,11270299;"SPRF-RO";"DEL04-RO";"UOP01-DEL04-RO"
578253;2024-01-31;"quarta-feira";"15:50:00";"RO";435;87;"COLORADO DO OESTE";"Conversão proibida";"Colisão transversal";"Com Vítimas Feridas";"Pleno dia";"Crescente";"Céu Claro";"Simples";"Reta";"Sim";2;0;1;0;1;0;1;2;-13,12694915;-60,54413734;"SPRF-RO";"DEL04-RO";"UOP02-DEL04-RO"
578254;2024-01-31;"quarta-feira";"21:30:00";"SC";101;211,3;"PALHOCA";"Demais falhas mecânicas ou elétricas";"Tombamento";"Com Vítimas Feridas";"Plena Noite";"Decrescente";"Céu Claro";"Dupla";"Reta";"Não";2;0;2;0;0;0;2;1;-27,62329313;-48,65245588;"SPRF-SC";"DEL01-SC";"UOP02-DEL01-SC"
578255;2024-01-31;"quarta-feira";"20:50:00";"RJ";116;181;"NOVA IGUACU";"Chuva";"Queda de ocupante de veículo";"Com Vítimas Feridas";"Plena Noite";"Crescente";"Garoa/Chuvisco";"Múltipla";"Reta";"Não";1;0;1;0;0;0;1;1;-22,761312;-43,423492;"SPRF-RJ";"DEL06-RJ";"UOP01-DEL06-RJ"
578256;2024-01-31;"quarta-feira";"21:40:00";"SP";116;219;"GUARULHOS";"Trafegar com motocicleta (ou similar) entre as faixas";"Colisão lateral mesmo sentido";"Com Vítimas Feridas";"Plena Noite";"Decrescente";"Nublado";"Múltipla";"Reta;Em Obras                 ";"Sim";3;0;1;0;2;0;1;3;-23,46143954;-46,48885316;"SPRF-SP";"DEL01-SP";"UOP01-DEL01-SP"
578257;2024-01-15;"segunda-feira";"12:10:00";"SP";381;58;"MAIRIPORA";"Reação tardia ou ineficiente do condutor";"Colisão lateral mesmo sentido";"Com Vítimas Feridas";"Pleno dia";"Decrescente";"Céu Claro";"Dupla";"Reta";"Não";2;0;1;0;1;0;1;2;-23,27438497;-46,58530615;"SPRF-SP";"DEL03-SP";"UOP01-DEL03-SP"
578262;2024-01-31;"quarta-feira";"21:15:00";"MG";50;78;"UBERLANDIA";"Ingestão de álcool pelo condutor";"Colisão com objeto";"Sem Vítimas";"Plena Noite";"Decrescente";"Céu Claro";"Dupla";"Reta";"Não";1;0;0;0;1;0;0;1;-18,944611;-48,219422;"SPRF-MG";"DEL15-MG";"UOP01-DEL15-MG"
578263;2024-01-31;"quarta-feira";"20:35:00";"RS";471;645;"SANTA VITORIA DO PALMAR";"Demais falhas mecânicas ou elétricas";"Saída de leito carroçável";"Sem Vítimas";"Plena Noite";"Decrescente";"Céu Claro";"Simples";"Reta";"Não";1;0;0;0;1;0;0;1;-33,44207;-53,260151;"SPRF-RS";"DEL07-RS";"UOP04-DEL07-RS"
578265;2024-01-31;"quarta-feira";"22:00:00";"MA";316;260;"SANTA INES";"Acessar a via sem observar a presença dos outros veículos";"Colisão transversal";"Com Vítimas Feridas";"Plena Noite";"Crescente";"Chuva";"Simples";"Reta;Interseção de Vias       ";"Sim";3;0;2;0;1;0;2;2;-3,669811;-45,394978;"SPRF-MA";"DEL02-MA";"UOP01-DEL02-MA"
578266;2024-01-31;"quarta-feira";"22:25:00";"MS";267;32,1;"BATAGUASSU";"Mal súbito do condutor";"Tombamento";"Com Vítimas Feridas";"Plena Noite";"Decrescente";"Céu Claro";"Simples";"Aclive";"Não";1;0;1;0;0;0;1;1;-21,73094727;-52,44889984;"SPRF-MS";"DEL02-MS";"UOP04-DEL02-MS"
578271;2024-01-31;"quarta-feira";"21:20:00";"RJ";101;423;"MANGARATIBA";"Demais falhas mecânicas ou elétricas";"Incêndio";"Sem Vítimas";"Plena Noite";"Decrescente";"Garoa/Chuvisco";"Simples";"Reta";"Não";1;0;0;0;1;0;0;1;-22,91801286;-43,94820686;"SPRF-RJ";"DEL03-RJ";"UOP02-DEL03-RJ"
578272;2024-01-31;"quarta-feira";"22:00:00";"SC";101;277,8;"IMBITUBA";"Ingestão de álcool pelo condutor";"Tombamento";"Com Vítimas Feridas";"Plena Noite";"Decrescente";"Nublado";"Múltipla";"Reta";"Sim";1;0;1;0;0;0;1;1;-28,15478103;-48,69265474;"SPRF-SC";"DEL02-SC";"UOP03-DEL02-SC"
578273;2024-02-01;"quinta-feira";"00:20:00";"PR";277;10;"PARANAGUA";"Reação tardia ou ineficiente do condutor";"Saída de leito carroçável";"Com Vítimas Feridas";"Plena Noite";"Crescente";"Céu Claro";"Dupla";"Reta";"Não";1;0;1;0;0;0;1;1;-25,568198;-48,615292;"SPRF-PR";"DEL01-PR";"UOP05-DEL01-PR"
578276;2024-02-01;"quinta-feira";"01:00:00";"PB";230;511;"CAJAZEIRAS";"Ausência de reação do condutor";"Saída de leito carroçável";"Com Vítimas Feridas";"Plena Noite";"Decrescente";"Céu Claro";"Simples";"Reta";"Não";1;0;1;0;0;0;1;1;-6,8893;-38,5959;"SPRF-PB";"DEL03-PB";"UOP03-DEL03-PB"
578278;2024-02-01;"quinta-feira";"03:10:00";"SC";101;134;"BALNEARIO CAMBORIU";"Ingestão de álcool pelo condutor";"Colisão com objeto";"Sem Vítimas";"Plena Noite";"Crescente";"Céu Claro";"Dupla";"Interseção de Vias;Retorno Reg";"Sim";1;0;0;0;1;0;0;1;-27,00218;-48,636433;"SPRF-SC";"DEL04-SC";"UOP03-DEL04-SC"
578281;2024-02-01;"quinta-feira";"04:50:00";"SC";101;218,4;"PALHOCA";"Velocidade Incompatível";"Colisão com objeto";"Com Vítimas Feridas";"Plena Noite";"Crescente";"Céu Claro";"Dupla";"Em Obras";"Não";1;0;0;1;0;0;1;1;-27,6758601;-48,67052525;"SPRF-SC";"DEL01-SC";"UOP02-DEL01-SC"
578282;2024-02-01;"quinta-feira";"05:20:00";"RS";101;0,2;"TORRES";"Condutor Dormindo";"Colisão com objeto";"Sem Vítimas";"Amanhecer";"Crescente";"Céu Claro";"Dupla";"Reta";"Sim";1;0;0;0;1;0;0;1;-29,299099;-49,769608;"SPRF-RS";"DEL03-RS";"UOP02-DEL03-RS"
578283;2024-02-01;"quinta-feira";"03:45:00";"SE";101;128;"ESTANCIA";"Animais na Pista";"Atropelamento de Animal";"Com Vítimas Feridas";"Plena Noite";"Decrescente";"Céu Claro";"Dupla";"Reta";"Não";3;0;1;0;2;0;1;1;-11,08080596;-37,36741006;"SPRF-SE";"DEL02-SE";"UOP01-DEL02-SE"
578287;2024-01-31;"quarta-feira";"18:30:00";"MG";40;635,6;"CONSELHEIRO LAFAIETE";"Ausência de reação do condutor";"Saída de leito carroçável";"Com Vítimas Feridas";"Plena Noite";"Crescente";"Chuva";"Simples";"Curva";"Não";1;0;0;1;0;0;1;1;-20,70618091;-43,79271811;"SPRF-MG";"DEL05-MG";"UOP02-DEL05-MG"
578288;2024-01-31;"quarta-feira";"21:40:00";"BA";330;823,5;"JITAUNA";"Animais na Pista";"Atropelamento de Animal";"Com Vítimas Feridas";"Plena Noite";"Crescente";"Céu Claro";"Simples";"Reta";"Não";2;0;0;1;1;0;1;2;-14,0400091;-39,82475607;"SPRF-BA";"DEL03-BA";"UOP01-DEL03-BA"
578289;2024-02-01;"quinta-feira";"05:40:00";"PI";343;13;"PARNAIBA";"Reação tardia ou ineficiente do condutor";"Colisão com objeto";"Sem Vítimas";"Amanhecer";"Crescente";"Chuva";"Dupla";"Interseção de Vias";"Não";1;0;0;0;0;1;0;1;-2,919029;-41,754124;"SPRF-PI";"DEL05-PI";"UOP01-DEL05-PI"
578290;2024-02-01;"quinta-feira";"00:00:00";"SC";101;80;"ARAQUARI";"Chuva";"Saída de leito carroçável";"Com Vítimas Feridas";"Plena Noite";"Decrescente";"Chuva";"Dupla";"Reta";"Não";1;0;1;0;0;0;1;1;-26,59718753;-48,72324407;"SPRF-SC";"DEL03-SC";"UOP02-DEL03-SC"
578291;2024-01-31;"quarta-feira";"22:05:00";"SP";153;55,8;"SAO JOSE DO RIO PRETO";"Ausência de reação do condutor";"Saída de leito carroçável";"Sem Vítimas";"Plena Noite";"Decrescente";"Chuva";"Múltipla";"Reta";"Sim";1;0;0;0;0;1;0;1;-20,75321697;-49,34260108;"SPRF-SP";"DEL09-SP";"UOP01-DEL09-SP"
578292;2024-02-01;"quinta-feira";"05:20:00";"PE";428;190,8;"PETROLINA";"Condutor desrespeitou a iluminação vermelha do semáforo";"Colisão transversal";"Com Vítimas Feridas";"Amanhecer";"Decrescente";"Céu Claro";"Dupla";"Interseção de Vias;Viaduto    ";"Sim";2;0;1;0;1;0;1;2;-9,37605965;-40,49382106;"SPRF-PE";"DEL06-PE";"UOP01-DEL06-PE"
578293;2024-02-01;"quinta-feira";"05:40:00";"SP";116;210;"GUARULHOS";"Reação tardia ou ineficiente do condutor";"Colisão lateral mesmo sentido";"Com Vítimas Feridas";"Pleno dia";"Crescente";"Nublado";"Múltipla";"Aclive;Reta                   ";"Sim";2;0;1;0;1;0;1;2;-23,42870023;-46,41085991;"SPRF-SP";"DEL01-SP";"UOP01-DEL01-SP"
578294;2024-01-31;"quarta-feira";"04:30:00";"AL";423;94;"DELMIRO GOUVEIA";"Ultrapassagem Indevida";"Colisão frontal";"Com Vítimas Fatais";"Plena Noite";"Crescente";"Céu Claro";"Simples";"Declive";"Não";4;1;0;0;3;0;0;2;-9,37261832;-38,10588787;"SPRF-BA";"DEL07-BA";"UOP01-DEL07-BA"
578295;2024-01-31;"quarta-feira";"21:00:00";"RJ";40;68;"PETROPOLIS";"Velocidade Incompatível";"Capotamento";"Com Vítimas Feridas";"Plena Noite";"Decrescente";"Chuva";"Dupla";"Curva";"Não";1;0;1;0;0;0;1;1;-22,4381808;-43,18488009;"SPRF-RJ";"DEL05-RJ";"UOP02-DEL05-RJ"
578296;2024-02-01;"quinta-feira";"06:20:00";"SP";116;208,2;"GUARULHOS";"Trafegar com motocicleta (ou similar) entre as faixas";"Colisão traseira";"Com Vítimas Feridas";"Pleno dia";"Crescente";"Sol";"Múltipla";"Reta";"Não";2;0;1;0;1;0;1;2;-23,42222263;-46,3932771;"SPRF-SP";"DEL01-SP";"UOP01-DEL01-SP"
578297;2024-02-01;"quinta-feira";"06:30:00";"MG";116;588;"MANHUACU";"Ausência de reação do condutor";"Saída de leito carroçável";"Sem Vítimas";"Pleno dia";"Crescente";"Céu Claro";"Simples";"Reta;Interseção de Vias;Rotató";"Sim";1;0;0;0;0;1;0;1;-20,24647197;-42,153177;"SPRF-MG";"DEL06-MG";"UOP03-DEL06-MG"
578298;2024-02-01;"quinta-feira";"06:30:00";"DF";20;3,5;"BRASILIA";"Demais falhas mecânicas ou elétricas";"Colisão com objeto";"Sem Vítimas";"Pleno dia";"Decrescente";"Chuva";"Múltipla";"Declive;Ponte                 ";"Sim";3;0;0;0;3;0;0;1;-15,679851;-47,832211;"SPRF-DF";"DEL02-DF";"UOP01-DEL02-DF"
578299;2024-02-01;"quinta-feira";"06:40:00";"AL";316;257,4;"PILAR";"Reação tardia ou ineficiente do condutor";"Colisão traseira";"Com Vítimas Fatais";"Pleno dia";"Crescente";"Nublado";"Simples";"Reta";"Não";3;1;0;0;1;1;0;3;-9,59111036;-35,93216002;"SPRF-AL";"DEL02-AL";"UOP01-DEL02-AL"
578305;2024-02-01;"quinta-feira";"06:50:00";"PR";376;621;"SAO JOSE DOS PINHAIS";"Trafegar com motocicleta (ou similar) entre as faixas";"Tombamento";"Com Vítimas Feridas";"Amanhecer";"Decrescente";"Céu Claro";"Dupla";"Aclive;Reta                   ";"Não";1;0;1;0;0;0;1;1;-25,61784348;-49,16884482;"SPRF-PR";"DEL01-PR";"UOP04-DEL01-PR"
578306;2024-02-01;"quinta-feira";"07:40:00";"PE";101;78;"RECIFE";"Manobra de mudança de faixa";"Tombamento";"Com Vítimas Feridas";"Pleno dia";"Crescente";"Chuva";"Dupla";"Reta;Aclive                   ";"Sim";3;0;2;0;1;0;2;2;-8,135542;-34,947602;"SPRF-PE";"DEL01-PE";"UOP01-DEL01-PE"
578307;2024-02-01;"quinta-feira";"07:55:00";"PR";369;155,2;"LONDRINA";"Ausência de reação do condutor";"Colisão traseira";"Com Vítimas Feridas";"Pleno dia";"Decrescente";"Céu Claro";"Dupla";"Em Obras;Reta                 ";"Sim";2;0;1;0;1;0;1;2;-23,29392;-51,21656;"SPRF-PR";"DEL07-PR";"UOP01-DEL07-PR"
578308;2024-02-01;"quinta-feira";"07:40:00";"MG";50;173,8;"UBERABA";"Reação tardia ou ineficiente do condutor";"Saída de leito carroçável";"Com Vítimas Feridas";"Pleno dia";"Crescente";"Céu Claro";"Dupla";"Reta";"Não";2;0;2;0;0;0;2;1;-19,7624352;-47,97701547;"SPRF-MG";"DEL13-MG";"UOP01-DEL13-MG"
578310;2024-02-01;"quinta-feira";"06:50:00";"MG";116;531,2;"CARATINGA";"Animais na Pista";"Atropelamento de Animal";"Com Vítimas Feridas";"Pleno dia";"Decrescente";"Céu Claro";"Simples";"Curva";"Não";1;0;1;0;0;0;1;1;-19,81937899;-42,13692704;"SPRF-MG";"DEL06-MG";"UOP02-DEL06-MG"
578311;2024-02-01;"quinta-feira";"08:00:00";"PR";376;186,1;"SARANDI";"Condutor deixou de manter distância do veículo da frente";"Engavetamento";"Com Vítimas Feridas";"Pleno dia";"Decrescente";"Céu Claro";"Dupla";"Reta";"Sim";4;0;0;1;3;0;1;4;-23,45147413;-51,85361808;"SPRF-PR";"DEL09-PR";"UOP01-DEL09-PR"
578313;2024-02-01;"quinta-feira";"07:10:00";"RS";470;227;"GARIBALDI";"Acessar a via sem observar a presença dos outros veículos";"Colisão transversal";"Com Vítimas Feridas";"Pleno dia";"Decrescente";"Sol";"Simples";"Em Obras;Interseção de Vias;Cu";"Sim";2;0;1;0;1;0;1;2;-29,21657705;-51,51722624;"SPRF-RS";"DEL06-RS";"UOP01-DEL06-RS"
578314;2024-02-01;"quinta-feira";"06:40:00";"RJ";101;87,3;"CAMPOS DOS GOYTACAZES";"Velocidade Incompatível";"Capotamento";"Com Vítimas Feridas";"Pleno dia";"Decrescente";"Chuva";"Dupla";"Curva";"Não";1;0;1;0;0;0;1;1;-21,82626899;-41,49641201;"SPRF-RJ";"DEL08-RJ";"UOP02-DEL08-RJ"
578316;2024-02-01;"quinta-feira";"08:21:00";"CE";116;6;"FORTALEZA";"Acessar a via sem observar a presença dos outros veículos";"Colisão traseira";"Com Vítimas Feridas";"Pleno dia";"Crescente";"Céu Claro";"Dupla";"Reta";"Sim";2;0;1;0;1;0;1;2;-3,802624;-38,50400499;"SPRF-CE";"DEL01-CE";"UOP02-DEL01-CE"
578317;2024-02-01;"quinta-feira";"07:50:00";"SC";101;234,2;"PALHOCA";"Demais falhas mecânicas ou elétricas";"Incêndio";"Sem Vítimas";"Pleno dia";"Decrescente";"Céu Claro";"Dupla";"Curva;Aclive                  ";"Não";1;0;0;0;1;0;0;1;-27,81043812;-48,63537111;"SPRF-SC";"DEL01-SC";"UOP02-DEL01-SC"
578319;2024-02-01;"quinta-feira";"05:30:00";"RJ";116;124;"RIO DE JANEIRO";"Acesso irregular";"Colisão transversal";"Com Vítimas Feridas";"Amanhecer";"Crescente";"Céu Claro";"Dupla";"Reta";"Sim";3;0;2;0;1;0;2;2;-22,81052306;-43,288697;"SPRF-RJ";"DEL04-RJ";"UOP02-DEL04-RJ"
578320;2024-02-01;"quinta-feira";"08:40:00";"PE";101;104;"CABO DE SANTO AGOSTINHO";"Condutor Dormindo";"Saída de leito carroçável";"Com Vítimas Feridas";"Pleno dia";"Crescente";"Garoa/Chuvisco";"Dupla";"Curva";"Sim";1;0;1;0;0;0;1;1;-8,29739778;-35,06293971;"SPRF-PE";"DEL01-PE";"UOP03-DEL01-PE"
578323;2024-02-01;"quinta-feira";"07:50:00";"PR";476;116,4;"COLOMBO";"Ausência de reação do condutor";"Colisão lateral mesmo sentido";"Com Vítimas Feridas";"Pleno dia";"Decrescente";"Céu Claro";"Dupla";"Reta";"Sim";2;0;1;1;0;0;2;2;-25,34996;-49,16642;"SPRF-PR";"DEL01-PR";"UOP01-DEL01-PR"
578325;2024-02-01;"quinta-feira";"07:30:00";"MA";135;15;"SAO LUIS";"Reação tardia ou ineficiente do condutor";"Colisão traseira";"Sem Vítimas";"Pleno dia";"Crescente";"Céu Claro";"Dupla";"Reta";"Sim";2;0;0;0;1;1;0;2;-2,69540095;-44,30511707;"SPRF-MA";"DEL01-MA";"UOP01-DEL01-MA"
578329;2024-02-01;"quinta-feira";"09:00:00";"SC";282;2;"FLORIANOPOLIS";"Trafegar com motocicleta (ou similar) entre as faixas";"Colisão lateral mesmo sentido";"Com Vítimas Feridas";"Pleno dia";"Decrescente";"Céu Claro";"Múltipla";"Reta";"Não";2;0;1;0;1;0;1;2;-27,603289;-48,590416;"SPRF-SC";"DEL01-SC";"UOP01-DEL01-SC"
578330;2024-01-05;"sexta-feira";"02:20:00";"MG";365;265,3;"JOAO PINHEIRO";"Acessar a via sem observar a presença dos outros veículos";"Colisão frontal";"Com Vítimas Feridas";"Plena Noite";"Crescente";"Céu Claro";"Simples";"Reta";"Não";6;0;2;4;0;0;6;2;-17,87662343;-45,53295493;"SPRF-MG";"DEL10-MG";"UOP02-DEL010-MG"
578331;2024-02-01;"quinta-feira";"09:10:00";"SP";153;347;"OURINHOS";"Objeto estático sobre o leito carroçável";"Tombamento";"Com Vítimas Feridas";"Pleno dia";"Decrescente";"Céu Claro";"Dupla";"Reta";"Não";1;0;1;0;0;0;1;1;-22,99501629;-49,90483342;"SPRF-SP";"DEL07-SP";"UOP03-DEL07-SP"
578332;2024-02-01;"quinta-feira";"09:50:00";"RS";116;242;"SAO LEOPOLDO";"Condutor deixou de manter distância do veículo da frente";"Colisão traseira";"Com Vítimas Feridas";"Pleno dia";"Decrescente";"Céu Claro";"Dupla";"Reta";"Sim";2;0;1;0;1;0;1;2;-29,72297087;-51,14858729;"SPRF-RS";"DEL01-RS";"UOP02-DEL01-RS"
578335;2024-01-28;"domingo";"03:30:00";"RJ";493;0,5;"ITABORAI";"Iluminação deficiente";"Atropelamento de Pedestre";"Com Vítimas Feridas";"Plena Noite";"Decrescente";"Céu Claro";"Simples";"Reta";"Sim";2;0;0;1;1;0;1;2;-22,77062;-42,92223;"SPRF-RJ";"DEL02-RJ";"UOP02-DEL02-RJ"
578337;2024-02-01;"quinta-feira";"09:50:00";"PE";104;20,3;"TAQUARITINGA DO NORTE";"Acessar a via sem observar a presença dos outros veículos";"Colisão transversal";"Com Vítimas Feridas";"Pleno dia";"Crescente";"Céu Claro";"Simples";"Reta";"Sim";2;0;0;1;1;0;1;2;-7,96734432;-36,11676975;"SPRF-PE";"DEL02-PE";"UOP01-DEL02-PE"
578339;2024-02-01;"quinta-feira";"07:10:00";"ES";262;97;"DOMINGOS MARTINS";"Ultrapassagem Indevida";"Colisão traseira";"Sem Vítimas";"Pleno dia";"Crescente";"Céu Claro";"Simples";"Reta";"Não";2;0;0;0;0;2;0;2;-20,361035;-41,074649;"SPRF-ES";"DEL01-ES";"UOP02-DEL01-ES"
578340;2024-02-01;"quinta-feira";"10:02:00";"PE";101;61,7;"RECIFE";"Acumulo de óleo sobre o pavimento";"Tombamento";"Com Vítimas Feridas";"Pleno dia";"Crescente";"Sol";"Múltipla";"Curva";"Sim";1;0;0;1;0;0;1;1;-7,99097103;-34,93598295;"SPRF-PE";"DEL01-PE";"UOP02-DEL01-PE"
578342;2024-02-01;"quinta-feira";"10:20:00";"RN";304;296;"MACAIBA";"Mal súbito do condutor";"Colisão frontal";"Com Vítimas Feridas";"Pleno dia";"Decrescente";"Céu Claro";"Simples";"Declive;Reta                  ";"Sim";7;0;3;0;4;0;3;4;-5,86522;-35,35213;"SPRF-RN";"DEL01-RN";"UOP02-DEL01-RN"