"id";"data_inversa";"dia_semana";"horario";"uf";"br";"km";"municipio";"causa_acidente";"tipo_acidente";"classificacao_acidente";"fase_dia";"sentido_via";"condicao_metereologica";"tipo_pista";"tracado_via";"uso_solo";"pessoas";"mortos";"feridos_leves";"feridos_graves";"ilesos";"ignorados";"feridos";"veiculos";"latitude";"longitude";"regional";"delegacia";"uop"
578452;2024-02-01;"quinta-feira";"21:45:00";"MT";70;1,6;"BARRA DO GARCAS";"Conversão proibida";"Colisão transversal";"Com Vítimas Feridas";"Plena Noite";"Crescente";"Chuva";"Dupla";"Aclive;Reta                   ";"Sim";2;0;1;0;1;0;1;2;-15,88749699;-52,26810568;"SPRF-MT";"DEL07-MT";"UOP01-DEL07-MT"
578453;2024-02-01;"quinta-feira";"19:55:00";"GO";60;14,4;"SANTO ANTONIO DO DESCOBERTO";"Animais na Pista";"Atropelamento de Animal";"Com Vítimas Feridas";"Pleno dia";"Crescente";"Nublado";"Dupla";"Curva;Aclive                  ";"Não";2;0;1;0;1;0;1;1;-16,110269;-48,35578;"SPRF-DF";"DEL03-DF";"UOP01-DEL03-DF"
578454;2024-02-01;"quinta-feira";"22:45:00";"TO";153;570;"SANTA RITA DO TOCANTINS";"Pedestre andava na pista";"Atropelamento de Pedestre";"Com Vítimas Feridas";"Plena Noite";"Crescente";"Nublado";"Simples";"Reta";"Não";2;0;0;1;0;1;1;2;-10,82855598;-48,90383333;"SPRF-TO";"DEL01-TO";"UOP01-DEL01-TO"
578455;2024-02-01;"quinta-feira";"22:35:00";"BA";101;715,4;"EUNAPOLIS";"Transitar na contramão";"Colisão frontal";"Com Vítimas Feridas";"Plena Noite";"Crescente";"Céu Claro";"Simples";"Reta";"Sim";6;0;4;1;0;1;5;2;-16,357628;-39,579387;"SPRF-BA";"DEL09-BA";"UOP01-DEL09-BA"
578456;2024-02-01;"quinta-feira";"19:20:00";"ES";101;398;"ITAPEMIRIM";"Demais Fenômenos da natureza";"Colisão com objeto";"Com Vítimas Feridas";"Plena Noite";"Decrescente";"Chuva";"Simples";"Reta";"Não";1;0;1;0;0;0;1;1;-20,87530245;-40,95792915;"SPRF-ES";"DEL03-ES";"UOP02-DEL03-ES"
578457;2024-02-01;"quinta-feira";"18:30:00";"MG";381;510;"SAO JOAQUIM DE BICAS";"Condutor deixou de manter distância do veículo da frente";"Engavetamento";"Com Vítimas Feridas";"Anoitecer";"Crescente";"Céu Claro";"Múltipla";"Reta";"Sim";3;0;1;0;0;2;1;3;-20,05883377;-44,29069519;"SPRF-MG";"DEL01-MG";"UOP03-DEL01-MG"
578458;2024-02-01;"quinta-feira";"19:20:00";"RS";470;227;"GARIBALDI";"Ausência de reação do condutor";"Saída de leito carroçável";"Com Vítimas Feridas";"Pleno dia";"Decrescente";"Céu Claro";"Dupla";"Reta";"Sim";1;0;1;0;0;0;1;1;-29,21657705;-51,51722624;"SPRF-RS";"DEL06-RS";"UOP01-DEL06-RS"
578460;2024-02-01;"quinta-feira";"22:30:00";"SC";101;414,9;"ARARANGUA";"Avarias e/ou desgaste excessivo no pneu";"Colisão com objeto";"Com Vítimas Feridas";"Plena Noite";"Decrescente";"Céu Claro";"Dupla";"Curva";"Sim";1;0;1;0;0;0;1;1;-28,95360392;-49,50985011;"SPRF-SC";"DEL02-SC";"UOP02-DEL02-SC"
578462;2024-02-01;"quinta-feira";"19:00:00";"PA";230;93,9;"SAO JOAO DO ARAGUAIA";"Acessar a via sem observar a presença dos outros veículos";"Colisão transversal";"Com Vítimas Feridas";"Plena Noite";"Decrescente";"Nublado";"Simples";"Reta;Aclive                   ";"Não";2;0;0;1;0;1;1;2;-5,44787864;-48,90256682;"SPRF-PA";"DEL03-PA";"UOP01-DEL03-PA"
578463;2024-02-01;"quinta-feira";"23:30:00";"GO";153;505,6;"APARECIDA DE GOIANIA";"Ausência de reação do condutor";"Saída de leito carroçável";"Com Vítimas Feridas";"Plena Noite";"Decrescente";"Céu Claro";"Simples";"Reta";"Sim";1;0;1;0;0;0;1;1;-16,7537;-49,2411;"SPRF-GO";"DEL01-GO";"UOP01-DEL01-GO"
578465;2024-02-02;"sexta-feira";"00:10:00";"SC";101;213,7;"PALHOCA";"Desrespeitar a preferência no cruzamento";"Colisão transversal";"Com Vítimas Feridas";"Plena Noite";"Decrescente";"Céu Claro";"Múltipla";"Reta;Interseção de Vias       ";"Sim";2;0;1;0;0;1;1;2;-27,63697369;-48,66514142;"SPRF-SC";"DEL01-SC";"UOP02-DEL01-SC"
578466;2024-02-01;"quinta-feira";"17:30:00";"SP";116;210;"GUARULHOS";"Frear bruscamente";"Tombamento";"Com Vítimas Feridas";"Pleno dia";"Crescente";"Garoa/Chuvisco";"Múltipla";"Reta";"Sim";2;0;1;0;1;0;1;2;-23,42870023;-46,41085991;"SPRF-SP";"DEL01-SP";"UOP01-DEL01-SP"
578467;2024-02-02;"sexta-feira";"00:45:00";"SP";116;275,4;"TABOAO DA SERRA";"Entrada inopinada do pedestre";"Tombamento";"Com Vítimas Feridas";"Plena Noite";"Decrescente";"Nublado";"Dupla";"Reta";"Sim";2;0;2;0;0;0;2;1;-23,63638826;-46,83251584;"SPRF-SP";"DEL04-SP";"UOP01-DEL04-SP"
578468;2024-02-02;"sexta-feira";"01:15:00";"RJ";116;185;"NOVA IGUACU";"Ausência de reação do condutor";"Tombamento";"Com Vítimas Feridas";"Plena Noite";"Decrescente";"Nublado";"Múltipla";"Reta";"Não";1;0;1;0;0;0;1;1;-22,74151051;-43,45351823;"SPRF-RJ";"DEL06-RJ";"UOP01-DEL06-RJ"
578472;2024-02-02;"sexta-feira";"03:25:00";"SC";470;52,7;"BLUMENAU";"Chuva";"Tombamento";"Com Vítimas Feridas";"Plena Noite";"Crescente";"Chuva";"Dupla";"Interseção de Vias;Em Obras   ";"Não";1;0;1;0;0;0;1;1;-26,86524343;-49,0996711;"SPRF-SC";"DEL04-SC";"UOP01-DEL04-SC"
578473;2024-02-02;"sexta-feira";"03:00:00";"PR";277;727;"FOZ DO IGUACU";"Pedestre andava na pista";"Atropelamento de Pedestre";"Com Vítimas Fatais";"Plena Noite";"Crescente";"Céu Claro";"Dupla";"Reta";"Sim";2;1;0;0;0;1;0;2;-25,51017487;-54,56454899;"SPRF-PR";"DEL05-PR";"UOP03-DEL05-PR"
578475;2024-02-02;"sexta-feira";"02:00:00";"AL";316;258;"PILAR";"Ingestão de álcool pelo condutor";"Saída de leito carroçável";"Com Vítimas Feridas";"Plena Noite";"Crescente";"Vento";"Simples";"Rotatória";"Não";1;0;1;0;0;0;1;1;-9,59138313;-35,923087;"SPRF-AL";"DEL02-AL";"UOP01-DEL02-AL"
578477;2024-02-02;"sexta-feira";"03:50:00";"BA";324;606;"SIMOES FILHO";"Ausência de reação do condutor";"Colisão com objeto";"Com Vítimas Feridas";"Pleno dia";"Decrescente";"Céu Claro";"Dupla";"Reta";"Sim";1;0;1;0;0;0;1;1;-12,79340512;-38,40485325;"SPRF-BA";"DEL01-BA";"UOP01-DEL01-BA"
578478;2024-02-02;"sexta-feira";"04:00:00";"PI";343;0,9;"TERESINA";"Ingestão de álcool pelo condutor";"Saída de leito carroçável";"Sem Vítimas";"Plena Noite";"Decrescente";"Céu Claro";"Dupla";"Reta";"Sim";1;0;0;0;1;0;0;1;-5,089569;-42,802288;"SPRF-PI";"DEL01-PI";"UOP01-DEL01-PI"
578479;2024-02-02;"sexta-feira";"04:00:00";"BA";324;587;"CANDEIAS";"Condutor Dormindo";"Saída de leito carroçável";"Com Vítimas Feridas";"Amanhecer";"Decrescente";"Nublado";"Dupla";"Reta";"Não";6;0;4;2;0;0;6;1;-12,64715411;-38,47504041;"SPRF-BA";"DEL01-BA";"UOP01-DEL01-BA"
578480;2024-02-02;"sexta-feira";"05:21:00";"RN";101;163;"CANGUARETAMA";"Manobra de mudança de faixa";"Colisão lateral mesmo sentido";"Com Vítimas Feridas";"Pleno dia";"Crescente";"Céu Claro";"Dupla";"Reta";"Não";2;0;1;0;1;0;1;2;-6,393516;-35,13976;"SPRF-RN";"DEL01-RN";"UOP01-DEL01-RN"
578481;2024-02-02;"sexta-feira";"06:10:00";"GO";60;171;"GOIANIA";"Condutor deixou de manter distância do veículo da frente";"Colisão traseira";"Com Vítimas Feridas";"Pleno dia";"Crescente";"Céu Claro";"Dupla";"Reta";"Sim";2;0;1;0;1;0;1;2;-16,7333;-49,3996;"SPRF-GO";"DEL01-GO";"UOP02-DEL01-GO"
578482;2024-02-01;"quinta-feira";"17:25:00";"RN";101;107,9;"PARNAMIRIM";"Manobra de mudança de faixa";"Colisão lateral mesmo sentido";"Com Vítimas Feridas";"Anoitecer";"Decrescente";"Céu Claro";"Dupla";"Reta";"Sim";2;0;0;1;1;0;1;2;-5,91920796;-35,26412409;"SPRF-RN";"DEL01-RN";"UOP01-DEL01-RN"
578485;2024-02-02;"sexta-feira";"05:40:00";"GO";60;100;"ANAPOLIS";"Afundamento ou ondulação no pavimento";"Queda de ocupante de veículo";"Com Vítimas Feridas";"Amanhecer";"Decrescente";"Garoa/Chuvisco";"Dupla";"Reta";"Sim";1;0;1;0;0;0;1;1;-16,3979;-48,9664;"SPRF-GO";"DEL02-GO";"UOP01-DEL02-GO"
578486;2024-02-02;"sexta-feira";"06:21:00";"CE";222;1,7;"FORTALEZA";"Condutor deixou de manter distância do veículo da frente";"Colisão traseira";"Sem Vítimas";"Pleno dia";"Decrescente";"Céu Claro";"Múltipla";"Reta";"Sim";2;0;0;0;2;0;0;2;-3,737804;-38,578061;"SPRF-CE";"DEL01-CE";"UOP01-DEL01-CE"
578487;2024-02-02;"sexta-feira";"06:40:00";"SC";101;97;"BALNEARIO PICARRAS";"Ausência de reação do condutor";"Colisão lateral mesmo sentido";"Com Vítimas Feridas";"Pleno dia";"Crescente";"Nublado";"Múltipla";"Curva";"Sim";2;0;1;0;0;1;1;2;-26,72823703;-48,70224928;"SPRF-SC";"DEL03-SC";"UOP02-DEL03-SC"
578490;2024-02-02;"sexta-feira";"07:01:00";"SP";116;515,7;"CAJATI";"Reação tardia ou ineficiente do condutor";"Capotamento";"Com Vítimas Feridas";"Amanhecer";"Decrescente";"Garoa/Chuvisco";"Dupla";"Curva";"Não";2;0;1;0;1;0;1;1;-24,86704083;-48,21738184;"SPRF-SP";"DEL05-SP";"UOP02-DEL05-SP"
578491;2024-02-02;"sexta-feira";"05:15:00";"MG";381;799,3;"SAO GONCALO DO SAPUCAI";"Pedestre cruzava a pista fora da faixa";"Atropelamento de Pedestre";"Com Vítimas Fatais";"Amanhecer";"Crescente";"Céu Claro";"Dupla";"Curva;Declive                 ";"Não";4;1;0;0;3;0;0;2;-21,97237106;-45,63123585;"SPRF-MG";"DEL16-MG";"UOP02-DEL16-MG"
578493;2024-02-02;"sexta-feira";"01:34:00";"PR";116;17;"COLOMBO";"Reação tardia ou ineficiente do condutor";"Saída de leito carroçável";"Sem Vítimas";"Plena Noite";"Decrescente";"Céu Claro";"Simples";"Reta";"Sim";1;0;0;0;0;1;0;1;-25,389;-49,1867;"SPRF-PR";"DEL01-PR";"UOP02-DEL01-PR"
578494;2024-02-02;"sexta-feira";"05:00:00";"MG";251;264;"SALINAS";"Animais na Pista";"Atropelamento de Animal";"Com Vítimas Feridas";"Amanhecer";"Crescente";"Céu Claro";"Simples";"Reta";"Não";1;0;1;0;0;0;1;1;-15,99768863;-41,97955297;"SPRF-MG";"DEL12-MG";"UOP02-DEL12-MG"
578495;2024-02-02;"sexta-feira";"07:50:00";"SC";101;41;"JOINVILLE";"Condutor deixou de manter distância do veículo da frente";"Colisão traseira";"Com Vítimas Feridas";"Pleno dia";"Decrescente";"Céu Claro";"Dupla";"Reta";"Sim";3;0;1;0;2;0;1;3;-26,28215489;-48,88973081;"SPRF-SC";"DEL03-SC";"UOP01-DEL03-SC"
578496;2024-02-01;"quinta-feira";"22:20:00";"CE";304;54;"ARACATI";"Animais na Pista";"Atropelamento de Animal";"Com Vítimas Feridas";"Plena Noite";"Crescente";"Céu Claro";"Simples";"Reta";"Sim";1;0;1;0;0;0;1;1;-4,58046268;-37,71961988;"SPRF-CE";"DEL03-CE";"UOP03-DEL03-CE"
578498;2024-02-02;"sexta-feira";"07:40:00";"MG";116;525,8;"CARATINGA";"Acessar a via sem observar a presença dos outros veículos";"Colisão transversal";"Com Vítimas Feridas";"Pleno dia";"Decrescente";"Céu Claro";"Dupla";"Reta";"Sim";2;0;1;0;1;0;1;2;-19,76833785;-42,13105238;"SPRF-MG";"DEL06-MG";"UOP02-DEL06-MG"
578501;2024-02-02;"sexta-feira";"07:10:00";"MS";262;6;"TRES LAGOAS";"Acessar a via sem observar a presença dos outros veículos";"Colisão transversal";"Com Vítimas Feridas";"Pleno dia";"Crescente";"Sol";"Dupla";"Curva;Interseção de Vias      ";"Sim";2;0;0;1;1;0;1;2;-20,78237921;-51,67197438;"SPRF-MS";"DEL07-MS";"UOP01-DEL07-MS"
578503;2024-02-02;"sexta-feira";"02:00:00";"RJ";116;146;"DUQUE DE CAXIAS";"Pista Escorregadia";"Queda de ocupante de veículo";"Com Vítimas Feridas";"Plena Noite";"Crescente";"Céu Claro";"Dupla";"Reta";"Não";2;0;1;1;0;0;2;1;-22,66687859;-43,26368215;"SPRF-RJ";"DEL01-RJ";"UOP02-DEL01-RJ"
578504;2024-02-02;"sexta-feira";"07:35:00";"PE";101;2;"GOIANA";"Condutor deixou de manter distância do veículo da frente";"Colisão traseira";"Com Vítimas Feridas";"Pleno dia";"Crescente";"Céu Claro";"Dupla";"Reta";"Não";2;0;1;0;1;0;1;2;-7,51675334;-34,99198357;"SPRF-PE";"DEL01-PE";"UOP02-DEL01-PE"
578505;2024-02-02;"sexta-feira";"08:10:00";"RN";101;98;"NATAL";"Ingestão de álcool pelo condutor";"Colisão traseira";"Sem Vítimas";"Pleno dia";"Decrescente";"Céu Claro";"Múltipla";"Viaduto";"Sim";2;0;0;0;2;0;0;2;-5,86567888;-35,21651625;"SPRF-RN";"DEL01-RN";"UOP01-DEL01-RN"
578507;2024-02-02;"sexta-feira";"07:50:00";"PR";116;40;"CAMPINA GRANDE DO SUL";"Reação tardia ou ineficiente do condutor";"Colisão com objeto";"Com Vítimas Feridas";"Pleno dia";"Decrescente";"Céu Claro";"Dupla";"Curva";"Não";4;0;1;0;3;0;1;1;-25,16445203;-48,86237697;"SPRF-PR";"DEL01-PR";"UOP02-DEL01-PR"
578508;2024-02-02;"sexta-feira";"08:00:00";"RS";293;151,6;"CANDIOTA";"Ausência de reação do condutor";"Saída de leito carroçável";"Com Vítimas Fatais";"Pleno dia";"Decrescente";"Céu Claro";"Simples";"Curva;Aclive;Desvio Temporário";"Não";3;1;0;1;0;1;1;2;-31,395278;-53,786991;"SPRF-RS";"DEL11-RS";"UOP03-DEL11-RS"
578509;2024-02-02;"sexta-feira";"05:40:00";"MG";365;364;"PRESIDENTE OLEGARIO";"Acumulo de água sobre o pavimento";"Tombamento";"Com Vítimas Feridas";"Amanhecer";"Decrescente";"Chuva";"Simples";"Reta";"Não";3;0;2;0;1;0;2;1;-18,46158508;-46,08350681;"SPRF-MG";"DEL10-MG";"UOP01-DEL10-MG"
578511;2024-02-02;"sexta-feira";"08:25:00";"RS";116;249;"SAO LEOPOLDO";"Objeto estático sobre o leito carroçável";"Colisão com objeto";"Com Vítimas Feridas";"Pleno dia";"Crescente";"Céu Claro";"Dupla";"Reta";"Sim";2;0;1;1;0;0;2;1;-29,7831804;-51,16099063;"SPRF-RS";"DEL01-RS";"UOP02-DEL01-RS"
578512;2024-02-02;"sexta-feira";"08:40:00";"GO";50;262,3;"CATALAO";"Reação tardia ou ineficiente do condutor";"Colisão traseira";"Com Vítimas Feridas";"Pleno dia";"Crescente";"Nublado";"Dupla";"Reta";"Não";6;0;4;0;2;0;4;2;-18,0438;-47,8596;"SPRF-GO";"DEL06-GO";"UOP01-DEL06-GO"
578513;2024-02-02;"sexta-feira";"08:20:00";"MG";262;367;"JUATUBA";"Acumulo de óleo sobre o pavimento";"Queda de ocupante de veículo";"Com Vítimas Feridas";"Pleno dia";"Crescente";"Nublado";"Dupla";"Reta";"Não";1;0;1;0;0;0;1;1;-19,97391261;-44,27096197;"SPRF-MG";"DEL01-MG";"UOP03-DEL01-MG"
578515;2024-02-02;"sexta-feira";"07:50:00";"RS";285;295,5;"PASSO FUNDO";"Avarias e/ou desgaste excessivo no pneu";"Tombamento";"Com Vítimas Feridas";"Pleno dia";"Decrescente";"Sol";"Simples";"Reta";"Sim";2;0;2;0;0;0;2;1;-28,231071;-52,394299;"SPRF-RS";"DEL08-RS";"UOP03-DEL08-RS"
578518;2024-02-02;"sexta-feira";"08:10:00";"MG";381;774;"CAMPANHA";"Reação tardia ou ineficiente do condutor";"Colisão lateral mesmo sentido";"Com Vítimas Feridas";"Pleno dia";"Crescente";"Nublado";"Dupla";"Curva";"Não";3;0;1;0;2;0;1;2;-21,78692906;-45,43686748;"SPRF-MG";"DEL16-MG";"UOP02-DEL16-MG"
578519;2024-01-22;"segunda-feira";"15:20:00";"MS";163;254;"DOURADOS";"Reação tardia ou ineficiente do condutor";"Colisão traseira";"Com Vítimas Feridas";"Pleno dia";"Crescente";"Céu Claro";"Dupla";"Reta";"Sim";2;0;1;0;1;0;1;2;-22,27184267;-54,81657129;"SPRF-MS";"DEL04-MS";"UOP01-DEL04-MS"
578520;2024-02-02;"sexta-feira";"08:35:00";"SP";116;229;"SAO PAULO";"Ausência de reação do condutor";"Colisão traseira";"Com Vítimas Feridas";"Pleno dia";"Crescente";"Nublado";"Múltipla";"Reta";"Não";2;0;1;0;1;0;1;2;-23,51291902;-46,57604698;"SPRF-SP";"DEL01-SP";"UOP01-DEL01-SP"
578523;2024-02-02;"sexta-feira";"08:40:00";"SC";101;428,7;"SOMBRIO";"Acessar a via sem observar a presença dos outros veículos";"Colisão transversal";"Com Vítimas Feridas";"Pleno dia";"Decrescente";"Céu Claro";"Simples";"Interseção de Vias;Curva;Decli";"Não";2;0;1;0;0;1;1;2;-29,05078628;-49,62098479;"SPRF-SC";"DEL02-SC";"UOP02-DEL02-SC"
578524;2024-02-02;"sexta-feira";"07:40:00";"SP";116;145;"SAO JOSE DOS CAMPOS";"Trafegar com motocicleta (ou similar) entre as faixas";"Queda de ocupante de veículo";"Com Vítimas Feridas";"Pleno dia";"Crescente";"Céu Claro";"Dupla";"Reta";"Não";2;0;2;0;0;0;2;1;-23,1869844;-45,8548078;"SPRF-SP";"DEL02-SP";"UOP01-DEL02-SP"
578525;2024-01-21;"domingo";"15:45:00";"MG";381;360;"JOAO MONLEVADE";"Velocidade Incompatível";"Colisão lateral mesmo sentido";"Com Vítimas Feridas";"Pleno dia";"Crescente";"Céu Claro";"Simples";"Curva;Aclive                  ";"Não";3;0;2;0;1;0;2;2;-19,83928203;-43,1928134;"SPRF-MG";"DEL03-MG";"UOP01-DEL03-MG"
578526;2024-01-20;"sábado";"20:20:00";"MS";262;346,3;"CAMPO GRANDE";"Ausência de reação do condutor";"Colisão traseira";"Com Vítimas Feridas";"Plena Noite";"Crescente";"Céu Claro";"Simples";"Reta";"Não";3;0;0;2;0;1;2;2;-20,57153364;-54,59607361;"SPRF-MS";"DEL01-MS";"UOP03-DEL01-MS"
578527;2024-01-29;"segunda-feira";"09:40:00";"RJ";101;306;"SAO GONCALO";"Ausência de reação do condutor";"Colisão traseira";"Com Vítimas Feridas";"Pleno dia";"Decrescente";"Céu Claro";"Simples";"Reta";"Sim";2;0;1;0;1;0;1;2;-22,78913759;-43,00550909;"SPRF-RJ";"DEL02-RJ";"UOP02-DEL02-RJ"
578528;2024-02-02;"sexta-feira";"10:17:00";"RS";290;59,5;"GRAVATAI";"Ausência de reação do condutor";"Colisão lateral mesmo sentido";"Com Vítimas Feridas";"Pleno dia";"Decrescente";"Céu Claro";"Dupla";"Reta";"Não";7;0;1;1;5;0;2;3;-29,922428;-50,84845;"SPRF-RS";"DEL03-RS";"UOP01-DEL03-RS"
578529;2024-02-02;"sexta-feira";"07:05:00";"SC";282;579,1;"PINHALZINHO";"Acessar a via sem observar a presença dos outros veículos";"Colisão transversal";"Com Vítimas Fatais";"Pleno dia";"Crescente";"Sol";"Simples";"Reta";"Sim";4;1;0;0;3;0;0;2;-26,843527;-52,982072;"SPRF-SC";"DEL07-SC";"UOP02-DEL07-SC"
578530;2024-02-02;"sexta-feira";"10:50:00";"SP";116;210;"GUARULHOS";"Trafegar com motocicleta (ou similar) entre as faixas";"Colisão lateral mesmo sentido";"Com Vítimas Feridas";"Pleno dia";"Crescente";"Céu Claro";"Múltipla";"Reta";"Sim";6;0;2;0;4;0;2;4;-23,42870023;-46,41085991;"SPRF-SP";"DEL01-SP";"UOP01-DEL01-SP"
578531;2024-02-02;"sexta-feira";"10:25:00";"RJ";101;401;"ITAGUAI";"Velocidade Incompatível";"Capotamento";"Com Vítimas Fatais";"Pleno dia";"Decrescente";"Nublado";"Dupla";"Reta";"Não";1;1;0;0;0;0;0;1;-22,84853075;-43,77998836;"SPRF-RJ";"DEL03-RJ";"UOP01-DEL03-RJ"
578533;2024-02-02;"sexta-feira";"10:30:00";"PR";369;90;"CORNELIO PROCOPIO";"Acessar a via sem observar a presença dos outros veículos";"Colisão transversal";"Com Vítimas Feridas";"Pleno dia";"Decrescente";"Céu Claro";"Simples";"Interseção de Vias;Curva      ";"Sim";2;0;1;0;1;0;1;2;-23,19679493;-50,65422229;"SPRF-PR";"DEL07-PR";"UOP05-DEL07-PR"
578536;2024-02-02;"sexta-feira";"10:00:00";"MG";40;426;"PARAOPEBA";"Ausência de reação do condutor";"Saída de leito carroçável";"Com Vítimas Feridas";"Pleno dia";"Decrescente";"Céu Claro";"Dupla";"Declive;Reta                  ";"Não";1;0;1;0;0;0;1;1;-19,16811528;-44,51542722;"SPRF-MG";"DEL02-MG";"UOP01-DEL02-MG"
578542;2024-02-02;"sexta-feira";"11:50:00";"SC";470;52;"BLUMENAU";"Acessar a via sem observar a presença dos outros veículos";"Colisão transversal";"Com Vítimas Feridas";"Pleno dia";"Crescente";"Céu Claro";"Simples";"Reta";"Não";2;0;1;0;1;0;1;2;-26,862286;-49,093903;"SPRF-SC";"DEL04-SC";"UOP01-DEL04-SC"
578545;2024-02-02;"sexta-feira";"12:19:00";"PI";343;2,7;"TERESINA";"Condutor deixou de manter distância do veículo da frente";"Colisão traseira";"Com Vítimas Feridas";"Pleno dia";"Crescente";"Céu Claro";"Dupla";"Rotatória";"Sim";2;0;1;0;0;1;1;2;-5,08076736;-42,7745623;"SPRF-PI";"DEL01-PI";"UOP01-DEL01-PI"
578548;2024-02-02;"sexta-feira";"12:03:00";"RN";304;298;"MACAIBA";"Manobra de mudança de faixa";"Colisão lateral mesmo sentido";"Com Vítimas Feridas";"Pleno dia";"Decrescente";"Céu Claro";"Dupla";"Reta";"Não";2;0;1;0;1;0;1;2;-5,869628;-35,327112;"SPRF-RN";"DEL01-RN";"UOP02-DEL01-RN"
578550;2024-02-02;"sexta-feira";"13:05:00";"RS";116;240;"NOVO HAMBURGO";"Ausência de reação do condutor";"Colisão traseira";"Com Vítimas Feridas";"Pleno dia";"Decrescente";"Céu Claro";"Dupla";"Aclive;Em Obras;Reta          ";"Sim";2;0;0;1;1;0;1;2;-29,70496497;-51,14676523;"SPRF-RS";"DEL01-RS";"UOP02-DEL01-RS"
578552;2024-02-02;"sexta-feira";"12:00:00";"SP";381;60;"MAIRIPORA";"Avarias e/ou desgaste excessivo no pneu";"Saída de leito carroçável";"Sem Vítimas";"Pleno dia";"Decrescente";"Chuva";"Dupla";"Aclive;Curva                  ";"Não";1;0;0;0;1;0;0;1;-23,28957673;-46,58729853;"SPRF-SP";"DEL03-SP";"UOP01-DEL03-SP"
578554;2024-02-02;"sexta-feira";"14:20:00";"MG";381;478;"CONTAGEM";"Ausência de reação do condutor";"Tombamento";"Com Vítimas Feridas";"Pleno dia";"Decrescente";"Céu Claro";"Múltipla";"Declive";"Sim";2;0;2;0;0;0;2;1;-19,95826094;-44,05921101;"SPRF-MG";"DEL01-MG";"UOP03-DEL01-MG"
578557;2024-02-02;"sexta-feira";"13:26:00";"DF";20;16;"BRASILIA";"Reação tardia ou ineficiente do condutor";"Colisão traseira";"Com Vítimas Feridas";"Pleno dia";"Crescente";"Céu Claro";"Dupla";"Reta";"Sim";2;0;1;0;1;0;1;2;-15,625675;-47,725159;"SPRF-DF";"DEL02-DF";"UOP01-DEL02-DF"
578560;2024-02-02;"sexta-feira";"13:00:00";"PB";110;53;"SAO JOSE DE ESPINHARAS";"Condutor Dormindo";"Capotamento";"Com Vítimas Feridas";"Pleno dia";"Crescente";"Céu Claro";"Simples";"Reta;Ponte                    ";"Não";1;0;0;1;0;0;1;1;-6,74089474;-37,41325276;"SPRF-PB";"DEL03-PB";"UOP01-DEL03-PB"
578561;2024-02-02;"sexta-feira";"12:29:00";"RO";319;60;"PORTO VELHO";"Manobra de mudança de faixa";"Colisão lateral mesmo sentido";"Sem Vítimas";"Pleno dia";"Decrescente";"Céu Claro";"Dupla";"Rotatória";"Não";2;0;0;0;2;0;0;2;-8,766685;-63,884052;"SPRF-RO";"DEL01-RO";"UOP01-DEL01-RO"
578562;2024-02-02;"sexta-feira";"14:20:00";"SE";235;53;"ITABAIANA";"Transitar na contramão";"Colisão transversal";"Com Vítimas Feridas";"Pleno dia";"Crescente";"Céu Claro";"Simples";"Reta";"Sim";2;0;0;1;1;0;1;2;-10,684707;-37,440544;"SPRF-SE";"DEL01-SE";"UOP02-DEL01-SE"
578565;2024-02-02;"sexta-feira";"14:20:00";"MG";381;485;"BETIM";"Manobra de mudança de faixa";"Colisão lateral mesmo sentido";"Com Vítimas Feridas";"Pleno dia";"Crescente";"Céu Claro";"Dupla";"Reta";"Sim";3;0;1;0;1;1;1;3;-19,95659361;-44,12622893;"SPRF-MG";"DEL01-MG";"UOP03-DEL01-MG"
578567;2024-02-02;"sexta-feira";"14:50:00";"GO";60;30,2;"ALEXANIA";"Ausência de reação do condutor";"Saída de leito carroçável";"Com Vítimas Feridas";"Pleno dia";"Decrescente";"Céu Claro";"Dupla";"Reta;Declive                  ";"Não";1;0;1;0;0;0;1;1;-16,0963;-48,5202;"SPRF-DF";"DEL03-DF";"UOP01-DEL03-DF"
578568;2024-02-02;"sexta-feira";"14:50:00";"RJ";40;82;"PETROPOLIS";"Reação tardia ou ineficiente do condutor";"Colisão traseira";"Com Vítimas Feridas";"Pleno dia";"Decrescente";"Nublado";"Simples";"Interseção de Vias;Rotatória  ";"Sim";3;0;2;0;1;0;2;2;-22,51183137;-43,23076171;"SPRF-RJ";"DEL01-RJ";"UOP01-DEL01-RJ"
578569;2024-02-02;"sexta-feira";"04:10:00";"GO";414;410,3;"ABADIANIA";"Velocidade Incompatível";"Saída de leito carroçável";"Sem Vítimas";"Plena Noite";"Crescente";"Nublado";"Simples";"Rotatória;Interseção de Vias  ";"Não";1;0;0;0;0;1;0;1;-16,05858626;-48,85401759;"SPRF-GO";"DEL02-GO";"UOP01-DEL02-GO"
578570;2024-02-02;"sexta-feira";"13:10:00";"RO";319;60;"PORTO VELHO";"Acessar a via sem observar a presença dos outros veículos";"Colisão transversal";"Com Vítimas Feridas";"Pleno dia";"Decrescente";"Sol";"Dupla";"Retorno Regulamentado";"Sim";3;0;1;0;2;0;1;2;-8,766685;-63,884052;"SPRF-RO";"DEL01-RO";"UOP01-DEL01-RO"
578571;2024-02-02;"sexta-feira";"15:20:00";"TO";10;461;"PALMAS";"Ausência de reação do condutor";"Saída de leito carroçável";"Com Vítimas Feridas";"Pleno dia";"Crescente";"Nublado";"Dupla";"Rotatória";"Sim";1;0;1;0;0;0;1;1;-10,17313214;-48,17139957;"SPRF-TO";"DEL01-TO";"UOP03-DEL01-TO"
578573;2024-02-02;"sexta-feira";"15:30:00";"RS";386;435;"NOVA SANTA RITA";"Acessar a via sem observar a presença dos outros veículos";"Colisão traseira";"Com Vítimas Feridas";"Pleno dia";"Decrescente";"Sol";"Dupla";"Rotatória";"Não";11;0;1;0;10;0;1;2;-29,84782813;-51,27098322;"SPRF-RS";"DEL04-RS";"UOP02-DEL04-RS"