"id";"data_inversa";"dia_semana";"horario";"uf";"br";"km";"municipio";"causa_acidente";"tipo_acidente";"classificacao_acidente";"fase_dia";"sentido_via";"condicao_metereologica";"tipo_pista";"tracado_via";"uso_solo";"pessoas";"mortos";"feridos_leves";"feridos_graves";"ilesos";"ignorados";"feridos";"veiculos";"latitude";"longitude";"regional";"delegacia";"uop"
578574;2024-02-02;"sexta-feira";"14:40:00";"PR";373;181;"PONTA GROSSA";"Retorno proibido";"Colisão transversal";"Com Vítimas Feridas";"Pleno dia";"Crescente";"Céu Claro";"Dupla";"Reta";"Sim";3;0;0;1;1;1;1;3;-25,04266233;-50,25791089;"SPRF-PR";"DEL03-PR";"UOP01-DEL03-PR"
578578;2024-02-02;"sexta-feira";"15:27:00";"PR";376;631,4;"SAO JOSE DOS PINHAIS";"Pedestre cruzava a pista fora da faixa";"Atropelamento de Pedestre";"Com Vítimas Feridas";"Pleno dia";"Decrescente";"Sol";"Múltipla";"Reta;Declive                  ";"Sim";2;0;0;1;1;0;1;2;-25,70434399;-49,14198595;"SPRF-PR";"DEL01-PR";"UOP04-DEL01-PR"
578580;2024-02-02;"sexta-feira";"16:00:00";"MG";40;547;"NOVA LIMA";"Condutor deixou de manter distância do veículo da frente";"Colisão traseira";"Sem Vítimas";"Pleno dia";"Crescente";"Céu Claro";"Dupla";"Declive;Curva                 ";"Não";2;0;0;0;2;0;0;2;-20,02252424;-43,97026042;"SPRF-MG";"DEL01-MG";"UOP02-DEL01-MG"
578581;2024-02-02;"sexta-feira";"17:20:00";"CE";116;7,8;"FORTALEZA";"Condutor deixou de manter distância do veículo da frente";"Colisão traseira";"Com Vítimas Feridas";"Pleno dia";"Decrescente";"Céu Claro";"Dupla";"Reta";"Sim";2;0;1;0;1;0;1;2;-3,8192799;-38,50268337;"SPRF-CE";"DEL01-CE";"UOP02-DEL01-CE"
578584;2024-02-02;"sexta-feira";"16:40:00";"PB";230;338,1;"PATOS";"Desrespeitar a preferência no cruzamento";"Colisão transversal";"Com Vítimas Feridas";"Pleno dia";"Decrescente";"Céu Claro";"Simples";"Interseção de Vias";"Sim";4;0;0;1;3;0;1;2;-7,006802;-37,297685;"SPRF-PB";"DEL03-PB";"UOP01-DEL03-PB"
578585;2024-02-02;"sexta-feira";"17:30:00";"PB";230;27,4;"JOAO PESSOA";"Reação tardia ou ineficiente do condutor";"Tombamento";"Com Vítimas Feridas";"Anoitecer";"Crescente";"Céu Claro";"Dupla";"Reta";"Sim";1;0;1;0;0;0;1;1;-7,1677;-34,8855;"SPRF-PB";"DEL01-PB";"UOP01-DEL01-PB"
578586;2024-02-02;"sexta-feira";"16:30:00";"PE";232;7,7;"RECIFE";"Manobra de mudança de faixa";"Colisão transversal";"Sem Vítimas";"Pleno dia";"Decrescente";"Céu Claro";"Múltipla";"Retorno Regulamentado";"Sim";2;0;0;0;1;1;0;2;-8,075337;-34,967676;"SPRF-PE";"DEL01-PE";"UOP01-DEL01-PE"
578587;2024-02-02;"sexta-feira";"17:00:00";"MG";40;554;"NOVA LIMA";"Manobra de mudança de faixa";"Colisão lateral mesmo sentido";"Com Vítimas Feridas";"Pleno dia";"Decrescente";"Céu Claro";"Dupla";"Reta";"Não";2;0;1;0;1;0;1;2;-20,07715896;-43,98213593;"SPRF-MG";"DEL01-MG";"UOP02-DEL01-MG"
578588;2024-02-02;"sexta-feira";"16:30:00";"GO";153;506,1;"APARECIDA DE GOIANIA";"Acumulo de água sobre o pavimento";"Colisão traseira";"Com Vítimas Feridas";"Pleno dia";"Crescente";"Chuva";"Dupla";"Reta";"Sim";3;0;2;0;1;0;2;2;-16,75764659;-49,24084252;"SPRF-GO";"DEL01-GO";"UOP01-DEL01-GO"
578589;2024-02-02;"sexta-feira";"16:55:00";"CE";116;3;"FORTALEZA";"Ausência de reação do condutor";"Colisão traseira";"Com Vítimas Feridas";"Pleno dia";"Decrescente";"Céu Claro";"Dupla";"Reta";"Sim";2;0;1;0;0;1;1;2;-3,77866493;-38,51490171;"SPRF-CE";"DEL01-CE";"UOP02-DEL01-CE"
578591;2024-02-02;"sexta-feira";"15:46:00";"BA";116;894;"VITORIA DA CONQUISTA";"Manobra de mudança de faixa";"Capotamento";"Com Vítimas Feridas";"Pleno dia";"Crescente";"Chuva";"Simples";"Reta";"Não";4;0;4;0;0;0;4;1;-15,31745586;-41,1508493;"SPRF-BA";"DEL08-BA";"UOP03-DEL08-BA"
578592;2024-02-02;"sexta-feira";"17:20:00";"RS";290;12,5;"OSORIO";"Acessar a via sem observar a presença dos outros veículos";"Atropelamento de Pedestre";"Com Vítimas Feridas";"Anoitecer";"Decrescente";"Céu Claro";"Dupla";"Reta";"Sim";3;0;0;1;1;1;1;2;-29,882519;-50,390564;"SPRF-RS";"DEL03-RS";"UOP01-DEL03-RS"
578593;2024-02-02;"sexta-feira";"18:15:00";"SP";381;37;"ATIBAIA";"Condutor deixou de manter distância do veículo da frente";"Colisão traseira";"Com Vítimas Feridas";"Pleno dia";"Decrescente";"Céu Claro";"Múltipla";"Reta";"Não";3;0;1;0;2;0;1;2;-23,10506237;-46,56881577;"SPRF-SP";"DEL03-SP";"UOP01-DEL03-SP"
578595;2024-02-02;"sexta-feira";"18:40:00";"ES";101;266,8;"SERRA";"Reação tardia ou ineficiente do condutor";"Tombamento";"Com Vítimas Feridas";"Anoitecer";"Decrescente";"Nublado";"Múltipla";"Reta";"Sim";1;0;1;0;0;0;1;1;-20,190199;-40,26828891;"SPRF-ES";"DEL02-ES";"UOP01-DEL02-ES"
578596;2024-02-02;"sexta-feira";"18:20:00";"GO";60;97;"ANAPOLIS";"Acessar a via sem observar a presença dos outros veículos";"Colisão traseira";"Com Vítimas Feridas";"Anoitecer";"Crescente";"Chuva";"Dupla";"Reta";"Sim";2;0;2;0;0;0;2;2;-16,3774;-48,9483;"SPRF-GO";"DEL02-GO";"UOP01-DEL02-GO"
578598;2024-02-02;"sexta-feira";"18:38:00";"RS";290;53,1;"GLORINHA";"Demais falhas mecânicas ou elétricas";"Incêndio";"Sem Vítimas";"Pleno dia";"Decrescente";"Céu Claro";"Múltipla";"Reta";"Não";1;0;0;0;1;0;0;1;-29,912077;-50,787758;"SPRF-RS";"DEL03-RS";"UOP01-DEL03-RS"
578599;2024-02-02;"sexta-feira";"18:15:00";"PR";369;187,6;"ARAPONGAS";"Reação tardia ou ineficiente do condutor";"Colisão traseira";"Com Vítimas Feridas";"Pleno dia";"Decrescente";"Céu Claro";"Simples";"Reta";"Sim";3;0;1;0;2;0;1;3;-23,427636;-51,423133;"SPRF-PR";"DEL07-PR";"UOP03-DEL07-PR"
578600;2024-02-02;"sexta-feira";"18:40:00";"PR";153;331;"IRATI";"Reação tardia ou ineficiente do condutor";"Colisão com objeto";"Sem Vítimas";"Pleno dia";"Decrescente";"Céu Claro";"Dupla";"Reta;Declive                  ";"Sim";1;0;0;0;1;0;0;1;-25,463053;-50,623066;"SPRF-PR";"DEL08-PR";"UOP02-DEL08-PR"
578601;2024-02-02;"sexta-feira";"18:20:00";"PR";376;3;"SAO JOSE DOS PINHAIS";"Condutor deixou de manter distância do veículo da frente";"Colisão traseira";"Com Vítimas Feridas";"Anoitecer";"Decrescente";"Nublado";"Dupla";"Reta";"Sim";2;0;1;0;1;0;1;2;-25,5307;-49,1958;"SPRF-PR";"DEL01-PR";"UOP04-DEL01-PR"
578602;2024-02-02;"sexta-feira";"18:30:00";"RJ";116;181;"NOVA IGUACU";"Trafegar com motocicleta (ou similar) entre as faixas";"Colisão lateral mesmo sentido";"Com Vítimas Feridas";"Plena Noite";"Crescente";"Nublado";"Dupla";"Reta";"Sim";3;0;2;0;1;0;2;2;-22,761312;-43,423492;"SPRF-RJ";"DEL06-RJ";"UOP01-DEL06-RJ"
578603;2024-02-02;"sexta-feira";"17:30:00";"SP";116;102;"PINDAMONHANGABA";"Demais falhas mecânicas ou elétricas";"Tombamento";"Com Vítimas Feridas";"Anoitecer";"Crescente";"Nublado";"Dupla";"Declive;Reta                  ";"Não";2;0;2;0;0;0;2;1;-22,99497994;-45,48951403;"SPRF-SP";"DEL08-SP";"UOP01-DEL08-SP"
578604;2024-02-02;"sexta-feira";"19:00:00";"PR";116;111;"CURITIBA";"Trafegar com motocicleta (ou similar) entre as faixas";"Colisão lateral mesmo sentido";"Com Vítimas Feridas";"Anoitecer";"Crescente";"Céu Claro";"Dupla";"Reta";"Não";3;0;1;0;2;0;1;2;-25,56885181;-49,22724597;"SPRF-PR";"DEL01-PR";"UOP07-DEL01-PR"
578605;2024-02-02;"sexta-feira";"19:15:00";"RS";116;183,9;"NOVA PETROPOLIS";"Conversão proibida";"Colisão lateral mesmo sentido";"Com Vítimas Feridas";"Plena Noite";"Decrescente";"Céu Claro";"Simples";"Reta";"Sim";2;0;1;0;1;0;1;2;-29,38503575;-51,12161636;"SPRF-RS";"DEL05-RS";"UOP02-DEL05-RS"
578606;2024-02-02;"sexta-feira";"19:30:00";"SP";116;223;"GUARULHOS";"Reação tardia ou ineficiente do condutor";"Colisão traseira";"Com Vítimas Feridas";"Plena Noite";"Crescente";"Ignorado";"Múltipla";"Reta";"Sim";2;0;1;0;1;0;1;2;-23,46994546;-46,5146488;"SPRF-SP";"DEL01-SP";"UOP01-DEL01-SP"
578610;2024-02-02;"sexta-feira";"18:15:00";"RJ";101;221;"SILVA JARDIM";"Retorno proibido";"Colisão transversal";"Com Vítimas Feridas";"Anoitecer";"Decrescente";"Céu Claro";"Dupla";"Reta";"Sim";4;0;2;0;2;0;2;2;-22,51705995;-42,32715501;"SPRF-RJ";"DEL02-RJ";"UOP03-DEL02-RJ"
578611;2024-02-02;"sexta-feira";"16:30:00";"MG";116;807,3;"ALEM PARAIBA";"Condutor usando celular";"Capotamento";"Com Vítimas Feridas";"Pleno dia";"Decrescente";"Céu Claro";"Simples";"Reta";"Não";3;0;1;1;1;0;2;1;-21,81324096;-42,69642196;"SPRF-MG";"DEL07-MG";"UOP01-DEL07-MG"
578612;2024-02-02;"sexta-feira";"15:50:00";"RJ";465;20;"NOVA IGUACU";"Trafegar com motocicleta (ou similar) entre as faixas";"Colisão transversal";"Com Vítimas Feridas";"Pleno dia";"Crescente";"Nublado";"Simples";"Reta";"Sim";2;0;1;0;1;0;1;2;-22,846828;-43,605339;"SPRF-RJ";"DEL06-RJ";"UOP02-DEL06-RJ"
578613;2024-02-02;"sexta-feira";"16:30:00";"RJ";101;540;"PARATY";"Chuva";"Saída de leito carroçável";"Com Vítimas Feridas";"Pleno dia";"Decrescente";"Chuva";"Simples";"Curva";"Não";1;0;1;0;0;0;1;1;-23,054666;-44,59037997;"SPRF-RJ";"DEL03-RJ";"UOP04-DEL03-RJ"
578614;2024-02-02;"sexta-feira";"18:20:00";"MG";40;632,5;"CONSELHEIRO LAFAIETE";"Retorno proibido";"Colisão transversal";"Sem Vítimas";"Anoitecer";"Crescente";"Céu Claro";"Simples";"Curva;Interseção de Vias;Decli";"Não";3;0;0;0;3;0;0;2;-20,67348593;-43,7968977;"SPRF-MG";"DEL05-MG";"UOP02-DEL05-MG"
578617;2024-02-02;"sexta-feira";"20:00:00";"SC";101;361;"SANGAO";"Transitar na contramão";"Colisão frontal";"Com Vítimas Feridas";"Plena Noite";"Crescente";"Céu Claro";"Dupla";"Reta;Aclive                   ";"Sim";4;0;1;1;2;0;2;2;-28,66584041;-49,1146566;"SPRF-SC";"DEL02-SC";"UOP01-DEL02-SC"
578619;2024-02-02;"sexta-feira";"19:45:00";"MA";316;264;"SANTA INES";"Transitar na contramão";"Colisão frontal";"Sem Vítimas";"Plena Noite";"Decrescente";"Céu Claro";"Simples";"Reta";"Sim";2;0;0;0;1;1;0;2;-3,673308;-45,362946;"SPRF-MA";"DEL02-MA";"UOP01-DEL02-MA"
578620;2024-02-02;"sexta-feira";"19:15:00";"MG";40;472,2;"SETE LAGOAS";"Manobra de mudança de faixa";"Saída de leito carroçável";"Com Vítimas Feridas";"Plena Noite";"Decrescente";"Nublado";"Dupla";"Reta";"Sim";5;0;2;0;3;0;2;1;-19,4820263;-44,28379152;"SPRF-MG";"DEL02-MG";"UOP01-DEL02-MG"
578621;2024-02-02;"sexta-feira";"20:20:00";"SC";101;216;"PALHOCA";"Reação tardia ou ineficiente do condutor";"Colisão traseira";"Com Vítimas Feridas";"Plena Noite";"Decrescente";"Céu Claro";"Dupla";"Reta";"Sim";4;0;0;1;2;1;1;3;-27,65997723;-48,67705476;"SPRF-SC";"DEL01-SC";"UOP02-DEL01-SC"
578624;2024-02-02;"sexta-feira";"20:00:00";"SP";116;147;"SAO JOSE DOS CAMPOS";"Manobra de mudança de faixa";"Colisão lateral mesmo sentido";"Com Vítimas Feridas";"Plena Noite";"Decrescente";"Nublado";"Múltipla";"Reta";"Sim";1;0;1;0;0;0;1;1;-23,19542994;-45,87176303;"SPRF-SP";"DEL02-SP";"UOP01-DEL02-SP"
578627;2024-02-02;"sexta-feira";"21:00:00";"DF";70;8;"BRASILIA";"Pedestre cruzava a pista fora da faixa";"Atropelamento de Pedestre";"Com Vítimas Feridas";"Plena Noite";"Crescente";"Nublado";"Dupla";"Reta";"Sim";3;0;0;1;2;0;1;2;-15,788868;-48,220242;"SPRF-DF";"DEL03-DF";"UOP02-DEL03-DF"
578630;2024-02-02;"sexta-feira";"20:50:00";"SP";116;74;"APARECIDA";"Demais falhas mecânicas ou elétricas";"Tombamento";"Com Vítimas Feridas";"Plena Noite";"Crescente";"Céu Claro";"Dupla";"Reta";"Não";1;0;0;1;0;0;1;1;-22,87353809;-45,25320023;"SPRF-SP";"DEL08-SP";"UOP01-DEL08-SP"
578633;2024-02-02;"sexta-feira";"21:00:00";"SC";101;201,9;"SAO JOSE";"Trafegar com motocicleta (ou similar) entre as faixas";"Colisão lateral mesmo sentido";"Com Vítimas Feridas";"Plena Noite";"Crescente";"Nublado";"Múltipla";"Reta";"Sim";2;0;1;0;1;0;1;2;-27,54836599;-48,61977975;"SPRF-SC";"DEL01-SC";"UOP01-DEL01-SC"
578634;2024-02-02;"sexta-feira";"19:13:00";"GO";60;36,8;"GOIANIA";"Ausência de reação do condutor";"Engavetamento";"Com Vítimas Feridas";"Plena Noite";"Decrescente";"Garoa/Chuvisco";"Múltipla";"Reta";"Sim";7;0;2;0;5;0;2;4;-16,73524245;-49,34754968;"SPRF-DF";"DEL03-DF";"UOP01-DEL03-DF"
578635;2024-02-02;"sexta-feira";"18:45:00";"RJ";101;387;"RIO DE JANEIRO";"Demais falhas mecânicas ou elétricas";"Colisão traseira";"Com Vítimas Feridas";"Plena Noite";"Decrescente";"Chuva";"Dupla";"Reta";"Sim";2;0;1;0;1;0;1;2;-22,88537839;-43,64965688;"SPRF-RJ";"DEL03-RJ";"UOP01-DEL03-RJ"
578636;2024-01-10;"quarta-feira";"13:00:00";"PR";373;234;"IMBITUVA";"Demais falhas mecânicas ou elétricas";"Incêndio";"Sem Vítimas";"Pleno dia";"Decrescente";"Ignorado";"Simples";"Reta";"Não";1;0;0;0;1;0;0;1;-25,18019856;-50,72682738;"SPRF-PR";"DEL03-PR";"UOP01-DEL03-PR"
578638;2024-02-02;"sexta-feira";"21:10:00";"MG";153;3;"ARAPORA";"Acessar a via sem observar a presença dos outros veículos";"Colisão traseira";"Com Vítimas Feridas";"Plena Noite";"Crescente";"Garoa/Chuvisco";"Dupla";"Retorno Regulamentado";"Sim";2;0;0;1;1;0;1;2;-18,44267098;-49,18831685;"SPRF-MG";"DEL15-MG";"UOP03-DEL15-MG"
578639;2024-02-02;"sexta-feira";"21:45:00";"SC";101;201,6;"SAO JOSE";"Reação tardia ou ineficiente do condutor";"Colisão traseira";"Com Vítimas Feridas";"Plena Noite";"Decrescente";"Céu Claro";"Dupla";"Reta";"Sim";3;0;0;2;0;1;2;2;-27,5650044;-48,61460082;"SPRF-SC";"DEL01-SC";"UOP01-DEL01-SC"
578641;2024-02-02;"sexta-feira";"20:50:00";"RS";285;118,3;"VACARIA";"Reação tardia ou ineficiente do condutor";"Saída de leito carroçável";"Com Vítimas Feridas";"Plena Noite";"Crescente";"Céu Claro";"Simples";"Reta;Interseção de Vias       ";"Sim";1;0;1;0;0;0;1;1;-28,508183;-50,912724;"SPRF-RS";"DEL05-RS";"UOP03-DEL05-RS"
578642;2024-02-02;"sexta-feira";"20:00:00";"PR";116;17;"COLOMBO";"Demais falhas mecânicas ou elétricas";"Incêndio";"Sem Vítimas";"Plena Noite";"Crescente";"Garoa/Chuvisco";"Múltipla";"Aclive;Reta                   ";"Sim";1;0;0;0;0;1;0;1;-25,38820079;-49,18365061;"SPRF-PR";"DEL01-PR";"UOP02-DEL01-PR"
578643;2024-02-02;"sexta-feira";"21:00:00";"PR";277;71;"SAO JOSE DOS PINHAIS";"Condutor deixou de manter distância do veículo da frente";"Colisão traseira";"Com Vítimas Feridas";"Plena Noite";"Crescente";"Chuva";"Dupla";"Retorno Regulamentado;Curva;Vi";"Não";2;0;1;0;1;0;1;2;-25,52920381;-49,08862791;"SPRF-PR";"DEL01-PR";"UOP07-DEL01-PR"
578646;2024-02-02;"sexta-feira";"21:10:00";"SP";116;466;"JACUPIRANGA";"Ausência de reação do condutor";"Engavetamento";"Com Vítimas Feridas";"Plena Noite";"Decrescente";"Céu Claro";"Dupla";"Reta";"Não";6;0;2;0;4;0;2;3;-24,64742363;-47,92196665;"SPRF-SP";"DEL05-SP";"UOP01-DEL05-SP"
578647;2024-02-02;"sexta-feira";"18:58:00";"AC";364;113;"RIO BRANCO";"Acessar a via sem observar a presença dos outros veículos";"Colisão transversal";"Sem Vítimas";"Plena Noite";"Decrescente";"Céu Claro";"Simples";"Reta";"Sim";2;0;0;0;2;0;0;2;-10,0134997;-67,69215699;"SPRF-AC";"DEL01-AC";"UOP01-DEL01-AC"
578648;2024-02-02;"sexta-feira";"18:30:00";"SC";101;42,9;"JOINVILLE";"Ausência de reação do condutor";"Colisão traseira";"Com Vítimas Feridas";"Amanhecer";"Crescente";"Nublado";"Dupla";"Aclive;Reta                   ";"Sim";2;0;1;0;1;0;1;2;-26,3320872;-48,86194915;"SPRF-SC";"DEL03-SC";"UOP01-DEL03-SC"
578649;2024-02-02;"sexta-feira";"22:00:00";"PR";277;124,5;"CAMPO LARGO";"Ingestão de álcool pelo condutor";"Colisão lateral mesmo sentido";"Sem Vítimas";"Plena Noite";"Crescente";"Céu Claro";"Simples";"Reta";"Não";2;0;0;0;0;2;0;2;-25,4472505;-49,47885404;"SPRF-PR";"DEL03-PR";"UOP03-DEL03-PR"
578650;2024-02-02;"sexta-feira";"21:00:00";"RJ";116;279;"BARRA MANSA";"Condutor usando celular";"Colisão com objeto";"Com Vítimas Feridas";"Plena Noite";"Crescente";"Nublado";"Dupla";"Reta;Declive                  ";"Não";2;0;1;1;0;0;2;1;-22,54744306;-44,1836602;"SPRF-RJ";"DEL07-RJ";"UOP02-DEL07-RJ"
578651;2024-02-02;"sexta-feira";"18:30:00";"PE";232;410;"SERRA TALHADA";"Acesso irregular";"Queda de ocupante de veículo";"Com Vítimas Feridas";"Plena Noite";"Decrescente";"Céu Claro";"Simples";"Curva";"Sim";2;0;2;0;0;0;2;2;-7,98261841;-38,30039606;"SPRF-PE";"DEL04-PE";"UOP01-DEL04-PE"
578653;2024-02-02;"sexta-feira";"22:30:00";"SC";101;216,8;"PALHOCA";"Ausência de reação do condutor";"Colisão traseira";"Com Vítimas Feridas";"Plena Noite";"Crescente";"Céu Claro";"Dupla";"Reta";"Sim";2;0;1;0;1;0;1;2;-27,65981409;-48,67747798;"SPRF-SC";"DEL01-SC";"UOP02-DEL01-SC"
578654;2024-02-02;"sexta-feira";"21:00:00";"RO";364;436;"JARU";"Velocidade Incompatível";"Saída de leito carroçável";"Com Vítimas Feridas";"Plena Noite";"Decrescente";"Garoa/Chuvisco";"Simples";"Declive;Reta                  ";"Não";1;0;1;0;0;0;1;1;-10,37739925;-62,55303028;"SPRF-RO";"DEL03-RO";"UOP02-DEL03-RO"
578656;2024-02-02;"sexta-feira";"20:50:00";"PI";343;2,5;"TERESINA";"Ausência de reação do condutor";"Colisão traseira";"Com Vítimas Feridas";"Plena Noite";"Crescente";"Céu Claro";"Dupla";"Reta;Declive                  ";"Sim";2;0;1;0;0;1;1;2;-5,124769;-42,7947;"SPRF-PI";"DEL05-PI";"UOP01-DEL05-PI"
578657;2024-02-02;"sexta-feira";"21:45:00";"MS";163;237;"CAARAPO";"Ingestão de álcool pelo condutor";"Saída de leito carroçável";"Com Vítimas Feridas";"Plena Noite";"Decrescente";"Céu Claro";"Simples";"Reta";"Não";1;0;1;0;0;0;1;1;-22,41422225;-54,80128527;"SPRF-MS";"DEL04-MS";"UOP02-DEL04-MS"
578658;2024-02-02;"sexta-feira";"22:25:00";"SC";282;418;"CATANDUVAS";"Transitar na contramão";"Colisão frontal";"Com Vítimas Feridas";"Plena Noite";"Crescente";"Céu Claro";"Simples";"Reta";"Não";2;0;1;0;1;0;1;2;-27,024965;-51,730766;"SPRF-SC";"DEL07-SC";"UOP05-DEL07-SC"
578659;2024-02-02;"sexta-feira";"21:20:00";"SC";116;51,6;"PAPANDUVA";"Ausência de reação do condutor";"Colisão com objeto";"Com Vítimas Feridas";"Plena Noite";"Crescente";"Céu Claro";"Simples";"Curva;Declive                 ";"Não";1;0;1;0;0;0;1;1;-26,38519214;-50,13765683;"SPRF-SC";"DEL06-SC";"UOP01-DEL06-SC"
578663;2024-02-02;"sexta-feira";"21:00:00";"RS";468;98,6;"TRES PASSOS";"Ausência de reação do condutor";"Colisão traseira";"Com Vítimas Feridas";"Plena Noite";"Decrescente";"Céu Claro";"Simples";"Reta";"Não";2;0;0;1;1;0;1;2;-27,48388229;-53,90197117;"SPRF-RS";"DEL08-RS";"UOP02-DEL08-RS"
578664;2024-02-02;"sexta-feira";"22:50:00";"SC";282;293,9;"VARGEM";"Velocidade Incompatível";"Saída de leito carroçável";"Sem Vítimas";"Plena Noite";"Crescente";"Céu Claro";"Simples";"Aclive;Curva                  ";"Não";1;0;0;0;0;1;0;1;-27,538227;-50,860825;"SPRF-SC";"DEL07-SC";"UOP06-DEL07-SC"
578665;2024-02-02;"sexta-feira";"21:45:00";"MT";174;4;"PONTES E LACERDA";"Ingestão de álcool pelo condutor";"Tombamento";"Com Vítimas Feridas";"Plena Noite";"Crescente";"Céu Claro";"Simples";"Reta";"Sim";1;0;1;0;0;0;1;1;-15,234586;-59,343451;"SPRF-MT";"DEL03-MT";"UOP01-DEL03-MT"
578666;2024-02-02;"sexta-feira";"23:20:00";"RS";293;351;"SANTA MARIA";"Acessar a via sem observar a presença dos outros veículos";"Saída de leito carroçável";"Com Vítimas Feridas";"Plena Noite";"Crescente";"Céu Claro";"Simples";"Reta;Interseção de Vias       ";"Sim";3;0;0;2;0;1;2;2;-29,73397231;-53,79921847;"SPRF-RS";"DEL11-RS";"UOP01-DEL11-RS"
578668;2024-02-03;"sábado";"00:24:00";"CE";116;23;"AQUIRAZ";"Ausência de reação do condutor";"Colisão com objeto";"Com Vítimas Fatais";"Plena Noite";"Decrescente";"Céu Claro";"Dupla";"Reta";"Sim";1;1;0;0;0;0;0;1;-3,94905489;-38,51212845;"SPRF-CE";"DEL01-CE";"UOP02-DEL01-CE"
578669;2024-02-02;"sexta-feira";"19:05:00";"MA";316;261,7;"SANTA INES";"Ultrapassagem Indevida";"Colisão frontal";"Com Vítimas Feridas";"Plena Noite";"Crescente";"Nublado";"Simples";"Reta";"Sim";2;0;0;1;1;0;1;2;-3,676243;-45,389366;"SPRF-MA";"DEL02-MA";"UOP01-DEL02-MA"
578670;2024-02-02;"sexta-feira";"23:30:00";"MG";153;210;"FRUTAL";"Velocidade Incompatível";"Saída de leito carroçável";"Com Vítimas Feridas";"Plena Noite";"Crescente";"Nublado";"Dupla";"Rotatória";"Não";1;0;0;1;0;0;1;1;-20,01975;-49,04769;"SPRF-MG";"DEL13-MG";"UOP02-DEL13-MG"
578671;2024-02-03;"sábado";"01:10:00";"RS";290;49,9;"GLORINHA";"Demais falhas mecânicas ou elétricas";"Tombamento";"Com Vítimas Feridas";"Plena Noite";"Crescente";"Céu Claro";"Múltipla";"Reta";"Não";2;0;1;1;0;0;2;1;-29,902617;-50,748444;"SPRF-RS";"DEL03-RS";"UOP01-DEL03-RS"
578674;2024-02-03;"sábado";"01:00:00";"PR";476;218;"LAPA";"Condutor Dormindo";"Saída de leito carroçável";"Com Vítimas Fatais";"Plena Noite";"Decrescente";"Nublado";"Simples";"Curva;Declive                 ";"Não";1;1;0;0;0;0;0;1;-25,810024;-49,907558;"SPRF-PR";"DEL01-PR";"UOP06-DEL01-PR"
578675;2024-02-03;"sábado";"01:40:00";"PR";277;660;"MATELANDIA";"Reação tardia ou ineficiente do condutor";"Queda de ocupante de veículo";"Com Vítimas Feridas";"Plena Noite";"Crescente";"Céu Claro";"Dupla";"Curva;Declive                 ";"Não";1;0;0;1;0;0;1;1;-25,25136237;-53,99027796;"SPRF-PR";"DEL05-PR";"UOP02-DEL05-PR"
578676;2024-02-03;"sábado";"01:30:00";"PB";104;118,4;"CAMPINA GRANDE";"Animais na Pista";"Atropelamento de Animal";"Com Vítimas Fatais";"Plena Noite";"Crescente";"Céu Claro";"Simples";"Reta";"Não";2;1;0;1;0;0;1;1;-7,19637839;-35,87571339;"SPRF-PB";"DEL02-PB";"UOP04-DEL02-PB"
578677;2024-02-03;"sábado";"02:30:00";"MG";40;511;"RIBEIRAO DAS NEVES";"Acessar a via sem observar a presença dos outros veículos";"Colisão lateral mesmo sentido";"Com Vítimas Feridas";"Plena Noite";"Decrescente";"Céu Claro";"Dupla";"Reta";"Não";2;0;1;0;1;0;1;2;-19,78164295;-44,11733194;"SPRF-MG";"DEL01-MG";"UOP02-DEL01-MG"
578678;2024-02-03;"sábado";"03:20:00";"SC";101;111;"NAVEGANTES";"Reação tardia ou ineficiente do condutor";"Colisão com objeto";"Com Vítimas Feridas";"Plena Noite";"Crescente";"Céu Claro";"Dupla";"Reta";"Não";3;0;2;0;1;0;2;1;-26,83955734;-48,71418074;"SPRF-SC";"DEL04-SC";"UOP04-DEL04-SC"
578681;2024-02-03;"sábado";"02:30:00";"AL";101;188;"JUNQUEIRO";"Ingestão de álcool pelo condutor";"Saída de leito carroçável";"Sem Vítimas";"Plena Noite";"Crescente";"Céu Claro";"Dupla";"Reta";"Não";1;0;0;0;1;0;0;1;-9,90106897;-36,46390303;"SPRF-AL";"DEL02-AL";"UOP02-DEL02-AL"
578682;2024-02-03;"sábado";"03:45:00";"MG";40;609,3;"CONGONHAS";"Condutor Dormindo";"Saída de leito carroçável";"Com Vítimas Feridas";"Plena Noite";"Decrescente";"Chuva";"Simples";"Reta";"Não";4;0;4;0;0;0;4;1;-20,500498;-43,837721;"SPRF-MG";"DEL05-MG";"UOP02-DEL05-MG"
578683;2024-02-03;"sábado";"04:20:00";"ES";262;166,3;"IBATIBA";"Condutor Dormindo";"Colisão frontal";"Com Vítimas Feridas";"Plena Noite";"Crescente";"Chuva";"Simples";"Reta";"Não";2;0;1;1;0;0;2;2;-20,2468411;-41,56027697;"SPRF-ES";"DEL01-ES";"UOP02-DEL01-ES"
578685;2024-02-03;"sábado";"03:40:00";"SC";101;277,6;"IMBITUBA";"Ingestão de álcool pelo condutor";"Saída de leito carroçável";"Com Vítimas Feridas";"Plena Noite";"Decrescente";"Céu Claro";"Dupla";"Reta";"Não";1;0;1;0;0;0;1;1;-28,172595;-48,694628;"SPRF-SC";"DEL02-SC";"UOP03-DEL02-SC"
578688;2024-02-03;"sábado";"04:00:00";"GO";153;507,4;"APARECIDA DE GOIANIA";"Reação tardia ou ineficiente do condutor";"Queda de ocupante de veículo";"Com Vítimas Feridas";"Plena Noite";"Crescente";"Nublado";"Dupla";"Viaduto";"Sim";1;0;1;0;0;0;1;1;-16,7715;-49,2387;"SPRF-GO";"DEL01-GO";"UOP03-DEL01-GO"