"id";"data_inversa";"dia_semana";"horario";"uf";"br";"km";"municipio";"causa_acidente";"tipo_acidente";"classificacao_acidente";"fase_dia";"sentido_via";"condicao_metereologica";"tipo_pista";"tracado_via";"uso_solo";"pessoas";"mortos";"feridos_leves";"feridos_graves";"ilesos";"ignorados";"feridos";"veiculos";"latitude";"longitude";"regional";"delegacia";"uop"
578689;2024-02-03;"sábado";"03:58:00";"MS";163;328,3;"RIO BRILHANTE";"Animais na Pista";"Atropelamento de Animal";"Com Vítimas Feridas";"Plena Noite";"Crescente";"Céu Claro";"Simples";"Reta";"Não";1;0;1;0;0;0;1;1;-21,74228579;-54,51550554;"SPRF-MS";"DEL02-MS";"UOP02-DEL02-MS"
578690;2024-02-03;"sábado";"04:30:00";"RJ";116;191;"NOVA IGUACU";"Pedestre andava na pista";"Atropelamento de Pedestre";"Com Vítimas Feridas";"Amanhecer";"Decrescente";"Céu Claro";"Dupla";"Reta";"Sim";2;0;0;1;1;0;1;2;-22,74421443;-43,509822;"SPRF-RJ";"DEL06-RJ";"UOP01-DEL06-RJ"
578691;2024-02-03;"sábado";"02:20:00";"PR";277;590,7;"CASCAVEL";"Ultrapassagem Indevida";"Colisão frontal";"Com Vítimas Fatais";"Plena Noite";"Decrescente";"Céu Claro";"Simples";"Reta";"Sim";3;2;1;0;0;0;1;2;-24,98120697;-53,45591501;"SPRF-PR";"DEL04-PR";"UOP01-DEL04-PR"
578692;2024-02-03;"sábado";"05:40:00";"RS";116;248;"SAO LEOPOLDO";"Ausência de reação do condutor";"Colisão com objeto";"Sem Vítimas";"Amanhecer";"Crescente";"Céu Claro";"Dupla";"Reta;Aclive                   ";"Sim";1;0;0;0;0;1;0;1;-29,77605895;-51,15508618;"SPRF-RS";"DEL01-RS";"UOP02-DEL01-RS"
578693;2024-02-03;"sábado";"05:00:00";"MG";381;477;"CONTAGEM";"Pedestre andava na pista";"Atropelamento de Pedestre";"Com Vítimas Fatais";"Amanhecer";"Decrescente";"Céu Claro";"Dupla";"Aclive;Reta                   ";"Sim";2;1;0;0;1;0;0;2;-19,96179268;-44,05041676;"SPRF-MG";"DEL01-MG";"UOP03-DEL01-MG"
578694;2024-02-03;"sábado";"05:42:00";"RS";290;62,2;"GRAVATAI";"Reação tardia ou ineficiente do condutor";"Queda de ocupante de veículo";"Sem Vítimas";"Amanhecer";"Decrescente";"Céu Claro";"Dupla";"Reta";"Não";2;0;0;0;2;0;0;1;-29,932089;-50,877304;"SPRF-RS";"DEL03-RS";"UOP01-DEL03-RS"
578699;2024-02-03;"sábado";"04:10:00";"SC";101;45,5;"JOINVILLE";"Avarias e/ou desgaste excessivo no pneu";"Capotamento";"Com Vítimas Feridas";"Amanhecer";"Crescente";"Céu Claro";"Múltipla";"Reta;Declive                  ";"Sim";2;0;2;0;0;0;2;1;-26,32214492;-48,8689509;"SPRF-SC";"DEL03-SC";"UOP01-DEL03-SC"
578701;2024-02-03;"sábado";"07:00:00";"SC";101;63,4;"ARAQUARI";"Ausência de reação do condutor";"Saída de leito carroçável";"Sem Vítimas";"Pleno dia";"Crescente";"Nublado";"Dupla";"Curva";"Não";1;0;0;0;1;0;0;1;-26,461753;-48,755264;"SPRF-SC";"DEL03-SC";"UOP02-DEL03-SC"
578702;2024-02-03;"sábado";"07:15:00";"GO";60;163;"GOIANIA";"Avarias e/ou desgaste excessivo no pneu";"Tombamento";"Com Vítimas Feridas";"Pleno dia";"Crescente";"Nublado";"Múltipla";"Reta;Declive                  ";"Sim";2;0;1;0;1;0;1;1;-16,7002;-49,3335;"SPRF-GO";"DEL01-GO";"UOP02-DEL01-GO"
578703;2024-02-03;"sábado";"07:00:00";"SC";282;17;"PALHOCA";"Conversão proibida";"Colisão traseira";"Com Vítimas Feridas";"Pleno dia";"Decrescente";"Céu Claro";"Simples";"Reta";"Sim";3;0;2;0;1;0;2;2;-27,665707;-48,688065;"SPRF-SC";"DEL01-SC";"UOP02-DEL01-SC"
578704;2024-02-02;"sexta-feira";"19:50:00";"RO";174;14;"VILHENA";"Manobra de mudança de faixa";"Colisão lateral mesmo sentido";"Com Vítimas Feridas";"Plena Noite";"Decrescente";"Céu Claro";"Dupla";"Reta";"Sim";2;0;1;0;0;1;1;2;-12,73306632;-60,12981255;"SPRF-RO";"DEL04-RO";"UOP01-DEL04-RO"
578707;2024-02-03;"sábado";"05:00:00";"PE";232;141,3;"SAO CAITANO";"Ingestão de álcool pelo condutor";"Saída de leito carroçável";"Com Vítimas Feridas";"Amanhecer";"Decrescente";"Céu Claro";"Dupla";"Aclive;Reta                   ";"Não";1;0;0;1;0;0;1;1;-8,32108263;-36,08591505;"SPRF-PE";"DEL03-PE";"UOP02-DEL03-PE"
578708;2024-02-03;"sábado";"07:00:00";"SP";116;218,5;"GUARULHOS";"Ingestão de álcool pelo condutor";"Colisão traseira";"Sem Vítimas";"Pleno dia";"Decrescente";"Céu Claro";"Múltipla";"Reta";"Sim";3;0;0;0;3;0;0;3;-23,457972;-46,479927;"SPRF-SP";"DEL01-SP";"UOP01-DEL01-SP"
578710;2024-02-03;"sábado";"07:35:00";"RS";116;231,5;"IVOTI";"Mal súbito do condutor";"Tombamento";"Com Vítimas Feridas";"Pleno dia";"Decrescente";"Céu Claro";"Simples";"Reta;Aclive                   ";"Sim";1;0;1;0;0;0;1;1;-29,62743221;-51,13858608;"SPRF-RS";"DEL01-RS";"UOP02-DEL01-RS"
578712;2024-02-03;"sábado";"03:15:00";"SC";116;122,9;"SANTA CECILIA";"Ausência de reação do condutor";"Tombamento";"Com Vítimas Feridas";"Plena Noite";"Decrescente";"Céu Claro";"Simples";"Aclive;Reta                   ";"Não";1;0;0;1;0;0;1;1;-26,83694681;-50,39216836;"SPRF-SC";"DEL06-SC";"UOP02-DEL06-SC"
578714;2024-02-03;"sábado";"07:50:00";"GO";40;12,7;"LUZIANIA";"Pedestre cruzava a pista fora da faixa";"Atropelamento de Pedestre";"Com Vítimas Feridas";"Pleno dia";"Decrescente";"Céu Claro";"Dupla";"Reta";"Sim";2;0;1;0;1;0;1;2;-16,145123;-47,945382;"SPRF-DF";"DEL01-DF";"UOP01-DEL01-DF"
578716;2024-02-03;"sábado";"06:00:00";"GO";60;138;"GOIANIA";"Reação tardia ou ineficiente do condutor";"Colisão com objeto";"Com Vítimas Feridas";"Pleno dia";"Decrescente";"Nublado";"Simples";"Curva";"Sim";1;0;1;0;0;0;1;1;-16,6117;-49,2053;"SPRF-GO";"DEL01-GO";"UOP01-DEL01-GO"
578717;2024-02-03;"sábado";"07:00:00";"SC";282;557,2;"NOVA ITABERABA";"Demais falhas mecânicas ou elétricas";"Incêndio";"Sem Vítimas";"Amanhecer";"Decrescente";"Céu Claro";"Simples";"Reta";"Não";1;0;0;0;0;1;0;1;-26,93078248;-52,82310247;"SPRF-SC";"DEL07-SC";"UOP01-DEL07-SC"
578718;2024-02-03;"sábado";"07:30:00";"MA";10;319;"ACAILANDIA";"Retorno proibido";"Colisão transversal";"Com Vítimas Feridas";"Pleno dia";"Decrescente";"Nublado";"Simples";"Reta";"Sim";3;0;1;0;1;1;1;3;-4,960145;-47,507481;"SPRF-MA";"DEL04-MA";"UOP03-DEL04-MA"
578719;2024-02-03;"sábado";"07:15:00";"SC";470;4,8;"NAVEGANTES";"Ingestão de álcool pelo condutor";"Colisão com objeto";"Com Vítimas Feridas";"Pleno dia";"Decrescente";"Céu Claro";"Dupla";"Reta";"Não";1;0;1;0;0;0;1;1;-26,858473;-48,690788;"SPRF-SC";"DEL04-SC";"UOP04-DEL04-SC"
578720;2024-02-03;"sábado";"08:30:00";"PR";277;83;"CURITIBA";"Condutor deixou de manter distância do veículo da frente";"Colisão traseira";"Com Vítimas Feridas";"Pleno dia";"Crescente";"Céu Claro";"Dupla";"Reta";"Não";2;0;1;0;1;0;1;2;-25,45849103;-49,22153413;"SPRF-PR";"DEL01-PR";"UOP07-DEL01-PR"
578723;2024-02-03;"sábado";"10:20:00";"SC";101;53,7;"JOINVILLE";"Manobra de mudança de faixa";"Colisão transversal";"Com Vítimas Feridas";"Pleno dia";"Decrescente";"Céu Claro";"Dupla";"Interseção de Vias";"Não";3;0;1;0;2;0;1;2;-26,40231201;-48,83969703;"SPRF-SC";"DEL03-SC";"UOP01-DEL03-SC"
578726;2024-02-03;"sábado";"07:20:00";"RS";116;527,9;"PELOTAS";"Ingestão de álcool pelo condutor";"Saída de leito carroçável";"Sem Vítimas";"Pleno dia";"Decrescente";"Céu Claro";"Simples";"Reta";"Sim";1;0;0;0;1;0;0;1;-31,7470243;-52,40899728;"SPRF-RS";"DEL07-RS";"UOP01-DEL07-RS"
578727;2024-02-03;"sábado";"08:52:00";"SP";116;280;"EMBU DAS ARTES";"Avarias e/ou desgaste excessivo no pneu";"Colisão com objeto";"Com Vítimas Feridas";"Pleno dia";"Decrescente";"Céu Claro";"Dupla";"Reta";"Sim";2;0;0;1;1;0;1;2;-23,66996108;-46,85590758;"SPRF-SP";"DEL04-SP";"UOP01-DEL04-SP"
578728;2024-02-03;"sábado";"08:00:00";"RS";386;411;"TRIUNFO";"Acumulo de óleo sobre o pavimento";"Tombamento";"Com Vítimas Feridas";"Pleno dia";"Crescente";"Céu Claro";"Dupla";"Curva";"Não";2;0;1;0;1;0;1;1;-29,80394;-51,509174;"SPRF-RS";"DEL04-RS";"UOP02-DEL04-RS"
578729;2024-02-03;"sábado";"08:30:00";"RS";158;225,8;"CRUZ ALTA";"Acessar a via sem observar a presença dos outros veículos";"Saída de leito carroçável";"Com Vítimas Feridas";"Pleno dia";"Crescente";"Céu Claro";"Simples";"Aclive;Reta                   ";"Não";6;0;4;0;2;0;4;2;-28,90540278;-53,62804413;"SPRF-RS";"DEL10-RS";"UOP02-DEL10-RS"
578732;2024-02-03;"sábado";"01:00:00";"ES";262;27,3;"VIANA";"Velocidade Incompatível";"Saída de leito carroçável";"Com Vítimas Feridas";"Plena Noite";"Decrescente";"Chuva";"Simples";"Curva";"Não";2;0;0;1;1;0;1;1;-20,38398959;-40,55226465;"SPRF-ES";"DEL01-ES";"UOP01-DEL01-ES"
578733;2024-02-03;"sábado";"09:48:00";"GO";40;18,2;"LUZIANIA";"Transtornos Mentais (exceto suicidio)";"Queda de ocupante de veículo";"Com Vítimas Feridas";"Pleno dia";"Crescente";"Nublado";"Dupla";"Reta;Aclive                   ";"Sim";6;0;0;1;4;1;1;2;-16,19349;-47,925575;"SPRF-DF";"DEL01-DF";"UOP01-DEL01-DF"
578735;2024-02-03;"sábado";"08:30:00";"RS";386;437,5;"NOVA SANTA RITA";"Ausência de reação do condutor";"Colisão com objeto";"Com Vítimas Feridas";"Pleno dia";"Crescente";"Sol";"Dupla";"Reta";"Não";1;0;1;0;0;0;1;1;-29,85803;-51,261227;"SPRF-RS";"DEL04-RS";"UOP02-DEL04-RS"
578739;2024-02-03;"sábado";"09:50:00";"PB";104;154,2;"QUEIMADAS";"Acessar a via sem observar a presença dos outros veículos";"Saída de leito carroçável";"Com Vítimas Feridas";"Pleno dia";"Decrescente";"Céu Claro";"Simples";"Declive;Reta                  ";"Sim";6;0;5;1;0;0;6;2;-7,48615789;-35,94353813;"SPRF-PB";"DEL02-PB";"UOP03-DEL02-PB"
578740;2024-02-03;"sábado";"09:55:00";"MS";163;209;"CAARAPO";"Acessar a via sem observar a presença dos outros veículos";"Colisão transversal";"Com Vítimas Feridas";"Pleno dia";"Decrescente";"Céu Claro";"Simples";"Interseção de Vias;Reta       ";"Não";2;0;1;0;1;0;1;2;-22,6316586;-54,81903076;"SPRF-MS";"DEL04-MS";"UOP02-DEL04-MS"
578743;2024-02-03;"sábado";"06:30:00";"SC";101;244;"PAULO LOPES";"Velocidade Incompatível";"Saída de leito carroçável";"Com Vítimas Feridas";"Amanhecer";"Crescente";"Céu Claro";"Dupla";"Reta";"Não";2;0;0;1;0;1;1;2;-27,89294003;-48,64821868;"SPRF-SC";"DEL01-SC";"UOP02-DEL01-SC"
578744;2024-02-03;"sábado";"11:20:00";"MG";381;415;"NOVA UNIAO";"Reação tardia ou ineficiente do condutor";"Colisão lateral mesmo sentido";"Com Vítimas Feridas";"Pleno dia";"Decrescente";"Céu Claro";"Dupla";"Reta";"Sim";3;0;1;0;2;0;1;2;-19,74718476;-43,62369106;"SPRF-MG";"DEL01-MG";"UOP01-DEL01-MG"
578745;2024-02-03;"sábado";"11:40:00";"PI";343;334;"TERESINA";"Manobra de mudança de faixa";"Colisão lateral mesmo sentido";"Com Vítimas Feridas";"Pleno dia";"Decrescente";"Céu Claro";"Dupla";"Reta;Retorno Regulamentado    ";"Não";2;0;1;0;1;0;1;2;-5,057786;-42,688541;"SPRF-PI";"DEL01-PI";"UOP01-DEL01-PI"
578747;2024-02-03;"sábado";"11:31:00";"MG";50;27;"ARAGUARI";"Objeto estático sobre o leito carroçável";"Saída de leito carroçável";"Com Vítimas Feridas";"Pleno dia";"Crescente";"Céu Claro";"Dupla";"Declive;Reta                  ";"Não";2;0;2;0;0;0;2;1;-18,619286;-48,094162;"SPRF-MG";"DEL15-MG";"UOP02-DEL15-MG"
578748;2024-02-03;"sábado";"12:00:00";"ES";101;66;"SAO MATEUS";"Reação tardia ou ineficiente do condutor";"Colisão transversal";"Sem Vítimas";"Pleno dia";"Crescente";"Sol";"Múltipla";"Interseção de Vias;Reta       ";"Sim";3;0;0;0;2;1;0;2;-18,719185;-39,869238;"SPRF-ES";"DEL04-ES";"UOP02-DEL04-ES"
578749;2024-02-03;"sábado";"12:00:00";"RS";116;39,3;"VACARIA";"Ingestão de álcool pelo condutor";"Colisão transversal";"Com Vítimas Feridas";"Pleno dia";"Crescente";"Céu Claro";"Simples";"Rotatória";"Não";2;0;1;0;1;0;1;2;-28,5120121;-50,93237991;"SPRF-RS";"DEL05-RS";"UOP03-DEL05-RS"
578751;2024-02-03;"sábado";"11:25:00";"PE";101;89;"JABOATAO DOS GUARARAPES";"Acessar a via sem observar a presença dos outros veículos";"Colisão traseira";"Com Vítimas Feridas";"Pleno dia";"Crescente";"Céu Claro";"Dupla";"Reta";"Não";5;0;0;4;1;0;4;5;-8,214018;-34,987144;"SPRF-PE";"DEL01-PE";"UOP01-DEL01-PE"
578752;2024-02-03;"sábado";"12:15:00";"PR";376;175,7;"MARINGA";"Pedestre andava na pista";"Atropelamento de Pedestre";"Com Vítimas Feridas";"Pleno dia";"Decrescente";"Sol";"Dupla";"Interseção de Vias;Reta       ";"Sim";3;0;0;1;2;0;1;2;-23,4113569;-51,9407767;"SPRF-PR";"DEL09-PR";"UOP01-DEL09-PR"
578756;2024-02-03;"sábado";"13:30:00";"MG";381;490;"BETIM";"Reação tardia ou ineficiente do condutor";"Tombamento";"Com Vítimas Feridas";"Pleno dia";"Crescente";"Céu Claro";"Dupla";"Reta";"Sim";2;0;1;0;0;1;1;1;-19,96502819;-44,17422195;"SPRF-MG";"DEL01-MG";"UOP03-DEL01-MG"
578758;2024-02-03;"sábado";"14:00:00";"MG";40;517,7;"CONTAGEM";"Ausência de reação do condutor";"Colisão transversal";"Com Vítimas Feridas";"Pleno dia";"Crescente";"Céu Claro";"Dupla";"Retorno Regulamentado";"Sim";3;0;2;0;1;0;2;2;-19,82351202;-44,08438913;"SPRF-MG";"DEL01-MG";"UOP02-DEL01-MG"
578759;2024-02-03;"sábado";"12:55:00";"MT";70;5;"BARRA DO GARCAS";"Reação tardia ou ineficiente do condutor";"Tombamento";"Com Vítimas Feridas";"Pleno dia";"Crescente";"Nublado";"Simples";"Rotatória";"Sim";2;0;1;0;1;0;1;1;-15,87814789;-52,296134;"SPRF-MT";"DEL07-MT";"UOP01-DEL07-MT"
578760;2024-02-03;"sábado";"12:40:00";"MG";116;497,4;"INHAPIM";"Reação tardia ou ineficiente do condutor";"Colisão traseira";"Com Vítimas Feridas";"Pleno dia";"Crescente";"Garoa/Chuvisco";"Simples";"Curva";"Não";3;0;0;2;1;0;2;2;-19,54066144;-42,1262598;"SPRF-MG";"DEL06-MG";"UOP02-DEL06-MG"
578761;2024-01-14;"domingo";"16:00:00";"SP";116;106;"TAUBATE";"Trafegar com motocicleta (ou similar) entre as faixas";"Colisão traseira";"Com Vítimas Feridas";"Pleno dia";"Crescente";"Céu Claro";"Dupla";"Reta";"Sim";3;0;1;0;0;2;1;3;-23,01250593;-45,52256005;"SPRF-SP";"DEL02-SP";"UOP02-DEL02-SP"
578763;2024-02-03;"sábado";"12:20:00";"GO";153;437,5;"ANAPOLIS";"Avarias e/ou desgaste excessivo no pneu";"Tombamento";"Com Vítimas Feridas";"Pleno dia";"Crescente";"Céu Claro";"Dupla";"Reta";"Sim";1;0;1;0;0;0;1;1;-16,286884;-48,942978;"SPRF-GO";"DEL02-GO";"UOP01-DEL02-GO"
578765;2024-02-03;"sábado";"14:50:00";"PE";101;68,2;"RECIFE";"Trafegar com motocicleta (ou similar) entre as faixas";"Queda de ocupante de veículo";"Com Vítimas Feridas";"Pleno dia";"Decrescente";"Sol";"Dupla";"Aclive;Viaduto                ";"Não";3;0;1;1;0;1;2;2;-8,052343;-34,946155;"SPRF-PE";"DEL01-PE";"UOP01-DEL01-PE"
578766;2024-02-03;"sábado";"12:20:00";"PA";230;124;"MARABA";"Acessar a via sem observar a presença dos outros veículos";"Colisão transversal";"Com Vítimas Feridas";"Pleno dia";"Crescente";"Céu Claro";"Simples";"Reta";"Não";2;0;0;1;1;0;1;2;-5,37407079;-49,13575802;"SPRF-PA";"DEL03-PA";"UOP01-DEL03-PA"
578767;2024-02-03;"sábado";"14:55:00";"BA";324;609;"SIMOES FILHO";"Ausência de reação do condutor";"Tombamento";"Com Vítimas Feridas";"Pleno dia";"Decrescente";"Céu Claro";"Dupla";"Reta";"Sim";2;0;2;0;0;0;2;1;-12,82066;-38,40798;"SPRF-BA";"DEL01-BA";"UOP01-DEL01-BA"
578768;2024-02-03;"sábado";"14:15:00";"PE";101;185;"PALMARES";"Acesso irregular";"Colisão transversal";"Com Vítimas Feridas";"Pleno dia";"Crescente";"Céu Claro";"Dupla";"Reta";"Sim";3;0;0;3;0;0;3;2;-8,680049;-35,577678;"SPRF-PE";"DEL01-PE";"UOP03-DEL01-PE"
578769;2024-02-03;"sábado";"15:15:00";"MG";381;876,7;"ESTIVA";"Velocidade Incompatível";"Saída de leito carroçável";"Com Vítimas Feridas";"Pleno dia";"Decrescente";"Chuva";"Dupla";"Curva";"Não";2;0;1;0;1;0;1;1;-22,472813;-46,01072791;"SPRF-MG";"DEL16-MG";"UOP01-DEL16-MG"
578771;2024-02-03;"sábado";"12:30:00";"PR";476;160;"CONTENDA";"Acessar a via sem observar a presença dos outros veículos";"Colisão transversal";"Com Vítimas Feridas";"Pleno dia";"Decrescente";"Céu Claro";"Dupla";"Reta";"Não";2;0;0;1;1;0;1;2;-25,619013;-49,440125;"SPRF-PR";"DEL01-PR";"UOP06-DEL01-PR"
578773;2024-02-03;"sábado";"15:40:00";"SC";101;46,8;"JOINVILLE";"Velocidade Incompatível";"Colisão traseira";"Com Vítimas Feridas";"Pleno dia";"Crescente";"Céu Claro";"Dupla";"Curva";"Sim";2;0;1;0;1;0;1;2;-26,36422336;-48,85892093;"SPRF-SC";"DEL03-SC";"UOP01-DEL03-SC"
578774;2024-02-03;"sábado";"15:00:00";"PR";116;101,9;"SAO JOSE DOS PINHAIS";"Ingestão de álcool pelo condutor";"Colisão com objeto";"Sem Vítimas";"Pleno dia";"Decrescente";"Sol";"Dupla";"Curva";"Não";1;0;0;0;1;0;0;1;-25,54167701;-49,1509368;"SPRF-PR";"DEL01-PR";"UOP07-DEL01-PR"
578776;2024-02-03;"sábado";"15:45:00";"RJ";101;388;"ITAGUAI";"Reação tardia ou ineficiente do condutor";"Colisão traseira";"Sem Vítimas";"Pleno dia";"Decrescente";"Nublado";"Dupla";"Reta";"Sim";8;0;0;0;8;0;0;3;-22,889456;-43,660958;"SPRF-RJ";"DEL03-RJ";"UOP01-DEL03-RJ"
578777;2024-02-03;"sábado";"15:30:00";"RS";285;356;"COLORADO";"Transitar na contramão";"Saída de leito carroçável";"Com Vítimas Feridas";"Pleno dia";"Crescente";"Céu Claro";"Simples";"Ponte";"Não";3;0;3;0;0;0;3;1;-28,349371;-52,944382;"SPRF-RS";"DEL08-RS";"UOP03-DEL08-RS"
578779;2024-02-03;"sábado";"15:45:00";"RS";158;382;"DILERMANDO DE AGUIAR";"Ausência de reação do condutor";"Saída de leito carroçável";"Com Vítimas Feridas";"Pleno dia";"Crescente";"Nublado";"Simples";"Aclive;Curva                  ";"Não";5;0;4;0;1;0;4;1;-29,88806011;-54,28312394;"SPRF-RS";"DEL09-RS";"UOP01-DEL09-RS"
578780;2024-02-03;"sábado";"15:50:00";"SC";101;94;"BARRA VELHA";"Manobra de mudança de faixa";"Colisão lateral mesmo sentido";"Com Vítimas Feridas";"Pleno dia";"Crescente";"Sol";"Dupla";"Reta";"Não";2;0;1;0;1;0;1;2;-26,69940401;-48,69902784;"SPRF-SC";"DEL03-SC";"UOP02-DEL03-SC"
578781;2024-02-03;"sábado";"15:05:00";"RS";116;117,3;"SAO MARCOS";"Transitar na contramão";"Colisão frontal";"Com Vítimas Feridas";"Pleno dia";"Decrescente";"Céu Claro";"Simples";"Curva";"Não";2;0;0;1;1;0;1;2;-28,98310299;-51,06761081;"SPRF-RS";"DEL05-RS";"UOP01-DEL05-RS"
578782;2024-02-03;"sábado";"16:55:00";"RS";290;90;"PORTO ALEGRE";"Demais falhas mecânicas ou elétricas";"Tombamento";"Com Vítimas Feridas";"Pleno dia";"Crescente";"Sol";"Dupla";"Reta";"Sim";2;0;2;0;0;0;2;1;-29,9696313;-51,1608772;"SPRF-RS";"DEL01-RS";"UOP01-DEL01-RS"
578784;2024-02-03;"sábado";"17:00:00";"SE";101;101;"SAO CRISTOVAO";"Condutor usando celular";"Queda de ocupante de veículo";"Com Vítimas Feridas";"Pleno dia";"Decrescente";"Céu Claro";"Dupla";"Reta;Declive                  ";"Não";3;0;0;1;0;2;1;2;-10,94481346;-37,2027868;"SPRF-SE";"DEL02-SE";"UOP01-DEL02-SE"
578785;2024-02-03;"sábado";"14:50:00";"RJ";101;494,9;"ANGRA DOS REIS";"Acessar a via sem observar a presença dos outros veículos";"Queda de ocupante de veículo";"Com Vítimas Feridas";"Pleno dia";"Decrescente";"Céu Claro";"Dupla";"Curva";"Não";1;0;1;0;0;0;1;1;-22,93752781;-44,3185162;"SPRF-RJ";"DEL03-RJ";"UOP03-DEL03-RJ"
578789;2024-02-03;"sábado";"17:05:00";"GO";40;10;"LUZIANIA";"Ingestão de álcool pelo condutor";"Colisão lateral mesmo sentido";"Sem Vítimas";"Pleno dia";"Decrescente";"Céu Claro";"Dupla";"Reta";"Não";2;0;0;0;2;0;0;2;-16,131285;-47,957923;"SPRF-DF";"DEL01-DF";"UOP01-DEL01-DF"
578790;2024-02-03;"sábado";"16:45:00";"MG";262;856;"CONCEICAO DAS ALAGOAS";"Demais falhas mecânicas ou elétricas";"Saída de leito carroçável";"Com Vítimas Feridas";"Pleno dia";"Crescente";"Céu Claro";"Dupla";"Reta";"Sim";2;0;2;0;0;0;2;1;-19,77313959;-48,37353411;"SPRF-MG";"DEL13-MG";"UOP01-DEL13-MG"
578792;2024-02-03;"sábado";"16:00:00";"BA";101;862;"TEIXEIRA DE FREITAS";"Demais falhas mecânicas ou elétricas";"Incêndio";"Sem Vítimas";"Pleno dia";"Crescente";"Céu Claro";"Simples";"Aclive;Reta                   ";"Não";1;0;0;0;1;0;0;1;-17,61407769;-39,76029838;"SPRF-BA";"DEL09-BA";"UOP02-DEL09-BA"
578793;2024-02-03;"sábado";"18:00:00";"SP";381;28;"ATIBAIA";"Demais falhas mecânicas ou elétricas";"Saída de leito carroçável";"Com Vítimas Feridas";"Pleno dia";"Crescente";"Céu Claro";"Dupla";"Reta";"Sim";2;0;1;0;1;0;1;1;-23,03614495;-46,55183601;"SPRF-SP";"DEL03-SP";"UOP02-DEL03-SP"
578795;2024-02-03;"sábado";"18:00:00";"SC";282;216,9;"LAGES";"Desrespeitar a preferência no cruzamento";"Colisão transversal";"Com Vítimas Feridas";"Pleno dia";"Decrescente";"Céu Claro";"Simples";"Interseção de Vias";"Sim";2;0;1;0;1;0;1;2;-27,797529;-50,291862;"SPRF-SC";"DEL05-SC";"UOP01-DEL05-SC"
578796;2024-02-03;"sábado";"18:04:00";"GO";40;11;"LUZIANIA";"Reação tardia ou ineficiente do condutor";"Colisão traseira";"Com Vítimas Feridas";"Pleno dia";"Crescente";"Céu Claro";"Dupla";"Reta";"Sim";2;0;1;0;1;0;1;2;-16,138336;-47,951644;"SPRF-DF";"DEL01-DF";"UOP01-DEL01-DF"
578797;2024-02-03;"sábado";"17:30:00";"RS";470;210,3;"BENTO GONCALVES";"Transitar na contramão";"Colisão frontal";"Com Vítimas Feridas";"Pleno dia";"Decrescente";"Chuva";"Simples";"Curva";"Sim";6;0;4;0;2;0;4;2;-29,12850917;-51,54096365;"SPRF-RS";"DEL06-RS";"UOP01-DEL06-RS"
578798;2024-02-03;"sábado";"19:00:00";"ES";101;127;"SOORETAMA";"Ingestão de álcool pelo condutor";"Colisão frontal";"Com Vítimas Feridas";"Plena Noite";"Crescente";"Céu Claro";"Simples";"Reta";"Sim";3;0;3;0;0;0;3;2;-19,202898;-40,095524;"SPRF-ES";"DEL04-ES";"UOP01-DEL04-ES"
578799;2024-02-03;"sábado";"15:20:00";"SC";101;304,9;"LAGUNA";"Ingestão de álcool pelo condutor";"Colisão traseira";"Sem Vítimas";"Pleno dia";"Crescente";"Céu Claro";"Simples";"Reta";"Não";5;0;0;0;5;0;0;2;-28,36912427;-48,75686871;"SPRF-SC";"DEL02-SC";"UOP03-DEL02-SC"
578800;2024-02-03;"sábado";"19:30:00";"RS";470;177;"VERANOPOLIS";"Transtornos Mentais (exceto suicidio)";"Atropelamento de Pedestre";"Com Vítimas Feridas";"Anoitecer";"Decrescente";"Céu Claro";"Simples";"Rotatória";"Sim";2;0;0;1;1;0;1;2;-28,93915139;-51,54591976;"SPRF-RS";"DEL06-RS";"UOP02-DEL06-RS"
578802;2024-02-03;"sábado";"19:15:00";"RS";285;489,8;"ENTRE-IJUIS";"Ausência de reação do condutor";"Saída de leito carroçável";"Com Vítimas Feridas";"Anoitecer";"Crescente";"Nublado";"Simples";"Curva";"Não";1;0;1;0;0;0;1;1;-28,373779;-54,199398;"SPRF-RS";"DEL10-RS";"UOP01-DEL10-RS"
578803;2024-02-03;"sábado";"19:20:00";"ES";259;57,8;"COLATINA";"Entrada inopinada do pedestre";"Atropelamento de Pedestre";"Com Vítimas Feridas";"Plena Noite";"Crescente";"Céu Claro";"Simples";"Rotatória";"Sim";2;0;1;0;0;1;1;2;-19,50865703;-40,65581416;"SPRF-ES";"DEL02-ES";"UOP01-DEL02-ES"
578804;2024-02-03;"sábado";"15:30:00";"SP";116;365;"MIRACATU";"Reação tardia ou ineficiente do condutor";"Colisão com objeto";"Com Vítimas Feridas";"Pleno dia";"Decrescente";"Céu Claro";"Dupla";"Curva";"Não";2;0;1;0;1;0;1;1;-24,14533813;-47,27537401;"SPRF-SP";"DEL04-SP";"UOP02-DEL04-SP"
578805;2024-02-03;"sábado";"18:20:00";"SP";116;282;"EMBU DAS ARTES";"Velocidade Incompatível";"Capotamento";"Sem Vítimas";"Pleno dia";"Crescente";"Céu Claro";"Dupla";"Reta";"Sim";4;0;0;0;2;2;0;1;-23,65958827;-46,85135901;"SPRF-SP";"DEL04-SP";"UOP01-DEL04-SP"
578806;2024-02-03;"sábado";"19:27:00";"RN";304;39;"MOSSORO";"Ausência de reação do condutor";"Colisão traseira";"Com Vítimas Feridas";"Plena Noite";"Crescente";"Céu Claro";"Dupla";"Reta";"Não";2;0;1;0;1;0;1;2;-5,18846685;-37,37410298;"SPRF-RN";"DEL04-RN";"UOP02-DEL04-RN"