"id";"data_inversa";"dia_semana";"horario";"uf";"br";"km";"municipio";"causa_acidente";"tipo_acidente";"classificacao_acidente";"fase_dia";"sentido_via";"condicao_metereologica";"tipo_pista";"tracado_via";"uso_solo";"pessoas";"mortos";"feridos_leves";"feridos_graves";"ilesos";"ignorados";"feridos";"veiculos";"latitude";"longitude";"regional";"delegacia";"uop"
578808;2024-02-03;"sábado";"18:40:00";"PR";116;89;"PIRAQUARA";"Condutor deixou de manter distância do veículo da frente";"Colisão traseira";"Com Vítimas Feridas";"Anoitecer";"Crescente";"Chuva";"Dupla";"Reta";"Não";2;0;1;0;1;0;1;2;-25,48650948;-49,10979867;"SPRF-PR";"DEL01-PR";"UOP07-DEL01-PR"
578809;2024-02-03;"sábado";"19:40:00";"PB";230;81;"BAYEUX";"Ingestão de álcool pelo condutor";"Colisão lateral mesmo sentido";"Sem Vítimas";"Plena Noite";"Decrescente";"Céu Claro";"Dupla";"Reta;Declive;Viaduto          ";"Sim";2;0;0;0;1;1;0;2;-7,13059557;-34,93393779;"SPRF-PB";"DEL01-PB";"UOP03-DEL01-PB"
578810;2024-02-03;"sábado";"19:40:00";"DF";70;1,6;"BRASILIA";"Manobra de mudança de faixa";"Colisão traseira";"Com Vítimas Feridas";"Plena Noite";"Crescente";"Céu Claro";"Dupla";"Reta;Declive                  ";"Sim";2;0;1;0;1;0;1;2;-15,795264;-48,063801;"SPRF-DF";"DEL03-DF";"UOP02-DEL03-DF"
578811;2024-02-03;"sábado";"19:00:00";"PR";158;519;"PATO BRANCO";"Ausência de reação do condutor";"Queda de ocupante de veículo";"Com Vítimas Feridas";"Anoitecer";"Decrescente";"Céu Claro";"Simples";"Reta";"Não";1;0;1;0;0;0;1;1;-26,10060199;-52,64367598;"SPRF-PR";"DEL02-PR";"UOP01-DEL02-PR"
578812;2024-02-03;"sábado";"18:30:00";"PI";343;103;"COCAL";"Avarias e/ou desgaste excessivo no pneu";"Saída de leito carroçável";"Com Vítimas Feridas";"Plena Noite";"Decrescente";"Nublado";"Simples";"Reta";"Não";2;0;0;1;1;0;1;1;-3,597883;-41,697136;"SPRF-PI";"DEL05-PI";"UOP01-DEL05-PI"
578813;2024-02-03;"sábado";"19:00:00";"MG";381;849;"POUSO ALEGRE";"Ingestão de álcool pelo condutor";"Colisão traseira";"Sem Vítimas";"Plena Noite";"Decrescente";"Nublado";"Dupla";"Curva";"Sim";4;0;0;0;3;1;0;2;-22,26114406;-45,89010176;"SPRF-MG";"DEL16-MG";"UOP01-DEL16-MG"
578815;2024-02-03;"sábado";"20:10:00";"BA";101;173;"FEIRA DE SANTANA";"Reação tardia ou ineficiente do condutor";"Atropelamento de Pedestre";"Com Vítimas Feridas";"Plena Noite";"Decrescente";"Céu Claro";"Simples";"Reta";"Não";2;0;1;0;0;1;1;2;-12,35993218;-38,8634647;"SPRF-BA";"DEL01-BA";"UOP03-DEL01-BA"
578816;2024-01-30;"terça-feira";"16:45:00";"SP";381;69;"MAIRIPORA";"Reação tardia ou ineficiente do condutor";"Colisão traseira";"Sem Vítimas";"Pleno dia";"Crescente";"Nublado";"Dupla";"Reta";"Sim";1;0;0;0;1;0;0;1;-23,34553108;-46,56787903;"SPRF-SP";"DEL03-SP";"UOP01-DEL03-SP"
578818;2024-02-03;"sábado";"20:40:00";"PE";101;38,6;"IGARASSU";"Transitar na contramão";"Colisão lateral sentido oposto";"Com Vítimas Feridas";"Plena Noite";"Decrescente";"Céu Claro";"Dupla";"Reta";"Sim";2;0;1;0;0;1;1;2;-7,82079;-34,916418;"SPRF-PE";"DEL01-PE";"UOP02-DEL01-PE"
578822;2024-02-03;"sábado";"20:30:00";"RS";468;102,3;"TRES PASSOS";"Transitar na contramão";"Colisão frontal";"Com Vítimas Fatais";"Anoitecer";"Crescente";"Céu Claro";"Simples";"Reta;Viaduto                  ";"Sim";4;1;1;2;0;0;3;3;-27,45988509;-53,94123008;"SPRF-RS";"DEL08-RS";"UOP02-DEL08-RS"
578823;2024-02-03;"sábado";"20:10:00";"GO";251;21;"CRISTALINA";"Velocidade Incompatível";"Colisão traseira";"Com Vítimas Feridas";"Plena Noite";"Decrescente";"Céu Claro";"Simples";"Reta";"Sim";3;0;2;0;1;0;2;3;-16,14941834;-47,48138915;"SPRF-DF";"DEL01-DF";"UOP01-DEL01-DF"
578824;2024-02-03;"sábado";"21:00:00";"GO";153;655;"GOIATUBA";"Avarias e/ou desgaste excessivo no pneu";"Capotamento";"Com Vítimas Feridas";"Plena Noite";"Decrescente";"Chuva";"Dupla";"Reta;Declive                  ";"Não";3;0;1;0;2;0;1;1;-18,0103;-49,2621;"SPRF-GO";"DEL03-GO";"UOP01-DEL03-GO"
578825;2024-02-03;"sábado";"19:30:00";"PR";373;232;"IMBITUVA";"Chuva";"Saída de leito carroçável";"Com Vítimas Feridas";"Plena Noite";"Crescente";"Chuva";"Simples";"Reta";"Não";5;0;4;1;0;0;5;1;-25,18503294;-50,68743801;"SPRF-PR";"DEL03-PR";"UOP01-DEL03-PR"
578826;2024-02-03;"sábado";"16:00:00";"SC";282;17,3;"PALHOCA";"Acumulo de óleo sobre o pavimento";"Tombamento";"Com Vítimas Feridas";"Pleno dia";"Decrescente";"Céu Claro";"Simples";"Retorno Regulamentado;Reta    ";"Sim";3;0;1;0;2;0;1;2;-27,665707;-48,688065;"SPRF-SC";"DEL01-SC";"UOP02-DEL01-SC"
578827;2024-02-03;"sábado";"20:45:00";"RJ";493;83;"JAPERI";"Objeto estático sobre o leito carroçável";"Queda de ocupante de veículo";"Com Vítimas Feridas";"Plena Noite";"Crescente";"Céu Claro";"Dupla";"Reta";"Não";2;0;0;1;1;0;1;1;-22,67446931;-43,65630984;"SPRF-RJ";"DEL01-RJ";"UOP03-DEL01-RJ"
578828;2024-02-03;"sábado";"20:00:00";"PR";376;342;"ORTIGUEIRA";"Condutor deixou de manter distância do veículo da frente";"Colisão traseira";"Com Vítimas Feridas";"Plena Noite";"Decrescente";"Garoa/Chuvisco";"Simples";"Reta";"Não";1;0;1;0;0;0;1;1;-24,152;-50,976;"SPRF-PR";"DEL07-PR";"UOP02-DEL07-PR"
578829;2024-02-03;"sábado";"20:50:00";"MG";116;243;"TEOFILO OTONI";"Acessar a via sem observar a presença dos outros veículos";"Colisão lateral mesmo sentido";"Com Vítimas Feridas";"Plena Noite";"Decrescente";"Nublado";"Simples";"Reta";"Não";2;0;0;1;1;0;1;2;-17,58662685;-41,48806708;"SPRF-MG";"DEL11-MG";"UOP01-DEL11-MG"
578830;2024-02-03;"sábado";"19:15:00";"PR";116;196,3;"RIO NEGRO";"Ingestão de álcool pelo condutor";"Colisão transversal";"Sem Vítimas";"Plena Noite";"Decrescente";"Nublado";"Simples";"Reta";"Não";4;0;0;0;4;0;0;2;-26,00463004;-49,66991783;"SPRF-SC";"DEL06-SC";"UOP01-DEL06-SC"
578832;2024-02-03;"sábado";"21:40:00";"PR";277;598;"CASCAVEL";"Acessar a via sem observar a presença dos outros veículos";"Colisão lateral mesmo sentido";"Com Vítimas Feridas";"Plena Noite";"Crescente";"Céu Claro";"Dupla";"Reta";"Sim";6;0;2;0;4;0;2;2;-24,99599861;-53,51520034;"SPRF-PR";"DEL04-PR";"UOP01-DEL04-PR"
578834;2024-02-03;"sábado";"19:40:00";"MG";116;649,5;"FERVEDOURO";"Manobra de mudança de faixa";"Colisão frontal";"Com Vítimas Feridas";"Pleno dia";"Crescente";"Chuva";"Simples";"Curva";"Sim";2;0;0;1;0;1;1;2;-20,71135078;-42,28083825;"SPRF-MG";"DEL07-MG";"UOP02-DEL07-MG"
578835;2024-02-03;"sábado";"21:30:00";"PR";476;160;"ARAUCARIA";"Transitar na contramão";"Colisão frontal";"Com Vítimas Feridas";"Plena Noite";"Crescente";"Céu Claro";"Dupla";"Reta";"Não";2;0;0;2;0;0;2;2;-25,619013;-49,440125;"SPRF-PR";"DEL01-PR";"UOP06-DEL01-PR"
578837;2024-02-03;"sábado";"20:30:00";"SC";NA;NA;"CORREIA PINTO";"Transitar na contramão";"Colisão frontal";"Com Vítimas Feridas";"Plena Noite";"Não Informado";"Céu Claro";"Simples";"Reta;Declive                  ";"Sim";4;0;3;0;1;0;3;2;-27,58102195;-50,3677386;"SPRF-SC";"DEL05-SC";"UOP03-DEL05-SC"
578838;2024-02-03;"sábado";"22:35:00";"PR";277;1;"PARANAGUA";"Transitar no Acostamento";"Colisão transversal";"Com Vítimas Feridas";"Plena Noite";"Decrescente";"Céu Claro";"Simples";"Reta";"Não";3;0;2;0;1;0;2;2;-25,5205;-48,5095;"SPRF-PR";"DEL01-PR";"UOP05-DEL01-PR"
578839;2024-02-03;"sábado";"19:30:00";"AL";316;99,8;"DOIS RIACHOS";"Animais na Pista";"Saída de leito carroçável";"Com Vítimas Feridas";"Plena Noite";"Decrescente";"Céu Claro";"Simples";"Reta";"Não";1;0;0;1;0;0;1;1;-9,38781218;-37,12517901;"SPRF-AL";"DEL03-AL";"UOP02-DEL03-AL"
578841;2024-02-03;"sábado";"19:20:00";"MS";163;258;"DOURADOS";"Ingestão de álcool pelo condutor";"Saída de leito carroçável";"Com Vítimas Feridas";"Plena Noite";"Crescente";"Céu Claro";"Dupla";"Curva";"Não";2;0;2;0;0;0;2;1;-22,25859;-54,783592;"SPRF-MS";"DEL04-MS";"UOP01-DEL04-MS"
578842;2024-02-03;"sábado";"23:20:00";"RN";110;99;"UPANEMA";"Animais na Pista";"Atropelamento de Animal";"Com Vítimas Feridas";"Plena Noite";"Crescente";"Céu Claro";"Simples";"Reta";"Sim";1;0;0;1;0;0;1;1;-5,63767789;-37,26086785;"SPRF-RN";"DEL04-RN";"UOP01-DEL04-RN"
578843;2024-02-03;"sábado";"22:50:00";"SP";153;344;"OURINHOS";"Entrada inopinada do pedestre";"Atropelamento de Pedestre";"Com Vítimas Feridas";"Plena Noite";"Decrescente";"Céu Claro";"Dupla";"Curva;Declive                 ";"Não";2;0;0;1;1;0;1;2;-22,96840896;-49,89986421;"SPRF-SP";"DEL07-SP";"UOP03-DEL07-SP"
578844;2024-02-03;"sábado";"22:11:00";"PE";232;412;"SERRA TALHADA";"Animais na Pista";"Atropelamento de Animal";"Com Vítimas Feridas";"Plena Noite";"Crescente";"Nublado";"Simples";"Curva";"Sim";5;0;1;1;3;0;2;3;-7,98377927;-38,3208774;"SPRF-PE";"DEL04-PE";"UOP01-DEL04-PE"
578845;2024-02-03;"sábado";"23:20:00";"SC";470;67;"INDAIAL";"Ingestão de álcool pelo condutor";"Colisão com objeto";"Sem Vítimas";"Plena Noite";"Decrescente";"Nublado";"Simples";"Em Obras;Declive;Desvio Tempor";"Sim";1;0;0;0;0;1;0;1;-26,87161671;-49,23003674;"SPRF-SC";"DEL04-SC";"UOP01-DEL04-SC"
578847;2024-02-03;"sábado";"23:00:00";"PR";116;115,5;"CURITIBA";"Reação tardia ou ineficiente do condutor";"Colisão traseira";"Com Vítimas Feridas";"Plena Noite";"Crescente";"Nublado";"Múltipla";"Reta";"Sim";2;0;1;0;1;0;1;2;-25,55953326;-49,26560414;"SPRF-PR";"DEL01-PR";"UOP03-DEL01-PR"
578848;2024-02-04;"domingo";"01:00:00";"SC";101;210;"PALHOCA";"Ingestão de álcool pelo condutor";"Colisão com objeto";"Sem Vítimas";"Plena Noite";"Crescente";"Céu Claro";"Múltipla";"Reta;Ponte                    ";"Sim";1;0;0;0;0;1;0;1;-27,6167305;-48,6457265;"SPRF-SC";"DEL01-SC";"UOP01-DEL01-SC"
578850;2024-02-03;"sábado";"21:45:00";"RJ";101;502;"ANGRA DOS REIS";"Ultrapassagem Indevida";"Colisão frontal";"Com Vítimas Fatais";"Plena Noite";"Decrescente";"Nublado";"Simples";"Reta";"Não";4;2;0;1;0;1;1;3;-22,92611482;-44,37184811;"SPRF-RJ";"DEL03-RJ";"UOP03-DEL03-RJ"
578851;2024-02-04;"domingo";"01:40:00";"SP";116;231;"SAO PAULO";"Acessar a via sem observar a presença dos outros veículos";"Colisão com objeto";"Com Vítimas Feridas";"Plena Noite";"Crescente";"Céu Claro";"Múltipla";"Reta";"Sim";2;0;1;0;1;0;1;2;-23,5290581;-46,59398303;"SPRF-SP";"DEL01-SP";"UOP01-DEL01-SP"
578852;2024-02-04;"domingo";"00:50:00";"PA";230;120;"MARABA";"Reação tardia ou ineficiente do condutor";"Colisão traseira";"Sem Vítimas";"Anoitecer";"Crescente";"Céu Claro";"Dupla";"Reta;Interseção de Vias       ";"Sim";2;0;0;0;2;0;0;2;-5,35038318;-49,11434;"SPRF-PA";"DEL03-PA";"UOP01-DEL03-PA"
578853;2024-02-04;"domingo";"01:00:00";"SC";101;156,4;"PORTO BELO";"Ultrapassagem Indevida";"Colisão lateral mesmo sentido";"Com Vítimas Feridas";"Plena Noite";"Decrescente";"Céu Claro";"Dupla";"Curva";"Sim";2;0;1;0;1;0;1;2;-27,172272;-48,61170204;"SPRF-SC";"DEL04-SC";"UOP03-DEL04-SC"
578854;2024-02-04;"domingo";"01:00:00";"SC";101;107,2;"PENHA";"Ausência de reação do condutor";"Saída de leito carroçável";"Com Vítimas Feridas";"Plena Noite";"Decrescente";"Nublado";"Múltipla";"Reta";"Não";1;0;1;0;0;0;1;1;-26,81930608;-48,68390282;"SPRF-SC";"DEL03-SC";"UOP02-DEL03-SC"
578856;2024-02-03;"sábado";"22:45:00";"RS";471;670;"CHUI";"Velocidade Incompatível";"Colisão lateral mesmo sentido";"Com Vítimas Feridas";"Plena Noite";"Crescente";"Nublado";"Simples";"Reta";"Não";4;0;0;1;3;0;1;2;-33,607122;-53,399213;"SPRF-RS";"DEL07-RS";"UOP04-DEL07-RS"
578857;2024-02-04;"domingo";"01:30:00";"SC";101;23,4;"JOINVILLE";"Ausência de reação do condutor";"Capotamento";"Com Vítimas Feridas";"Plena Noite";"Crescente";"Céu Claro";"Dupla";"Reta";"Não";1;0;1;0;0;0;1;1;-26,16582501;-48,90742427;"SPRF-SC";"DEL03-SC";"UOP01-DEL03-SC"
578858;2024-02-04;"domingo";"00:01:00";"SC";280;303;"PORTO UNIAO";"Acessar a via sem observar a presença dos outros veículos";"Colisão transversal";"Com Vítimas Feridas";"Plena Noite";"Decrescente";"Garoa/Chuvisco";"Simples";"Curva";"Sim";2;0;2;0;0;0;2;2;-26,27999553;-51,05063229;"SPRF-SC";"DEL06-SC";"UOP04-DEL06-SC"
578859;2024-02-04;"domingo";"00:20:00";"BA";101;715;"EUNAPOLIS";"Ingestão de álcool pelo condutor";"Colisão com objeto";"Sem Vítimas";"Plena Noite";"Decrescente";"Céu Claro";"Simples";"Reta";"Sim";1;0;0;0;0;1;0;1;-16,35853146;-39,5795238;"SPRF-BA";"DEL09-BA";"UOP01-DEL09-BA"
578860;2024-02-04;"domingo";"02:10:00";"PE";101;67;"RECIFE";"Transitar na contramão";"Colisão frontal";"Sem Vítimas";"Plena Noite";"Decrescente";"Nublado";"Dupla";"Reta";"Sim";3;0;0;0;1;2;0;3;-8,042334;-34,943096;"SPRF-PE";"DEL01-PE";"UOP01-DEL01-PE"
578861;2024-02-03;"sábado";"11:10:00";"PR";277;665,8;"MEDIANEIRA";"Condutor deixou de manter distância do veículo da frente";"Queda de ocupante de veículo";"Com Vítimas Feridas";"Pleno dia";"Crescente";"Céu Claro";"Dupla";"Aclive;Reta                   ";"Não";1;0;1;0;0;0;1;1;-25,25599605;-54,03772597;"SPRF-PR";"DEL05-PR";"UOP02-DEL05-PR"
578862;2024-02-04;"domingo";"00:20:00";"SE";101;20,5;"SAO FRANCISCO";"Condutor Dormindo";"Saída de leito carroçável";"Com Vítimas Feridas";"Plena Noite";"Decrescente";"Céu Claro";"Dupla";"Reta";"Não";3;0;3;0;0;0;3;1;-10,36358468;-36,90893412;"SPRF-SE";"DEL02-SE";"UOP02-DEL02-SE"
578863;2024-02-04;"domingo";"01:30:00";"GO";153;339,3;"JARAGUA";"Avarias e/ou desgaste excessivo no pneu";"Saída de leito carroçável";"Com Vítimas Feridas";"Plena Noite";"Crescente";"Nublado";"Simples";"Curva";"Não";4;0;3;0;1;0;3;1;-15,587341;-49,411465;"SPRF-GO";"DEL02-GO";"UOP02-DEL02-GO"
578864;2024-02-04;"domingo";"02:12:00";"SP";116;3,5;"QUELUZ";"Ausência de reação do condutor";"Colisão com objeto";"Com Vítimas Feridas";"Plena Noite";"Decrescente";"Céu Claro";"Dupla";"Reta";"Não";1;0;1;0;0;0;1;1;-22,52383208;-44,72621799;"SPRF-SP";"DEL08-SP";"UOP02-DEL08-SP"
578867;2024-02-04;"domingo";"03:45:00";"PR";369;52;"BANDEIRANTES";"Ingestão de álcool pelo condutor";"Saída de leito carroçável";"Com Vítimas Feridas";"Plena Noite";"Decrescente";"Céu Claro";"Dupla";"Curva";"Não";2;0;2;0;0;0;2;1;-23,11100648;-50,33392668;"SPRF-PR";"DEL07-PR";"UOP05-DEL07-PR"
578868;2024-02-04;"domingo";"04:00:00";"RJ";101;476,3;"ANGRA DOS REIS";"Velocidade Incompatível";"Saída de leito carroçável";"Sem Vítimas";"Plena Noite";"Decrescente";"Nublado";"Simples";"Curva";"Não";1;0;0;0;1;0;0;1;-23,0055431;-44,26195833;"SPRF-RJ";"DEL03-RJ";"UOP03-DEL03-RJ"
578870;2024-02-04;"domingo";"04:20:00";"RJ";116;178,9;"SAO JOAO DE MERITI";"Manobra de mudança de faixa";"Colisão lateral mesmo sentido";"Sem Vítimas";"Amanhecer";"Decrescente";"Nublado";"Dupla";"Reta";"Sim";2;0;0;0;2;0;0;2;-22,77496393;-43,40081465;"SPRF-RJ";"DEL06-RJ";"UOP01-DEL06-RJ"
578871;2024-02-04;"domingo";"04:15:00";"RS";158;149,8;"PANAMBI";"Ingestão de álcool pelo condutor";"Colisão com objeto";"Sem Vítimas";"Plena Noite";"Crescente";"Céu Claro";"Simples";"Rotatória;Interseção de Vias  ";"Sim";1;0;0;0;0;1;0;1;-28,27204195;-53,48398008;"SPRF-RS";"DEL10-RS";"UOP02-DEL10-RS"
578872;2024-02-04;"domingo";"04:10:00";"PR";116;147;"MANDIRITUBA";"Condutor Dormindo";"Colisão com objeto";"Sem Vítimas";"Amanhecer";"Decrescente";"Céu Claro";"Simples";"Reta";"Não";1;0;0;0;1;0;0;1;-25,82337262;-49,33534202;"SPRF-PR";"DEL01-PR";"UOP03-DEL01-PR"
578873;2024-02-04;"domingo";"05:00:00";"PI";343;502;"AMARANTE";"Transitar no Acostamento";"Atropelamento de Pedestre";"Com Vítimas Feridas";"Amanhecer";"Decrescente";"Garoa/Chuvisco";"Simples";"Reta";"Não";2;0;1;0;0;1;1;2;-6,24687;-42,820049;"SPRF-PI";"DEL03-PI";"UOP01-DEL03-PI"
578876;2024-02-04;"domingo";"04:30:00";"PE";424;93;"GARANHUNS";"Ausência de reação do condutor";"Saída de leito carroçável";"Com Vítimas Fatais";"Amanhecer";"Crescente";"Nublado";"Simples";"Curva";"Não";2;1;1;0;0;0;1;1;-8,907125;-36,487206;"SPRF-PE";"DEL03-PE";"UOP01-DEL03-PE"
578877;2024-02-04;"domingo";"05:45:00";"RS";290;578;"ALEGRETE";"Ingestão de álcool pelo condutor";"Colisão lateral sentido oposto";"Com Vítimas Feridas";"Amanhecer";"Crescente";"Céu Claro";"Simples";"Curva";"Sim";4;0;4;0;0;0;4;2;-29,811922;-55,758663;"SPRF-RS";"DEL13-RS";"UOP02-DEL13-RS"
578878;2024-02-04;"domingo";"04:40:00";"SC";280;119,4;"SAO BENTO DO SUL";"Reação tardia ou ineficiente do condutor";"Saída de leito carroçável";"Com Vítimas Feridas";"Plena Noite";"Crescente";"Céu Claro";"Simples";"Curva";"Sim";1;0;1;0;0;0;1;1;-26,26519673;-49,434177;"SPRF-SC";"DEL06-SC";"UOP03-DEL06-SC"
578879;2024-02-04;"domingo";"06:00:00";"SC";101;216,5;"PALHOCA";"Acumulo de óleo sobre o pavimento";"Tombamento";"Com Vítimas Feridas";"Amanhecer";"Crescente";"Céu Claro";"Dupla";"Rotatória";"Sim";2;0;1;0;0;1;1;1;-27,65981409;-48,67747798;"SPRF-SC";"DEL01-SC";"UOP02-DEL01-SC"
578880;2024-02-04;"domingo";"05:00:00";"RS";116;316;"GUAIBA";"Condutor usando celular";"Saída de leito carroçável";"Sem Vítimas";"Amanhecer";"Crescente";"Céu Claro";"Dupla";"Reta";"Não";4;0;0;0;4;0;0;1;-30,25478097;-51,40579629;"SPRF-RS";"DEL02-RS";"UOP01-DEL02-RS"
578881;2024-02-04;"domingo";"05:40:00";"MG";116;418;"GOVERNADOR VALADARES";"Condutor Dormindo";"Saída de leito carroçável";"Com Vítimas Feridas";"Pleno dia";"Crescente";"Céu Claro";"Simples";"Reta";"Sim";1;0;0;1;0;0;1;1;-18,91059296;-41,94156567;"SPRF-MG";"DEL06-MG";"UOP01-DEL06-MG"
578882;2024-02-04;"domingo";"04:00:00";"RS";386;343,5;"LAJEADO";"Condutor Dormindo";"Colisão com objeto";"Sem Vítimas";"Plena Noite";"Decrescente";"Céu Claro";"Dupla";"Curva;Em Obras                ";"Sim";1;0;0;0;0;1;0;1;-29,43624321;-51,99722886;"SPRF-RS";"DEL04-RS";"UOP01-DEL04-RS"
578883;2024-02-04;"domingo";"05:00:00";"MG";381;867,9;"POUSO ALEGRE";"Demais falhas mecânicas ou elétricas";"Saída de leito carroçável";"Sem Vítimas";"Plena Noite";"Crescente";"Nublado";"Dupla";"Reta";"Não";1;0;0;0;0;1;0;1;-22,411919;-45,96177005;"SPRF-MG";"DEL16-MG";"UOP01-DEL16-MG"
578885;2024-02-03;"sábado";"19:50:00";"MT";70;521;"VARZEA GRANDE";"Ausência de reação do condutor";"Colisão traseira";"Com Vítimas Feridas";"Plena Noite";"Decrescente";"Céu Claro";"Simples";"Reta";"Sim";1;0;0;1;0;0;1;1;-15,68191768;-56,17321806;"SPRF-MT";"DEL01-MT";"UOP02-DEL01-MT"
578886;2024-02-04;"domingo";"05:00:00";"RJ";101;524;"ANGRA DOS REIS";"Curva acentuada";"Capotamento";"Com Vítimas Feridas";"Plena Noite";"Decrescente";"Ignorado";"Simples";"Curva";"Não";2;0;2;0;0;0;2;1;-22,99959786;-44,47765217;"SPRF-RJ";"DEL03-RJ";"UOP03-DEL03-RJ"
578889;2024-02-03;"sábado";"23:00:00";"RJ";493;83;"JAPERI";"Objeto estático sobre o leito carroçável";"Tombamento";"Com Vítimas Feridas";"Plena Noite";"Crescente";"Céu Claro";"Dupla";"Reta";"Não";1;0;0;1;0;0;1;1;-22,67579771;-43,65760803;"SPRF-RJ";"DEL01-RJ";"UOP03-DEL01-RJ"
578890;2024-02-04;"domingo";"04:00:00";"GO";20;143,1;"ALVORADA DO NORTE";"Condutor Dormindo";"Saída de leito carroçável";"Sem Vítimas";"Plena Noite";"Decrescente";"Nublado";"Simples";"Reta";"Não";1;0;0;0;0;1;0;1;-14,755319;-46,663376;"SPRF-DF";"DEL02-DF";"UOP03-DEL02-DF"
578891;2024-02-04;"domingo";"04:00:00";"MT";364;448;"VARZEA GRANDE";"Conversão proibida";"Saída de leito carroçável";"Sem Vítimas";"Amanhecer";"Decrescente";"Céu Claro";"Simples";"Reta";"Não";1;0;0;0;1;0;0;1;-15,56152886;-56,26441956;"SPRF-MT";"DEL01-MT";"UOP02-DEL01-MT"
578893;2024-02-04;"domingo";"04:20:00";"MT";70;286;"PRIMAVERA DO LESTE";"Ingestão de álcool pelo condutor";"Saída de leito carroçável";"Sem Vítimas";"Plena Noite";"Decrescente";"Céu Claro";"Simples";"Reta";"Não";3;0;0;0;1;2;0;2;-15,5755141;-54,34948099;"SPRF-MT";"DEL05-MT";"UOP01-DEL05-MT"
578894;2024-02-04;"domingo";"07:00:00";"SP";116;409;"JUQUIA";"Ausência de reação do condutor";"Tombamento";"Com Vítimas Feridas";"Pleno dia";"Crescente";"Céu Claro";"Dupla";"Reta";"Não";2;0;1;1;0;0;2;1;-24,331595;-47,584785;"SPRF-SP";"DEL05-SP";"UOP01-DEL05-SP"
578895;2024-02-04;"domingo";"07:00:00";"SP";116;385;"MIRACATU";"Condutor deixou de manter distância do veículo da frente";"Colisão traseira";"Sem Vítimas";"Pleno dia";"Decrescente";"Céu Claro";"Dupla";"Curva;Aclive;Interseção de Via";"Não";2;0;0;0;2;0;0;2;-24,25539139;-47,37430894;"SPRF-SP";"DEL04-SP";"UOP02-DEL04-SP"
578896;2024-02-04;"domingo";"04:00:00";"SP";116;276,9;"EMBU DAS ARTES";"Reação tardia ou ineficiente do condutor";"Colisão com objeto";"Sem Vítimas";"Plena Noite";"Decrescente";"Céu Claro";"Dupla";"Reta";"Não";1;0;0;0;0;1;0;1;-23,64262417;-46,83811382;"SPRF-SP";"DEL04-SP";"UOP01-DEL04-SP"
578897;2024-02-01;"quinta-feira";"16:15:00";"RS";285;126,3;"VACARIA";"Transitar no Acostamento";"Queda de ocupante de veículo";"Sem Vítimas";"Pleno dia";"Decrescente";"Céu Claro";"Simples";"Curva";"Não";3;0;0;0;2;1;0;2;-28,476643;-50,96656;"SPRF-RS";"DEL05-RS";"UOP03-DEL05-RS"
578898;2024-02-04;"domingo";"07:30:00";"RN";101;99,8;"NATAL";"Ausência de reação do condutor";"Saída de leito carroçável";"Com Vítimas Feridas";"Pleno dia";"Decrescente";"Céu Claro";"Múltipla";"Retorno Regulamentado;Viaduto ";"Sim";2;0;1;0;1;0;1;2;-5,87591697;-35,22191232;"SPRF-RN";"DEL01-RN";"UOP01-DEL01-RN"
578899;2024-02-04;"domingo";"04:30:00";"BA";116;287;"TUCANO";"Reação tardia ou ineficiente do condutor";"Colisão traseira";"Com Vítimas Feridas";"Plena Noite";"Decrescente";"Ignorado";"Simples";"Reta";"Sim";4;0;2;0;2;0;2;2;-11,063954;-38,838312;"SPRF-BA";"DEL02-BA";"UOP01-DEL02-BA"
578900;2024-02-04;"domingo";"08:15:00";"RS";158;333;"SANTA MARIA";"Reação tardia ou ineficiente do condutor";"Colisão traseira";"Sem Vítimas";"Pleno dia";"Decrescente";"Céu Claro";"Dupla";"Reta";"Sim";3;0;0;0;3;0;0;2;-29,70712182;-53,8519507;"SPRF-RS";"DEL09-RS";"UOP01-DEL09-RS"
578901;2024-02-04;"domingo";"08:00:00";"TO";153;339;"GUARAI";"Transitar na contramão";"Colisão frontal";"Com Vítimas Fatais";"Pleno dia";"Crescente";"Céu Claro";"Simples";"Reta";"Não";7;1;1;5;0;0;6;2;-8,88128099;-48,50871049;"SPRF-TO";"DEL02-TO";"UOP02-DEL02-TO"
578903;2024-02-04;"domingo";"07:40:00";"MG";50;171;"UBERABA";"Ingestão de álcool pelo condutor";"Tombamento";"Sem Vítimas";"Pleno dia";"Crescente";"Nublado";"Dupla";"Curva;Declive                 ";"Sim";1;0;0;0;0;1;0;1;-19,74554892;-47,98382166;"SPRF-MG";"DEL13-MG";"UOP01-DEL13-MG"
578904;2024-02-04;"domingo";"08:00:00";"RS";290;59;"GRAVATAI";"Reação tardia ou ineficiente do condutor";"Colisão traseira";"Com Vítimas Feridas";"Pleno dia";"Crescente";"Céu Claro";"Dupla";"Reta";"Não";8;0;1;0;7;0;1;2;-29,922428;-50,84845;"SPRF-RS";"DEL03-RS";"UOP01-DEL03-RS"
578905;2024-02-04;"domingo";"08:30:00";"CE";116;52;"PACAJUS";"Acessar a via sem observar a presença dos outros veículos";"Colisão traseira";"Com Vítimas Feridas";"Pleno dia";"Decrescente";"Sol";"Dupla";"Reta";"Não";3;0;1;0;2;0;1;2;-4,18523574;-38,48627044;"SPRF-CE";"DEL03-CE";"UOP02-DEL03-CE"
578906;2024-02-04;"domingo";"08:30:00";"RJ";116;131;"MAGE";"Velocidade Incompatível";"Saída de leito carroçável";"Com Vítimas Feridas";"Pleno dia";"Decrescente";"Céu Claro";"Dupla";"Curva";"Sim";2;0;0;1;0;1;1;2;-22,65608024;-43,12511494;"SPRF-RJ";"DEL04-RJ";"UOP02-DEL04-RJ"
578909;2024-02-04;"domingo";"08:20:00";"RO";364;715;"PORTO VELHO";"Velocidade Incompatível";"Colisão com objeto";"Com Vítimas Feridas";"Pleno dia";"Crescente";"Nublado";"Simples";"Reta;Declive                  ";"Sim";1;0;1;0;0;0;1;1;-8,77957291;-63,89174213;"SPRF-RO";"DEL01-RO";"UOP01-DEL01-RO"