"id";"data_inversa";"dia_semana";"horario";"uf";"br";"km";"municipio";"causa_acidente";"tipo_acidente";"classificacao_acidente";"fase_dia";"sentido_via";"condicao_metereologica";"tipo_pista";"tracado_via";"uso_solo";"pessoas";"mortos";"feridos_leves";"feridos_graves";"ilesos";"ignorados";"feridos";"veiculos";"latitude";"longitude";"regional";"delegacia";"uop"
579016;2024-02-04;"domingo";"20:00:00";"PA";10;354;"SANTA MARIA DO PARA";"Deixar de acionar o farol da motocicleta (ou similar)";"Colisão transversal";"Com Vítimas Feridas";"Plena Noite";"Decrescente";"Céu Claro";"Simples";"Reta";"Sim";2;0;2;0;0;0;2;2;-1,34759789;-47,57735696;"SPRF-PA";"DEL01-PA";"UOP02-DEL01-PA"
579017;2024-02-04;"domingo";"18:30:00";"PI";343;336;"TERESINA";"Ausência de reação do condutor";"Saída de leito carroçável";"Sem Vítimas";"Plena Noite";"Crescente";"Céu Claro";"Dupla";"Reta";"Sim";1;0;0;0;0;1;0;1;-5,062547;-42,705189;"SPRF-PI";"DEL01-PI";"UOP01-DEL01-PI"
579018;2024-02-04;"domingo";"18:40:00";"BA";410;2;"RIBEIRA DO POMBAL";"Ingestão de álcool pelo condutor";"Colisão com objeto";"Com Vítimas Feridas";"Plena Noite";"Crescente";"Nublado";"Simples";"Reta";"Sim";2;0;1;0;0;1;1;2;-10,82458399;-38,54504201;"SPRF-BA";"DEL07-BA";"UOP02-DEL07-BA"
579019;2024-02-04;"domingo";"18:40:00";"RJ";116;135;"MAGE";"Ausência de reação do condutor";"Colisão traseira";"Com Vítimas Feridas";"Plena Noite";"Crescente";"Nublado";"Dupla";"Reta";"Não";2;0;0;1;1;0;1;2;-22,65225773;-43,16309893;"SPRF-RJ";"DEL04-RJ";"UOP02-DEL04-RJ"
579020;2024-02-04;"domingo";"14:30:00";"ES";101;257,8;"SERRA";"Pista esburacada";"Queda de ocupante de veículo";"Com Vítimas Feridas";"Pleno dia";"Decrescente";"Céu Claro";"Dupla";"Aclive;Reta                   ";"Sim";1;0;1;0;0;0;1;1;-20,12455095;-40,30331881;"SPRF-ES";"DEL02-ES";"UOP01-DEL02-ES"
579023;2024-02-04;"domingo";"20:01:00";"PE";408;94;"SAO LOURENCO DA MATA";"Frear bruscamente";"Colisão com objeto";"Com Vítimas Feridas";"Plena Noite";"Crescente";"Céu Claro";"Dupla";"Reta;Aclive                   ";"Sim";4;0;1;0;3;0;1;1;-8,00448211;-35,04643006;"SPRF-PE";"DEL01-PE";"UOP01-DEL01-PE"
579024;2024-02-04;"domingo";"20:21:00";"CE";222;4,8;"CAUCAIA";"Ausência de reação do condutor";"Colisão traseira";"Com Vítimas Feridas";"Plena Noite";"Decrescente";"Céu Claro";"Dupla";"Reta";"Não";2;0;1;0;1;0;1;2;-3,74164754;-38,60449792;"SPRF-CE";"DEL01-CE";"UOP01-DEL01-CE"
579025;2024-02-04;"domingo";"19:50:00";"PR";476;197;"LAPA";"Transitar na contramão";"Colisão frontal";"Com Vítimas Feridas";"Plena Noite";"Decrescente";"Nublado";"Simples";"Reta";"Sim";3;0;1;0;1;1;1;2;-25,75961438;-49,73274708;"SPRF-PR";"DEL01-PR";"UOP06-DEL01-PR"
579029;2024-02-04;"domingo";"21:45:00";"SP";116;212;"GUARULHOS";"Ausência de reação do condutor";"Queda de ocupante de veículo";"Com Vítimas Feridas";"Plena Noite";"Crescente";"Céu Claro";"Múltipla";"Reta";"Sim";1;0;1;0;0;0;1;1;-23,43608315;-46,42805094;"SPRF-SP";"DEL01-SP";"UOP01-DEL01-SP"
579031;2024-02-04;"domingo";"21:30:00";"SC";101;214,4;"PALHOCA";"Desrespeitar a preferência no cruzamento";"Colisão transversal";"Sem Vítimas";"Plena Noite";"Crescente";"Céu Claro";"Dupla";"Interseção de Vias";"Não";2;0;0;0;2;0;0;2;-27,64443;-48,67057;"SPRF-SC";"DEL01-SC";"UOP02-DEL01-SC"
579032;2024-02-04;"domingo";"20:50:00";"RS";468;86,6;"BOM PROGRESSO";"Transitar na contramão";"Colisão frontal";"Com Vítimas Feridas";"Plena Noite";"Decrescente";"Nublado";"Simples";"Interseção de Vias";"Não";6;0;4;0;2;0;4;2;-27,57522702;-53,86517896;"SPRF-RS";"DEL08-RS";"UOP02-DEL08-RS"
579036;2024-02-04;"domingo";"19:40:00";"RS";158;330;"SANTA MARIA";"Ausência de reação do condutor";"Colisão traseira";"Com Vítimas Feridas";"Anoitecer";"Crescente";"Chuva";"Simples";"Interseção de Vias;Rotatória;V";"Sim";2;0;1;0;1;0;1;2;-29,70200535;-53,83725413;"SPRF-RS";"DEL09-RS";"UOP01-DEL09-RS"
579038;2024-02-04;"domingo";"15:58:00";"MT";174;288;"PONTES E LACERDA";"Acessar a via sem observar a presença dos outros veículos";"Colisão lateral mesmo sentido";"Com Vítimas Feridas";"Pleno dia";"Crescente";"Nublado";"Simples";"Reta";"Sim";2;0;1;0;1;0;1;2;-15,23378885;-59,31756535;"SPRF-MT";"DEL04-MT";"UOP01-DEL04-MT"
579039;2024-02-04;"domingo";"19:00:00";"RS";285;20;"SAO JOSE DOS AUSENTES";"Retorno proibido";"Colisão transversal";"Com Vítimas Feridas";"Anoitecer";"Crescente";"Nublado";"Simples";"Rotatória;Reta;Interseção de V";"Sim";2;0;0;1;1;0;1;2;-28,74404132;-50,05765915;"SPRF-RS";"DEL05-RS";"UOP03-DEL05-RS"
579040;2024-02-04;"domingo";"20:30:00";"BA";101;102;"ALAGOINHAS";"Ausência de reação do condutor";"Colisão traseira";"Com Vítimas Feridas";"Plena Noite";"Decrescente";"Céu Claro";"Simples";"Reta";"Não";2;0;1;0;1;0;1;2;-12,15440191;-38,40413906;"SPRF-BA";"DEL01-BA";"UOP04-DEL01-BA"
579041;2024-02-04;"domingo";"20:00:00";"RS";116;39,6;"VACARIA";"Animais na Pista";"Atropelamento de Animal";"Com Vítimas Feridas";"Plena Noite";"Crescente";"Nublado";"Simples";"Reta";"Sim";1;0;1;0;0;0;1;1;-28,5120121;-50,93237991;"SPRF-RS";"DEL05-RS";"UOP03-DEL05-RS"
579042;2024-02-04;"domingo";"21:25:00";"PR";369;132,4;"IBIPORA";"Acessar a via sem observar a presença dos outros veículos";"Colisão transversal";"Sem Vítimas";"Plena Noite";"Crescente";"Nublado";"Dupla";"Retorno Regulamentado;Aclive  ";"Não";2;0;0;0;0;2;0;2;-23,26013358;-51,00339532;"SPRF-PR";"DEL07-PR";"UOP01-DEL07-PR"
579044;2024-02-04;"domingo";"18:55:00";"GO";60;352;"SANTO ANTONIO DA BARRA";"Avarias e/ou desgaste excessivo no pneu";"Capotamento";"Com Vítimas Feridas";"Anoitecer";"Crescente";"Chuva";"Dupla";"Declive;Reta                  ";"Não";5;0;4;0;0;1;4;2;-17,5907;-50,7083;"SPRF-GO";"DEL04-GO";"UOP02-DEL04-GO"
579045;2024-02-04;"domingo";"19:20:00";"GO";414;351;"COCALZINHO DE GOIAS";"Desrespeitar a preferência no cruzamento";"Colisão transversal";"Com Vítimas Feridas";"Plena Noite";"Crescente";"Céu Claro";"Simples";"Reta";"Não";3;0;0;2;0;1;2;2;-15,64000592;-48,67449613;"SPRF-GO";"DEL02-GO";"UOP01-DEL02-GO"
579046;2024-02-04;"domingo";"21:50:00";"SC";101;196,9;"BIGUACU";"Ingestão de álcool pelo condutor";"Colisão traseira";"Sem Vítimas";"Plena Noite";"Decrescente";"Céu Claro";"Múltipla";"Curva";"Sim";2;0;0;0;2;0;0;2;-27,51101091;-48,64322292;"SPRF-SC";"DEL01-SC";"UOP01-DEL01-SC"
579047;2024-02-04;"domingo";"22:00:00";"SP";116;330;"JUQUITIBA";"Área urbana sem a presença de local apropriado para a travessia de pedestres";"Atropelamento de Pedestre";"Com Vítimas Feridas";"Plena Noite";"Decrescente";"Céu Claro";"Dupla";"Reta";"Não";2;0;1;0;1;0;1;2;-23,9442931;-47,09668891;"SPRF-SP";"DEL04-SP";"UOP03-DEL04-SP"
579048;2024-02-04;"domingo";"21:37:00";"ES";101;296;"CARIACICA";"Animais na Pista";"Atropelamento de Animal";"Sem Vítimas";"Plena Noite";"Decrescente";"Céu Claro";"Dupla";"Curva";"Sim";5;0;0;0;4;1;0;3;-20,34029997;-40,40405712;"SPRF-ES";"DEL01-ES";"UOP01-DEL01-ES"
579049;2024-02-04;"domingo";"22:50:00";"RS";392;72;"PELOTAS";"Acessar a via sem observar a presença dos outros veículos";"Colisão transversal";"Com Vítimas Feridas";"Plena Noite";"Decrescente";"Céu Claro";"Simples";"Reta";"Não";2;0;1;0;1;0;1;2;-31,721104;-52,389843;"SPRF-RS";"DEL07-RS";"UOP01-DEL07-RS"
579050;2024-02-04;"domingo";"18:10:00";"PE";423;50;"LAJEDO";"Demais falhas na via";"Tombamento";"Com Vítimas Fatais";"Plena Noite";"Decrescente";"Céu Claro";"Simples";"Reta";"Não";3;1;1;0;0;1;1;2;-8,574665;-36,284492;"SPRF-PE";"DEL03-PE";"UOP01-DEL03-PE"
579051;2024-02-04;"domingo";"14:15:00";"MG";116;520,2;"CARATINGA";"Ausência de reação do condutor";"Queda de ocupante de veículo";"Com Vítimas Feridas";"Pleno dia";"Decrescente";"Nublado";"Simples";"Reta";"Não";2;0;1;0;0;1;1;2;-19,72594839;-42,13212852;"SPRF-MG";"DEL06-MG";"UOP02-DEL06-MG"
579052;2024-02-04;"domingo";"22:50:00";"RJ";356;177;"SAO JOAO DA BARRA";"Acessar a via sem observar a presença dos outros veículos";"Colisão transversal";"Com Vítimas Feridas";"Plena Noite";"Crescente";"Céu Claro";"Simples";"Reta";"Não";7;0;4;0;3;0;4;2;-21,68560202;-41,0569049;"SPRF-RJ";"DEL08-RJ";"UOP02-DEL08-RJ"
579053;2024-02-04;"domingo";"22:50:00";"ES";262;19,5;"VIANA";"Acessar a via sem observar a presença dos outros veículos";"Colisão transversal";"Com Vítimas Feridas";"Plena Noite";"Crescente";"Nublado";"Simples";"Reta";"Sim";3;0;1;1;1;0;2;2;-20,3919143;-40,49002338;"SPRF-ES";"DEL01-ES";"UOP01-DEL01-ES"
579054;2024-02-04;"domingo";"19:40:00";"MG";116;530,8;"CARATINGA";"Ingestão de álcool pelo condutor";"Colisão traseira";"Com Vítimas Feridas";"Plena Noite";"Decrescente";"Céu Claro";"Simples";"Reta";"Não";4;0;2;0;1;1;2;2;-19,81067298;-42,13539446;"SPRF-MG";"DEL06-MG";"UOP02-DEL06-MG"
579055;2024-02-04;"domingo";"20:10:00";"PI";343;589,5;"FLORIANO";"Pedestre andava na pista";"Atropelamento de Pedestre";"Com Vítimas Feridas";"Plena Noite";"Crescente";"Céu Claro";"Dupla";"Aclive;Reta                   ";"Sim";2;0;0;1;1;0;1;2;-6,776695;-43,009346;"SPRF-PI";"DEL03-PI";"UOP01-DEL03-PI"
579057;2024-02-04;"domingo";"23:30:00";"RS";392;640,5;"GUARANI DAS MISSOES";"Velocidade Incompatível";"Saída de leito carroçável";"Com Vítimas Feridas";"Plena Noite";"Crescente";"Garoa/Chuvisco";"Simples";"Reta;Declive                  ";"Não";1;0;1;0;0;0;1;1;-28,14889778;-54,53372955;"SPRF-RS";"DEL10-RS";"UOP01-DEL10-RS"
579058;2024-02-04;"domingo";"22:00:00";"PB";101;124;"CAAPORA";"Demais falhas mecânicas ou elétricas";"Saída de leito carroçável";"Com Vítimas Feridas";"Plena Noite";"Decrescente";"Garoa/Chuvisco";"Dupla";"Aclive;Reta                   ";"Não";4;0;4;0;0;0;4;1;-7,46746892;-34,9772648;"SPRF-PB";"DEL01-PB";"UOP02-DEL01-PB"
579059;2024-02-04;"domingo";"21:55:00";"SC";282;633,7;"DESCANSO";"Ausência de reação do condutor";"Saída de leito carroçável";"Sem Vítimas";"Plena Noite";"Decrescente";"Nublado";"Simples";"Declive;Curva                 ";"Não";1;0;0;0;0;1;0;1;-26,824224;-53,412407;"SPRF-SC";"DEL07-SC";"UOP03-DEL07-SC"
579061;2024-02-04;"domingo";"23:00:00";"CE";222;23;"CAUCAIA";"Ausência de reação do condutor";"Saída de leito carroçável";"Com Vítimas Feridas";"Plena Noite";"Decrescente";"Céu Claro";"Simples";"Reta";"Não";2;0;0;1;1;0;1;1;-3,73178984;-38,75974197;"SPRF-CE";"DEL01-CE";"UOP01-DEL01-CE"
579063;2024-02-04;"domingo";"23:30:00";"SC";101;4,7;"ARARANGUA";"Ingestão de álcool pelo condutor";"Colisão traseira";"Com Vítimas Feridas";"Plena Noite";"Crescente";"Nublado";"Simples";"Reta";"Sim";2;0;1;0;1;0;1;2;-28,95783572;-49,51375008;"SPRF-SC";"DEL03-SC";"UOP01-DEL03-SC"
579064;2024-02-04;"domingo";"19:40:00";"MT";364;1188;"CAMPOS DE JULIO";"Ausência de reação do condutor";"Saída de leito carroçável";"Com Vítimas Feridas";"Plena Noite";"Decrescente";"Nublado";"Simples";"Reta";"Não";1;0;0;1;0;0;1;1;-13,786362;-59,3282399;"SPRF-MT";"DEL04-MT";"UOP02-DEL04-MT"
579065;2024-02-05;"segunda-feira";"00:10:00";"SC";101;208;"SAO JOSE";"Reação tardia ou ineficiente do condutor";"Colisão traseira";"Com Vítimas Feridas";"Plena Noite";"Crescente";"Céu Claro";"Múltipla";"Reta";"Não";2;0;0;1;1;0;1;2;-27,60327979;-48,63201818;"SPRF-SC";"DEL01-SC";"UOP01-DEL01-SC"
579066;2024-02-04;"domingo";"22:05:00";"ES";393;10;"CACHOEIRO DE ITAPEMIRIM";"Ausência de reação do condutor";"Queda de ocupante de veículo";"Com Vítimas Feridas";"Plena Noite";"Crescente";"Chuva";"Simples";"Reta";"Não";1;0;1;0;0;0;1;1;-20,84255004;-41,24026997;"SPRF-ES";"DEL03-ES";"UOP02-DEL03-ES"
579067;2024-02-05;"segunda-feira";"01:00:00";"SP";116;202;"ARUJA";"Ausência de reação do condutor";"Colisão traseira";"Com Vítimas Feridas";"Plena Noite";"Decrescente";"Nublado";"Dupla";"Reta;Aclive                   ";"Sim";2;0;0;1;1;0;1;2;-23,40809408;-46,33859597;"SPRF-SP";"DEL01-SP";"UOP01-DEL01-SP"
579068;2024-02-04;"domingo";"16:30:00";"MG";381;412;"NOVA UNIAO";"Ausência de reação do condutor";"Colisão com objeto";"Com Vítimas Feridas";"Pleno dia";"Decrescente";"Céu Claro";"Dupla";"Curva";"Não";1;0;1;0;0;0;1;1;-19,7364715;-43,60024371;"SPRF-MG";"DEL01-MG";"UOP01-DEL01-MG"
579071;2024-02-05;"segunda-feira";"01:20:00";"SC";101;139;"BALNEARIO CAMBORIU";"Avarias e/ou desgaste excessivo no pneu";"Tombamento";"Com Vítimas Feridas";"Plena Noite";"Crescente";"Céu Claro";"Múltipla";"Aclive;Reta                   ";"Não";1;0;1;0;0;0;1;1;-27,02982303;-48,60115006;"SPRF-SC";"DEL04-SC";"UOP03-DEL04-SC"
579072;2024-02-05;"segunda-feira";"00:40:00";"PR";277;74,8;"SAO JOSE DOS PINHAIS";"Ausência de reação do condutor";"Colisão traseira";"Sem Vítimas";"Plena Noite";"Decrescente";"Nublado";"Dupla";"Reta;Viaduto                  ";"Sim";3;0;0;0;3;0;0;2;-25,494239;-49,166736;"SPRF-PR";"DEL01-PR";"UOP07-DEL01-PR"
579073;2024-02-05;"segunda-feira";"00:45:00";"RS";285;129,7;"VACARIA";"Animais na Pista";"Atropelamento de Animal";"Sem Vítimas";"Plena Noite";"Crescente";"Céu Claro";"Simples";"Reta";"Não";5;0;0;0;5;0;0;2;-28,456049;-50,984863;"SPRF-RS";"DEL05-RS";"UOP03-DEL05-RS"
579074;2024-02-05;"segunda-feira";"00:40:00";"GO";40;7,3;"VALPARAISO DE GOIAS";"Manobra de mudança de faixa";"Colisão transversal";"Com Vítimas Feridas";"Plena Noite";"Crescente";"Céu Claro";"Dupla";"Reta";"Sim";3;0;1;1;1;0;2;2;-16,108482;-47,972524;"SPRF-DF";"DEL01-DF";"UOP01-DEL01-DF"
579075;2024-02-04;"domingo";"20:40:00";"BA";101;1,6;"RIO REAL";"Animais na Pista";"Atropelamento de Animal";"Com Vítimas Feridas";"Plena Noite";"Decrescente";"Céu Claro";"Simples";"Reta";"Não";1;0;1;0;0;0;1;1;-11,54423305;-37,86395083;"SPRF-SE";"DEL02-SE";"UOP03-DEL02-SE"
579076;2024-02-05;"segunda-feira";"00:00:00";"MG";116;803;"ALEM PARAIBA";"Ausência de reação do condutor";"Queda de ocupante de veículo";"Com Vítimas Fatais";"Plena Noite";"Crescente";"Céu Claro";"Simples";"Reta";"Não";1;1;0;0;0;0;0;1;-21,7856639;-42,72039984;"SPRF-MG";"DEL07-MG";"UOP01-DEL07-MG"
579077;2024-02-05;"segunda-feira";"02:00:00";"MG";381;772;"CAMPANHA";"Animais na Pista";"Atropelamento de Animal";"Com Vítimas Feridas";"Plena Noite";"Crescente";"Nublado";"Dupla";"Reta";"Não";4;0;1;0;3;0;1;1;-21,79763003;-45,45693799;"SPRF-MG";"DEL16-MG";"UOP02-DEL16-MG"
579078;2024-02-05;"segunda-feira";"02:00:00";"PR";277;82;"CURITIBA";"Velocidade Incompatível";"Colisão com objeto";"Sem Vítimas";"Plena Noite";"Crescente";"Céu Claro";"Dupla";"Reta";"Sim";1;0;0;0;0;1;0;1;-25,4556;-49,224113;"SPRF-PR";"DEL01-PR";"UOP07-DEL01-PR"
579079;2024-02-05;"segunda-feira";"03:00:00";"BA";101;715,6;"EUNAPOLIS";"Velocidade Incompatível";"Atropelamento de Pedestre";"Com Vítimas Feridas";"Plena Noite";"Decrescente";"Céu Claro";"Simples";"Reta";"Sim";2;0;0;1;0;1;1;2;-16,35948;-39,57976;"SPRF-BA";"DEL09-BA";"UOP01-DEL09-BA"
579080;2024-02-05;"segunda-feira";"01:44:00";"RJ";101;319;"SAO GONCALO";"Pedestre - Ingestão de álcool/ substâncias psicoativas";"Atropelamento de Pedestre";"Com Vítimas Feridas";"Amanhecer";"Decrescente";"Céu Claro";"Múltipla";"Reta";"Sim";2;0;0;1;0;1;1;2;-22,85411774;-43,1018014;"SPRF-RJ";"DEL02-RJ";"UOP02-DEL02-RJ"
579081;2024-02-05;"segunda-feira";"03:15:00";"PR";277;108,2;"CAMPO LARGO";"Pedestre andava na pista";"Atropelamento de Pedestre";"Com Vítimas Feridas";"Plena Noite";"Decrescente";"Céu Claro";"Dupla";"Reta";"Sim";2;0;1;0;1;0;1;2;-25,43626121;-49,4420645;"SPRF-PR";"DEL03-PR";"UOP03-DEL03-PR"
579082;2024-02-05;"segunda-feira";"02:00:00";"MT";70;224;"POXOREO";"Problema com o freio";"Incêndio";"Sem Vítimas";"Plena Noite";"Crescente";"Chuva";"Simples";"Reta";"Não";1;0;0;0;1;0;0;1;-15,65470535;-53,89565903;"SPRF-MT";"DEL05-MT";"UOP01-DEL05-MT"
579084;2024-02-05;"segunda-feira";"01:40:00";"PR";373;259;"PRUDENTOPOLIS";"Reação tardia ou ineficiente do condutor";"Saída de leito carroçável";"Com Vítimas Feridas";"Plena Noite";"Crescente";"Céu Claro";"Simples";"Reta";"Não";1;0;1;0;0;0;1;1;-25,206547;-50,936092;"SPRF-PR";"DEL08-PR";"UOP01-DEL08-PR"
579085;2024-02-05;"segunda-feira";"03:00:00";"MG";40;505,9;"RIBEIRAO DAS NEVES";"Reação tardia ou ineficiente do condutor";"Colisão traseira";"Com Vítimas Feridas";"Plena Noite";"Decrescente";"Céu Claro";"Dupla";"Reta";"Sim";2;0;1;0;1;0;1;2;-19,73838088;-44,14935661;"SPRF-MG";"DEL02-MG";"UOP01-DEL02-MG"
579086;2024-02-05;"segunda-feira";"03:30:00";"PI";316;230;"INHUMA";"Ausência de reação do condutor";"Colisão traseira";"Com Vítimas Feridas";"Plena Noite";"Crescente";"Nublado";"Simples";"Aclive;Reta                   ";"Não";2;0;2;0;0;0;2;2;-6,56229006;-41,72934741;"SPRF-PI";"DEL04-PI";"UOP02-DEL04-PI"
579089;2024-02-04;"domingo";"19:40:00";"SC";282;614,4;"MARAVILHA";"Ingestão de álcool pelo condutor";"Capotamento";"Com Vítimas Feridas";"Plena Noite";"Crescente";"Nublado";"Simples";"Curva";"Não";1;0;0;1;0;0;1;1;-26,76932;-53,264568;"SPRF-SC";"DEL07-SC";"UOP02-DEL07-SC"
579090;2024-02-05;"segunda-feira";"05:30:00";"GO";60;100,6;"ANAPOLIS";"Pista esburacada";"Tombamento";"Com Vítimas Feridas";"Amanhecer";"Decrescente";"Céu Claro";"Dupla";"Declive";"Sim";1;0;0;1;0;0;1;1;-16,3979;-48,9664;"SPRF-GO";"DEL02-GO";"UOP01-DEL02-GO"
579092;2024-02-05;"segunda-feira";"06:20:00";"PR";277;586;"CASCAVEL";"Ausência de reação do condutor";"Saída de leito carroçável";"Com Vítimas Feridas";"Pleno dia";"Decrescente";"Céu Claro";"Simples";"Reta";"Sim";2;0;2;0;0;0;2;1;-24,9649472;-53,4210459;"SPRF-PR";"DEL04-PR";"UOP01-DEL04-PR"
579094;2024-02-05;"segunda-feira";"06:24:00";"RJ";101;85;"CAMPOS DOS GOYTACAZES";"Demais falhas mecânicas ou elétricas";"Incêndio";"Sem Vítimas";"Pleno dia";"Decrescente";"Nublado";"Dupla";"Reta";"Não";1;0;0;0;1;0;0;1;-21,82176524;-41,47958594;"SPRF-RJ";"DEL08-RJ";"UOP02-DEL08-RJ"
579096;2024-02-05;"segunda-feira";"06:45:00";"DF";20;12;"BRASILIA";"Ausência de reação do condutor";"Colisão traseira";"Com Vítimas Feridas";"Pleno dia";"Decrescente";"Nublado";"Dupla";"Aclive;Reta                   ";"Sim";2;0;1;0;1;0;1;2;-15,642812;-47,757786;"SPRF-DF";"DEL02-DF";"UOP01-DEL02-DF"
579097;2024-02-05;"segunda-feira";"06:10:00";"CE";116;6;"FORTALEZA";"Ingestão de álcool pelo condutor";"Colisão lateral mesmo sentido";"Com Vítimas Feridas";"Pleno dia";"Crescente";"Céu Claro";"Dupla";"Interseção de Vias";"Sim";2;0;1;0;1;0;1;2;-3,802624;-38,50400499;"SPRF-CE";"DEL01-CE";"UOP02-DEL01-CE"
579099;2024-02-04;"domingo";"22:10:00";"RJ";116;121;"MAGE";"Reação tardia ou ineficiente do condutor";"Tombamento";"Com Vítimas Feridas";"Plena Noite";"Decrescente";"Nublado";"Dupla";"Reta";"Não";2;0;2;0;0;0;2;1;-22,62881711;-43,04922889;"SPRF-RJ";"DEL04-RJ";"UOP02-DEL04-RJ"
579100;2024-02-05;"segunda-feira";"07:00:00";"RS";448;11;"CANOAS";"Ausência de reação do condutor";"Colisão com objeto";"Com Vítimas Feridas";"Pleno dia";"Decrescente";"Céu Claro";"Dupla";"Reta";"Não";1;0;1;0;0;0;1;1;-29,909166;-51,241253;"SPRF-RS";"DEL01-RS";"UOP01-DEL01-RS"
579101;2024-02-05;"segunda-feira";"06:50:00";"PE";101;68;"RECIFE";"Reação tardia ou ineficiente do condutor";"Colisão traseira";"Com Vítimas Feridas";"Pleno dia";"Decrescente";"Céu Claro";"Dupla";"Viaduto";"Sim";3;0;1;1;1;0;2;2;-8,051471;-34,945992;"SPRF-PE";"DEL01-PE";"UOP01-DEL01-PE"
579102;2024-02-05;"segunda-feira";"07:01:00";"RN";304;297;"MACAIBA";"Conversão proibida";"Colisão transversal";"Com Vítimas Feridas";"Pleno dia";"Crescente";"Céu Claro";"Simples";"Em Obras;Reta                 ";"Sim";3;0;2;0;1;0;2;2;-5,86534101;-35,340694;"SPRF-RN";"DEL01-RN";"UOP02-DEL01-RN"
579103;2024-02-05;"segunda-feira";"05:55:00";"CE";222;230,1;"SOBRAL";"Manobra de mudança de faixa";"Colisão lateral sentido oposto";"Sem Vítimas";"Pleno dia";"Decrescente";"Céu Claro";"Simples";"Reta";"Não";2;0;0;0;1;1;0;2;-3,70054016;-40,39250394;"SPRF-CE";"DEL04-CE";"UOP01-DEL04-CE"
579104;2024-02-05;"segunda-feira";"06:40:00";"SC";470;29;"GASPAR";"Manobra de mudança de faixa";"Colisão traseira";"Com Vítimas Feridas";"Pleno dia";"Crescente";"Céu Claro";"Dupla";"Reta";"Não";2;0;1;0;1;0;1;2;-26,89362;-48,903973;"SPRF-SC";"DEL04-SC";"UOP01-DEL04-SC"
579106;2024-02-05;"segunda-feira";"07:30:00";"GO";153;494,4;"GOIANIA";"Acessar a via sem observar a presença dos outros veículos";"Colisão lateral mesmo sentido";"Com Vítimas Feridas";"Amanhecer";"Crescente";"Céu Claro";"Dupla";"Reta";"Sim";3;0;2;0;0;1;2;2;-16,6854;-49,2338;"SPRF-GO";"DEL01-GO";"UOP01-DEL01-GO"
579108;2024-02-05;"segunda-feira";"06:25:00";"PE";232;60;"POMBOS";"Condutor deixou de manter distância do veículo da frente";"Colisão traseira";"Com Vítimas Feridas";"Pleno dia";"Decrescente";"Céu Claro";"Dupla";"Curva";"Não";2;0;0;1;0;1;1;2;-8,14788448;-35,40768085;"SPRF-PE";"DEL02-PE";"UOP02-DEL02PE"
579109;2024-02-05;"segunda-feira";"05:45:00";"PR";277;620;"CEU AZUL";"Velocidade Incompatível";"Saída de leito carroçável";"Sem Vítimas";"Amanhecer";"Decrescente";"Céu Claro";"Simples";"Reta";"Não";1;0;0;0;1;0;0;1;-25,08307845;-53,71064083;"SPRF-PR";"DEL05-PR";"UOP02-DEL05-PR"
579110;2024-02-05;"segunda-feira";"07:45:00";"PR";277;583;"CASCAVEL";"Trafegar com motocicleta (ou similar) entre as faixas";"Colisão traseira";"Com Vítimas Feridas";"Pleno dia";"Decrescente";"Céu Claro";"Dupla";"Reta";"Sim";3;0;2;0;1;0;2;3;-24,9671156;-53,4021489;"SPRF-PR";"DEL04-PR";"UOP01-DEL04-PR"
579111;2024-02-05;"segunda-feira";"08:10:00";"ES";101;261,5;"SERRA";"Reação tardia ou ineficiente do condutor";"Colisão com objeto";"Com Vítimas Feridas";"Pleno dia";"Decrescente";"Sol";"Dupla";"Reta";"Sim";1;0;1;0;0;0;1;1;-20,14854215;-40,27970926;"SPRF-ES";"DEL02-ES";"UOP01-DEL02-ES"
579112;2024-02-04;"domingo";"22:45:00";"PE";428;188,3;"PETROLINA";"Ausência de reação do condutor";"Colisão lateral mesmo sentido";"Com Vítimas Feridas";"Plena Noite";"Crescente";"Céu Claro";"Múltipla";"Viaduto;Interseção de Vias    ";"Sim";2;0;1;0;1;0;1;2;-9,36400596;-40,48266808;"SPRF-PE";"DEL06-PE";"UOP01-DEL06-PE"
579113;2024-02-05;"segunda-feira";"07:45:00";"RS";116;148,9;"CAXIAS DO SUL";"Mal súbito do condutor";"Colisão traseira";"Com Vítimas Feridas";"Pleno dia";"Decrescente";"Sol";"Dupla";"Reta";"Não";2;0;1;0;1;0;1;2;-29,15444539;-51,15101681;"SPRF-RS";"DEL05-RS";"UOP01-DEL05-RS"
579116;2024-02-04;"domingo";"19:31:00";"PE";316;368;"PETROLANDIA";"Ultrapassagem Indevida";"Colisão frontal";"Com Vítimas Fatais";"Plena Noite";"Crescente";"Céu Claro";"Simples";"Reta";"Sim";2;1;1;0;0;0;1;2;-8,98756299;-38,21647593;"SPRF-PE";"DEL04-PE";"UOP03-DEL04-PE"
579117;2024-02-05;"segunda-feira";"07:20:00";"GO";60;97;"ANAPOLIS";"Acessar a via sem observar a presença dos outros veículos";"Colisão traseira";"Com Vítimas Feridas";"Pleno dia";"Crescente";"Céu Claro";"Dupla";"Interseção de Vias;Reta       ";"Sim";2;0;1;0;1;0;1;2;-16,375805;-48,947114;"SPRF-GO";"DEL02-GO";"UOP01-DEL02-GO"
579118;2024-02-04;"domingo";"02:30:00";"CE";20;260;"ITATIRA";"Animais na Pista";"Atropelamento de Animal";"Com Vítimas Feridas";"Plena Noite";"Decrescente";"Céu Claro";"Simples";"Reta";"Não";1;0;1;0;0;0;1;1;-4,71137187;-39,46231418;"SPRF-CE";"DEL02-CE";"UOP01-DEL02-CE"