"id";"data_inversa";"dia_semana";"horario";"uf";"br";"km";"municipio";"causa_acidente";"tipo_acidente";"classificacao_acidente";"fase_dia";"sentido_via";"condicao_metereologica";"tipo_pista";"tracado_via";"uso_solo";"pessoas";"mortos";"feridos_leves";"feridos_graves";"ilesos";"ignorados";"feridos";"veiculos";"latitude";"longitude";"regional";"delegacia";"uop"
579707;2024-02-08;"quinta-feira";"05:21:00";"TO";153;141;"ARAGUAINA";"Ingestão de álcool pelo condutor";"Atropelamento de Pedestre";"Com Vítimas Fatais";"Amanhecer";"Crescente";"Céu Claro";"Dupla";"Reta";"Sim";4;1;0;0;1;2;0;3;-7,175959;-48,219548;"SPRF-TO";"DEL02-TO";"UOP01-DEL02-TO"
579708;2024-02-07;"quarta-feira";"23:30:00";"PR";163;267;"TOLEDO";"Condutor deixou de manter distância do veículo da frente";"Colisão traseira";"Sem Vítimas";"Plena Noite";"Decrescente";"Céu Claro";"Dupla";"Reta";"Não";2;0;0;0;2;0;0;2;-24,6318893;-53,87961212;"SPRF-PR";"DEL06-PR";"UOP02-DEL06-PR"
579710;2024-02-08;"quinta-feira";"06:30:00";"PR";277;560,5;"CASCAVEL";"Avarias e/ou desgaste excessivo no pneu";"Tombamento";"Com Vítimas Feridas";"Pleno dia";"Decrescente";"Céu Claro";"Simples";"Curva";"Não";2;0;1;0;1;0;1;1;-25,0690669;-53,20791197;"SPRF-PR";"DEL04-PR";"UOP04-DEL04-PR"
579711;2024-02-08;"quinta-feira";"05:00:00";"GO";60;376;"RIO VERDE";"Animais na Pista";"Colisão com objeto";"Com Vítimas Feridas";"Plena Noite";"Crescente";"Nublado";"Dupla";"Declive";"Não";1;0;0;1;0;0;1;1;-17,7311;-50,8695;"SPRF-GO";"DEL04-GO";"UOP02-DEL04-GO"
579713;2024-02-08;"quinta-feira";"04:35:00";"RJ";101;187,9;"CASIMIRO DE ABREU";"Reação tardia ou ineficiente do condutor";"Saída de leito carroçável";"Com Vítimas Feridas";"Amanhecer";"Crescente";"Céu Claro";"Simples";"Reta";"Não";2;0;2;0;0;0;2;1;-22,448856;-42,052364;"SPRF-RJ";"DEL08-RJ";"UOP04-DEL08-RJ"
579714;2024-02-07;"quarta-feira";"22:00:00";"RJ";40;119;"DUQUE DE CAXIAS";"Transitar na contramão";"Colisão frontal";"Com Vítimas Feridas";"Plena Noite";"Decrescente";"Céu Claro";"Simples";"Curva;Retorno Regulamentado;Vi";"Sim";2;0;1;0;1;0;1;2;-22,76375592;-43,28683062;"SPRF-RJ";"DEL01-RJ";"UOP02-DEL01-RJ"
579715;2024-02-08;"quinta-feira";"05:50:00";"RJ";495;31;"PETROPOLIS";"Condutor Dormindo";"Colisão traseira";"Com Vítimas Feridas";"Pleno dia";"Crescente";"Céu Claro";"Simples";"Curva";"Não";4;0;1;0;1;2;1;3;-22,3860498;-43,12652349;"SPRF-RJ";"DEL05-RJ";"UOP02-DEL05-RJ"
579716;2024-02-08;"quinta-feira";"01:20:00";"MG";262;821;"UBERABA";"Avarias e/ou desgaste excessivo no pneu";"Capotamento";"Sem Vítimas";"Plena Noite";"Crescente";"Céu Claro";"Simples";"Reta";"Não";1;0;0;0;0;1;0;1;-19,762056;-48,138805;"SPRF-MG";"DEL13-MG";"UOP01-DEL13-MG"
579717;2024-02-08;"quinta-feira";"06:30:00";"MS";163;750;"COXIM";"Demais falhas mecânicas ou elétricas";"Tombamento";"Com Vítimas Feridas";"Amanhecer";"Crescente";"Céu Claro";"Simples";"Reta;Declive                  ";"Não";2;0;2;0;0;0;2;1;-18,347344;-54,66531613;"SPRF-MS";"DEL06-MS";"UOP01-DEL06-MS"
579720;2024-02-08;"quinta-feira";"07:40:00";"RS";290;91;"PORTO ALEGRE";"Ausência de reação do condutor";"Colisão traseira";"Com Vítimas Feridas";"Pleno dia";"Crescente";"Céu Claro";"Simples";"Reta";"Não";2;0;1;0;1;0;1;2;-29,969055;-51,167439;"SPRF-RS";"DEL01-RS";"UOP01-DEL01-RS"
579721;2024-02-08;"quinta-feira";"07:50:00";"SP";116;210;"GUARULHOS";"Trafegar com motocicleta (ou similar) entre as faixas";"Queda de ocupante de veículo";"Com Vítimas Feridas";"Pleno dia";"Crescente";"Céu Claro";"Múltipla";"Reta";"Sim";1;0;1;0;0;0;1;1;-23,42222263;-46,3932771;"SPRF-SP";"DEL01-SP";"UOP01-DEL01-SP"
579722;2024-01-07;"domingo";"09:30:00";"MG";381;429;"SABARA";"Ausência de reação do condutor";"Saída de leito carroçável";"Com Vítimas Feridas";"Pleno dia";"Crescente";"Céu Claro";"Simples";"Curva";"Não";3;0;1;2;0;0;3;1;-19,78663743;-43,71433695;"SPRF-MG";"DEL01-MG";"UOP01-DEL01-MG"
579725;2024-02-08;"quinta-feira";"07:50:00";"RS";472;578;"URUGUAIANA";"Acessar a via sem observar a presença dos outros veículos";"Colisão lateral mesmo sentido";"Com Vítimas Feridas";"Pleno dia";"Decrescente";"Céu Claro";"Simples";"Reta;Interseção de Vias       ";"Não";4;0;1;0;3;0;1;2;-29,7671399;-57,018372;"SPRF-RS";"DEL13-RS";"UOP01-DEL13-RS"
579726;2024-02-08;"quinta-feira";"08:00:00";"PR";116;116;"CURITIBA";"Manobra de mudança de faixa";"Colisão lateral mesmo sentido";"Com Vítimas Feridas";"Pleno dia";"Decrescente";"Céu Claro";"Dupla";"Reta;Aclive                   ";"Sim";2;0;1;0;1;0;1;2;-25,55468195;-49,27402397;"SPRF-PR";"DEL01-PR";"UOP03-DEL01-PR"
579729;2024-02-08;"quinta-feira";"08:15:00";"SC";101;201;"SAO JOSE";"Reação tardia ou ineficiente do condutor";"Tombamento";"Com Vítimas Feridas";"Pleno dia";"Crescente";"Céu Claro";"Múltipla";"Reta";"Sim";1;0;1;0;0;0;1;1;-27,54836599;-48,61977975;"SPRF-SC";"DEL01-SC";"UOP01-DEL01-SC"
579733;2024-02-08;"quinta-feira";"07:50:00";"PE";101;51;"ABREU E LIMA";"Reação tardia ou ineficiente do condutor";"Colisão traseira";"Com Vítimas Feridas";"Pleno dia";"Crescente";"Céu Claro";"Dupla";"Reta";"Sim";3;0;2;0;1;0;2;2;-7,92136;-34,893792;"SPRF-PE";"DEL01-PE";"UOP02-DEL01-PE"
579734;2024-02-08;"quinta-feira";"08:20:00";"MG";50;55,8;"UBERLANDIA";"Ausência de reação do condutor";"Saída de leito carroçável";"Com Vítimas Feridas";"Pleno dia";"Crescente";"Nublado";"Dupla";"Aclive;Curva                  ";"Não";1;0;1;0;0;0;1;1;-18,77290538;-48,24124319;"SPRF-MG";"DEL15-MG";"UOP02-DEL15-MG"
579735;2024-02-08;"quinta-feira";"00:20:00";"BA";407;196;"PONTO NOVO";"Manobra de mudança de faixa";"Colisão frontal";"Com Vítimas Fatais";"Plena Noite";"Decrescente";"Céu Claro";"Simples";"Reta";"Não";2;1;0;0;0;1;0;2;-11,07047818;-40,08305351;"SPRF-BA";"DEL04-BA";"UOP02-DEL04-BA"
579736;2024-02-08;"quinta-feira";"04:10:00";"SC";470;348,9;"CAMPOS NOVOS";"Condutor Dormindo";"Saída de leito carroçável";"Com Vítimas Feridas";"Amanhecer";"Decrescente";"Céu Claro";"Simples";"Reta;Aclive                   ";"Não";2;0;2;0;0;0;2;1;-27,549749;-51,453571;"SPRF-SC";"DEL07-SC";"UOP06-DEL07-SC"
579737;2024-02-08;"quinta-feira";"08:40:00";"PB";101;99,2;"CONDE";"Avarias e/ou desgaste excessivo no pneu";"Tombamento";"Com Vítimas Feridas";"Pleno dia";"Crescente";"Céu Claro";"Dupla";"Reta";"Sim";2;0;2;0;0;0;2;1;-7,2557332;-34,93469152;"SPRF-PB";"DEL01-PB";"UOP02-DEL01-PB"
579739;2024-01-23;"terça-feira";"18:00:00";"PR";116;10;"CAMPINA GRANDE DO SUL";"Chuva";"Saída de leito carroçável";"Com Vítimas Feridas";"Anoitecer";"Crescente";"Chuva";"Simples";"Curva";"Não";3;0;3;0;0;0;3;1;-25,08357197;-48,64281407;"SPRF-PR";"DEL01-PR";"UOP02-DEL01-PR"
579741;2024-02-08;"quinta-feira";"07:20:00";"BA";415;52;"ITABUNA";"Condutor deixou de manter distância do veículo da frente";"Colisão lateral mesmo sentido";"Com Vítimas Feridas";"Pleno dia";"Crescente";"Nublado";"Simples";"Reta";"Não";2;0;1;0;1;0;1;2;-14,843331;-39,334614;"SPRF-BA";"DEL05-BA";"UOP01-DEL05-BA"
579742;2024-02-08;"quinta-feira";"08:01:00";"PR";277;616,5;"CEU AZUL";"Transitar no Acostamento";"Colisão lateral mesmo sentido";"Sem Vítimas";"Pleno dia";"Decrescente";"Sol";"Simples";"Reta;Aclive                   ";"Não";2;0;0;0;2;0;0;2;-25,074211;-53,678792;"SPRF-PR";"DEL05-PR";"UOP02-DEL05-PR"
579743;2024-02-08;"quinta-feira";"08:30:00";"PR";369;152,7;"LONDRINA";"Manobra de mudança de faixa";"Colisão lateral mesmo sentido";"Com Vítimas Feridas";"Pleno dia";"Crescente";"Céu Claro";"Dupla";"Reta";"Sim";2;0;1;0;1;0;1;2;-23,29257625;-51,18330181;"SPRF-PR";"DEL07-PR";"UOP01-DEL07-PR"
579744;2024-02-08;"quinta-feira";"08:25:00";"ES";101;148;"LINHARES";"Condutor desrespeitou a iluminação vermelha do semáforo";"Colisão transversal";"Com Vítimas Feridas";"Pleno dia";"Crescente";"Céu Claro";"Simples";"Interseção de Vias;Reta       ";"Sim";3;0;2;0;1;0;2;2;-19,38787399;-40,06752766;"SPRF-ES";"DEL04-ES";"UOP01-DEL04-ES"
579745;2024-02-08;"quinta-feira";"09:00:00";"PR";277;573,5;"CASCAVEL";"Desrespeitar a preferência no cruzamento";"Colisão transversal";"Com Vítimas Feridas";"Pleno dia";"Crescente";"Céu Claro";"Simples";"Rotatória";"Não";5;0;1;0;4;0;1;2;-24,99768825;-53,29726338;"SPRF-PR";"DEL04-PR";"UOP01-DEL04-PR"
579746;2024-02-08;"quinta-feira";"09:00:00";"SP";116;225;"GUARULHOS";"Trafegar com motocicleta (ou similar) entre as faixas";"Colisão traseira";"Com Vítimas Feridas";"Pleno dia";"Crescente";"Sol";"Múltipla";"Aclive;Reta                   ";"Sim";2;0;1;0;1;0;1;2;-23,48586772;-46,54075317;"SPRF-SP";"DEL01-SP";"UOP01-DEL01-SP"
579747;2024-02-08;"quinta-feira";"08:20:00";"PE";104;67;"CARUARU";"Pedestre cruzava a pista fora da faixa";"Atropelamento de Pedestre";"Com Vítimas Feridas";"Pleno dia";"Decrescente";"Céu Claro";"Dupla";"Reta";"Sim";2;0;1;0;1;0;1;2;-8,3016;-35,9882;"SPRF-PE";"DEL02-PE";"UOP01-DEL02-PE"
579748;2024-02-08;"quinta-feira";"08:10:00";"SC";116;246;"LAGES";"Conversão proibida";"Colisão transversal";"Com Vítimas Feridas";"Pleno dia";"Decrescente";"Céu Claro";"Simples";"Reta";"Sim";2;0;1;0;1;0;1;2;-27,80419942;-50,36509464;"SPRF-SC";"DEL05-SC";"UOP02-DEL05-SC"
579749;2024-01-30;"terça-feira";"16:00:00";"RO";364;696;"CANDEIAS DO JAMARI";"Reação tardia ou ineficiente do condutor";"Atropelamento de Pedestre";"Com Vítimas Fatais";"Pleno dia";"Decrescente";"Céu Claro";"Dupla";"Curva";"Não";2;1;0;0;1;0;0;2;-8,80046614;-63,734779;"SPRF-RO";"DEL01-RO";"UOP01-DEL01-RO"
579753;2024-02-08;"quinta-feira";"09:20:00";"PR";116;117;"CURITIBA";"Trafegar com motocicleta (ou similar) entre as faixas";"Colisão lateral sentido oposto";"Com Vítimas Feridas";"Pleno dia";"Crescente";"Céu Claro";"Dupla";"Reta";"Sim";2;0;1;0;1;0;1;2;-25,565966;-49,309424;"SPRF-PR";"DEL01-PR";"UOP03-DEL01-PR"
579756;2024-01-23;"terça-feira";"08:15:00";"RS";116;519,2;"PELOTAS";"Acessar a via sem observar a presença dos outros veículos";"Colisão transversal";"Com Vítimas Feridas";"Pleno dia";"Crescente";"Céu Claro";"Dupla";"Reta";"Sim";2;0;1;0;1;0;1;2;-31,69369368;-52,35458934;"SPRF-RS";"DEL07-RS";"UOP01-DEL07-RS"
579761;2024-02-08;"quinta-feira";"10:10:00";"SE";101;150,8;"ESTANCIA";"Condutor deixou de manter distância do veículo da frente";"Colisão traseira";"Sem Vítimas";"Pleno dia";"Crescente";"Céu Claro";"Simples";"Reta";"Sim";5;0;0;0;5;0;0;3;-11,25101095;-37,4365661;"SPRF-SE";"DEL02-SE";"UOP01-DEL02-SE"
579764;2024-02-08;"quinta-feira";"10:30:00";"SC";101;150;"ITAPEMA";"Condutor deixou de manter distância do veículo da frente";"Colisão traseira";"Com Vítimas Feridas";"Pleno dia";"Crescente";"Céu Claro";"Dupla";"Reta";"Sim";4;0;2;1;1;0;3;2;-27,11744799;-48,60940987;"SPRF-SC";"DEL04-SC";"UOP03-DEL04-SC"
579765;2024-02-08;"quinta-feira";"10:35:00";"SP";116;205;"ARUJA";"Manobra de mudança de faixa";"Colisão lateral mesmo sentido";"Com Vítimas Feridas";"Pleno dia";"Crescente";"Céu Claro";"Múltipla";"Reta;Interseção de Vias;Em Obr";"Sim";2;0;1;0;1;0;1;2;-23,41475243;-46,36600788;"SPRF-SP";"DEL01-SP";"UOP01-DEL01-SP"
579768;2024-01-27;"sábado";"08:20:00";"RO";364;197;"PIMENTA BUENO";"Manobra de mudança de faixa";"Colisão transversal";"Com Vítimas Feridas";"Pleno dia";"Decrescente";"Ignorado";"Simples";"Reta;Interseção de Vias       ";"Sim";2;0;1;0;0;1;1;2;-11,678991;-61,188049;"SPRF-RO";"DEL02-RO";"UOP02-DEL02-RO"
579769;2024-02-08;"quinta-feira";"10:50:00";"PE";232;127;"CARUARU";"Demais falhas mecânicas ou elétricas";"Queda de ocupante de veículo";"Com Vítimas Feridas";"Pleno dia";"Crescente";"Céu Claro";"Dupla";"Reta";"Sim";1;0;1;0;0;0;1;1;-8,30610303;-35,96342301;"SPRF-PE";"DEL02-PE";"UOP01-DEL02-PE"
579771;2024-02-08;"quinta-feira";"11:00:00";"CE";116;20;"ITAITINGA";"Condutor deixou de manter distância do veículo da frente";"Colisão traseira";"Com Vítimas Feridas";"Pleno dia";"Crescente";"Céu Claro";"Dupla";"Reta";"Sim";3;0;1;0;2;0;1;2;-3,92277497;-38,50762327;"SPRF-CE";"DEL01-CE";"UOP02-DEL01-CE"
579772;2024-02-08;"quinta-feira";"10:55:00";"RN";110;46,7;"MOSSORO";"Conversão proibida";"Colisão transversal";"Com Vítimas Feridas";"Pleno dia";"Crescente";"Céu Claro";"Simples";"Reta";"Sim";2;0;0;1;1;0;1;2;-5,19797675;-37,31839819;"SPRF-RN";"DEL04-RN";"UOP01-DEL04-RN"
579773;2024-02-08;"quinta-feira";"09:30:00";"MT";364;403;"CUIABA";"Condutor deixou de manter distância do veículo da frente";"Colisão traseira";"Com Vítimas Feridas";"Pleno dia";"Decrescente";"Nublado";"Múltipla";"Reta";"Sim";2;0;1;0;0;1;1;2;-15,66507402;-55,96307764;"SPRF-MT";"DEL01-MT";"UOP02-DEL01-MT"
579774;2024-02-03;"sábado";"12:50:00";"CE";222;2,6;"FORTALEZA";"Condutor deixou de manter distância do veículo da frente";"Colisão lateral mesmo sentido";"Com Vítimas Feridas";"Pleno dia";"Crescente";"Céu Claro";"Múltipla";"Reta";"Sim";3;0;0;1;2;0;1;3;-3,73911117;-38,58687498;"SPRF-CE";"DEL01-CE";"UOP01-DEL01-CE"
579775;2024-02-08;"quinta-feira";"11:10:00";"MG";40;246,2;"SAO GONCALO DO ABAETE";"Chuva";"Saída de leito carroçável";"Com Vítimas Feridas";"Pleno dia";"Crescente";"Chuva";"Simples";"Curva;Declive                 ";"Não";2;0;2;0;0;0;2;1;-18,10077414;-45,46908824;"SPRF-MG";"DEL14-MG";"UOP02-DEL14-MG"
579776;2024-02-08;"quinta-feira";"10:30:00";"PR";277;724,7;"FOZ DO IGUACU";"Reação tardia ou ineficiente do condutor";"Colisão traseira";"Com Vítimas Feridas";"Pleno dia";"Crescente";"Céu Claro";"Dupla";"Reta";"Sim";3;0;1;0;2;0;1;2;-25,50257577;-54,53868311;"SPRF-PR";"DEL05-PR";"UOP03-DEL05-PR"
579777;2024-02-08;"quinta-feira";"12:00:00";"SC";101;127,3;"ITAJAI";"Manobra de mudança de faixa";"Colisão traseira";"Com Vítimas Feridas";"Pleno dia";"Crescente";"Céu Claro";"Dupla";"Reta";"Não";2;0;1;0;1;0;1;2;-26,9639319;-48,68328024;"SPRF-SC";"DEL04-SC";"UOP04-DEL04-SC"
579781;2024-02-08;"quinta-feira";"12:40:00";"MG";40;570,9;"NOVA LIMA";"Manobra de mudança de faixa";"Eventos atípicos";"Sem Vítimas";"Pleno dia";"Crescente";"Nublado";"Simples";"Reta;Em Obras                 ";"Não";3;0;0;0;3;0;0;2;-20,21286706;-43,97263241;"SPRF-MG";"DEL01-MG";"UOP02-DEL01-MG"
579785;2024-02-08;"quinta-feira";"13:15:00";"PE";232;170,6;"BELO JARDIM";"Ultrapassagem Indevida";"Colisão lateral mesmo sentido";"Com Vítimas Feridas";"Pleno dia";"Decrescente";"Céu Claro";"Simples";"Reta";"Não";6;0;2;0;4;0;2;3;-8,342068;-36,347474;"SPRF-PE";"DEL03-PE";"UOP02-DEL03-PE"
579787;2024-02-08;"quinta-feira";"12:45:00";"PR";277;331;"GUARAPUAVA";"Acessar a via sem observar a presença dos outros veículos";"Colisão transversal";"Com Vítimas Feridas";"Pleno dia";"Decrescente";"Nublado";"Simples";"Declive";"Não";3;0;2;0;1;0;2;2;-25,35238874;-51,36745691;"SPRF-PR";"DEL08-PR";"UOP01-DEL08-PR"
579788;2024-02-08;"quinta-feira";"10:05:00";"PR";277;729,9;"FOZ DO IGUACU";"Manobra de mudança de faixa";"Colisão lateral mesmo sentido";"Com Vítimas Feridas";"Pleno dia";"Decrescente";"Céu Claro";"Dupla";"Reta";"Sim";2;0;2;0;0;0;2;2;-25,50805905;-54,59205687;"SPRF-PR";"DEL05-PR";"UOP03-DEL05-PR"
579792;2024-02-08;"quinta-feira";"06:30:00";"MG";116;477,4;"DOM CAVATI";"Reação tardia ou ineficiente do condutor";"Queda de ocupante de veículo";"Com Vítimas Feridas";"Pleno dia";"Crescente";"Céu Claro";"Simples";"Reta";"Sim";1;0;1;0;0;0;1;1;-19,37019526;-42,10279969;"SPRF-MG";"DEL06-MG";"UOP02-DEL06-MG"
579794;2024-02-08;"quinta-feira";"14:10:00";"RN";101;85;"NATAL";"Reação tardia ou ineficiente do condutor";"Colisão traseira";"Sem Vítimas";"Pleno dia";"Crescente";"Céu Claro";"Múltipla";"Reta;Declive;Viaduto          ";"Sim";2;0;0;0;2;0;0;2;-5,7710445;-35,26616981;"SPRF-RN";"DEL02-RN";"UOP01-DEL02-RN"
579795;2024-02-08;"quinta-feira";"14:20:00";"RS";101;22;"TRES CACHOEIRAS";"Acessar a via sem observar a presença dos outros veículos";"Colisão traseira";"Com Vítimas Feridas";"Pleno dia";"Decrescente";"Céu Claro";"Dupla";"Curva";"Sim";2;0;1;0;1;0;1;2;-29,4398072;-49,90113887;"SPRF-RS";"DEL03-RS";"UOP02-DEL03-RS"
579796;2024-02-08;"quinta-feira";"14:15:00";"BA";324;517;"FEIRA DE SANTANA";"Conversão proibida";"Colisão transversal";"Com Vítimas Feridas";"Pleno dia";"Decrescente";"Céu Claro";"Simples";"Interseção de Vias;Reta       ";"Sim";2;0;1;0;1;0;1;2;-12,250596;-38,933081;"SPRF-BA";"DEL02-BA";"UOP01-DEL02-BA"
579797;2024-02-08;"quinta-feira";"14:35:00";"SC";470;55,3;"BLUMENAU";"Reação tardia ou ineficiente do condutor";"Colisão transversal";"Com Vítimas Feridas";"Pleno dia";"Decrescente";"Céu Claro";"Simples";"Reta";"Sim";2;0;1;0;1;0;1;2;-26,8764249;-49,1226012;"SPRF-SC";"DEL04-SC";"UOP01-DEL04-SC"
579799;2024-01-06;"sábado";"17:00:00";"BA";324;614;"SALVADOR";"Transitar na contramão";"Colisão frontal";"Com Vítimas Feridas";"Pleno dia";"Decrescente";"Céu Claro";"Simples";"Reta";"Sim";2;0;0;1;1;0;1;2;-12,8639793;-38,42370126;"SPRF-BA";"DEL01-BA";"UOP01-DEL01-BA"
579804;2024-02-08;"quinta-feira";"15:30:00";"SE";101;13;"CEDRO DE SAO JOAO";"Reação tardia ou ineficiente do condutor";"Tombamento";"Com Vítimas Feridas";"Pleno dia";"Decrescente";"Céu Claro";"Dupla";"Reta";"Não";1;0;0;1;0;0;1;1;-10,30352286;-36,88758029;"SPRF-SE";"DEL02-SE";"UOP02-DEL02-SE"
579805;2024-02-08;"quinta-feira";"15:20:00";"RS";116;268,6;"CANOAS";"Condutor deixou de manter distância do veículo da frente";"Colisão traseira";"Com Vítimas Feridas";"Pleno dia";"Crescente";"Céu Claro";"Dupla";"Reta";"Sim";2;0;0;1;1;0;1;2;-29,95042502;-51,17652939;"SPRF-RS";"DEL01-RS";"UOP01-DEL01-RS"
579806;2024-02-08;"quinta-feira";"15:35:00";"PR";277;662,3;"MEDIANEIRA";"Reação tardia ou ineficiente do condutor";"Saída de leito carroçável";"Sem Vítimas";"Pleno dia";"Crescente";"Sol";"Dupla";"Curva";"Não";1;0;0;0;0;1;0;1;-25,25069298;-54,01200771;"SPRF-PR";"DEL05-PR";"UOP02-DEL05-PR"
579810;2024-02-08;"quinta-feira";"16:00:00";"SP";116;228;"SAO PAULO";"Ausência de reação do condutor";"Colisão com objeto";"Com Vítimas Feridas";"Pleno dia";"Decrescente";"Céu Claro";"Dupla";"Reta";"Sim";1;0;1;0;0;0;1;1;-23,506536;-46,570156;"SPRF-SP";"DEL01-SP";"UOP01-DEL01-SP"
579815;2024-02-08;"quinta-feira";"16:30:00";"GO";153;497,7;"GOIANIA";"Reação tardia ou ineficiente do condutor";"Tombamento";"Com Vítimas Feridas";"Pleno dia";"Decrescente";"Nublado";"Dupla";"Declive";"Não";1;0;0;1;0;0;1;1;-16,6854;-49,2338;"SPRF-GO";"DEL01-GO";"UOP01-DEL01-GO"
579816;2024-02-08;"quinta-feira";"17:00:00";"PR";116;135;"MANDIRITUBA";"Avarias e/ou desgaste excessivo no pneu";"Capotamento";"Com Vítimas Feridas";"Pleno dia";"Crescente";"Céu Claro";"Dupla";"Reta";"Não";4;0;2;2;0;0;4;1;-25,73453139;-49,31761622;"SPRF-PR";"DEL01-PR";"UOP03-DEL01-PR"
579817;2024-02-08;"quinta-feira";"15:30:00";"SC";470;61,9;"BLUMENAU";"Reação tardia ou ineficiente do condutor";"Tombamento";"Com Vítimas Feridas";"Pleno dia";"Crescente";"Céu Claro";"Simples";"Curva";"Sim";1;0;1;0;0;0;1;1;-26,878952;-49,17421;"SPRF-SC";"DEL04-SC";"UOP01-DEL04-SC"
579818;2024-01-27;"sábado";"22:20:00";"ES";101;67;"SAO MATEUS";"Ingestão de álcool pelo condutor";"Colisão traseira";"Com Vítimas Fatais";"Plena Noite";"Crescente";"Chuva";"Dupla";"Reta";"Sim";2;1;0;0;1;0;0;2;-18,72054021;-39,8658931;"SPRF-ES";"DEL04-ES";"UOP02-DEL04-ES"
579819;2024-02-08;"quinta-feira";"17:15:00";"MG";251;507;"MONTES CLAROS";"Ausência de reação do condutor";"Saída de leito carroçável";"Com Vítimas Feridas";"Pleno dia";"Crescente";"Chuva";"Simples";"Curva";"Não";1;0;1;0;0;0;1;1;-16,62566493;-43,69317517;"SPRF-MG";"DEL12-MG";"UOP01-DEL12-MG"
579820;2024-02-08;"quinta-feira";"14:30:00";"RJ";116;294;"BARRA MANSA";"Reação tardia ou ineficiente do condutor";"Colisão com objeto";"Com Vítimas Feridas";"Pleno dia";"Crescente";"Céu Claro";"Dupla";"Reta";"Não";1;0;0;1;0;0;1;1;-22,45429053;-44,30084012;"SPRF-RJ";"DEL07-RJ";"UOP02-DEL07-RJ"
579823;2024-02-08;"quinta-feira";"16:15:00";"PE";428;191,5;"PETROLINA";"Retorno proibido";"Colisão lateral mesmo sentido";"Com Vítimas Feridas";"Pleno dia";"Decrescente";"Sol";"Dupla";"Reta";"Sim";2;0;1;0;0;1;1;2;-9,384295;-40,519215;"SPRF-PE";"DEL06-PE";"UOP01-DEL06-PE"
579824;2024-02-08;"quinta-feira";"16:40:00";"PE";101;66;"RECIFE";"Pedestre - Ingestão de álcool/ substâncias psicoativas";"Atropelamento de Pedestre";"Com Vítimas Feridas";"Pleno dia";"Crescente";"Céu Claro";"Dupla";"Reta";"Sim";2;0;1;0;0;1;1;2;-8,03368534;-34,94184125;"SPRF-PE";"DEL01-PE";"UOP01-DEL01-PE"
579825;2024-02-08;"quinta-feira";"17:35:00";"PE";407;121,8;"PETROLINA";"Acessar a via sem observar a presença dos outros veículos";"Colisão transversal";"Com Vítimas Feridas";"Anoitecer";"Decrescente";"Céu Claro";"Simples";"Reta";"Sim";2;0;0;1;1;0;1;2;-9,314647;-40,57336;"SPRF-PE";"DEL06-PE";"UOP01-DEL06-PE"
579827;2024-02-08;"quinta-feira";"17:05:00";"PR";116;111;"CURITIBA";"Reação tardia ou ineficiente do condutor";"Tombamento";"Com Vítimas Feridas";"Pleno dia";"Crescente";"Céu Claro";"Dupla";"Reta";"Sim";2;0;1;0;1;0;1;1;-25,56885181;-49,22724597;"SPRF-PR";"DEL01-PR";"UOP07-DEL01-PR"
579828;2024-02-08;"quinta-feira";"17:20:00";"RJ";116;188;"NOVA IGUACU";"Manobra de mudança de faixa";"Queda de ocupante de veículo";"Com Vítimas Feridas";"Pleno dia";"Crescente";"Céu Claro";"Dupla";"Reta";"Sim";1;0;1;0;0;0;1;1;-22,7380709;-43,48213999;"SPRF-RJ";"DEL06-RJ";"UOP01-DEL06-RJ"
579831;2024-02-08;"quinta-feira";"17:00:00";"SP";116;285;"ITAPECERICA DA SERRA";"Ausência de reação do condutor";"Colisão com objeto";"Com Vítimas Feridas";"Pleno dia";"Decrescente";"Céu Claro";"Dupla";"Curva;Viaduto                 ";"Sim";1;0;0;1;0;0;1;1;-23,70407794;-46,87249709;"SPRF-SP";"DEL04-SP";"UOP01-DEL04-SP"
579834;2024-02-08;"quinta-feira";"16:30:00";"RJ";101;407;"ITAGUAI";"Ingestão de álcool pelo condutor";"Colisão com objeto";"Com Vítimas Feridas";"Pleno dia";"Crescente";"Nublado";"Dupla";"Reta";"Sim";1;0;1;0;0;0;1;1;-22,87672058;-43,81631971;"SPRF-RJ";"DEL03-RJ";"UOP01-DEL03-RJ"
579835;2024-02-08;"quinta-feira";"18:10:00";"PR";116;116;"CURITIBA";"Condutor deixou de manter distância do veículo da frente";"Colisão traseira";"Com Vítimas Feridas";"Pleno dia";"Crescente";"Céu Claro";"Múltipla";"Reta";"Sim";2;0;1;0;1;0;1;2;-25,54610055;-49,29471016;"SPRF-PR";"DEL01-PR";"UOP03-DEL01-PR"
579839;2024-02-08;"quinta-feira";"17:15:00";"SC";101;195,3;"BIGUACU";"Reação tardia ou ineficiente do condutor";"Queda de ocupante de veículo";"Com Vítimas Feridas";"Pleno dia";"Crescente";"Céu Claro";"Múltipla";"Reta";"Sim";2;0;1;0;1;0;1;1;-27,5047092;-48,65010819;"SPRF-SC";"DEL01-SC";"UOP01-DEL01-SC"
579843;2024-02-08;"quinta-feira";"16:00:00";"PB";230;351,5;"PATOS";"Mal súbito do condutor";"Tombamento";"Com Vítimas Feridas";"Pleno dia";"Decrescente";"Céu Claro";"Simples";"Curva";"Não";1;0;0;1;0;0;1;1;-6,9485;-37,398;"SPRF-PB";"DEL03-PB";"UOP01-DEL03-PB"