"id";"data_inversa";"dia_semana";"horario";"uf";"br";"km";"municipio";"causa_acidente";"tipo_acidente";"classificacao_acidente";"fase_dia";"sentido_via";"condicao_metereologica";"tipo_pista";"tracado_via";"uso_solo";"pessoas";"mortos";"feridos_leves";"feridos_graves";"ilesos";"ignorados";"feridos";"veiculos";"latitude";"longitude";"regional";"delegacia";"uop"
579959;2024-02-09;"sexta-feira";"09:05:00";"AL";316;114,3;"CACIMBINHAS";"Desrespeitar a preferência no cruzamento";"Colisão transversal";"Com Vítimas Feridas";"Pleno dia";"Crescente";"Céu Claro";"Simples";"Interseção de Vias";"Sim";3;0;1;1;1;0;2;2;-9,4044293;-36,98995829;"SPRF-AL";"DEL03-AL";"UOP01-DEL03-AL"
579960;2024-02-09;"sexta-feira";"07:49:00";"PA";163;991;"SANTAREM";"Velocidade Incompatível";"Colisão frontal";"Com Vítimas Feridas";"Pleno dia";"Crescente";"Céu Claro";"Simples";"Reta";"Sim";4;0;1;2;1;0;3;2;-2,547851;-54,72278;"SPRF-PA";"DEL05-PA";"UOP01-DEL05-PA"
579961;2024-02-09;"sexta-feira";"06:15:00";"SC";282;155;"BOM RETIRO";"Reação tardia ou ineficiente do condutor";"Saída de leito carroçável";"Com Vítimas Feridas";"Pleno dia";"Decrescente";"Nublado";"Simples";"Curva;Declive                 ";"Não";4;0;3;0;1;0;3;1;-27,75168;-49,707371;"SPRF-SC";"DEL05-SC";"UOP01-DEL05-SC"
579963;2024-02-09;"sexta-feira";"08:10:00";"PR";373;215,7;"IMBITUVA";"Acessar a via sem observar a presença dos outros veículos";"Colisão transversal";"Com Vítimas Fatais";"Pleno dia";"Decrescente";"Sol";"Simples";"Reta";"Não";2;1;0;1;0;0;1;2;-25,15483;-50,533522;"SPRF-PR";"DEL03-PR";"UOP01-DEL03-PR"
579964;2024-02-09;"sexta-feira";"06:30:00";"RJ";101;394;"RIO DE JANEIRO";"Animais na Pista";"Colisão lateral mesmo sentido";"Sem Vítimas";"Pleno dia";"Decrescente";"Céu Claro";"Dupla";"Ponte";"Não";2;0;0;0;2;0;0;2;-22,88582179;-43,71288392;"SPRF-RJ";"DEL03-RJ";"UOP01-DEL03-RJ"
579965;2024-02-09;"sexta-feira";"06:30:00";"MG";40;516;"RIBEIRAO DAS NEVES";"Manobra de mudança de faixa";"Colisão lateral mesmo sentido";"Com Vítimas Feridas";"Pleno dia";"Crescente";"Céu Claro";"Dupla";"Reta";"Sim";2;0;1;0;1;0;1;2;-19,81628624;-44,08960124;"SPRF-MG";"DEL01-MG";"UOP02-DEL01-MG"
579966;2024-02-09;"sexta-feira";"09:00:00";"RJ";40;119;"DUQUE DE CAXIAS";"Reação tardia ou ineficiente do condutor";"Colisão traseira";"Com Vítimas Feridas";"Pleno dia";"Crescente";"Céu Claro";"Múltipla";"Reta";"Sim";2;0;1;0;1;0;1;2;-22,76375592;-43,28683062;"SPRF-RJ";"DEL01-RJ";"UOP02-DEL01-RJ"
579967;2024-02-09;"sexta-feira";"10:15:00";"PR";277;586,3;"CASCAVEL";"Acessar a via sem observar a presença dos outros veículos";"Colisão transversal";"Sem Vítimas";"Pleno dia";"Crescente";"Céu Claro";"Simples";"Reta;Retorno Regulamentado;Int";"Sim";2;0;0;0;2;0;0;2;-24,96669456;-53,42419624;"SPRF-PR";"DEL04-PR";"UOP01-DEL04-PR"
579968;2024-02-09;"sexta-feira";"08:00:00";"GO";251;32;"CRISTALINA";"Acessar a via sem observar a presença dos outros veículos";"Colisão transversal";"Com Vítimas Feridas";"Pleno dia";"Decrescente";"Nublado";"Simples";"Reta";"Não";2;0;0;1;1;0;1;2;-16,06651657;-47,53184438;"SPRF-DF";"DEL01-DF";"UOP01-DEL01-DF"
579969;2024-02-09;"sexta-feira";"09:30:00";"PB";230;17;"JOAO PESSOA";"Ausência de reação do condutor";"Queda de ocupante de veículo";"Com Vítimas Feridas";"Pleno dia";"Crescente";"Céu Claro";"Dupla";"Retorno Regulamentado;Reta    ";"Sim";1;0;1;0;0;0;1;1;-7,1121;-34,8426;"SPRF-PB";"DEL01-PB";"UOP01-DEL01-PB"
579970;2024-02-09;"sexta-feira";"10:30:00";"SP";116;229;"SAO PAULO";"Condutor deixou de manter distância do veículo da frente";"Colisão traseira";"Com Vítimas Feridas";"Pleno dia";"Crescente";"Céu Claro";"Múltipla";"Reta";"Sim";2;0;1;0;1;0;1;2;-23,50343484;-46,56638712;"SPRF-SP";"DEL01-SP";"UOP01-DEL01-SP"
579974;2024-02-09;"sexta-feira";"09:40:00";"SC";116;140,9;"SANTA CECILIA";"Transitar na contramão";"Colisão frontal";"Com Vítimas Feridas";"Pleno dia";"Crescente";"Céu Claro";"Simples";"Reta;Interseção de Vias;Aclive";"Não";2;0;2;0;0;0;2;2;-26,97108542;-50,40570259;"SPRF-SC";"DEL06-SC";"UOP02-DEL06-SC"
579977;2024-02-09;"sexta-feira";"09:20:00";"MT";364;203,9;"RONDONOPOLIS";"Ausência de reação do condutor";"Colisão lateral mesmo sentido";"Com Vítimas Feridas";"Pleno dia";"Crescente";"Sol";"Dupla";"Reta";"Sim";2;0;1;0;1;0;1;2;-16,47555256;-54,65344724;"SPRF-MT";"DEL02-MT";"UOP01-DEL02-MT"
579978;2024-02-09;"sexta-feira";"11:15:00";"SC";101;189,9;"BIGUACU";"Avarias e/ou desgaste excessivo no pneu";"Tombamento";"Com Vítimas Feridas";"Pleno dia";"Crescente";"Sol";"Dupla";"Reta";"Sim";2;0;2;0;0;0;2;1;-27,459393;-48,638914;"SPRF-SC";"DEL01-SC";"UOP01-DEL01-SC"
579979;2024-02-09;"sexta-feira";"11:00:00";"SC";101;94;"BARRA VELHA";"Ausência de reação do condutor";"Colisão traseira";"Com Vítimas Feridas";"Pleno dia";"Crescente";"Sol";"Dupla";"Aclive;Reta                   ";"Não";2;0;1;1;0;0;2;2;-26,70892842;-48,70234966;"SPRF-SC";"DEL03-SC";"UOP02-DEL03-SC"
579981;2024-02-09;"sexta-feira";"11:00:00";"RS";290;96;"PORTO ALEGRE";"Demais falhas mecânicas ou elétricas";"Queda de ocupante de veículo";"Com Vítimas Feridas";"Pleno dia";"Crescente";"Céu Claro";"Dupla";"Reta";"Sim";2;0;2;0;0;0;2;1;-29,992107;-51,204525;"SPRF-RS";"DEL01-RS";"UOP01-DEL01-RS"
579983;2024-02-09;"sexta-feira";"08:05:00";"RO";421;20;"MONTE NEGRO";"Velocidade Incompatível";"Saída de leito carroçável";"Com Vítimas Feridas";"Pleno dia";"Decrescente";"Sol";"Simples";"Reta";"Não";3;0;3;0;0;0;3;1;-10,037729;-63,184643;"SPRF-RO";"DEL03-RO";"UOP01-DEL03-RO"
579985;2024-02-09;"sexta-feira";"11:45:00";"RS";386;137;"SARANDI";"Conversão proibida";"Colisão transversal";"Com Vítimas Feridas";"Pleno dia";"Crescente";"Céu Claro";"Simples";"Reta";"Sim";4;0;4;0;0;0;4;2;-27,97665;-52,904694;"SPRF-RS";"DEL08-RS";"UOP01-DEL08-RS"
579986;2024-02-09;"sexta-feira";"11:55:00";"SC";101;100,4;"BALNEARIO PICARRAS";"Conversão proibida";"Colisão transversal";"Com Vítimas Feridas";"Pleno dia";"Crescente";"Céu Claro";"Simples";"Reta";"Não";3;0;1;0;2;0;1;2;-26,762377;-48,686866;"SPRF-SC";"DEL03-SC";"UOP02-DEL03-SC"
579988;2024-02-09;"sexta-feira";"10:52:00";"MT";163;831;"SINOP";"Ausência de reação do condutor";"Colisão traseira";"Com Vítimas Feridas";"Pleno dia";"Crescente";"Céu Claro";"Simples";"Reta";"Sim";3;0;1;0;2;0;1;2;-11,88896857;-55,50247908;"SPRF-MT";"DEL06-MT";"UOP02-DEL06-MT"
579989;2024-02-09;"sexta-feira";"12:35:00";"SC";101;137,2;"BALNEARIO CAMBORIU";"Ingestão de álcool pelo condutor";"Colisão transversal";"Com Vítimas Feridas";"Pleno dia";"Crescente";"Sol";"Múltipla";"Reta";"Sim";2;0;2;0;0;0;2;2;-27,0157238;-48,61192763;"SPRF-SC";"DEL04-SC";"UOP03-DEL04-SC"
579990;2024-02-09;"sexta-feira";"11:08:00";"SP";116;311,9;"SAO LOURENCO DA SERRA";"Velocidade Incompatível";"Saída de leito carroçável";"Com Vítimas Feridas";"Pleno dia";"Crescente";"Sol";"Dupla";"Reta;Em Obras                 ";"Não";3;0;2;0;1;0;2;2;-23,87725502;-46,96775798;"SPRF-SP";"DEL04-SP";"UOP01-DEL04-SP"
579991;2024-02-09;"sexta-feira";"12:30:00";"DF";60;9,5;"BRASILIA";"Ausência de reação do condutor";"Colisão com objeto";"Com Vítimas Feridas";"Pleno dia";"Crescente";"Céu Claro";"Dupla";"Reta;Viaduto                  ";"Sim";1;0;0;1;0;0;1;1;-15,906293;-48,139965;"SPRF-DF";"DEL03-DF";"UOP01-DEL03-DF"
579992;2024-02-09;"sexta-feira";"11:45:00";"PR";277;592;"CASCAVEL";"Condutor deixou de manter distância do veículo da frente";"Colisão traseira";"Com Vítimas Feridas";"Pleno dia";"Decrescente";"Céu Claro";"Simples";"Declive";"Sim";2;0;1;0;1;0;1;2;-24,98285697;-53,47319399;"SPRF-PR";"DEL04-PR";"UOP01-DEL04-PR"
579993;2024-02-09;"sexta-feira";"12:45:00";"RJ";356;52;"ITAPERUNA";"Ausência de reação do condutor";"Colisão transversal";"Com Vítimas Feridas";"Pleno dia";"Crescente";"Céu Claro";"Simples";"Reta";"Não";4;0;2;2;0;0;4;3;-21,26291719;-41,75917113;"SPRF-RJ";"DEL08-RJ";"UOP03-DEL08-RJ"
579994;2024-02-09;"sexta-feira";"12:16:00";"PE";101;42;"IGARASSU";"Condutor Dormindo";"Colisão com objeto";"Com Vítimas Feridas";"Pleno dia";"Crescente";"Sol";"Múltipla";"Reta";"Sim";3;0;3;0;0;0;3;1;-7,839045;-34,912147;"SPRF-PE";"DEL01-PE";"UOP02-DEL01-PE"
579996;2024-01-23;"terça-feira";"18:30:00";"SE";235;1;"ARACAJU";"Estacionar ou parar em local proibido";"Engavetamento";"Com Vítimas Feridas";"Plena Noite";"Crescente";"Céu Claro";"Dupla";"Aclive;Reta                   ";"Sim";6;0;3;0;3;0;3;3;-10,9073;-37,0947;"SPRF-SE";"DEL01-SE";"UOP01-DEL01-SE"
579997;2024-02-09;"sexta-feira";"12:14:00";"MT";364;289;"JACIARA";"Chuva";"Saída de leito carroçável";"Com Vítimas Feridas";"Pleno dia";"Crescente";"Chuva";"Dupla";"Reta";"Não";1;0;1;0;0;0;1;1;-15,90640833;-55,08298593;"SPRF-MT";"DEL05-MT";"UOP02-DEL05-MT"
579999;2024-02-09;"sexta-feira";"12:00:00";"PR";369;160;"CAMBE";"Demais falhas mecânicas ou elétricas";"Queda de ocupante de veículo";"Com Vítimas Feridas";"Pleno dia";"Decrescente";"Céu Claro";"Dupla";"Declive;Reta                  ";"Sim";1;0;1;0;0;0;1;1;-23,2825;-51,24818;"SPRF-PR";"DEL07-PR";"UOP01-DEL07-PR"
580000;2024-02-09;"sexta-feira";"12:50:00";"GO";60;193,9;"GUAPO";"Acessar a via sem observar a presença dos outros veículos";"Colisão lateral mesmo sentido";"Com Vítimas Feridas";"Pleno dia";"Crescente";"Sol";"Dupla";"Retorno Regulamentado";"Não";2;0;1;0;1;0;1;2;-16,8479;-49,5584;"SPRF-GO";"DEL01-GO";"UOP02-DEL01-GO"
580001;2024-02-09;"sexta-feira";"08:30:00";"MG";262;609,4;"CAMPOS ALTOS";"Velocidade Incompatível";"Saída de leito carroçável";"Com Vítimas Feridas";"Pleno dia";"Decrescente";"Chuva";"Simples";"Reta;Declive                  ";"Não";2;0;1;0;1;0;1;1;-19,61194605;-46,28226314;"SPRF-MG";"DEL08-MG";"UOP02-DEL08-MG"
580002;2024-02-09;"sexta-feira";"08:10:00";"MA";10;256;"IMPERATRIZ";"Conversão proibida";"Colisão lateral mesmo sentido";"Com Vítimas Feridas";"Pleno dia";"Crescente";"Céu Claro";"Simples";"Reta";"Sim";2;0;1;0;1;0;1;2;-5,499715;-47,471836;"SPRF-MA";"DEL04-MA";"UOP01-DEL04-MA"
580008;2024-02-09;"sexta-feira";"11:30:00";"RJ";101;294;"ITABORAI";"Condutor deixou de manter distância do veículo da frente";"Engavetamento";"Com Vítimas Feridas";"Pleno dia";"Decrescente";"Céu Claro";"Dupla";"Reta";"Sim";3;0;0;1;2;0;1;3;-22,7584434;-42,89502344;"SPRF-RJ";"DEL02-RJ";"UOP02-DEL02-RJ"
580009;2024-02-07;"quarta-feira";"17:25:00";"BA";324;607;"SALVADOR";"Reação tardia ou ineficiente do condutor";"Colisão traseira";"Com Vítimas Feridas";"Anoitecer";"Crescente";"Céu Claro";"Dupla";"Reta";"Sim";1;0;1;0;0;0;1;1;-12,80271203;-38,40391318;"SPRF-BA";"DEL01-BA";"UOP01-DEL01-BA"
580011;2024-02-09;"sexta-feira";"12:50:00";"BA";101;698;"EUNAPOLIS";"Pista Escorregadia";"Colisão frontal";"Com Vítimas Feridas";"Pleno dia";"Decrescente";"Chuva";"Simples";"Declive;Reta                  ";"Não";3;0;0;1;2;0;1;2;-16,398755;-39,57985299;"SPRF-BA";"DEL09-BA";"UOP01-DEL09-BA"
580014;2024-02-09;"sexta-feira";"14:00:00";"SC";101;201;"SAO JOSE";"Manobra de mudança de faixa";"Colisão lateral mesmo sentido";"Com Vítimas Feridas";"Pleno dia";"Crescente";"Céu Claro";"Simples";"Reta";"Sim";2;0;1;0;0;1;1;2;-27,54836599;-48,61977975;"SPRF-SC";"DEL01-SC";"UOP01-DEL01-SC"
580016;2024-02-09;"sexta-feira";"14:35:00";"SC";101;38;"JOINVILLE";"Manobra de mudança de faixa";"Colisão lateral mesmo sentido";"Com Vítimas Feridas";"Pleno dia";"Crescente";"Céu Claro";"Dupla";"Rotatória;Viaduto             ";"Sim";2;0;1;0;1;0;1;2;-26,25670385;-48,90572548;"SPRF-SC";"DEL03-SC";"UOP01-DEL03-SC"
580017;2024-02-09;"sexta-feira";"13:00:00";"AL";101;31,2;"JOAQUIM GOMES";"Manobra de mudança de faixa";"Saída de leito carroçável";"Com Vítimas Feridas";"Pleno dia";"Decrescente";"Céu Claro";"Dupla";"Reta";"Não";3;0;2;0;1;0;2;1;-9,093513;-35,751678;"SPRF-AL";"DEL01-AL";"UOP02-DEL01-AL"
580018;2024-02-09;"sexta-feira";"12:30:00";"MG";365;469,6;"PATROCINIO";"Transitar na contramão";"Colisão frontal";"Com Vítimas Fatais";"Pleno dia";"Crescente";"Céu Claro";"Simples";"Reta";"Não";4;1;2;1;0;0;3;2;-18,91765412;-46,97822571;"SPRF-MG";"DEL10-MG";"UOP01-DEL10-MG"
580023;2024-02-09;"sexta-feira";"11:00:00";"SP";116;291;"ITAPECERICA DA SERRA";"Ingestão de álcool pelo condutor";"Tombamento";"Sem Vítimas";"Pleno dia";"Crescente";"Céu Claro";"Dupla";"Curva";"Não";1;0;0;0;1;0;0;1;-23,73826593;-46,89672721;"SPRF-SP";"DEL04-SP";"UOP01-DEL04-SP"
580025;2024-02-09;"sexta-feira";"14:00:00";"MG";116;522,1;"CARATINGA";"Acessar a via sem observar a presença dos outros veículos";"Colisão traseira";"Com Vítimas Feridas";"Pleno dia";"Decrescente";"Sol";"Simples";"Reta";"Sim";2;0;1;0;1;0;1;2;-19,74842742;-42,13273709;"SPRF-MG";"DEL06-MG";"UOP02-DEL06-MG"
580026;2024-02-09;"sexta-feira";"15:20:00";"RJ";116;189;"NOVA IGUACU";"Ausência de reação do condutor";"Colisão traseira";"Com Vítimas Feridas";"Pleno dia";"Crescente";"Céu Claro";"Dupla";"Reta";"Não";2;0;0;1;1;0;1;2;-22,73765712;-43,49182298;"SPRF-RJ";"DEL06-RJ";"UOP01-DEL06-RJ"
580028;2024-02-09;"sexta-feira";"14:40:00";"RS";290;509,3;"ROSARIO DO SUL";"Ausência de reação do condutor";"Saída de leito carroçável";"Com Vítimas Feridas";"Pleno dia";"Decrescente";"Céu Claro";"Simples";"Reta";"Não";4;0;4;0;0;0;4;1;-30,153795;-55,188263;"SPRF-RS";"DEL11-RS";"UOP02-DEL11-RS"
580029;2024-02-09;"sexta-feira";"14:55:00";"MG";381;492,8;"BETIM";"Carga excessiva e/ou mal acondicionada";"Derramamento de carga";"Com Vítimas Feridas";"Pleno dia";"Decrescente";"Céu Claro";"Múltipla";"Reta;Declive                  ";"Sim";2;0;1;0;1;0;1;2;-19,9633127;-44,167628;"SPRF-MG";"DEL01-MG";"UOP03-DEL01-MG"
580030;2024-02-09;"sexta-feira";"14:30:00";"BA";116;589;"IRAJUBA";"Chuva";"Saída de leito carroçável";"Com Vítimas Feridas";"Pleno dia";"Decrescente";"Chuva";"Simples";"Declive;Ponte;Curva           ";"Não";1;0;1;0;0;0;1;1;-13,13198212;-39,99369573;"SPRF-BA";"DEL03-BA";"UOP02-DEL03-BA"
580031;2024-02-09;"sexta-feira";"13:50:00";"SP";116;230;"SAO PAULO";"Trafegar com motocicleta (ou similar) entre as faixas";"Colisão lateral mesmo sentido";"Com Vítimas Feridas";"Pleno dia";"Crescente";"Céu Claro";"Múltipla";"Reta";"Sim";2;0;1;0;1;0;1;2;-23,52251783;-46,5855702;"SPRF-SP";"DEL01-SP";"UOP01-DEL01-SP"
580032;2024-02-09;"sexta-feira";"15:20:00";"RN";226;39,9;"MACAIBA";"Conversão proibida";"Colisão transversal";"Com Vítimas Feridas";"Pleno dia";"Decrescente";"Céu Claro";"Simples";"Reta";"Sim";2;0;1;0;1;0;1;2;-5,9213386;-35,5349664;"SPRF-RN";"DEL01-RN";"UOP02-DEL01-RN"
580033;2024-02-09;"sexta-feira";"15:10:00";"AL";316;262;"PILAR";"Acessar a via sem observar a presença dos outros veículos";"Colisão transversal";"Com Vítimas Feridas";"Pleno dia";"Crescente";"Céu Claro";"Simples";"Reta";"Não";5;0;2;1;2;0;3;2;-9,58877051;-35,88700493;"SPRF-AL";"DEL02-AL";"UOP01-DEL02-AL"
580034;2024-02-09;"sexta-feira";"14:15:00";"SC";116;4,2;"MAFRA";"Manobra de mudança de faixa";"Colisão lateral mesmo sentido";"Com Vítimas Feridas";"Pleno dia";"Decrescente";"Céu Claro";"Simples";"Aclive;Reta                   ";"Sim";4;0;1;0;3;0;1;3;-26,13554917;-49,8072652;"SPRF-SC";"DEL06-SC";"UOP01-DEL06-SC"
580035;2024-02-09;"sexta-feira";"15:15:00";"RN";101;80;"NATAL";"Ausência de reação do condutor";"Colisão traseira";"Com Vítimas Feridas";"Pleno dia";"Decrescente";"Céu Claro";"Dupla";"Reta";"Sim";3;0;2;0;1;0;2;2;-5,75852229;-35,28806121;"SPRF-RN";"DEL02-RN";"UOP01-DEL02-RN"
580036;2024-02-09;"sexta-feira";"11:35:00";"RO";364;345;"JI-PARANA";"Acessar a via sem observar a presença dos outros veículos";"Colisão transversal";"Com Vítimas Feridas";"Pleno dia";"Crescente";"Céu Claro";"Dupla";"Retorno Regulamentado";"Sim";3;0;3;0;0;0;3;2;-10,8688113;-61,9601791;"SPRF-RO";"DEL02-RO";"UOP01-DEL02-RO"
580037;2024-02-09;"sexta-feira";"16:00:00";"BA";116;439;"FEIRA DE SANTANA";"Curva acentuada";"Saída de leito carroçável";"Com Vítimas Feridas";"Pleno dia";"Crescente";"Chuva";"Dupla";"Curva";"Não";3;0;1;0;2;0;1;1;-12,32191792;-39,05070505;"SPRF-BA";"DEL02-BA";"UOP01-DEL02-BA"
580039;2024-02-09;"sexta-feira";"14:45:00";"PE";101;193;"PALMARES";"Acumulo de água sobre o pavimento";"Tombamento";"Com Vítimas Feridas";"Pleno dia";"Crescente";"Chuva";"Dupla";"Reta";"Não";1;0;0;1;0;0;1;1;-8,72157295;-35,60951373;"SPRF-PE";"DEL01-PE";"UOP03-DEL01-PE"
580040;2024-02-09;"sexta-feira";"14:00:00";"GO";40;35;"LUZIANIA";"Retorno proibido";"Colisão traseira";"Com Vítimas Feridas";"Pleno dia";"Crescente";"Sol";"Dupla";"Reta";"Não";4;0;0;3;0;1;3;2;-16,316414;-47,841304;"SPRF-DF";"DEL01-DF";"UOP01-DEL01-DF"
580041;2024-02-09;"sexta-feira";"16:30:00";"ES";101;235,6;"FUNDAO";"Transitar na contramão";"Colisão frontal";"Com Vítimas Feridas";"Pleno dia";"Crescente";"Céu Claro";"Simples";"Reta";"Não";4;0;0;1;3;0;1;4;-19,97811606;-40,40780888;"SPRF-ES";"DEL02-ES";"UOP01-DEL02-ES"
580042;2024-02-09;"sexta-feira";"16:50:00";"SP";116;183;"SANTA ISABEL";"Ausência de reação do condutor";"Colisão frontal";"Com Vítimas Feridas";"Pleno dia";"Crescente";"Céu Claro";"Múltipla";"Reta";"Sim";2;0;1;0;1;0;1;2;-23,34888216;-46,17091894;"SPRF-SP";"DEL01-SP";"UOP01-DEL01-SP"
580044;2024-02-09;"sexta-feira";"16:55:00";"ES";101;280,8;"SERRA";"Desrespeitar a preferência no cruzamento";"Colisão transversal";"Com Vítimas Feridas";"Pleno dia";"Crescente";"Céu Claro";"Dupla";"Retorno Regulamentado;Reta    ";"Não";2;0;1;0;0;1;1;2;-20,2193172;-40,3552572;"SPRF-ES";"DEL02-ES";"UOP01-DEL02-ES"
580045;2024-02-09;"sexta-feira";"16:30:00";"MA";135;11;"SAO LUIS";"Acessar a via sem observar a presença dos outros veículos";"Colisão transversal";"Com Vítimas Feridas";"Pleno dia";"Decrescente";"Céu Claro";"Dupla";"Reta";"Sim";3;0;2;0;1;0;2;2;-2,66470782;-44,28673431;"SPRF-MA";"DEL01-MA";"UOP01-DEL01-MA"
580046;2024-02-09;"sexta-feira";"17:10:00";"PB";101;82,1;"BAYEUX";"Condutor deixou de manter distância do veículo da frente";"Engavetamento";"Sem Vítimas";"Anoitecer";"Crescente";"Céu Claro";"Dupla";"Reta";"Sim";3;0;0;0;3;0;0;3;-7,12911;-34,93714;"SPRF-PB";"DEL01-PB";"UOP01-DEL01-PB"
580047;2024-02-09;"sexta-feira";"16:50:00";"SP";116;448;"REGISTRO";"Acessar a via sem observar a presença dos outros veículos";"Atropelamento de Pedestre";"Com Vítimas Feridas";"Pleno dia";"Crescente";"Céu Claro";"Dupla";"Reta";"Não";3;0;1;1;1;0;2;2;-24,52099699;-47,85336602;"SPRF-SP";"DEL05-SP";"UOP01-DEL05-SP"
580048;2024-02-09;"sexta-feira";"16:30:00";"PB";230;36,4;"SANTA RITA";"Reação tardia ou ineficiente do condutor";"Engavetamento";"Com Vítimas Feridas";"Pleno dia";"Decrescente";"Céu Claro";"Dupla";"Reta";"Sim";3;0;1;0;2;0;1;3;-7,1246;-34,9473;"SPRF-PB";"DEL01-PB";"UOP03-DEL01-PB"
580050;2024-02-09;"sexta-feira";"17:25:00";"ES";101;293;"CARIACICA";"Trafegar com motocicleta (ou similar) entre as faixas";"Colisão lateral mesmo sentido";"Sem Vítimas";"Anoitecer";"Crescente";"Céu Claro";"Dupla";"Reta";"Sim";2;0;0;0;2;0;0;2;-20,31526144;-40,39567044;"SPRF-ES";"DEL01-ES";"UOP01-DEL01-ES"
580051;2024-02-09;"sexta-feira";"15:52:00";"PE";232;9;"RECIFE";"Ausência de reação do condutor";"Engavetamento";"Com Vítimas Feridas";"Pleno dia";"Decrescente";"Céu Claro";"Dupla";"Reta";"Sim";7;0;1;0;5;1;1;6;-8,07764447;-34,97863609;"SPRF-PE";"DEL01-PE";"UOP01-DEL01-PE"
580052;2024-02-09;"sexta-feira";"16:45:00";"BA";235;352;"JUAZEIRO";"Conversão proibida";"Colisão transversal";"Com Vítimas Feridas";"Pleno dia";"Crescente";"Garoa/Chuvisco";"Simples";"Reta";"Sim";2;0;1;0;1;0;1;2;-9,43151035;-40,50320148;"SPRF-PE";"DEL06-PE";"UOP01-DEL06-PE"
580053;2024-02-09;"sexta-feira";"17:20:00";"PE";104;71,5;"CARUARU";"Ingestão de álcool pelo condutor";"Colisão transversal";"Com Vítimas Feridas";"Pleno dia";"Crescente";"Ignorado";"Dupla";"Declive;Reta                  ";"Não";3;0;1;0;2;0;1;3;-8,32804808;-35,98442478;"SPRF-PE";"DEL02-PE";"UOP01-DEL02-PE"
580054;2024-02-09;"sexta-feira";"17:05:00";"RJ";40;113,5;"DUQUE DE CAXIAS";"Condutor deixou de manter distância do veículo da frente";"Colisão lateral mesmo sentido";"Sem Vítimas";"Pleno dia";"Decrescente";"Céu Claro";"Simples";"Retorno Regulamentado;Rotatóri";"Sim";2;0;0;0;2;0;0;2;-22,70948502;-43,29040354;"SPRF-RJ";"DEL01-RJ";"UOP02-DEL01-RJ"
580056;2024-02-09;"sexta-feira";"17:11:00";"ES";101;190,5;"ARACRUZ";"Acessar a via sem observar a presença dos outros veículos";"Colisão transversal";"Com Vítimas Feridas";"Anoitecer";"Crescente";"Céu Claro";"Simples";"Interseção de Vias";"Não";2;0;0;1;1;0;1;2;-19,68560509;-40,27853793;"SPRF-ES";"DEL04-ES";"UOP01-DEL04-ES"
580057;2024-02-09;"sexta-feira";"17:20:00";"SC";101;107,9;"PENHA";"Ausência de reação do condutor";"Colisão traseira";"Com Vítimas Feridas";"Pleno dia";"Crescente";"Nublado";"Múltipla";"Declive";"Não";2;0;1;0;1;0;1;2;-26,81930608;-48,68390282;"SPRF-SC";"DEL03-SC";"UOP02-DEL03-SC"
580058;2024-02-09;"sexta-feira";"16:30:00";"AL";104;65;"MURICI";"Ultrapassagem Indevida";"Colisão lateral sentido oposto";"Com Vítimas Feridas";"Pleno dia";"Decrescente";"Céu Claro";"Simples";"Aclive;Reta                   ";"Não";3;0;1;1;1;0;2;2;-9,33313273;-35,8965549;"SPRF-AL";"DEL01-AL";"UOP02-DEL01-AL"
580059;2024-02-09;"sexta-feira";"17:00:00";"PR";376;158;"MANDAGUACU";"Trafegar com motocicleta (ou similar) entre as faixas";"Colisão lateral mesmo sentido";"Com Vítimas Feridas";"Pleno dia";"Crescente";"Céu Claro";"Dupla";"Reta";"Sim";2;0;0;1;1;0;1;2;-23,36169997;-52,08593395;"SPRF-PR";"DEL09-PR";"UOP01-DEL09-PR"
580061;2024-02-09;"sexta-feira";"16:45:00";"SC";153;99,8;"CONCORDIA";"Acessar a via sem observar a presença dos outros veículos";"Colisão transversal";"Com Vítimas Feridas";"Pleno dia";"Crescente";"Céu Claro";"Simples";"Reta";"Sim";3;0;1;0;2;0;1;2;-27,235508;-51,951069;"SPRF-SC";"DEL07-SC";"UOP04-DEL07-SC"
580062;2024-02-09;"sexta-feira";"17:45:00";"SC";470;3;"NAVEGANTES";"Conversão proibida";"Colisão transversal";"Com Vítimas Feridas";"Anoitecer";"Crescente";"Céu Claro";"Simples";"Reta;Em Obras                 ";"Não";2;0;0;1;1;0;1;2;-26,868551;-48,674831;"SPRF-SC";"DEL04-SC";"UOP04-DEL04-SC"
580064;2024-02-09;"sexta-feira";"18:10:00";"SC";101;143,5;"ITAPEMA";"Trafegar com motocicleta (ou similar) entre as faixas";"Colisão lateral mesmo sentido";"Com Vítimas Feridas";"Anoitecer";"Decrescente";"Nublado";"Dupla";"Reta";"Sim";3;0;1;0;2;0;1;3;-27,06436;-48,59599405;"SPRF-SC";"DEL04-SC";"UOP03-DEL04-SC"
580065;2024-02-09;"sexta-feira";"17:30:00";"MG";381;941;"EXTREMA";"Avarias e/ou desgaste excessivo no pneu";"Queda de ocupante de veículo";"Com Vítimas Feridas";"Pleno dia";"Crescente";"Céu Claro";"Dupla";"Reta";"Não";2;0;0;1;0;1;1;2;-22,86021873;-46,34260711;"SPRF-MG";"DEL16-MG";"UOP03-DEL16-MG"
580066;2024-02-09;"sexta-feira";"17:20:00";"PR";277;421,5;"CANTAGALO";"Desrespeitar a preferência no cruzamento";"Colisão transversal";"Com Vítimas Feridas";"Pleno dia";"Crescente";"Céu Claro";"Simples";"Curva;Interseção de Vias      ";"Sim";3;0;1;1;1;0;2;2;-25,40516876;-52,09591501;"SPRF-PR";"DEL04-PR";"UOP02-DEL04-PR"