"id";"data_inversa";"dia_semana";"horario";"uf";"br";"km";"municipio";"causa_acidente";"tipo_acidente";"classificacao_acidente";"fase_dia";"sentido_via";"condicao_metereologica";"tipo_pista";"tracado_via";"uso_solo";"pessoas";"mortos";"feridos_leves";"feridos_graves";"ilesos";"ignorados";"feridos";"veiculos";"latitude";"longitude";"regional";"delegacia";"uop"
580067;2024-02-09;"sexta-feira";"18:40:00";"MG";40;764;"JUIZ DE FORA";"Objeto estático sobre o leito carroçável";"Colisão com objeto";"Com Vítimas Feridas";"Anoitecer";"Decrescente";"Céu Claro";"Simples";"Reta";"Não";2;0;1;0;1;0;1;1;-21,58155741;-43,46811533;"SPRF-MG";"DEL05-MG";"UOP01-DEL05-MG"
580068;2024-02-09;"sexta-feira";"18:00:00";"SC";280;69,9;"JARAGUA DO SUL";"Acessar a via sem observar a presença dos outros veículos";"Colisão lateral mesmo sentido";"Com Vítimas Feridas";"Pleno dia";"Crescente";"Céu Claro";"Simples";"Reta";"Sim";2;0;1;0;1;0;1;2;-26,46803296;-49,11833097;"SPRF-SC";"DEL03-SC";"UOP03-DEL03-SC"
580069;2024-02-09;"sexta-feira";"12:35:00";"SC";280;306,3;"PORTO UNIAO";"Trafegar com motocicleta (ou similar) entre as faixas";"Colisão lateral mesmo sentido";"Com Vítimas Feridas";"Pleno dia";"Decrescente";"Céu Claro";"Simples";"Reta";"Sim";2;0;1;0;1;0;1;2;-26,25143864;-51,085456;"SPRF-SC";"DEL06-SC";"UOP04-DEL06-SC"
580070;2024-02-02;"sexta-feira";"08:20:00";"DF";20;46;"BRASILIA";"Condutor Dormindo";"Capotamento";"Com Vítimas Feridas";"Pleno dia";"Crescente";"Céu Claro";"Dupla";"Declive;Curva                 ";"Não";1;0;1;0;0;0;1;1;-15,583345;-47,449738;"SPRF-DF";"DEL02-DF";"UOP01-DEL02-DF"
580072;2024-02-09;"sexta-feira";"12:30:00";"MA";135;167;"MATOES DO NORTE";"Reação tardia ou ineficiente do condutor";"Saída de leito carroçável";"Com Vítimas Fatais";"Pleno dia";"Decrescente";"Céu Claro";"Simples";"Curva";"Não";2;2;0;0;0;0;0;1;-3,90481293;-44,48041583;"SPRF-MA";"DEL01-MA";"UOP02-DEL01-MA"
580073;2024-02-09;"sexta-feira";"18:44:00";"PE";232;208;"PESQUEIRA";"Ultrapassagem Indevida";"Colisão lateral mesmo sentido";"Com Vítimas Feridas";"Anoitecer";"Decrescente";"Céu Claro";"Simples";"Reta";"Não";3;0;2;0;1;0;2;2;-8,36794109;-36,67972403;"SPRF-PE";"DEL03-PE";"UOP02-DEL03-PE"
580074;2024-02-09;"sexta-feira";"18:40:00";"PR";277;704;"SAO MIGUEL DO IGUACU";"Reação tardia ou ineficiente do condutor";"Colisão com objeto";"Com Vítimas Feridas";"Pleno dia";"Decrescente";"Céu Claro";"Simples";"Reta";"Não";5;0;2;1;2;0;3;1;-25,428807;-54,366481;"SPRF-PR";"DEL05-PR";"UOP01-DEL05-PR"
580075;2024-02-09;"sexta-feira";"18:44:00";"CE";116;10;"FORTALEZA";"Condutor deixou de manter distância do veículo da frente";"Colisão traseira";"Com Vítimas Feridas";"Plena Noite";"Crescente";"Céu Claro";"Dupla";"Reta";"Sim";6;0;2;0;4;0;2;4;-3,83603805;-38,5027281;"SPRF-CE";"DEL01-CE";"UOP02-DEL01-CE"
580076;2024-02-09;"sexta-feira";"18:10:00";"MG";116;416,9;"GOVERNADOR VALADARES";"Animais na Pista";"Atropelamento de Animal";"Com Vítimas Feridas";"Anoitecer";"Decrescente";"Nublado";"Simples";"Reta";"Sim";1;0;1;0;0;0;1;1;-18,89215187;-41,94699543;"SPRF-MG";"DEL06-MG";"UOP01-DEL06-MG"
580078;2024-02-09;"sexta-feira";"19:20:00";"AP";156;246;"MACAPA";"Animais na Pista";"Atropelamento de Animal";"Com Vítimas Feridas";"Plena Noite";"Decrescente";"Céu Claro";"Simples";"Reta";"Sim";1;0;1;0;0;0;1;1;0,2028299;-51,116314;"SPRF-AP";"DEL01-AP";"UOP01-DEL01-AP"
580079;2024-02-09;"sexta-feira";"19:10:00";"PE";424;84,9;"GARANHUNS";"Iluminação deficiente";"Atropelamento de Pedestre";"Com Vítimas Fatais";"Plena Noite";"Decrescente";"Céu Claro";"Simples";"Reta";"Sim";2;1;0;0;0;1;0;2;-8,84941934;-36,51641817;"SPRF-PE";"DEL03-PE";"UOP01-DEL03-PE"
580080;2024-02-09;"sexta-feira";"18:30:00";"SC";282;2;"FLORIANOPOLIS";"Reação tardia ou ineficiente do condutor";"Colisão lateral mesmo sentido";"Com Vítimas Feridas";"Plena Noite";"Crescente";"Céu Claro";"Múltipla";"Reta";"Sim";2;0;1;0;1;0;1;2;-27,603289;-48,590416;"SPRF-SC";"DEL01-SC";"UOP01-DEL01-SC"
580082;2024-02-09;"sexta-feira";"18:17:00";"RN";304;30;"MOSSORO";"Condutor deixou de manter distância do veículo da frente";"Colisão traseira";"Com Vítimas Feridas";"Plena Noite";"Decrescente";"Céu Claro";"Simples";"Reta";"Sim";2;0;1;0;0;1;1;2;-5,11703801;-37,34100094;"SPRF-RN";"DEL04-RN";"UOP02-DEL04-RN"
580083;2024-02-09;"sexta-feira";"16:00:00";"PE";232;16;"JABOATAO DOS GUARARAPES";"Reação tardia ou ineficiente do condutor";"Tombamento";"Com Vítimas Feridas";"Anoitecer";"Crescente";"Céu Claro";"Dupla";"Reta";"Não";2;0;1;0;1;0;1;1;-8,09414193;-35,03716601;"SPRF-PE";"DEL01-PE";"UOP01-DEL01-PE"
580084;2024-02-09;"sexta-feira";"16:15:00";"RO";364;341;"JI-PARANA";"Reação tardia ou ineficiente do condutor";"Colisão transversal";"Com Vítimas Feridas";"Pleno dia";"Crescente";"Céu Claro";"Simples";"Interseção de Vias";"Sim";2;0;1;0;1;0;1;2;-10,88987987;-61,93126772;"SPRF-RO";"DEL02-RO";"UOP01-DEL02-RO"
580086;2024-02-09;"sexta-feira";"19:40:00";"BA";110;0;"PAULO AFONSO";"Pista Escorregadia";"Queda de ocupante de veículo";"Com Vítimas Feridas";"Plena Noite";"Crescente";"Chuva";"Simples";"Reta";"Não";1;0;1;0;0;0;1;1;-9,454037;-38,202148;"SPRF-BA";"DEL07-BA";"UOP01-DEL07-BA"
580088;2024-02-09;"sexta-feira";"18:55:00";"MG";40;43,4;"PARACATU";"Desrespeitar a preferência no cruzamento";"Colisão transversal";"Com Vítimas Feridas";"Anoitecer";"Crescente";"Nublado";"Simples";"Reta";"Sim";2;0;1;0;1;0;1;2;-17,22598002;-46,86163701;"SPRF-MG";"DEL14-MG";"UOP01-DEL14-MG"
580089;2024-02-09;"sexta-feira";"16:30:00";"BA";101;204,5;"MURITIBA";"Acessar a via sem observar a presença dos outros veículos";"Colisão transversal";"Com Vítimas Feridas";"Pleno dia";"Crescente";"Garoa/Chuvisco";"Simples";"Reta;Interseção de Vias       ";"Não";2;0;1;0;1;0;1;2;-12,63317306;-39,09398987;"SPRF-BA";"DEL01-BA";"UOP02-DEL01-BA"
580090;2024-02-09;"sexta-feira";"20:00:00";"RS";116;222;"DOIS IRMAOS";"Condutor deixou de manter distância do veículo da frente";"Colisão lateral mesmo sentido";"Com Vítimas Feridas";"Plena Noite";"Crescente";"Céu Claro";"Múltipla";"Interseção de Vias;Curva      ";"Sim";2;0;1;0;1;0;1;2;-29,58096695;-51,09515511;"SPRF-RS";"DEL01-RS";"UOP02-DEL01-RS"
580091;2024-02-09;"sexta-feira";"20:13:00";"RS";392;18,9;"RIO GRANDE";"Acessar a via sem observar a presença dos outros veículos";"Colisão transversal";"Com Vítimas Feridas";"Plena Noite";"Crescente";"Nublado";"Dupla";"Retorno Regulamentado;Reta    ";"Sim";3;0;0;1;1;1;1;3;-32,09017991;-52,17651198;"SPRF-RS";"DEL07-RS";"UOP02-DEL07-RS"
580092;2024-02-09;"sexta-feira";"19:30:00";"RJ";101;331;"RIO DE JANEIRO";"Ausência de reação do condutor";"Colisão com objeto";"Com Vítimas Feridas";"Plena Noite";"Crescente";"Nublado";"Dupla";"Reta";"Sim";2;0;1;0;1;0;1;2;-22,867662;-43,195337;"SPRF-RJ";"DEL02-RJ";"UOP01-DEL02-RJ"
580093;2024-02-09;"sexta-feira";"18:15:00";"PR";277;161;"PALMEIRA";"Reação tardia ou ineficiente do condutor";"Queda de ocupante de veículo";"Com Vítimas Feridas";"Anoitecer";"Crescente";"Céu Claro";"Simples";"Reta";"Não";2;0;1;0;0;1;1;2;-25,47289;-49,895964;"SPRF-PR";"DEL03-PR";"UOP03-DEL03-PR"
580095;2024-02-09;"sexta-feira";"17:35:00";"PR";369;478;"CORBELIA";"Objeto estático sobre o leito carroçável";"Colisão traseira";"Sem Vítimas";"Pleno dia";"Crescente";"Céu Claro";"Simples";"Aclive";"Não";4;0;0;0;3;1;0;4;-24,816712;-53,296315;"SPRF-PR";"DEL04-PR";"UOP03-DEL04-PR"
580097;2024-02-09;"sexta-feira";"20:30:00";"SC";282;339;"CAMPOS NOVOS";"Velocidade Incompatível";"Colisão com objeto";"Com Vítimas Feridas";"Plena Noite";"Decrescente";"Céu Claro";"Simples";"Curva";"Não";1;0;1;0;0;0;1;1;-27,392731;-51,195118;"SPRF-SC";"DEL07-SC";"UOP06-DEL07-SC"
580099;2024-02-09;"sexta-feira";"20:50:00";"PI";343;9,9;"PARNAIBA";"Manobra de mudança de faixa";"Colisão transversal";"Com Vítimas Feridas";"Plena Noite";"Crescente";"Chuva";"Simples";"Reta";"Sim";2;0;1;0;1;0;1;2;-2,902034;-41,741646;"SPRF-PI";"DEL05-PI";"UOP01-DEL05-PI"
580101;2024-02-09;"sexta-feira";"15:00:00";"SC";282;394;"JOACABA";"Pista Escorregadia";"Queda de ocupante de veículo";"Com Vítimas Feridas";"Pleno dia";"Crescente";"Sol";"Simples";"Curva";"Não";1;0;1;0;0;0;1;1;-27,16017;-51,58284;"SPRF-SC";"DEL07-SC";"UOP05-DEL07-SC"
580102;2024-02-09;"sexta-feira";"20:00:00";"MG";381;457;"BELO HORIZONTE";"Reação tardia ou ineficiente do condutor";"Capotamento";"Com Vítimas Feridas";"Plena Noite";"Crescente";"Céu Claro";"Dupla";"Reta";"Sim";2;0;1;0;1;0;1;1;-19,84888939;-43,8878274;"SPRF-MG";"DEL01-MG";"UOP01-DEL01-MG"
580104;2024-02-09;"sexta-feira";"21:00:00";"RJ";101;301;"SAO GONCALO";"Ausência de reação do condutor";"Colisão traseira";"Com Vítimas Feridas";"Plena Noite";"Crescente";"Céu Claro";"Dupla";"Reta";"Não";2;0;1;0;1;0;1;2;-22,77857497;-42,95745101;"SPRF-RJ";"DEL02-RJ";"UOP02-DEL02-RJ"
580106;2024-02-09;"sexta-feira";"19:30:00";"PR";376;12,9;"MARINGA";"Ausência de reação do condutor";"Tombamento";"Com Vítimas Feridas";"Pleno dia";"Decrescente";"Céu Claro";"Dupla";"Reta";"Sim";2;0;1;1;0;0;2;1;-23,39600437;-51,88562751;"SPRF-PR";"DEL09-PR";"UOP01-DEL09-PR"
580108;2024-02-09;"sexta-feira";"21:10:00";"GO";414;352;"COCALZINHO DE GOIAS";"Conversão proibida";"Colisão lateral mesmo sentido";"Com Vítimas Feridas";"Plena Noite";"Decrescente";"Nublado";"Simples";"Reta";"Não";4;0;3;0;1;0;3;2;-15,6474699329;-48,6794960944;"SPRF-GO";"DEL02-GO";"UOP01-DEL02-GO"
580109;2024-02-09;"sexta-feira";"21:30:00";"RS";285;301;"PASSO FUNDO";"Conversão proibida";"Saída de leito carroçável";"Com Vítimas Feridas";"Plena Noite";"Crescente";"Nublado";"Simples";"Reta";"Não";1;0;1;0;0;0;1;1;-28,224813;-52,450539;"SPRF-RS";"DEL08-RS";"UOP03-DEL08-RS"
580110;2024-02-09;"sexta-feira";"21:30:00";"RJ";101;448;"MANGARATIBA";"Velocidade Incompatível";"Queda de ocupante de veículo";"Com Vítimas Feridas";"Plena Noite";"Crescente";"Céu Claro";"Simples";"Reta";"Não";1;0;1;0;0;0;1;1;-23,00877098;-44,10488901;"SPRF-RJ";"DEL03-RJ";"UOP02-DEL03-RJ"
580111;2024-02-09;"sexta-feira";"21:05:00";"RS";116;255;"ESTEIO";"Condutor deixou de manter distância do veículo da frente";"Colisão traseira";"Com Vítimas Feridas";"Plena Noite";"Crescente";"Céu Claro";"Múltipla";"Interseção de Vias;Reta       ";"Sim";2;0;2;0;0;0;2;2;-29,83686546;-51,17545366;"SPRF-RS";"DEL01-RS";"UOP02-DEL01-RS"
580112;2024-02-09;"sexta-feira";"20:50:00";"SC";101;424,9;"ARARANGUA";"Desrespeitar a preferência no cruzamento";"Colisão transversal";"Com Vítimas Feridas";"Plena Noite";"Crescente";"Nublado";"Múltipla";"Reta";"Sim";2;0;0;1;1;0;1;2;-29,01601155;-49,58269226;"SPRF-SC";"DEL02-SC";"UOP02-DEL02-SC"
580114;2024-02-09;"sexta-feira";"21:10:00";"RO";364;197;"PIMENTA BUENO";"Animais na Pista";"Atropelamento de Animal";"Com Vítimas Feridas";"Plena Noite";"Crescente";"Céu Claro";"Simples";"Curva";"Sim";1;0;1;0;0;0;1;1;-11,66790525;-61,19216125;"SPRF-RO";"DEL02-RO";"UOP02-DEL02-RO"
580116;2024-02-09;"sexta-feira";"20:30:00";"RJ";101;304;"SAO GONCALO";"Demais Fenômenos da natureza";"Incêndio";"Sem Vítimas";"Plena Noite";"Crescente";"Céu Claro";"Dupla";"Reta";"Não";1;0;0;0;1;0;0;1;-22,78491869;-42,98627706;"SPRF-RJ";"DEL02-RJ";"UOP02-DEL02-RJ"
580117;2024-02-09;"sexta-feira";"22:20:00";"RS";158;333,4;"SANTA MARIA";"Entrada inopinada do pedestre";"Atropelamento de Pedestre";"Com Vítimas Feridas";"Plena Noite";"Decrescente";"Céu Claro";"Simples";"Interseção de Vias;Reta       ";"Sim";4;0;2;0;2;0;2;2;-29,70762392;-53,85429382;"SPRF-RS";"DEL09-RS";"UOP01-DEL09-RS"
580118;2024-02-09;"sexta-feira";"21:30:00";"ES";262;95,2;"DOMINGOS MARTINS";"Desrespeitar a preferência no cruzamento";"Colisão transversal";"Com Vítimas Feridas";"Plena Noite";"Crescente";"Céu Claro";"Simples";"Interseção de Vias;Reta       ";"Não";2;0;0;1;0;1;1;2;-20,36472463;-41,06271029;"SPRF-ES";"DEL01-ES";"UOP02-DEL01-ES"
580119;2024-02-09;"sexta-feira";"20:47:00";"PI";316;6;"TERESINA";"Reação tardia ou ineficiente do condutor";"Colisão traseira";"Sem Vítimas";"Plena Noite";"Crescente";"Chuva";"Dupla";"Reta";"Sim";2;0;0;0;1;1;0;2;-5,14702095;-42,77438982;"SPRF-PI";"DEL01-PI";"UOP02-DEL01-PI"
580120;2024-02-09;"sexta-feira";"22:05:00";"AL";104;9,5;"SAO JOSE DA LAJE";"Condutor deixou de manter distância do veículo da frente";"Colisão traseira";"Com Vítimas Feridas";"Plena Noite";"Decrescente";"Céu Claro";"Simples";"Aclive;Curva                  ";"Não";4;0;4;0;0;0;4;2;-8,97108463;-36,01804588;"SPRF-AL";"DEL01-AL";"UOP02-DEL01-AL"
580121;2024-02-09;"sexta-feira";"22:15:00";"PR";369;157,1;"LONDRINA";"Velocidade Incompatível";"Atropelamento de Pedestre";"Com Vítimas Feridas";"Plena Noite";"Decrescente";"Nublado";"Dupla";"Reta";"Sim";3;0;2;0;0;1;2;2;-23,28733;-51,226846;"SPRF-PR";"DEL07-PR";"UOP01-DEL07-PR"
580122;2024-02-09;"sexta-feira";"22:40:00";"SP";116;139,4;"SAO JOSE DOS CAMPOS";"Manobra de mudança de faixa";"Queda de ocupante de veículo";"Com Vítimas Feridas";"Plena Noite";"Decrescente";"Céu Claro";"Dupla";"Reta";"Sim";3;0;1;1;0;1;2;2;-23,16153216;-45,80400592;"SPRF-SP";"DEL02-SP";"UOP01-DEL02-SP"
580124;2024-02-09;"sexta-feira";"21:00:00";"PI";343;593;"FLORIANO";"Reação tardia ou ineficiente do condutor";"Tombamento";"Com Vítimas Feridas";"Plena Noite";"Crescente";"Céu Claro";"Simples";"Reta";"Sim";1;0;1;0;0;0;1;1;-6,781913;-43,038273;"SPRF-PI";"DEL03-PI";"UOP01-DEL03-PI"
580125;2024-02-09;"sexta-feira";"23:45:00";"MG";262;36;"MANHUACU";"Conversão proibida";"Colisão lateral mesmo sentido";"Com Vítimas Feridas";"Pleno dia";"Crescente";"Céu Claro";"Simples";"Curva";"Sim";2;0;1;0;1;0;1;2;-20,25932046;-42,02298331;"SPRF-MG";"DEL06-MG";"UOP03-DEL06-MG"
580126;2024-02-09;"sexta-feira";"21:30:00";"DF";60;3;"BRASILIA";"Reação tardia ou ineficiente do condutor";"Tombamento";"Com Vítimas Feridas";"Plena Noite";"Crescente";"Chuva";"Dupla";"Reta;Retorno Regulamentado    ";"Sim";2;0;1;1;0;0;2;1;-15,89034582;-48,08731301;"SPRF-DF";"DEL03-DF";"UOP01-DEL03-DF"
580127;2024-02-09;"sexta-feira";"10:15:00";"RJ";101;295;"ITABORAI";"Condutor deixou de manter distância do veículo da frente";"Colisão lateral mesmo sentido";"Com Vítimas Feridas";"Pleno dia";"Decrescente";"Céu Claro";"Dupla";"Reta";"Sim";2;0;1;0;1;0;1;2;-22,76365068;-42,90223623;"SPRF-RJ";"DEL02-RJ";"UOP02-DEL02-RJ"
580128;2024-02-09;"sexta-feira";"20:10:00";"BA";101;230;"SAPEACU";"Estacionar ou parar em local proibido";"Colisão traseira";"Com Vítimas Fatais";"Plena Noite";"Decrescente";"Nublado";"Simples";"Aclive;Reta                   ";"Não";5;1;0;1;3;0;1;2;-12,83551106;-39,20129659;"SPRF-BA";"DEL01-BA";"UOP02-DEL01-BA"
580130;2024-02-09;"sexta-feira";"23:50:00";"GO";153;413;"PIRENOPOLIS";"Chuva";"Colisão com objeto";"Com Vítimas Feridas";"Plena Noite";"Crescente";"Chuva";"Simples";"Ponte;Declive                 ";"Não";3;0;1;1;1;0;2;1;-16,119982;-49,036469;"SPRF-GO";"DEL02-GO";"UOP02-DEL02-GO"
580131;2024-02-09;"sexta-feira";"21:00:00";"MT";163;743;"SORRISO";"Chuva";"Saída de leito carroçável";"Com Vítimas Feridas";"Plena Noite";"Decrescente";"Chuva";"Simples";"Reta";"Não";1;0;1;0;0;0;1;1;-12,72348109;-55,82831683;"SPRF-MT";"DEL06-MT";"UOP01-DEL06-MT"
580132;2024-02-09;"sexta-feira";"22:40:00";"SC";101;209,5;"SAO JOSE";"Trafegar com motocicleta (ou similar) entre as faixas";"Colisão lateral mesmo sentido";"Com Vítimas Feridas";"Plena Noite";"Crescente";"Garoa/Chuvisco";"Simples";"Interseção de Vias";"Sim";2;0;1;0;0;1;1;2;-27,61000542;-48,63895057;"SPRF-SC";"DEL01-SC";"UOP01-DEL01-SC"
580133;2024-02-09;"sexta-feira";"22:40:00";"SC";101;325;"CAPIVARI DE BAIXO";"Avarias e/ou desgaste excessivo no pneu";"Tombamento";"Com Vítimas Feridas";"Plena Noite";"Decrescente";"Céu Claro";"Dupla";"Reta";"Não";2;0;2;0;0;0;2;1;-28,42516271;-48,93259193;"SPRF-SC";"DEL02-SC";"UOP01-DEL02-SC"
580134;2024-02-10;"sábado";"00:00:00";"RJ";101;72,1;"CAMPOS DOS GOYTACAZES";"Entrada inopinada do pedestre";"Atropelamento de Pedestre";"Com Vítimas Feridas";"Plena Noite";"Decrescente";"Nublado";"Simples";"Reta";"Não";2;0;1;0;1;0;1;2;-21,798874;-41,393955;"SPRF-RJ";"DEL08-RJ";"UOP02-DEL08-RJ"
580137;2024-02-09;"sexta-feira";"23:40:00";"BA";101;525;"BUERAREMA";"Reação tardia ou ineficiente do condutor";"Colisão lateral sentido oposto";"Com Vítimas Feridas";"Plena Noite";"Crescente";"Chuva";"Simples";"Reta";"Não";11;0;1;0;10;0;1;2;-14,97582686;-39,32690621;"SPRF-BA";"DEL05-BA";"UOP01-DEL05-BA"
580139;2024-02-09;"sexta-feira";"16:00:00";"RJ";393;106,5;"SAPUCAIA";"Condutor deixou de manter distância do veículo da frente";"Colisão traseira";"Sem Vítimas";"Pleno dia";"Decrescente";"Céu Claro";"Simples";"Reta";"Sim";2;0;0;0;2;0;0;2;-21,87764485;-42,67025797;"SPRF-RJ";"DEL05-RJ";"UOP01-DEL05-RJ"
580140;2024-02-09;"sexta-feira";"22:09:00";"AC";364;136;"RIO BRANCO";"Acessar a via sem observar a presença dos outros veículos";"Colisão transversal";"Com Vítimas Feridas";"Plena Noite";"Crescente";"Nublado";"Dupla";"Reta";"Sim";2;0;1;0;1;0;1;2;-9,98588117;-67,84523538;"SPRF-AC";"DEL01-AC";"UOP01-DEL01-AC"
580141;2024-02-09;"sexta-feira";"20:10:00";"MT";163;758;"SORRISO";"Ausência de reação do condutor";"Capotamento";"Sem Vítimas";"Plena Noite";"Decrescente";"Garoa/Chuvisco";"Dupla";"Curva";"Não";1;0;0;0;0;1;0;1;-12,50739195;-55,69229364;"SPRF-MT";"DEL06-MT";"UOP01-DEL06-MT"
580142;2024-02-09;"sexta-feira";"23:50:00";"RS";290;23;"SANTO ANTONIO DA PATRULHA";"Reação tardia ou ineficiente do condutor";"Colisão lateral mesmo sentido";"Com Vítimas Feridas";"Plena Noite";"Decrescente";"Céu Claro";"Dupla";"Reta";"Não";1;0;1;0;0;0;1;1;-29,885357;-50,484364;"SPRF-RS";"DEL03-RS";"UOP01-DEL03-RS"
580145;2024-02-09;"sexta-feira";"22:25:00";"PI";NA;NA;"CRISTINO CASTRO";"Pista Escorregadia";"Saída de leito carroçável";"Sem Vítimas";"Plena Noite";"Não Informado";"Nublado";"Simples";"Reta;Interseção de Vias       ";"Sim";3;0;0;0;3;0;0;1;-8,82244098;-44,22439098;"SPRF-PI";"DEL03-PI";"UOP02-DEL03-PI"
580147;2024-02-09;"sexta-feira";"23:50:00";"PR";277;167;"PALMEIRA";"Reação tardia ou ineficiente do condutor";"Queda de ocupante de veículo";"Com Vítimas Feridas";"Plena Noite";"Decrescente";"Céu Claro";"Simples";"Reta";"Sim";2;0;1;0;0;1;1;2;-25,46815033;-49,9043132;"SPRF-PR";"DEL03-PR";"UOP03-DEL03-PR"
580148;2024-02-10;"sábado";"01:50:00";"SC";101;212;"PALHOCA";"Pedestre cruzava a pista fora da faixa";"Atropelamento de Pedestre";"Sem Vítimas";"Plena Noite";"Decrescente";"Céu Claro";"Dupla";"Reta";"Sim";2;0;0;0;1;1;0;2;-27,62996929;-48,65903871;"SPRF-SC";"DEL01-SC";"UOP02-DEL01-SC"
580149;2024-02-10;"sábado";"01:23:00";"ES";101;292;"CARIACICA";"Ausência de reação do condutor";"Saída de leito carroçável";"Sem Vítimas";"Plena Noite";"Decrescente";"Céu Claro";"Simples";"Reta";"Não";1;0;0;0;0;1;0;1;-20,30650512;-40,39488717;"SPRF-ES";"DEL01-ES";"UOP01-DEL01-ES"
580150;2024-02-10;"sábado";"01:29:00";"PE";428;187;"PETROLINA";"Ingestão de álcool pelo condutor";"Queda de ocupante de veículo";"Com Vítimas Feridas";"Plena Noite";"Crescente";"Céu Claro";"Dupla";"Reta";"Sim";1;0;1;0;0;0;1;1;-9,35604301;-40,47854198;"SPRF-PE";"DEL06-PE";"UOP01-DEL06-PE"
580151;2024-02-10;"sábado";"01:30:00";"RS";116;269;"CANOAS";"Acumulo de óleo sobre o pavimento";"Tombamento";"Com Vítimas Feridas";"Plena Noite";"Decrescente";"Céu Claro";"Dupla";"Reta";"Sim";2;0;1;0;1;0;1;1;-29,95942501;-51,17608515;"SPRF-RS";"DEL01-RS";"UOP01-DEL01-RS"
580152;2024-02-10;"sábado";"01:30:00";"AL";104;87;"RIO LARGO";"Animais na Pista";"Atropelamento de Animal";"Com Vítimas Fatais";"Plena Noite";"Crescente";"Nublado";"Dupla";"Reta";"Sim";1;1;0;0;0;0;0;1;-9,47532901;-35,82160002;"SPRF-AL";"DEL01-AL";"UOP01-DEL01-AL"
580153;2024-02-10;"sábado";"01:55:00";"RS";290;612;"ALEGRETE";"Reação tardia ou ineficiente do condutor";"Saída de leito carroçável";"Com Vítimas Feridas";"Plena Noite";"Crescente";"Céu Claro";"Simples";"Reta";"Não";4;0;1;0;3;0;1;1;-29,927664;-56,064651;"SPRF-RS";"DEL13-RS";"UOP02-DEL13-RS"
580154;2024-02-10;"sábado";"02:35:00";"SP";116;418;"JUQUIA";"Trafegar com motocicleta (ou similar) entre as faixas";"Capotamento";"Com Vítimas Feridas";"Plena Noite";"Crescente";"Céu Claro";"Dupla";"Reta";"Não";5;0;3;0;2;0;3;1;-24,353607;-47,659347;"SPRF-SP";"DEL05-SP";"UOP01-DEL05-SP"
580155;2024-02-10;"sábado";"02:45:00";"SP";153;64;"SAO JOSE DO RIO PRETO";"Ingestão de álcool pelo condutor";"Colisão com objeto";"Com Vítimas Feridas";"Plena Noite";"Crescente";"Céu Claro";"Dupla";"Reta";"Sim";1;0;1;0;0;0;1;1;-20,82919401;-49,36046325;"SPRF-SP";"DEL09-SP";"UOP01-DEL09-SP"
580156;2024-02-10;"sábado";"01:40:00";"PR";277;721,8;"FOZ DO IGUACU";"Ingestão de álcool pelo condutor";"Colisão traseira";"Com Vítimas Feridas";"Plena Noite";"Crescente";"Céu Claro";"Dupla";"Reta";"Sim";3;0;1;0;2;0;1;2;-25,4911505;-54,51185421;"SPRF-PR";"DEL05-PR";"UOP03-DEL05-PR"
580157;2024-02-10;"sábado";"02:30:00";"SP";153;281,8;"OCAUCU";"Ausência de reação do condutor";"Saída de leito carroçável";"Sem Vítimas";"Plena Noite";"Decrescente";"Nublado";"Simples";"Reta";"Não";1;0;0;0;1;0;0;1;-22,42209985;-49,86000837;"SPRF-SP";"DEL07-SP";"UOP02-DEL07-SP"
580160;2024-02-10;"sábado";"03:00:00";"PR";277;7,5;"PARANAGUA";"Mal súbito do condutor";"Saída de leito carroçável";"Com Vítimas Feridas";"Plena Noite";"Decrescente";"Nublado";"Dupla";"Reta";"Não";1;0;1;0;0;0;1;1;-25,562173;-48,587989;"SPRF-PR";"DEL01-PR";"UOP05-DEL01-PR"
580161;2024-02-10;"sábado";"03:15:00";"RJ";116;84;"TERESOPOLIS";"Reação tardia ou ineficiente do condutor";"Colisão lateral mesmo sentido";"Com Vítimas Feridas";"Amanhecer";"Crescente";"Nublado";"Simples";"Reta";"Sim";3;0;1;0;1;1;1;2;-22,4226117;-42,95115115;"SPRF-RJ";"DEL04-RJ";"UOP01-DEL04-RJ"
580163;2024-02-10;"sábado";"03:50:00";"RS";290;721;"URUGUAIANA";"Ausência de reação do condutor";"Saída de leito carroçável";"Com Vítimas Fatais";"Plena Noite";"Crescente";"Céu Claro";"Dupla";"Rotatória;Curva               ";"Não";1;1;0;0;0;0;0;1;-29,758587;-57,060295;"SPRF-RS";"DEL13-RS";"UOP01-DEL13-RS"
580164;2024-02-10;"sábado";"03:53:00";"PE";232;247;"ARCOVERDE";"Animais na Pista";"Atropelamento de Animal";"Sem Vítimas";"Plena Noite";"Crescente";"Céu Claro";"Simples";"Aclive;Reta                   ";"Não";1;0;0;0;1;0;0;1;-8,42267285;-37,02554205;"SPRF-PE";"DEL04-PE";"UOP02-DEL04-PE"
580165;2024-02-10;"sábado";"04:00:00";"MG";364;10,6;"FRUTAL";"Transitar na contramão";"Colisão frontal";"Com Vítimas Feridas";"Plena Noite";"Decrescente";"Céu Claro";"Simples";"Reta";"Não";2;0;0;1;0;1;1;2;-20,025185;-48,94096;"SPRF-MG";"DEL13-MG";"UOP02-DEL13-MG"
580168;2024-02-10;"sábado";"04:10:00";"MA";135;8;"SAO LUIS";"Ingestão de álcool pelo condutor";"Colisão traseira";"Sem Vítimas";"Plena Noite";"Crescente";"Chuva";"Dupla";"Reta";"Sim";2;0;0;0;2;0;0;2;-2,64342093;-44,27374175;"SPRF-MA";"DEL01-MA";"UOP01-DEL01-MA"