"id";"data_inversa";"dia_semana";"horario";"uf";"br";"km";"municipio";"causa_acidente";"tipo_acidente";"classificacao_acidente";"fase_dia";"sentido_via";"condicao_metereologica";"tipo_pista";"tracado_via";"uso_solo";"pessoas";"mortos";"feridos_leves";"feridos_graves";"ilesos";"ignorados";"feridos";"veiculos";"latitude";"longitude";"regional";"delegacia";"uop"
581107;2024-02-14;"quarta-feira";"12:25:00";"PR";116;33;"CAMPINA GRANDE DO SUL";"Chuva";"Saída de leito carroçável";"Sem Vítimas";"Pleno dia";"Decrescente";"Chuva";"Dupla";"Curva;Declive                 ";"Não";2;0;0;0;2;0;0;1;-25,11427389;-48,84687781;"SPRF-PR";"DEL01-PR";"UOP02-DEL01-PR"
581108;2024-02-14;"quarta-feira";"11:15:00";"RJ";40;110;"DUQUE DE CAXIAS";"Manobra de mudança de faixa";"Colisão lateral mesmo sentido";"Com Vítimas Feridas";"Pleno dia";"Crescente";"Céu Claro";"Dupla";"Reta";"Sim";3;0;1;0;2;0;1;2;-22,68289906;-43,28549346;"SPRF-RJ";"DEL01-RJ";"UOP02-DEL01-RJ"
581109;2024-02-14;"quarta-feira";"12:50:00";"PR";116;39;"CAMPINA GRANDE DO SUL";"Avarias e/ou desgaste excessivo no pneu";"Saída de leito carroçável";"Com Vítimas Feridas";"Pleno dia";"Crescente";"Chuva";"Dupla";"Curva";"Não";5;0;1;2;2;0;3;3;-25,156168;-48,8613401;"SPRF-PR";"DEL01-PR";"UOP02-DEL01-PR"
581110;2024-02-14;"quarta-feira";"12:15:00";"SC";282;216;"LAGES";"Mal súbito do condutor";"Colisão com objeto";"Sem Vítimas";"Pleno dia";"Decrescente";"Chuva";"Simples";"Reta;Aclive;Viaduto           ";"Sim";1;0;0;0;1;0;0;1;-27,797529;-50,291862;"SPRF-SC";"DEL05-SC";"UOP01-DEL05-SC"
581111;2024-02-14;"quarta-feira";"09:30:00";"MG";262;426,3;"SAO GONCALO DO PARA";"Ausência de reação do condutor";"Saída de leito carroçável";"Com Vítimas Feridas";"Pleno dia";"Crescente";"Sol";"Dupla";"Reta";"Não";2;0;1;1;0;0;2;1;-19,89155348;-44,83588855;"SPRF-MG";"DEL08-MG";"UOP03-DEL08-MG"
581112;2024-02-14;"quarta-feira";"11:30:00";"RJ";101;422;"MANGARATIBA";"Acessar a via sem observar a presença dos outros veículos";"Colisão transversal";"Com Vítimas Feridas";"Pleno dia";"Crescente";"Céu Claro";"Simples";"Reta";"Não";3;0;2;0;1;0;2;2;-22,91608393;-43,94022903;"SPRF-RJ";"DEL03-RJ";"UOP02-DEL03-RJ"
581113;2024-02-14;"quarta-feira";"13:05:00";"SC";101;213,8;"PALHOCA";"Manobra de mudança de faixa";"Colisão traseira";"Com Vítimas Feridas";"Pleno dia";"Crescente";"Chuva";"Múltipla";"Reta";"Não";3;0;1;0;2;0;1;3;-27,63697369;-48,66514142;"SPRF-SC";"DEL01-SC";"UOP02-DEL01-SC"
581115;2024-02-14;"quarta-feira";"11:30:00";"SC";101;32,4;"JOINVILLE";"Condutor deixou de manter distância do veículo da frente";"Colisão traseira";"Com Vítimas Feridas";"Pleno dia";"Crescente";"Chuva";"Dupla";"Reta";"Não";3;0;1;0;2;0;1;3;-26,226987;-48,91657;"SPRF-SC";"DEL03-SC";"UOP01-DEL03-SC"
581117;2024-02-14;"quarta-feira";"13:30:00";"SC";101;198,5;"SAO JOSE";"Trafegar com motocicleta (ou similar) entre as faixas";"Colisão lateral mesmo sentido";"Com Vítimas Feridas";"Pleno dia";"Crescente";"Chuva";"Múltipla";"Reta";"Sim";2;0;1;0;1;0;1;2;-27,52658712;-48,63506019;"SPRF-SC";"DEL01-SC";"UOP01-DEL01-SC"
581118;2024-02-14;"quarta-feira";"12:00:00";"AL";101;41;"FLEXEIRAS";"Acumulo de água sobre o pavimento";"Capotamento";"Com Vítimas Feridas";"Pleno dia";"Decrescente";"Chuva";"Dupla";"Curva;Declive                 ";"Não";2;0;1;0;1;0;1;1;-9,17104293;-35,77460326;"SPRF-AL";"DEL01-AL";"UOP02-DEL01-AL"
581119;2024-02-14;"quarta-feira";"08:30:00";"PR";376;440;"TIBAGI";"Velocidade Incompatível";"Colisão com objeto";"Sem Vítimas";"Pleno dia";"Decrescente";"Chuva";"Dupla";"Curva";"Não";1;0;0;0;1;0;0;1;-24,85877828;-50,45246312;"SPRF-PR";"DEL03-PR";"UOP02-DEL03-PR"
581120;2024-02-14;"quarta-feira";"12:00:00";"MA";135;47;"BACABEIRA";"Reação tardia ou ineficiente do condutor";"Colisão traseira";"Com Vítimas Feridas";"Pleno dia";"Decrescente";"Céu Claro";"Dupla";"Reta";"Não";3;0;1;0;2;0;1;2;-2,93871687;-44,33065366;"SPRF-MA";"DEL01-MA";"UOP01-DEL01-MA"
581121;2024-02-14;"quarta-feira";"13:45:00";"PE";428;184;"PETROLINA";"Acessar a via sem observar a presença dos outros veículos";"Colisão transversal";"Com Vítimas Feridas";"Pleno dia";"Decrescente";"Céu Claro";"Dupla";"Retorno Regulamentado;Reta    ";"Sim";2;0;1;0;1;0;1;2;-9,34807826;-40,47441248;"SPRF-PE";"DEL06-PE";"UOP01-DEL06-PE"
581123;2024-02-14;"quarta-feira";"11:50:00";"SC";470;181;"POUSO REDONDO";"Desrespeitar a preferência no cruzamento";"Colisão transversal";"Com Vítimas Feridas";"Pleno dia";"Decrescente";"Chuva";"Simples";"Reta";"Não";5;0;5;0;0;0;5;2;-27,251818;-49,996815;"SPRF-SC";"DEL04-SC";"UOP02-DEL04-SC"
581124;2024-02-14;"quarta-feira";"14:30:00";"SP";116;504;"CAJATI";"Velocidade Incompatível";"Saída de leito carroçável";"Com Vítimas Feridas";"Pleno dia";"Crescente";"Chuva";"Simples";"Aclive;Curva                  ";"Não";1;0;1;0;0;0;1;1;-24,78266496;-48,20865858;"SPRF-SP";"DEL05-SP";"UOP02-DEL05-SP"
581126;2024-02-14;"quarta-feira";"13:00:00";"PR";277;136,2;"BALSA NOVA";"Reação tardia ou ineficiente do condutor";"Capotamento";"Sem Vítimas";"Pleno dia";"Crescente";"Chuva";"Dupla";"Reta;Aclive                   ";"Não";1;0;0;0;1;0;0;1;-25,4716979;-49,69549097;"SPRF-PR";"DEL03-PR";"UOP03-DEL03-PR"
581129;2024-02-14;"quarta-feira";"14:11:00";"PE";104;76;"CARUARU";"Condutor deixou de manter distância do veículo da frente";"Colisão traseira";"Com Vítimas Feridas";"Pleno dia";"Decrescente";"Céu Claro";"Simples";"Aclive;Reta                   ";"Não";3;0;2;0;1;0;2;2;-8,367286;-35,985153;"SPRF-PE";"DEL02-PE";"UOP01-DEL02-PE"
581131;2024-02-14;"quarta-feira";"15:00:00";"SP";116;340;"MIRACATU";"Reação tardia ou ineficiente do condutor";"Capotamento";"Com Vítimas Feridas";"Pleno dia";"Decrescente";"Chuva";"Dupla";"Curva;Aclive                  ";"Sim";1;0;1;0;0;0;1;1;-24,00328505;-47,15633198;"SPRF-SP";"DEL04-SP";"UOP03-DEL04-SP"
581132;2024-02-14;"quarta-feira";"14:40:00";"MG";381;478;"CONTAGEM";"Manobra de mudança de faixa";"Colisão lateral mesmo sentido";"Com Vítimas Feridas";"Pleno dia";"Crescente";"Nublado";"Múltipla";"Aclive;Reta                   ";"Sim";2;0;1;0;1;0;1;2;-19,95826094;-44,05921101;"SPRF-MG";"DEL01-MG";"UOP03-DEL01-MG"
581133;2024-02-14;"quarta-feira";"15:05:00";"RJ";493;86;"JAPERI";"Ausência de reação do condutor";"Colisão traseira";"Com Vítimas Feridas";"Pleno dia";"Decrescente";"Céu Claro";"Simples";"Reta";"Não";6;0;1;0;5;0;1;2;-22,66249212;-43,62361908;"SPRF-RJ";"DEL01-RJ";"UOP03-DEL01-RJ"
581137;2024-02-03;"sábado";"18:55:00";"SC";101;295,5;"IMBITUBA";"Reação tardia ou ineficiente do condutor";"Colisão com objeto";"Com Vítimas Fatais";"Plena Noite";"Decrescente";"Céu Claro";"Múltipla";"Reta";"Sim";1;1;0;0;0;0;0;1;-28,324153;-48,72976;"SPRF-SC";"DEL02-SC";"UOP03-DEL02-SC"
581138;2024-02-14;"quarta-feira";"13:25:00";"SC";163;107,1;"GUARUJA DO SUL";"Ausência de reação do condutor";"Saída de leito carroçável";"Com Vítimas Feridas";"Pleno dia";"Decrescente";"Chuva";"Simples";"Declive;Reta                  ";"Não";1;0;0;1;0;0;1;1;-26,42911689;-53,52001976;"SPRF-SC";"DEL07-SC";"UOP03-DEL07-SC"
581139;2024-02-14;"quarta-feira";"12:45:00";"PR";277;33,1;"MORRETES";"Pista Escorregadia";"Tombamento";"Com Vítimas Feridas";"Pleno dia";"Crescente";"Chuva";"Múltipla";"Aclive;Curva                  ";"Não";1;0;1;0;0;0;1;1;-25,5660977;-48,8111186;"SPRF-PR";"DEL01-PR";"UOP05-DEL01-PR"
581140;2024-02-14;"quarta-feira";"15:30:00";"SC";101;211,5;"PALHOCA";"Condutor deixou de manter distância do veículo da frente";"Colisão traseira";"Com Vítimas Feridas";"Pleno dia";"Decrescente";"Garoa/Chuvisco";"Dupla";"Aclive";"Não";2;0;1;0;1;0;1;2;-27,62329313;-48,65245588;"SPRF-SC";"DEL01-SC";"UOP02-DEL01-SC"
581144;2024-02-14;"quarta-feira";"09:30:00";"PR";116;23;"ANTONINA";"Chuva";"Saída de leito carroçável";"Com Vítimas Feridas";"Pleno dia";"Crescente";"Chuva";"Dupla";"Curva;Declive                 ";"Não";1;0;1;0;0;0;1;1;-25,11109;-48,75116;"SPRF-PR";"DEL01-PR";"UOP02-DEL01-PR"
581145;2024-02-14;"quarta-feira";"15:50:00";"PR";116;165;"QUITANDINHA";"Chuva";"Saída de leito carroçável";"Com Vítimas Feridas";"Pleno dia";"Crescente";"Chuva";"Simples";"Curva";"Sim";1;0;0;1;0;0;1;1;-25,87408699;-49,47888136;"SPRF-PR";"DEL01-PR";"UOP03-DEL01-PR"
581146;2024-02-14;"quarta-feira";"16:20:00";"SC";470;243;"CURITIBANOS";"Reação tardia ou ineficiente do condutor";"Saída de leito carroçável";"Com Vítimas Feridas";"Pleno dia";"Decrescente";"Chuva";"Simples";"Rotatória;Curva;Declive;Retorn";"Não";2;0;2;0;0;0;2;1;-27,315144;-50,506874;"SPRF-SC";"DEL05-SC";"UOP03-DEL05-SC"
581147;2024-02-14;"quarta-feira";"10:10:00";"PR";277;321;"GUARAPUAVA";"Reação tardia ou ineficiente do condutor";"Engavetamento";"Sem Vítimas";"Pleno dia";"Crescente";"Nublado";"Simples";"Reta";"Sim";6;0;0;0;6;0;0;3;-25,374295;-51,284036;"SPRF-PR";"DEL08-PR";"UOP01-DEL08-PR"
581148;2024-02-14;"quarta-feira";"16:30:00";"MG";40;824,9;"SIMAO PEREIRA";"Velocidade Incompatível";"Colisão com objeto";"Com Vítimas Feridas";"Pleno dia";"Crescente";"Nublado";"Dupla";"Curva";"Não";3;0;1;0;2;0;1;1;-21,96689732;-43,29126511;"SPRF-MG";"DEL05-MG";"UOP01-DEL05-MG"
581149;2024-02-14;"quarta-feira";"15:54:00";"PR";163;173;"LINDOESTE";"Acumulo de água sobre o pavimento";"Colisão com objeto";"Com Vítimas Feridas";"Pleno dia";"Decrescente";"Chuva";"Dupla";"Reta";"Não";1;0;1;0;0;0;1;1;-25,23379293;-53,58962939;"SPRF-PR";"DEL05-PR";"UOP05-DEL05-PR"
581150;2024-02-14;"quarta-feira";"16:32:00";"MG";40;783,4;"JUIZ DE FORA";"Velocidade Incompatível";"Saída de leito carroçável";"Com Vítimas Feridas";"Pleno dia";"Decrescente";"Chuva";"Dupla";"Curva;Declive                 ";"Não";1;0;1;0;0;0;1;1;-21,72314505;-43,44135761;"SPRF-MG";"DEL05-MG";"UOP01-DEL05-MG"
581151;2024-02-14;"quarta-feira";"16:20:00";"GO";153;509,1;"APARECIDA DE GOIANIA";"Reação tardia ou ineficiente do condutor";"Queda de ocupante de veículo";"Com Vítimas Feridas";"Pleno dia";"Decrescente";"Sol";"Simples";"Reta";"Sim";1;0;1;0;0;0;1;1;-16,7888;-49,2379;"SPRF-GO";"DEL01-GO";"UOP03-DEL01-GO"
581152;2024-02-14;"quarta-feira";"17:30:00";"BA";116;413,5;"FEIRA DE SANTANA";"Acesso irregular";"Colisão transversal";"Com Vítimas Feridas";"Pleno dia";"Decrescente";"Céu Claro";"Dupla";"Declive;Curva                 ";"Sim";2;0;0;1;1;0;1;2;-12,15091699;-38,96471948;"SPRF-BA";"DEL02-BA";"UOP01-DEL02-BA"
581153;2024-02-14;"quarta-feira";"16:20:00";"RS";386;365,9;"FAZENDA VILANOVA";"Afundamento ou ondulação no pavimento";"Tombamento";"Com Vítimas Feridas";"Pleno dia";"Crescente";"Céu Claro";"Dupla";"Curva";"Não";1;0;1;0;0;0;1;1;-29,570097;-51,865437;"SPRF-RS";"DEL04-RS";"UOP01-DEL04-RS"
581155;2024-02-14;"quarta-feira";"17:27:00";"PB";230;15,1;"JOAO PESSOA";"Ausência de reação do condutor";"Tombamento";"Com Vítimas Feridas";"Anoitecer";"Crescente";"Céu Claro";"Dupla";"Reta";"Sim";3;0;2;1;0;0;3;2;-7,098476;-34,847892;"SPRF-PB";"DEL01-PB";"UOP01-DEL01-PB"
581156;2024-02-14;"quarta-feira";"16:20:00";"MG";381;589,7;"CARMOPOLIS DE MINAS";"Velocidade Incompatível";"Saída de leito carroçável";"Com Vítimas Feridas";"Pleno dia";"Decrescente";"Nublado";"Dupla";"Curva";"Sim";3;0;3;0;0;0;3;1;-20,56175976;-44,66523212;"SPRF-MG";"DEL04-MG";"UOP01-DEL04-MG"
581158;2024-02-14;"quarta-feira";"14:45:00";"PR";376;407;"TIBAGI";"Velocidade Incompatível";"Capotamento";"Com Vítimas Feridas";"Pleno dia";"Decrescente";"Ignorado";"Dupla";"Curva";"Não";2;0;0;1;1;0;1;1;-24,64521802;-50,62349002;"SPRF-PR";"DEL03-PR";"UOP02-DEL03-PR"
581159;2024-02-14;"quarta-feira";"17:50:00";"SP";116;159;"SAO JOSE DOS CAMPOS";"Reação tardia ou ineficiente do condutor";"Engavetamento";"Sem Vítimas";"Pleno dia";"Decrescente";"Nublado";"Dupla";"Reta";"Sim";2;0;0;0;2;0;0;2;-23,26585409;-45,95983994;"SPRF-SP";"DEL02-SP";"UOP01-DEL02-SP"
581160;2024-02-14;"quarta-feira";"18:00:00";"RN";101;109;"PARNAMIRIM";"Acumulo de areia ou detritos sobre o pavimento";"Queda de ocupante de veículo";"Com Vítimas Feridas";"Plena Noite";"Decrescente";"Céu Claro";"Dupla";"Reta";"Sim";1;0;0;1;0;0;1;1;-5,92825102;-35,26465683;"SPRF-RN";"DEL01-RN";"UOP01-DEL01-RN"
581161;2024-02-14;"quarta-feira";"18:00:00";"SC";116;9;"MAFRA";"Reação tardia ou ineficiente do condutor";"Colisão traseira";"Com Vítimas Feridas";"Pleno dia";"Decrescente";"Garoa/Chuvisco";"Simples";"Reta";"Sim";5;0;2;0;3;0;2;2;-26,16297778;-49,84696715;"SPRF-SC";"DEL06-SC";"UOP01-DEL06-SC"
581162;2024-02-14;"quarta-feira";"16:10:00";"PR";376;620;"SAO JOSE DOS PINHAIS";"Reação tardia ou ineficiente do condutor";"Engavetamento";"Com Vítimas Feridas";"Pleno dia";"Decrescente";"Chuva";"Dupla";"Reta";"Não";6;0;1;0;5;0;1;3;-25,60925907;-49,17205834;"SPRF-PR";"DEL01-PR";"UOP04-DEL01-PR"
581163;2024-02-14;"quarta-feira";"17:30:00";"MG";365;657,3;"MONTE ALEGRE DE MINAS";"Velocidade Incompatível";"Saída de leito carroçável";"Com Vítimas Fatais";"Anoitecer";"Crescente";"Chuva";"Dupla";"Curva;Declive                 ";"Não";3;1;2;0;0;0;2;1;-18,886467;-48,614495;"SPRF-MG";"DEL15-MG";"UOP01-DEL15-MG"
581164;2024-02-14;"quarta-feira";"15:29:00";"MG";381;568,5;"ITAGUARA";"Velocidade Incompatível";"Saída de leito carroçável";"Com Vítimas Feridas";"Pleno dia";"Crescente";"Nublado";"Dupla";"Curva";"Não";1;0;1;0;0;0;1;1;-20,42649228;-44,54458383;"SPRF-MG";"DEL04-MG";"UOP03-DEL04-MG"
581165;2024-02-14;"quarta-feira";"18:20:00";"PR";369;101,9;"URAI";"Reação tardia ou ineficiente do condutor";"Saída de leito carroçável";"Sem Vítimas";"Anoitecer";"Crescente";"Garoa/Chuvisco";"Dupla";"Reta";"Não";1;0;0;0;1;0;0;1;-23,2477066;-50,7326833;"SPRF-PR";"DEL07-PR";"UOP05-DEL07-PR"
581166;2024-02-14;"quarta-feira";"17:20:00";"GO";60;38;"GOIANIA";"Ausência de reação do condutor";"Colisão traseira";"Com Vítimas Feridas";"Pleno dia";"Crescente";"Céu Claro";"Dupla";"Reta";"Sim";2;0;0;1;1;0;1;2;-16,6777;-49,2676;"SPRF-GO";"DEL01-GO";"UOP02-DEL01-GO"
581167;2024-02-14;"quarta-feira";"18:10:00";"SC";101;216,5;"PALHOCA";"Acessar a via sem observar a presença dos outros veículos";"Colisão transversal";"Com Vítimas Feridas";"Anoitecer";"Crescente";"Nublado";"Múltipla";"Interseção de Vias;Reta       ";"Sim";2;0;1;0;1;0;1;2;-27,65981409;-48,67747798;"SPRF-SC";"DEL01-SC";"UOP02-DEL01-SC"
581168;2024-02-14;"quarta-feira";"17:45:00";"MA";316;551,9;"CAXIAS";"Reação tardia ou ineficiente do condutor";"Colisão transversal";"Com Vítimas Feridas";"Anoitecer";"Crescente";"Céu Claro";"Simples";"Rotatória;Interseção de Vias  ";"Sim";3;0;1;0;2;0;1;2;-4,886332;-43,353386;"SPRF-MA";"DEL03-MA";"UOP02-DEL03-MA"
581169;2024-02-14;"quarta-feira";"15:20:00";"RJ";101;503;"ANGRA DOS REIS";"Acessar a via sem observar a presença dos outros veículos";"Colisão transversal";"Com Vítimas Feridas";"Pleno dia";"Crescente";"Sol";"Simples";"Reta";"Sim";2;0;1;0;1;0;1;2;-22,92894705;-44,37879998;"SPRF-RJ";"DEL03-RJ";"UOP03-DEL03-RJ"
581172;2024-02-14;"quarta-feira";"15:00:00";"PR";163;230;"CASCAVEL";"Velocidade Incompatível";"Saída de leito carroçável";"Com Vítimas Feridas";"Pleno dia";"Crescente";"Nublado";"Dupla";"Curva;Declive                 ";"Não";3;0;2;0;1;0;2;1;-24,897235;-53,533793;"SPRF-PR";"DEL04-PR";"UOP01-DEL04-PR"
581173;2024-02-14;"quarta-feira";"18:20:00";"SP";116;389;"MIRACATU";"Velocidade Incompatível";"Saída de leito carroçável";"Com Vítimas Feridas";"Anoitecer";"Crescente";"Chuva";"Dupla";"Reta";"Sim";1;0;1;0;0;0;1;1;-24,27280624;-47,4062269;"SPRF-SP";"DEL04-SP";"UOP02-DEL04-SP"
581174;2024-02-14;"quarta-feira";"15:10:00";"RS";101;16,4;"DOM PEDRO DE ALCANTARA";"Ausência de reação do condutor";"Colisão com objeto";"Com Vítimas Feridas";"Pleno dia";"Decrescente";"Céu Claro";"Dupla";"Curva";"Não";1;0;1;0;0;0;1;1;-29,40963;-49,857376;"SPRF-RS";"DEL03-RS";"UOP02-DEL03-RS"
581175;2024-02-14;"quarta-feira";"17:30:00";"SP";116;58;"GUARATINGUETA";"Ausência de reação do condutor";"Tombamento";"Com Vítimas Feridas";"Anoitecer";"Decrescente";"Garoa/Chuvisco";"Simples";"Reta";"Sim";1;0;0;1;0;0;1;1;-22,78005511;-45,14572791;"SPRF-SP";"DEL08-SP";"UOP01-DEL08-SP"
581176;2024-02-14;"quarta-feira";"18:45:00";"RS";116;267;"CANOAS";"Manobra de mudança de faixa";"Colisão lateral mesmo sentido";"Com Vítimas Feridas";"Pleno dia";"Crescente";"Céu Claro";"Dupla";"Reta";"Sim";3;0;1;0;2;0;1;2;-29,94142398;-51,17697062;"SPRF-RS";"DEL01-RS";"UOP01-DEL01-RS"
581177;2024-02-14;"quarta-feira";"18:15:00";"PE";232;406,2;"SERRA TALHADA";"Reação tardia ou ineficiente do condutor";"Tombamento";"Com Vítimas Feridas";"Plena Noite";"Decrescente";"Nublado";"Simples";"Declive;Reta                  ";"Não";1;0;1;0;0;0;1;1;-7,98720861;-38,26249294;"SPRF-PE";"DEL04-PE";"UOP01-DEL04-PE"
581179;2024-02-14;"quarta-feira";"17:50:00";"SC";470;52,3;"BLUMENAU";"Reação tardia ou ineficiente do condutor";"Colisão traseira";"Sem Vítimas";"Pleno dia";"Decrescente";"Nublado";"Simples";"Em Obras;Retorno Regulamentado";"Sim";2;0;0;0;2;0;0;2;-26,86596255;-49,10006564;"SPRF-SC";"DEL04-SC";"UOP01-DEL04-SC"
581180;2024-02-14;"quarta-feira";"19:00:00";"GO";40;10;"LUZIANIA";"Ingestão de álcool pelo condutor";"Colisão transversal";"Com Vítimas Feridas";"Plena Noite";"Crescente";"Céu Claro";"Dupla";"Reta";"Sim";3;0;1;0;2;0;1;2;-16,131285;-47,957923;"SPRF-DF";"DEL01-DF";"UOP01-DEL01-DF"
581183;2024-02-14;"quarta-feira";"17:59:00";"RO";319;60;"PORTO VELHO";"Ausência de reação do condutor";"Colisão lateral mesmo sentido";"Com Vítimas Feridas";"Pleno dia";"Crescente";"Nublado";"Dupla";"Reta";"Sim";4;0;2;0;2;0;2;2;-8,7426;-63,9036;"SPRF-RO";"DEL01-RO";"UOP01-DEL01-RO"
581184;2024-02-14;"quarta-feira";"18:20:00";"RO";319;60;"PORTO VELHO";"Reação tardia ou ineficiente do condutor";"Colisão traseira";"Com Vítimas Feridas";"Pleno dia";"Crescente";"Céu Claro";"Dupla";"Reta";"Sim";2;0;1;0;1;0;1;2;-8,74032395;-63,89166355;"SPRF-RO";"DEL01-RO";"UOP01-DEL01-RO"
581185;2024-02-14;"quarta-feira";"09:50:00";"SC";101;136;"BALNEARIO CAMBORIU";"Trafegar com motocicleta (ou similar) entre as faixas";"Queda de ocupante de veículo";"Com Vítimas Feridas";"Pleno dia";"Decrescente";"Céu Claro";"Dupla";"Reta";"Sim";1;0;1;0;0;0;1;1;-27,008113;-48,617245;"SPRF-SC";"DEL04-SC";"UOP03-DEL04-SC"
581187;2024-02-14;"quarta-feira";"13:00:00";"PR";116;47;"CAMPINA GRANDE DO SUL";"Acumulo de água sobre o pavimento";"Colisão com objeto";"Com Vítimas Feridas";"Pleno dia";"Decrescente";"Chuva";"Dupla";"Curva;Aclive                  ";"Não";4;0;2;0;2;0;2;2;-25,21058799;-48,89720903;"SPRF-PR";"DEL01-PR";"UOP02-DEL01-PR"
581188;2024-02-14;"quarta-feira";"19:50:00";"MG";116;529,9;"CARATINGA";"Ultrapassagem Indevida";"Colisão frontal";"Com Vítimas Feridas";"Plena Noite";"Crescente";"Céu Claro";"Simples";"Reta";"Não";2;0;0;1;1;0;1;2;-19,81067298;-42,13539446;"SPRF-MG";"DEL06-MG";"UOP02-DEL06-MG"
581189;2024-02-14;"quarta-feira";"19:15:00";"PE";428;189;"PETROLINA";"Ausência de reação do condutor";"Colisão lateral mesmo sentido";"Com Vítimas Feridas";"Plena Noite";"Decrescente";"Céu Claro";"Dupla";"Interseção de Vias";"Sim";2;0;1;0;1;0;1;2;-9,37197508;-40,48679585;"SPRF-PE";"DEL06-PE";"UOP01-DEL06-PE"
581192;2024-02-14;"quarta-feira";"18:10:00";"PB";230;213,4;"SOLEDADE";"Pedestre andava na pista";"Tombamento";"Com Vítimas Feridas";"Plena Noite";"Decrescente";"Céu Claro";"Simples";"Reta";"Não";2;0;2;0;0;0;2;1;-7,0705;-36,348;"SPRF-PB";"DEL02-PB";"UOP02-DEL02-PB"
581193;2024-02-14;"quarta-feira";"19:20:00";"SP";101;42;"UBATUBA";"Pista esburacada";"Colisão traseira";"Com Vítimas Feridas";"Plena Noite";"Crescente";"Chuva";"Simples";"Curva";"Não";2;0;0;2;0;0;2;2;-23,41271925;-45,04909808;"SPRF-SP";"DEL06-SP";"UOP01-DEL06-SP"
581194;2024-02-14;"quarta-feira";"16:50:00";"PB";230;122,2;"RIACHAO DO BACAMARTE";"Chuva";"Saída de leito carroçável";"Com Vítimas Feridas";"Pleno dia";"Crescente";"Chuva";"Simples";"Reta";"Não";4;0;4;0;0;0;4;1;-7,2466;-35,6577;"SPRF-PB";"DEL02-PB";"UOP01-DEL02-PB"
581195;2024-02-14;"quarta-feira";"18:40:00";"RJ";493;1;"ITABORAI";"Acesso irregular";"Colisão lateral sentido oposto";"Com Vítimas Feridas";"Plena Noite";"Crescente";"Ignorado";"Dupla";"Reta";"Sim";2;0;1;0;1;0;1;2;-22,76398788;-42,92731895;"SPRF-RJ";"DEL02-RJ";"UOP02-DEL02-RJ"
581196;2024-02-14;"quarta-feira";"18:33:00";"MG";381;568,6;"ITAGUARA";"Velocidade Incompatível";"Saída de leito carroçável";"Com Vítimas Feridas";"Anoitecer";"Decrescente";"Chuva";"Dupla";"Reta";"Não";2;0;1;0;1;0;1;1;-20,42649228;-44,54458383;"SPRF-MG";"DEL04-MG";"UOP03-DEL04-MG"
581197;2024-02-14;"quarta-feira";"19:45:00";"PE";232;7;"RECIFE";"Demais falhas na via";"Queda de ocupante de veículo";"Com Vítimas Feridas";"Plena Noite";"Decrescente";"Céu Claro";"Múltipla";"Interseção de Vias";"Sim";2;0;0;1;1;0;1;1;-8,07333497;-34,96184301;"SPRF-PE";"DEL01-PE";"UOP01-DEL01-PE"
581198;2024-02-14;"quarta-feira";"18:50:00";"PR";116;38;"CAMPINA GRANDE DO SUL";"Chuva";"Saída de leito carroçável";"Com Vítimas Feridas";"Plena Noite";"Crescente";"Chuva";"Dupla";"Curva";"Não";4;0;1;2;1;0;3;1;-25,151731;-48,859616;"SPRF-PR";"DEL01-PR";"UOP02-DEL01-PR"
581200;2024-02-14;"quarta-feira";"20:00:00";"TO";153;400;"MIRANORTE";"Entrada inopinada do pedestre";"Atropelamento de Pedestre";"Com Vítimas Fatais";"Plena Noite";"Crescente";"Céu Claro";"Simples";"Declive";"Não";2;1;0;0;0;1;0;2;-9,40984797;-48,56985016;"SPRF-TO";"DEL02-TO";"UOP02-DEL02-TO"
581201;2024-02-14;"quarta-feira";"19:30:00";"ES";101;209;"IBIRACU";"Ultrapassagem Indevida";"Colisão frontal";"Com Vítimas Feridas";"Plena Noite";"Crescente";"Céu Claro";"Simples";"Reta";"Sim";2;0;1;0;0;1;1;2;-19,789689;-40,37132;"SPRF-ES";"DEL02-ES";"UOP01-DEL02-ES"
581202;2024-02-14;"quarta-feira";"20:15:00";"PB";230;157;"CAMPINA GRANDE";"Pista Escorregadia";"Tombamento";"Com Vítimas Feridas";"Plena Noite";"Crescente";"Nublado";"Simples";"Desvio Temporário;Declive;Em O";"Sim";1;0;1;0;0;0;1;1;-7,264;-35,9199;"SPRF-PB";"DEL02-PB";"UOP01-DEL02-PB"
581204;2024-02-14;"quarta-feira";"18:00:00";"PR";116;3;"CAMPINA GRANDE DO SUL";"Chuva";"Saída de leito carroçável";"Com Vítimas Feridas";"Anoitecer";"Crescente";"Chuva";"Dupla";"Curva";"Não";3;0;3;0;0;0;3;1;-25,08775025;-48,60496402;"SPRF-PR";"DEL01-PR";"UOP02-DEL01-PR"
581205;2024-02-14;"quarta-feira";"20:40:00";"RJ";101;486;"ANGRA DOS REIS";"Conversão proibida";"Colisão frontal";"Com Vítimas Feridas";"Plena Noite";"Crescente";"Céu Claro";"Simples";"Reta";"Sim";2;0;0;2;0;0;2;2;-22,97708786;-44,29634653;"SPRF-RJ";"DEL03-RJ";"UOP03-DEL03-RJ"
581207;2024-02-14;"quarta-feira";"21:40:00";"RJ";40;114;"DUQUE DE CAXIAS";"Demais falhas mecânicas ou elétricas";"Queda de ocupante de veículo";"Com Vítimas Feridas";"Plena Noite";"Crescente";"Garoa/Chuvisco";"Dupla";"Reta";"Não";2;0;2;0;0;0;2;1;-22,71853604;-43,28993324;"SPRF-RJ";"DEL01-RJ";"UOP02-DEL01-RJ"