"id";"data_inversa";"dia_semana";"horario";"uf";"br";"km";"municipio";"causa_acidente";"tipo_acidente";"classificacao_acidente";"fase_dia";"sentido_via";"condicao_metereologica";"tipo_pista";"tracado_via";"uso_solo";"pessoas";"mortos";"feridos_leves";"feridos_graves";"ilesos";"ignorados";"feridos";"veiculos";"latitude";"longitude";"regional";"delegacia";"uop"
581439;2024-02-16;"sexta-feira";"07:10:00";"MG";262;35,5;"MANHUACU";"Pedestre cruzava a pista fora da faixa";"Atropelamento de Pedestre";"Com Vítimas Feridas";"Pleno dia";"Crescente";"Chuva";"Simples";"Curva";"Sim";2;0;1;0;1;0;1;2;-20,2592562;-42,01698194;"SPRF-MG";"DEL06-MG";"UOP03-DEL06-MG"
581441;2024-02-16;"sexta-feira";"05:30:00";"BA";101;126;"TEODORO SAMPAIO";"Acessar a via sem observar a presença dos outros veículos";"Atropelamento de Pedestre";"Com Vítimas Fatais";"Amanhecer";"Decrescente";"Céu Claro";"Simples";"Aclive";"Não";2;1;0;0;0;1;0;2;-12,19979483;-38,59985325;"SPRF-BA";"DEL01-BA";"UOP04-DEL01-BA"
581442;2024-02-16;"sexta-feira";"09:50:00";"PR";277;62;"SAO JOSE DOS PINHAIS";"Ausência de reação do condutor";"Colisão traseira";"Com Vítimas Feridas";"Pleno dia";"Crescente";"Nublado";"Dupla";"Reta";"Sim";2;0;0;1;1;0;1;2;-25,56895101;-48,99932401;"SPRF-PR";"DEL01-PR";"UOP01-DEL01-PR"
581444;2024-02-16;"sexta-feira";"07:50:00";"SC";116;57,8;"PAPANDUVA";"Acessar a via sem observar a presença dos outros veículos";"Colisão transversal";"Com Vítimas Feridas";"Pleno dia";"Decrescente";"Nublado";"Simples";"Reta";"Não";4;0;1;0;3;0;1;2;-26,38204782;-50,18999277;"SPRF-SC";"DEL06-SC";"UOP02-DEL06-SC"
581445;2024-01-22;"segunda-feira";"10:00:00";"PR";116;39,2;"CAMPINA GRANDE DO SUL";"Pista Escorregadia";"Colisão com objeto";"Com Vítimas Feridas";"Pleno dia";"Crescente";"Chuva";"Dupla";"Reta";"Não";2;0;0;1;1;0;1;2;-25,161143;-48,86216;"SPRF-PR";"DEL01-PR";"UOP02-DEL01-PR"
581446;2024-02-16;"sexta-feira";"09:12:00";"PA";316;32;"SANTA IZABEL DO PARA";"Ausência de reação do condutor";"Colisão com objeto";"Com Vítimas Feridas";"Pleno dia";"Crescente";"Céu Claro";"Dupla";"Curva";"Não";2;0;1;0;1;0;1;1;-1,29833956;-48,18889696;"SPRF-PA";"DEL01-PA";"UOP01-DEL01-PA"
581449;2024-02-16;"sexta-feira";"06:25:00";"RS";287;333,2;"SAO VICENTE DO SUL";"Ausência de reação do condutor";"Colisão lateral sentido oposto";"Com Vítimas Fatais";"Amanhecer";"Decrescente";"Garoa/Chuvisco";"Simples";"Reta;Declive                  ";"Não";6;1;2;1;0;2;3;4;-29,66508438;-54,67277527;"SPRF-RS";"DEL12-RS";"UOP02-DEL12-RS"
581450;2024-02-16;"sexta-feira";"07:50:00";"SP";116;222,9;"GUARULHOS";"Condutor deixou de manter distância do veículo da frente";"Colisão traseira";"Com Vítimas Feridas";"Pleno dia";"Crescente";"Nublado";"Múltipla";"Reta";"Não";2;0;0;1;0;1;1;2;-23,47093408;-46,51631097;"SPRF-SP";"DEL01-SP";"UOP01-DEL01-SP"
581451;2024-02-16;"sexta-feira";"09:50:00";"CE";222;310;"TIANGUA";"Ausência de reação do condutor";"Colisão lateral mesmo sentido";"Sem Vítimas";"Pleno dia";"Decrescente";"Nublado";"Múltipla";"Interseção de Vias";"Sim";2;0;0;0;1;1;0;2;-3,71365506;-40,9862271;"SPRF-CE";"DEL04-CE";"UOP02-DEL04-CE"
581453;2024-02-16;"sexta-feira";"10:00:00";"PI";316;10,9;"TERESINA";"Desrespeitar a preferência no cruzamento";"Colisão transversal";"Com Vítimas Feridas";"Pleno dia";"Crescente";"Chuva";"Múltipla";"Interseção de Vias;Rotatória  ";"Sim";4;0;1;1;2;0;2;2;-5,19113305;-42,76127815;"SPRF-PI";"DEL01-PI";"UOP02-DEL01-PI"
581455;2024-02-16;"sexta-feira";"11:10:00";"SC";470;104;"APIUNA";"Reação tardia ou ineficiente do condutor";"Saída de leito carroçável";"Com Vítimas Feridas";"Pleno dia";"Crescente";"Garoa/Chuvisco";"Simples";"Curva";"Não";1;0;0;1;0;0;1;1;-27,06361344;-49,41609085;"SPRF-SC";"DEL04-SC";"UOP02-DEL04-SC"
581456;2024-02-16;"sexta-feira";"09:40:00";"MA";135;43,7;"BACABEIRA";"Ausência de reação do condutor";"Colisão traseira";"Com Vítimas Feridas";"Pleno dia";"Crescente";"Céu Claro";"Dupla";"Reta";"Sim";2;0;1;0;1;0;1;2;-2,91264134;-44,35402453;"SPRF-MA";"DEL01-MA";"UOP01-DEL01-MA"
581457;2024-02-16;"sexta-feira";"11:20:00";"SC";470;56;"BLUMENAU";"Acessar a via sem observar a presença dos outros veículos";"Colisão transversal";"Com Vítimas Feridas";"Pleno dia";"Crescente";"Nublado";"Simples";"Reta";"Sim";2;0;1;0;1;0;1;2;-26,87730829;-49,12982941;"SPRF-SC";"DEL04-SC";"UOP01-DEL04-SC"
581458;2024-02-16;"sexta-feira";"11:35:00";"MG";381;498;"BETIM";"Ausência de reação do condutor";"Tombamento";"Com Vítimas Feridas";"Pleno dia";"Crescente";"Céu Claro";"Simples";"Curva;Retorno Regulamentado   ";"Sim";1;0;0;1;0;0;1;1;-20,01172662;-44,21976041;"SPRF-MG";"DEL01-MG";"UOP03-DEL01-MG"
581460;2024-02-16;"sexta-feira";"10:00:00";"PR";376;315;"ORTIGUEIRA";"Avarias e/ou desgaste excessivo no pneu";"Colisão com objeto";"Com Vítimas Feridas";"Pleno dia";"Decrescente";"Chuva";"Dupla";"Curva";"Sim";4;0;1;0;3;0;1;1;-23,9479365;-51,11966908;"SPRF-PR";"DEL07-PR";"UOP02-DEL07-PR"
581461;2024-02-16;"sexta-feira";"11:50:00";"MG";381;357;"JOAO MONLEVADE";"Acessar a via sem observar a presença dos outros veículos";"Colisão transversal";"Com Vítimas Feridas";"Pleno dia";"Crescente";"Nublado";"Simples";"Curva";"Sim";5;0;2;0;3;0;2;2;-19,84145181;-43,17591548;"SPRF-MG";"DEL03-MG";"UOP01-DEL03-MG"
581462;2024-02-16;"sexta-feira";"09:00:00";"MG";116;531,5;"CARATINGA";"Transitar na contramão";"Colisão lateral sentido oposto";"Com Vítimas Feridas";"Pleno dia";"Crescente";"Nublado";"Simples";"Curva";"Não";3;0;3;0;0;0;3;2;-19,81937899;-42,13692704;"SPRF-MG";"DEL06-MG";"UOP02-DEL06-MG"
581463;2024-02-16;"sexta-feira";"09:45:00";"MG";381;525;"ITATIAIUCU";"Ausência de reação do condutor";"Tombamento";"Com Vítimas Feridas";"Pleno dia";"Crescente";"Céu Claro";"Dupla";"Curva";"Não";1;0;1;0;0;0;1;1;-20,16710798;-44,33422398;"SPRF-MG";"DEL04-MG";"UOP03-DEL04-MG"
581466;2024-02-16;"sexta-feira";"11:30:00";"SC";101;153;"ITAPEMA";"Reação tardia ou ineficiente do condutor";"Colisão com objeto";"Sem Vítimas";"Pleno dia";"Crescente";"Nublado";"Dupla";"Reta";"Não";1;0;0;0;1;0;0;1;-27,144717;-48,61063935;"SPRF-SC";"DEL04-SC";"UOP03-DEL04-SC"
581473;2024-02-16;"sexta-feira";"12:15:00";"PE";424;86;"GARANHUNS";"Acessar a via sem observar a presença dos outros veículos";"Colisão frontal";"Com Vítimas Feridas";"Pleno dia";"Decrescente";"Céu Claro";"Simples";"Reta;Interseção de Vias;Decliv";"Sim";2;0;0;1;1;0;1;2;-8,86976481;-36,50816917;"SPRF-PE";"DEL03-PE";"UOP01-DEL03-PE"
581475;2024-02-16;"sexta-feira";"12:25:00";"RJ";101;421;"MANGARATIBA";"Conversão proibida";"Colisão transversal";"Com Vítimas Feridas";"Pleno dia";"Decrescente";"Céu Claro";"Simples";"Curva";"Sim";3;0;1;0;2;0;1;2;-22,91783007;-43,94223558;"SPRF-RJ";"DEL03-RJ";"UOP02-DEL03-RJ"
581476;2024-02-16;"sexta-feira";"12:00:00";"MT";163;831;"SINOP";"Acessar a via sem observar a presença dos outros veículos";"Colisão transversal";"Com Vítimas Feridas";"Pleno dia";"Decrescente";"Nublado";"Simples";"Interseção de Vias";"Não";2;0;0;1;1;0;1;2;-12,022768;-55,51723;"SPRF-MT";"DEL06-MT";"UOP02-DEL06-MT"
581477;2024-02-16;"sexta-feira";"11:40:00";"PR";277;427;"CANTAGALO";"Problema com o freio";"Saída de leito carroçável";"Com Vítimas Feridas";"Pleno dia";"Decrescente";"Chuva";"Simples";"Reta";"Não";2;0;2;0;0;0;2;1;-25,38373525;-52,15656281;"SPRF-PR";"DEL04-PR";"UOP02-DEL04-PR"
581478;2024-02-16;"sexta-feira";"12:49:00";"RJ";101;329;"RIO DE JANEIRO";"Ausência de reação do condutor";"Colisão traseira";"Com Vítimas Feridas";"Pleno dia";"Decrescente";"Céu Claro";"Dupla";"Reta";"Não";2;0;0;1;1;0;1;2;-22,86939305;-43,175642;"SPRF-RJ";"DEL02-RJ";"UOP01-DEL02-RJ"
581479;2024-02-16;"sexta-feira";"11:39:00";"RO";364;340,3;"JI-PARANA";"Condutor desrespeitou a iluminação vermelha do semáforo";"Tombamento";"Com Vítimas Feridas";"Pleno dia";"Crescente";"Céu Claro";"Dupla";"Reta;Interseção de Vias       ";"Sim";2;0;1;0;1;0;1;2;-10,898802;-61,93046;"SPRF-RO";"DEL02-RO";"UOP01-DEL02-RO"
581480;2024-02-16;"sexta-feira";"13:25:00";"PR";116;39;"CAMPINA GRANDE DO SUL";"Chuva";"Saída de leito carroçável";"Com Vítimas Feridas";"Pleno dia";"Crescente";"Nublado";"Simples";"Curva";"Não";2;0;1;0;1;0;1;1;-25,156168;-48,8613401;"SPRF-PR";"DEL01-PR";"UOP02-DEL01-PR"
581483;2024-02-16;"sexta-feira";"13:30:00";"RJ";116;169;"RIO DE JANEIRO";"Reação tardia ou ineficiente do condutor";"Colisão lateral mesmo sentido";"Sem Vítimas";"Pleno dia";"Crescente";"Céu Claro";"Dupla";"Interseção de Vias";"Sim";7;0;0;0;7;0;0;2;-22,81959862;-43,31740201;"SPRF-RJ";"DEL06-RJ";"UOP01-DEL06-RJ"
581484;2024-02-16;"sexta-feira";"12:55:00";"SP";101;35;"UBATUBA";"Acessar a via sem observar a presença dos outros veículos";"Colisão transversal";"Com Vítimas Feridas";"Pleno dia";"Decrescente";"Céu Claro";"Simples";"Interseção de Vias;Reta       ";"Não";7;0;4;0;3;0;4;2;-23,39315463;-45,00980616;"SPRF-SP";"DEL06-SP";"UOP01-DEL06-SP"
581486;2024-02-16;"sexta-feira";"13:30:00";"SC";101;148;"ITAPEMA";"Reação tardia ou ineficiente do condutor";"Atropelamento de Pedestre";"Com Vítimas Feridas";"Pleno dia";"Crescente";"Nublado";"Múltipla";"Reta";"Sim";2;0;1;0;1;0;1;2;-27,10123686;-48,61807962;"SPRF-SC";"DEL04-SC";"UOP03-DEL04-SC"
581488;2024-02-16;"sexta-feira";"14:05:00";"DF";20;26;"BRASILIA";"Manobra de mudança de faixa";"Colisão transversal";"Com Vítimas Feridas";"Pleno dia";"Decrescente";"Chuva";"Dupla";"Reta";"Não";3;0;1;0;2;0;1;2;-15,596223;-47,640285;"SPRF-DF";"DEL02-DF";"UOP01-DEL02-DF"
581489;2024-02-16;"sexta-feira";"11:30:00";"CE";116;185,1;"LIMOEIRO DO NORTE";"Demais falhas mecânicas ou elétricas";"Queda de ocupante de veículo";"Com Vítimas Feridas";"Pleno dia";"Decrescente";"Céu Claro";"Simples";"Reta";"Não";3;0;3;0;0;0;3;1;-5,07414894;-38,1121391;"SPRF-CE";"DEL03-CE";"UOP01-DEL03-CE"
581490;2024-02-16;"sexta-feira";"13:00:00";"PB";230;460;"SOUSA";"Acessar a via sem observar a presença dos outros veículos";"Colisão lateral sentido oposto";"Com Vítimas Feridas";"Pleno dia";"Crescente";"Céu Claro";"Simples";"Reta";"Sim";2;0;0;1;1;0;1;2;-6,7752;-38,1982;"SPRF-PB";"DEL03-PB";"UOP03-DEL03-PB"
581492;2024-02-12;"segunda-feira";"07:20:00";"BA";101;713;"EUNAPOLIS";"Acesso irregular";"Colisão transversal";"Com Vítimas Feridas";"Amanhecer";"Decrescente";"Céu Claro";"Simples";"Reta;Aclive                   ";"Sim";2;0;2;0;0;0;2;2;-16,5089598;-39,5770756;"SPRF-BA";"DEL09-BA";"UOP01-DEL09-BA"
581494;2024-02-16;"sexta-feira";"11:15:00";"SC";153;97;"CONCORDIA";"Velocidade Incompatível";"Queda de ocupante de veículo";"Com Vítimas Feridas";"Pleno dia";"Crescente";"Nevoeiro/Neblina";"Simples";"Rotatória";"Sim";2;0;2;0;0;0;2;1;-27,22502055;-51,95031166;"SPRF-SC";"DEL07-SC";"UOP04-DEL07-SC"
581496;2024-02-16;"sexta-feira";"11:40:00";"SC";282;577,8;"PINHALZINHO";"Reação tardia ou ineficiente do condutor";"Tombamento";"Com Vítimas Feridas";"Pleno dia";"Crescente";"Chuva";"Simples";"Reta";"Sim";1;0;1;0;0;0;1;1;-26,85496023;-52,98018873;"SPRF-SC";"DEL07-SC";"UOP02-DEL07-SC"
581499;2024-02-16;"sexta-feira";"13:20:00";"PI";343;302,6;"ALTOS";"Acessar a via sem observar a presença dos outros veículos";"Colisão transversal";"Com Vítimas Feridas";"Pleno dia";"Decrescente";"Céu Claro";"Simples";"Reta";"Sim";2;0;0;2;0;0;2;2;-5,017174;-42,423988;"SPRF-PI";"DEL01-PI";"UOP03-DEL01-PI"
581501;2024-02-16;"sexta-feira";"12:15:00";"MA";10;254;"IMPERATRIZ";"Ausência de reação do condutor";"Colisão traseira";"Com Vítimas Feridas";"Pleno dia";"Decrescente";"Céu Claro";"Múltipla";"Reta";"Sim";2;0;1;0;1;0;1;2;-5,517879;-47,471581;"SPRF-MA";"DEL04-MA";"UOP01-DEL04-MA"
581507;2024-02-16;"sexta-feira";"15:30:00";"MG";381;629,8;"OLIVEIRA";"Ausência de reação do condutor";"Colisão traseira";"Sem Vítimas";"Pleno dia";"Decrescente";"Nublado";"Dupla";"Retorno Regulamentado";"Não";2;0;0;0;2;0;0;2;-20,84106606;-44,82613492;"SPRF-MG";"DEL04-MG";"UOP01-DEL04-MG"
581509;2024-02-16;"sexta-feira";"14:30:00";"GO";153;442,8;"ANAPOLIS";"Condutor deixou de manter distância do veículo da frente";"Colisão traseira";"Sem Vítimas";"Pleno dia";"Crescente";"Céu Claro";"Dupla";"Reta";"Sim";2;0;0;0;0;2;0;2;-16,325272;-48,922024;"SPRF-GO";"DEL02-GO";"UOP01-DEL02-GO"
581513;2024-02-16;"sexta-feira";"15:50:00";"RJ";116;181;"NOVA IGUACU";"Manobra de mudança de faixa";"Colisão lateral mesmo sentido";"Com Vítimas Feridas";"Pleno dia";"Crescente";"Céu Claro";"Dupla";"Reta";"Sim";4;0;2;0;2;0;2;2;-22,761312;-43,423492;"SPRF-RJ";"DEL06-RJ";"UOP01-DEL06-RJ"
581514;2024-02-16;"sexta-feira";"16:05:00";"GO";153;537;"HIDROLANDIA";"Acessar a via sem observar a presença dos outros veículos";"Colisão lateral mesmo sentido";"Com Vítimas Fatais";"Pleno dia";"Crescente";"Nublado";"Dupla";"Aclive;Reta                   ";"Não";5;1;0;0;4;0;0;2;-17,0276;-49,2229;"SPRF-GO";"DEL01-GO";"UOP03-DEL01-GO"
581516;2024-02-16;"sexta-feira";"15:30:00";"MG";381;794;"SAO GONCALO DO SAPUCAI";"Pista Escorregadia";"Colisão com objeto";"Com Vítimas Feridas";"Pleno dia";"Crescente";"Céu Claro";"Dupla";"Declive;Curva                 ";"Não";2;0;1;0;1;0;1;2;-21,92913899;-45,61170907;"SPRF-MG";"DEL16-MG";"UOP02-DEL16-MG"
581517;2024-02-16;"sexta-feira";"14:10:00";"MT";364;397;"CUIABA";"Demais falhas na via";"Saída de leito carroçável";"Com Vítimas Feridas";"Pleno dia";"Decrescente";"Céu Claro";"Dupla";"Reta";"Sim";1;0;1;0;0;0;1;1;-15,67007508;-55,95154524;"SPRF-MT";"DEL01-MT";"UOP02-DEL01-MT"
581520;2024-02-16;"sexta-feira";"15:45:00";"RJ";101;584;"PARATY";"Conversão proibida";"Colisão lateral sentido oposto";"Com Vítimas Feridas";"Pleno dia";"Decrescente";"Nublado";"Simples";"Reta";"Não";3;0;1;0;1;1;1;3;-23,26452614;-44,68523726;"SPRF-RJ";"DEL03-RJ";"UOP04-DEL03-RJ"
581522;2024-02-16;"sexta-feira";"16:30:00";"BA";324;519;"FEIRA DE SANTANA";"Acesso irregular";"Colisão frontal";"Com Vítimas Feridas";"Pleno dia";"Decrescente";"Garoa/Chuvisco";"Dupla";"Reta";"Sim";2;0;2;0;0;0;2;2;-12,26687642;-38,93349875;"SPRF-BA";"DEL02-BA";"UOP01-DEL02-BA"
581523;2024-02-16;"sexta-feira";"14:20:00";"ES";101;65;"SAO MATEUS";"Acessar a via sem observar a presença dos outros veículos";"Colisão transversal";"Com Vítimas Feridas";"Pleno dia";"Decrescente";"Sol";"Dupla";"Reta";"Sim";2;0;1;0;1;0;1;2;-18,70935945;-39,87762087;"SPRF-ES";"DEL04-ES";"UOP02-DEL04-ES"
581524;2024-02-16;"sexta-feira";"16:50:00";"CE";222;42,8;"CAUCAIA";"Manobra de mudança de faixa";"Colisão lateral mesmo sentido";"Com Vítimas Fatais";"Pleno dia";"Decrescente";"Céu Claro";"Simples";"Declive;Reta                  ";"Não";3;1;0;0;1;1;0;3;-3,68175383;-38,92437394;"SPRF-CE";"DEL01-CE";"UOP03-DEL01-CE"
581528;2024-02-16;"sexta-feira";"16:30:00";"CE";116;42;"HORIZONTE";"Demais falhas mecânicas ou elétricas";"Colisão com objeto";"Com Vítimas Feridas";"Pleno dia";"Crescente";"Céu Claro";"Múltipla";"Curva";"Sim";2;0;0;1;1;0;1;2;-4,10857928;-38,4942173;"SPRF-CE";"DEL01-CE";"UOP02-DEL01-CE"
581529;2024-02-16;"sexta-feira";"15:30:00";"SC";282;115,8;"ALFREDO WAGNER";"Velocidade Incompatível";"Saída de leito carroçável";"Com Vítimas Feridas";"Pleno dia";"Decrescente";"Chuva";"Simples";"Curva";"Não";1;0;1;0;0;0;1;1;-27,755424;-49,39444;"SPRF-SC";"DEL01-SC";"UOP03-DEL01-SC"
581530;2024-02-16;"sexta-feira";"17:05:00";"PE";101;90;"JABOATAO DOS GUARARAPES";"Demais falhas mecânicas ou elétricas";"Queda de ocupante de veículo";"Com Vítimas Feridas";"Anoitecer";"Decrescente";"Céu Claro";"Dupla";"Reta";"Não";2;0;2;0;0;0;2;1;-8,21612792;-34,98772817;"SPRF-PE";"DEL01-PE";"UOP01-DEL01-PE"
581531;2024-02-16;"sexta-feira";"17:25:00";"PB";230;5,2;"CABEDELO";"Manobra de mudança de faixa";"Tombamento";"Com Vítimas Feridas";"Pleno dia";"Crescente";"Sol";"Dupla";"Reta";"Sim";1;0;1;0;0;0;1;1;-7,01;-34,8312;"SPRF-PB";"DEL01-PB";"UOP01-DEL01-PB"
581537;2024-02-16;"sexta-feira";"18:00:00";"SC";470;98,6;"APIUNA";"Ultrapassagem Indevida";"Colisão transversal";"Com Vítimas Feridas";"Plena Noite";"Crescente";"Chuva";"Simples";"Reta";"Sim";2;0;1;0;1;0;1;2;-27,03567392;-49,39007342;"SPRF-SC";"DEL04-SC";"UOP02-DEL04-SC"
581539;2024-02-16;"sexta-feira";"16:30:00";"BA";110;340;"ALAGOINHAS";"Acessar a via sem observar a presença dos outros veículos";"Colisão transversal";"Com Vítimas Feridas";"Pleno dia";"Decrescente";"Céu Claro";"Simples";"Interseção de Vias";"Sim";4;0;1;1;2;0;2;2;-12,21614599;-38,41432082;"SPRF-BA";"DEL01-BA";"UOP04-DEL01-BA"
581540;2024-02-11;"domingo";"05:10:00";"MS";163;475;"CAMPO GRANDE";"Ausência de reação do condutor";"Tombamento";"Com Vítimas Feridas";"Amanhecer";"Crescente";"Céu Claro";"Simples";"Reta";"Não";1;0;1;0;0;0;1;1;-20,51838231;-54,56658567;"SPRF-MS";"DEL01-MS";"UOP01-DEL01-MS"
581541;2024-02-16;"sexta-feira";"17:30:00";"RJ";101;484;"ANGRA DOS REIS";"Curva acentuada";"Colisão transversal";"Com Vítimas Feridas";"Pleno dia";"Decrescente";"Nublado";"Simples";"Curva";"Não";4;0;1;0;3;0;1;2;-22,99096308;-44,30429882;"SPRF-RJ";"DEL03-RJ";"UOP03-DEL03-RJ"
581544;2024-02-16;"sexta-feira";"18:40:00";"PR";116;40;"CAMPINA GRANDE DO SUL";"Reação tardia ou ineficiente do condutor";"Saída de leito carroçável";"Com Vítimas Feridas";"Plena Noite";"Decrescente";"Garoa/Chuvisco";"Dupla";"Declive;Curva                 ";"Não";5;0;1;0;4;0;1;1;-25,16900608;-48,86657059;"SPRF-PR";"DEL01-PR";"UOP02-DEL01-PR"
581545;2024-02-16;"sexta-feira";"17:50:00";"PI";316;315;"PICOS";"Manobra de mudança de faixa";"Colisão transversal";"Com Vítimas Feridas";"Pleno dia";"Decrescente";"Sol";"Dupla";"Reta";"Sim";2;0;1;1;0;0;2;2;-7,07951262;-41,43236492;"SPRF-PI";"DEL04-PI";"UOP01-DEL04-PI"
581546;2024-02-16;"sexta-feira";"16:30:00";"RJ";116;79;"TERESOPOLIS";"Conversão proibida";"Colisão transversal";"Com Vítimas Feridas";"Pleno dia";"Decrescente";"Céu Claro";"Simples";"Reta;Declive                  ";"Não";2;0;1;1;0;0;2;2;-22,381704;-42,954777;"SPRF-RJ";"DEL04-RJ";"UOP01-DEL04-RJ"
581547;2024-02-16;"sexta-feira";"09:50:00";"RJ";101;317;"SAO GONCALO";"Demais falhas mecânicas ou elétricas";"Queda de ocupante de veículo";"Com Vítimas Feridas";"Pleno dia";"Crescente";"Céu Claro";"Múltipla";"Reta";"Sim";2;0;1;0;1;0;1;1;-22,83707798;-43,09492006;"SPRF-RJ";"DEL02-RJ";"UOP02-DEL02-RJ"
581548;2024-02-16;"sexta-feira";"19:10:00";"PR";116;141;"MANDIRITUBA";"Velocidade Incompatível";"Saída de leito carroçável";"Com Vítimas Feridas";"Plena Noite";"Crescente";"Nublado";"Dupla";"Curva";"Sim";2;0;0;1;0;1;1;2;-25,73749;-49,31762782;"SPRF-PR";"DEL01-PR";"UOP03-DEL01-PR"
581549;2024-02-16;"sexta-feira";"17:20:00";"MS";262;398,5;"TERENOS";"Acessar a via sem observar a presença dos outros veículos";"Colisão transversal";"Com Vítimas Feridas";"Pleno dia";"Crescente";"Céu Claro";"Simples";"Reta";"Não";2;0;1;1;0;0;2;2;-20,42154489;-55,00169899;"SPRF-MS";"DEL01-MS";"UOP03-DEL01-MS"
581550;2024-02-16;"sexta-feira";"19:10:00";"SE";235;37,6;"AREIA BRANCA";"Condutor deixou de manter distância do veículo da frente";"Colisão traseira";"Com Vítimas Feridas";"Plena Noite";"Crescente";"Céu Claro";"Simples";"Reta";"Não";2;0;1;0;1;0;1;2;-10,769464;-37,364246;"SPRF-SE";"DEL01-SE";"UOP02-DEL01-SE"
581552;2024-02-16;"sexta-feira";"18:50:00";"CE";304;49,4;"ARACATI";"Animais na Pista";"Atropelamento de Animal";"Com Vítimas Feridas";"Plena Noite";"Decrescente";"Ignorado";"Simples";"Retorno Regulamentado;Reta    ";"Não";1;0;0;1;0;0;1;1;-4,57900414;-37,77070889;"SPRF-CE";"DEL03-CE";"UOP03-DEL03-CE"
581554;2024-02-16;"sexta-feira";"19:30:00";"PR";116;125;"FAZENDA RIO GRANDE";"Manobra de mudança de faixa";"Colisão lateral mesmo sentido";"Com Vítimas Feridas";"Plena Noite";"Crescente";"Nublado";"Dupla";"Reta";"Sim";2;0;1;0;1;0;1;2;-25,627163;-49,314673;"SPRF-PR";"DEL01-PR";"UOP03-DEL01-PR"
581555;2024-02-16;"sexta-feira";"18:45:00";"PR";376;228;"APUCARANA";"Ausência de reação do condutor";"Saída de leito carroçável";"Com Vítimas Feridas";"Pleno dia";"Crescente";"Nublado";"Dupla";"Reta";"Não";4;0;1;0;3;0;1;2;-23,56382701;-51,53990037;"SPRF-PR";"DEL07-PR";"UOP03-DEL07-PR"
581556;2024-02-16;"sexta-feira";"19:30:00";"CE";20;385,6;"CAUCAIA";"Pedestre andava na pista";"Atropelamento de Pedestre";"Com Vítimas Fatais";"Plena Noite";"Crescente";"Céu Claro";"Simples";"Reta";"Não";2;1;0;0;0;1;0;2;-3,88294452;-38,82132438;"SPRF-CE";"DEL01-CE";"UOP01-DEL01-CE"
581557;2024-02-16;"sexta-feira";"20:30:00";"GO";60;210;"GUAPO";"Reação tardia ou ineficiente do condutor";"Saída de leito carroçável";"Com Vítimas Feridas";"Plena Noite";"Decrescente";"Céu Claro";"Simples";"Reta;Interseção de Vias       ";"Não";4;0;0;4;0;0;4;1;-16,9406;-49,6717;"SPRF-GO";"DEL01-GO";"UOP02-DEL01-GO"
581558;2024-02-16;"sexta-feira";"18:30:00";"PA";230;118;"MARABA";"Ausência de reação do condutor";"Colisão lateral mesmo sentido";"Com Vítimas Feridas";"Anoitecer";"Decrescente";"Garoa/Chuvisco";"Dupla";"Viaduto;Reta                  ";"Sim";3;0;1;0;1;1;1;3;-5,35193706;-49,09794103;"SPRF-PA";"DEL03-PA";"UOP01-DEL03-PA"
581559;2024-02-16;"sexta-feira";"18:30:00";"SC";280;224;"TRES BARRAS";"Transitar na contramão";"Colisão frontal";"Com Vítimas Feridas";"Anoitecer";"Crescente";"Céu Claro";"Simples";"Rotatória";"Não";4;0;2;0;2;0;2;2;-26,17513189;-50,30394805;"SPRF-SC";"DEL06-SC";"UOP04-DEL06-SC"
581560;2024-02-16;"sexta-feira";"19:30:00";"BA";418;107;"NOVA VICOSA";"Deficiência do Sistema de Iluminação/Sinalização";"Colisão traseira";"Com Vítimas Feridas";"Plena Noite";"Decrescente";"Chuva";"Simples";"Reta";"Não";3;0;1;0;2;0;1;2;-17,89663273;-40,02742396;"SPRF-BA";"DEL09-BA";"UOP02-DEL09-BA"
581561;2024-02-16;"sexta-feira";"16:30:00";"SC";101;133;"BALNEARIO CAMBORIU";"Desrespeitar a preferência no cruzamento";"Colisão transversal";"Com Vítimas Feridas";"Pleno dia";"Crescente";"Nublado";"Dupla";"Interseção de Vias";"Não";3;0;0;2;1;0;2;2;-26,99936;-48,64609;"SPRF-SC";"DEL04-SC";"UOP03-DEL04-SC"
581562;2024-01-06;"sábado";"21:30:00";"PI";222;65;"BRASILEIRA";"Objeto estático sobre o leito carroçável";"Colisão com objeto";"Com Vítimas Feridas";"Plena Noite";"Crescente";"Chuva";"Simples";"Reta";"Não";3;0;0;2;1;0;2;1;-4,20672564;-41,68109894;"SPRF-PI";"DEL02-PI";"UOP01-DEL02-PI"
581563;2024-02-16;"sexta-feira";"21:00:00";"CE";20;317;"CANINDE";"Animais na Pista";"Atropelamento de Animal";"Sem Vítimas";"Plena Noite";"Crescente";"Nublado";"Simples";"Reta";"Não";2;0;0;0;2;0;0;1;-4,29121502;-39,24974699;"SPRF-CE";"DEL02-CE";"UOP01-DEL02-CE"
581564;2024-02-16;"sexta-feira";"19:23:00";"MT";70;523;"VARZEA GRANDE";"Ausência de reação do condutor";"Queda de ocupante de veículo";"Com Vítimas Feridas";"Anoitecer";"Crescente";"Céu Claro";"Simples";"Reta";"Sim";2;0;1;0;1;0;1;1;-15,65622198;-56,19004726;"SPRF-MT";"DEL01-MT";"UOP02-DEL01-MT"