"id";"data_inversa";"dia_semana";"horario";"uf";"br";"km";"municipio";"causa_acidente";"tipo_acidente";"classificacao_acidente";"fase_dia";"sentido_via";"condicao_metereologica";"tipo_pista";"tracado_via";"uso_solo";"pessoas";"mortos";"feridos_leves";"feridos_graves";"ilesos";"ignorados";"feridos";"veiculos";"latitude";"longitude";"regional";"delegacia";"uop"
581565;2024-02-16;"sexta-feira";"17:15:00";"RS";158;120,2;"PALMEIRA DAS MISSOES";"Ausência de reação do condutor";"Saída de leito carroçável";"Com Vítimas Feridas";"Pleno dia";"Decrescente";"Chuva";"Simples";"Curva";"Não";2;0;1;0;1;0;1;1;-28,05863773;-53,37591623;"SPRF-RS";"DEL08-RS";"UOP01-DEL08-RS"
581566;2024-02-16;"sexta-feira";"18:00:00";"RJ";40;78;"PETROPOLIS";"Acumulo de água sobre o pavimento";"Colisão com objeto";"Com Vítimas Feridas";"Plena Noite";"Crescente";"Chuva";"Dupla";"Curva";"Não";2;0;2;0;0;0;2;1;-22,48485874;-43,22843406;"SPRF-RJ";"DEL01-RJ";"UOP01-DEL01-RJ"
581568;2024-02-16;"sexta-feira";"20:50:00";"SC";101;79,4;"ARAQUARI";"Objeto estático sobre o leito carroçável";"Colisão traseira";"Com Vítimas Feridas";"Plena Noite";"Decrescente";"Chuva";"Múltipla";"Interseção de Vias";"Não";4;0;2;0;2;0;2;2;-26,58559601;-48,72192112;"SPRF-SC";"DEL03-SC";"UOP02-DEL03-SC"
581569;2024-02-16;"sexta-feira";"19:20:00";"PE";232;224,8;"PESQUEIRA";"Acessar a via sem observar a presença dos outros veículos";"Colisão transversal";"Com Vítimas Feridas";"Plena Noite";"Crescente";"Nublado";"Simples";"Interseção de Vias;Curva      ";"Não";4;0;0;2;1;1;2;2;-8,40514489;-36,81936399;"SPRF-PE";"DEL03-PE";"UOP02-DEL03-PE"
581571;2024-02-16;"sexta-feira";"20:40:00";"MT";163;936;"ITAUBA";"Pedestre andava na pista";"Atropelamento de Pedestre";"Com Vítimas Feridas";"Plena Noite";"Crescente";"Céu Claro";"Simples";"Declive;Reta                  ";"Não";3;0;1;0;2;0;1;2;-11,0116936;-55,25222009;"SPRF-MT";"DEL06-MT";"UOP02-DEL06-MT"
581578;2024-02-16;"sexta-feira";"21:20:00";"PI";316;13,2;"TERESINA";"Deficiência do Sistema de Iluminação/Sinalização";"Colisão com objeto";"Com Vítimas Feridas";"Plena Noite";"Crescente";"Céu Claro";"Dupla";"Retorno Regulamentado;Reta    ";"Sim";1;0;1;0;0;0;1;1;-5,209766;-42,755249;"SPRF-PI";"DEL01-PI";"UOP02-DEL01-PI"
581579;2024-02-16;"sexta-feira";"22:55:00";"ES";101;68;"SAO MATEUS";"Reação tardia ou ineficiente do condutor";"Saída de leito carroçável";"Com Vítimas Feridas";"Plena Noite";"Crescente";"Chuva";"Dupla";"Reta";"Sim";1;0;0;1;0;0;1;1;-18,726597;-39,85975;"SPRF-ES";"DEL04-ES";"UOP02-DEL04-ES"
581580;2024-02-16;"sexta-feira";"22:15:00";"PR";277;523,1;"GUARANIACU";"Ingestão de álcool pelo condutor";"Saída de leito carroçável";"Com Vítimas Fatais";"Plena Noite";"Decrescente";"Céu Claro";"Simples";"Declive;Reta                  ";"Não";4;1;1;1;1;0;2;3;-25,09865764;-52,90054321;"SPRF-PR";"DEL04-PR";"UOP04-DEL04-PR"
581582;2024-02-16;"sexta-feira";"22:50:00";"SC";101;196;"BIGUACU";"Acessar a via sem observar a presença dos outros veículos";"Colisão lateral mesmo sentido";"Com Vítimas Feridas";"Plena Noite";"Decrescente";"Céu Claro";"Múltipla";"Interseção de Vias;Reta       ";"Sim";3;0;1;0;2;0;1;2;-27,5047092;-48,65010819;"SPRF-SC";"DEL01-SC";"UOP01-DEL01-SC"
581583;2024-02-16;"sexta-feira";"23:06:00";"ES";101;264,2;"SERRA";"Condutor desrespeitou a iluminação vermelha do semáforo";"Colisão transversal";"Com Vítimas Feridas";"Plena Noite";"Decrescente";"Céu Claro";"Múltipla";"Reta";"Sim";3;0;0;1;1;1;1;3;-20,17292791;-40,26736384;"SPRF-ES";"DEL02-ES";"UOP01-DEL02-ES"
581584;2024-02-16;"sexta-feira";"22:40:00";"RJ";101;407;"ITAGUAI";"Demais falhas mecânicas ou elétricas";"Tombamento";"Com Vítimas Feridas";"Plena Noite";"Decrescente";"Nublado";"Dupla";"Reta";"Sim";2;0;1;1;0;0;2;1;-22,87672058;-43,81631971;"SPRF-RJ";"DEL03-RJ";"UOP01-DEL03-RJ"
581585;2024-02-16;"sexta-feira";"23:30:00";"RJ";116;174;"SAO JOAO DE MERITI";"Ingestão de álcool pelo condutor";"Colisão frontal";"Sem Vítimas";"Plena Noite";"Decrescente";"Céu Claro";"Dupla";"Reta";"Sim";1;0;0;0;1;0;0;1;-22,79423806;-43,36403759;"SPRF-RJ";"DEL06-RJ";"UOP01-DEL06-RJ"
581586;2024-02-16;"sexta-feira";"23:30:00";"SP";116;228;"SAO PAULO";"Pedestre andava na pista";"Atropelamento de Pedestre";"Com Vítimas Feridas";"Plena Noite";"Crescente";"Céu Claro";"Múltipla";"Reta";"Não";2;0;1;0;0;1;1;2;-23,50343484;-46,56638712;"SPRF-SP";"DEL01-SP";"UOP01-DEL01-SP"
581587;2024-02-16;"sexta-feira";"22:45:00";"SC";282;68,5;"RANCHO QUEIMADO";"Velocidade Incompatível";"Saída de leito carroçável";"Com Vítimas Feridas";"Plena Noite";"Decrescente";"Chuva";"Simples";"Curva;Declive                 ";"Não";2;0;2;0;0;0;2;1;-27,692406;-49,075939;"SPRF-SC";"DEL01-SC";"UOP03-DEL01-SC"
581589;2024-02-17;"sábado";"00:05:00";"SP";381;88;"GUARULHOS";"Pedestre - Ingestão de álcool/ substâncias psicoativas";"Atropelamento de Pedestre";"Com Vítimas Feridas";"Plena Noite";"Decrescente";"Chuva";"Múltipla";"Reta";"Sim";2;0;1;0;0;1;1;2;-23,47469314;-46,56112919;"SPRF-SP";"DEL03-SP";"UOP01-DEL03-SP"
581590;2024-02-17;"sábado";"00:48:00";"PR";116;117;"CURITIBA";"Entrada inopinada do pedestre";"Atropelamento de Pedestre";"Com Vítimas Fatais";"Plena Noite";"Crescente";"Nublado";"Dupla";"Reta";"Sim";3;1;0;0;1;1;0;2;-25,56158751;-49,30818558;"SPRF-PR";"DEL01-PR";"UOP03-DEL01-PR"
581591;2024-02-17;"sábado";"00:30:00";"SC";101;218,1;"PALHOCA";"Acessar a via sem observar a presença dos outros veículos";"Colisão traseira";"Com Vítimas Feridas";"Plena Noite";"Decrescente";"Céu Claro";"Múltipla";"Reta";"Sim";2;0;0;2;0;0;2;2;-27,6758601;-48,67052525;"SPRF-SC";"DEL01-SC";"UOP02-DEL01-SC"
581594;2024-02-16;"sexta-feira";"23:30:00";"RN";405;159;"RAFAEL FERNANDES";"Reação tardia ou ineficiente do condutor";"Queda de ocupante de veículo";"Com Vítimas Feridas";"Plena Noite";"Decrescente";"Céu Claro";"Simples";"Reta";"Sim";2;0;1;1;0;0;2;1;-6,1826935;-38,21912468;"SPRF-RN";"DEL04-RN";"UOP02-DEL04-RN"
581595;2024-02-17;"sábado";"01:30:00";"SC";101;128;"ITAJAI";"Reação tardia ou ineficiente do condutor";"Colisão com objeto";"Com Vítimas Feridas";"Plena Noite";"Crescente";"Nublado";"Dupla";"Curva";"Não";1;0;1;0;0;0;1;1;-26,97284292;-48,68299451;"SPRF-SC";"DEL04-SC";"UOP04-DEL04-SC"
581596;2024-02-17;"sábado";"00:00:00";"BA";242;822;"BARREIRAS";"Reação tardia ou ineficiente do condutor";"Saída de leito carroçável";"Com Vítimas Feridas";"Plena Noite";"Decrescente";"Chuva";"Simples";"Reta;Declive                  ";"Sim";21;0;12;9;0;0;21;1;-12,117;-45,242;"SPRF-BA";"DEL10-BA";"UOP01-DEL10-BA"
581597;2024-02-17;"sábado";"01:30:00";"PR";277;704;"SAO MIGUEL DO IGUACU";"Velocidade Incompatível";"Colisão traseira";"Sem Vítimas";"Plena Noite";"Decrescente";"Céu Claro";"Dupla";"Aclive";"Não";6;0;0;0;6;0;0;2;-25,42529621;-54,36142389;"SPRF-PR";"DEL05-PR";"UOP01-DEL05-PR"
581598;2024-02-17;"sábado";"01:30:00";"RJ";116;187,9;"NOVA IGUACU";"Iluminação deficiente";"Atropelamento de Pedestre";"Com Vítimas Fatais";"Plena Noite";"Crescente";"Céu Claro";"Simples";"Reta";"Não";1;1;0;0;0;0;0;1;-22,73883756;-43,47245197;"SPRF-RJ";"DEL06-RJ";"UOP01-DEL06-RJ"
581600;2024-02-17;"sábado";"01:34:00";"RS";290;33;"SANTO ANTONIO DA PATRULHA";"Ausência de reação do condutor";"Colisão com objeto";"Com Vítimas Feridas";"Plena Noite";"Decrescente";"Céu Claro";"Dupla";"Reta";"Não";3;0;1;0;2;0;1;2;-29,885815;-50,586334;"SPRF-RS";"DEL03-RS";"UOP01-DEL03-RS"
581601;2024-02-17;"sábado";"01:00:00";"MS";158;259;"TRES LAGOAS";"Velocidade Incompatível";"Saída de leito carroçável";"Sem Vítimas";"Plena Noite";"Crescente";"Céu Claro";"Dupla";"Retorno Regulamentado";"Não";1;0;0;0;1;0;0;1;-20,71351403;-51,75152004;"SPRF-MS";"DEL07-MS";"UOP01-DEL07-MS"
581603;2024-02-17;"sábado";"03:50:00";"SC";101;192,4;"BIGUACU";"Ingestão de álcool pelo condutor";"Tombamento";"Sem Vítimas";"Plena Noite";"Decrescente";"Céu Claro";"Múltipla";"Reta";"Sim";1;0;0;0;1;0;0;1;-27,48443781;-48,64765238;"SPRF-SC";"DEL01-SC";"UOP01-DEL01-SC"
581604;2024-02-17;"sábado";"04:00:00";"PE";232;6,7;"RECIFE";"Velocidade Incompatível";"Colisão traseira";"Com Vítimas Feridas";"Plena Noite";"Decrescente";"Céu Claro";"Dupla";"Reta";"Sim";2;0;1;0;1;0;1;2;-8,07079525;-34,9535389;"SPRF-PE";"DEL01-PE";"UOP01-DEL01-PE"
581605;2024-02-17;"sábado";"04:15:00";"SP";116;272;"TABOAO DA SERRA";"Condutor deixou de manter distância do veículo da frente";"Colisão traseira";"Com Vítimas Feridas";"Amanhecer";"Decrescente";"Céu Claro";"Dupla";"Reta";"Não";4;0;2;0;2;0;2;2;-23,621691;-46,813288;"SPRF-SP";"DEL04-SP";"UOP01-DEL04-SP"
581607;2024-02-17;"sábado";"03:40:00";"PE";232;326,9;"CUSTODIA";"Animais na Pista";"Atropelamento de Animal";"Com Vítimas Feridas";"Plena Noite";"Crescente";"Céu Claro";"Simples";"Reta";"Não";5;0;1;1;0;3;2;2;-8,09170582;-37,58209902;"SPRF-PE";"DEL04-PE";"UOP02-DEL04-PE"
581608;2024-02-17;"sábado";"04:28:00";"PR";369;158,9;"CAMBE";"Conversão proibida";"Colisão frontal";"Com Vítimas Feridas";"Amanhecer";"Crescente";"Céu Claro";"Dupla";"Reta";"Sim";2;0;1;0;1;0;1;2;-23,28865707;-51,26117706;"SPRF-PR";"DEL07-PR";"UOP01-DEL07-PR"
581609;2024-02-17;"sábado";"06:00:00";"SP";116;226;"GUARULHOS";"Demais falhas mecânicas ou elétricas";"Incêndio";"Sem Vítimas";"Pleno dia";"Crescente";"Nublado";"Múltipla";"Reta;Em Obras;Declive         ";"Sim";1;0;0;0;1;0;0;1;-23,494981;-46,554653;"SPRF-SP";"DEL01-SP";"UOP01-DEL01-SP"
581610;2024-02-17;"sábado";"03:50:00";"GO";153;516;"APARECIDA DE GOIANIA";"Ausência de reação do condutor";"Colisão traseira";"Sem Vítimas";"Plena Noite";"Crescente";"Céu Claro";"Dupla";"Reta";"Sim";3;0;0;0;2;1;0;2;-16,8504;-49,2473;"SPRF-GO";"DEL01-GO";"UOP03-DEL01-GO"
581611;2024-02-17;"sábado";"04:30:00";"PR";376;173,2;"MARINGA";"Condutor Dormindo";"Atropelamento de Pedestre";"Com Vítimas Feridas";"Plena Noite";"Crescente";"Céu Claro";"Dupla";"Curva";"Sim";4;0;3;0;1;0;3;3;-23,41922678;-51,96701646;"SPRF-PR";"DEL09-PR";"UOP01-DEL09-PR"
581614;2024-02-17;"sábado";"06:00:00";"RN";101;77;"NATAL";"Transitar na contramão";"Colisão frontal";"Com Vítimas Feridas";"Amanhecer";"Decrescente";"Céu Claro";"Dupla";"Reta";"Sim";2;0;1;0;1;0;1;2;-5,73180495;-35,29112135;"SPRF-RN";"DEL02-RN";"UOP01-DEL02-RN"
581617;2024-02-17;"sábado";"06:20:00";"MG";50;13,2;"UBERLANDIA";"Ausência de reação do condutor";"Atropelamento de Animal";"Com Vítimas Feridas";"Amanhecer";"Crescente";"Céu Claro";"Dupla";"Reta";"Sim";1;0;1;0;0;0;1;1;-18,9113;-48,2622;"SPRF-MG";"DEL15-MG";"UOP01-DEL15-MG"
581620;2024-02-17;"sábado";"05:40:00";"RS";285;366,5;"SALDANHA MARINHO";"Ingestão de álcool pelo condutor";"Colisão lateral sentido oposto";"Com Vítimas Feridas";"Amanhecer";"Crescente";"Nublado";"Simples";"Curva";"Não";10;0;4;2;4;0;6;3;-28,387707;-53,029808;"SPRF-RS";"DEL08-RS";"UOP03-DEL08-RS"
581621;2024-02-17;"sábado";"06:50:00";"CE";116;13;"FORTALEZA";"Animais na Pista";"Colisão lateral mesmo sentido";"Com Vítimas Feridas";"Pleno dia";"Decrescente";"Céu Claro";"Múltipla";"Reta";"Sim";2;0;1;0;1;0;1;2;-3,86088501;-38,49715296;"SPRF-CE";"DEL01-CE";"UOP02-DEL01-CE"
581622;2024-02-17;"sábado";"05:00:00";"BA";407;5;"JUAZEIRO";"Ingestão de álcool pelo condutor";"Colisão traseira";"Com Vítimas Feridas";"Amanhecer";"Decrescente";"Céu Claro";"Simples";"Reta";"Sim";2;0;1;0;1;0;1;2;-9,44778544;-40,49043801;"SPRF-PE";"DEL06-PE";"UOP01-DEL06-PE"
581623;2024-02-17;"sábado";"06:30:00";"PR";163;184;"LINDOESTE";"Ingestão de álcool pelo condutor";"Saída de leito carroçável";"Com Vítimas Feridas";"Pleno dia";"Decrescente";"Céu Claro";"Dupla";"Reta";"Não";2;0;0;1;1;0;1;1;-25,14321919;-53,58795779;"SPRF-PR";"DEL05-PR";"UOP05-DEL05-PR"
581625;2024-02-17;"sábado";"06:25:00";"BA";101;807;"ITAMARAJU";"Mal súbito do condutor";"Colisão com objeto";"Sem Vítimas";"Pleno dia";"Crescente";"Nublado";"Simples";"Reta";"Sim";1;0;0;0;1;0;0;1;-17,18820805;-39,58798393;"SPRF-BA";"DEL09-BA";"UOP02-DEL09-BA"
581626;2024-02-17;"sábado";"01:31:00";"RJ";116;206;"SEROPEDICA";"Ausência de reação do condutor";"Colisão com objeto";"Com Vítimas Feridas";"Plena Noite";"Crescente";"Céu Claro";"Dupla";"Reta";"Sim";2;0;1;0;1;0;1;1;-22,72601603;-43,651569;"SPRF-RJ";"DEL06-RJ";"UOP02-DEL06-RJ"
581628;2024-02-17;"sábado";"07:15:00";"SC";470;43;"GASPAR";"Condutor deixou de manter distância do veículo da frente";"Colisão lateral mesmo sentido";"Com Vítimas Feridas";"Pleno dia";"Decrescente";"Céu Claro";"Simples";"Aclive;Reta                   ";"Não";2;0;1;0;1;0;1;2;-26,874519;-49,013454;"SPRF-SC";"DEL04-SC";"UOP01-DEL04-SC"
581629;2024-02-17;"sábado";"06:30:00";"PR";373;280;"PRUDENTOPOLIS";"Acumulo de água sobre o pavimento";"Saída de leito carroçável";"Sem Vítimas";"Pleno dia";"Decrescente";"Chuva";"Simples";"Declive;Reta                  ";"Não";1;0;0;0;0;1;0;1;-25,26825396;-51,09666914;"SPRF-PR";"DEL08-PR";"UOP01-DEL08-PR"
581630;2024-02-17;"sábado";"07:50:00";"RS";116;522,7;"PELOTAS";"Acessar a via sem observar a presença dos outros veículos";"Colisão lateral mesmo sentido";"Com Vítimas Feridas";"Pleno dia";"Decrescente";"Céu Claro";"Dupla";"Reta";"Não";5;0;0;1;4;0;1;2;-31,714441;-52,374715;"SPRF-RS";"DEL07-RS";"UOP01-DEL07-RS"
581632;2024-02-17;"sábado";"07:35:00";"MG";50;17;"ARAGUARI";"Ausência de reação do condutor";"Saída de leito carroçável";"Com Vítimas Feridas";"Amanhecer";"Crescente";"Garoa/Chuvisco";"Dupla";"Curva";"Não";1;0;0;1;0;0;1;1;-18,56358502;-48,05639606;"SPRF-MG";"DEL15-MG";"UOP02-DEL15-MG"
581633;2024-02-17;"sábado";"08:20:00";"ES";101;213;"IBIRACU";"Condutor deixou de manter distância do veículo da frente";"Colisão traseira";"Com Vítimas Feridas";"Pleno dia";"Decrescente";"Céu Claro";"Simples";"Reta";"Sim";4;0;1;0;3;0;1;3;-19,82352998;-40,36981894;"SPRF-ES";"DEL02-ES";"UOP01-DEL02-ES"
581634;2024-02-17;"sábado";"06:10:00";"RS";285;570,6;"SAO LUIZ GONZAGA";"Desrespeitar a preferência no cruzamento";"Colisão transversal";"Com Vítimas Feridas";"Amanhecer";"Crescente";"Nevoeiro/Neblina";"Simples";"Reta";"Sim";2;0;1;0;1;0;1;2;-28,414503;-54,995766;"SPRF-RS";"DEL12-RS";"UOP01-DEL12-RS"
581635;2024-02-17;"sábado";"06:20:00";"SC";282;633,7;"DESCANSO";"Velocidade Incompatível";"Saída de leito carroçável";"Com Vítimas Fatais";"Amanhecer";"Decrescente";"Céu Claro";"Simples";"Declive;Curva                 ";"Não";1;1;0;0;0;0;0;1;-26,82646435;-53,42026949;"SPRF-SC";"DEL07-SC";"UOP03-DEL07-SC"
581636;2024-02-17;"sábado";"08:00:00";"RJ";116;187;"NOVA IGUACU";"Pista esburacada";"Queda de ocupante de veículo";"Com Vítimas Feridas";"Pleno dia";"Decrescente";"Céu Claro";"Dupla";"Reta";"Sim";2;0;1;0;1;0;1;1;-22,73883756;-43,47245197;"SPRF-RJ";"DEL06-RJ";"UOP01-DEL06-RJ"
581637;2024-02-17;"sábado";"07:15:00";"AL";101;246,6;"PORTO REAL DO COLEGIO";"Velocidade Incompatível";"Saída de leito carroçável";"Com Vítimas Fatais";"Pleno dia";"Crescente";"Céu Claro";"Dupla";"Reta";"Sim";1;1;0;0;0;0;0;1;-10,19162376;-36,82542061;"SPRF-AL";"DEL02-AL";"UOP02-DEL02-AL"
581638;2024-02-17;"sábado";"07:45:00";"CE";304;50,5;"ARACATI";"Acesso irregular";"Colisão transversal";"Com Vítimas Feridas";"Pleno dia";"Crescente";"Céu Claro";"Simples";"Interseção de Vias;Reta       ";"Sim";4;0;1;0;3;0;1;2;-4,57352926;-37,76245988;"SPRF-CE";"DEL03-CE";"UOP03-DEL03-CE"
581639;2024-02-17;"sábado";"08:20:00";"RS";290;598;"ALEGRETE";"Condutor Dormindo";"Tombamento";"Com Vítimas Feridas";"Pleno dia";"Decrescente";"Céu Claro";"Simples";"Reta";"Não";3;0;2;0;0;1;2;2;-29,858183;-55,943901;"SPRF-RS";"DEL13-RS";"UOP02-DEL13-RS"
581640;2024-02-17;"sábado";"08:25:00";"SC";101;285,9;"IMBITUBA";"Reação tardia ou ineficiente do condutor";"Tombamento";"Com Vítimas Feridas";"Pleno dia";"Crescente";"Céu Claro";"Simples";"Aclive;Reta                   ";"Não";2;0;1;0;1;0;1;1;-28,24751602;-48,70070279;"SPRF-SC";"DEL02-SC";"UOP03-DEL02-SC"
581641;2024-02-17;"sábado";"08:00:00";"MG";381;543;"ITATIAIUCU";"Ausência de reação do condutor";"Tombamento";"Com Vítimas Feridas";"Pleno dia";"Decrescente";"Céu Claro";"Dupla";"Curva";"Não";2;0;2;0;0;0;2;1;-20,27336801;-44,42585498;"SPRF-MG";"DEL04-MG";"UOP03-DEL04-MG"
581642;2024-02-17;"sábado";"08:25:00";"BA";101;715,9;"EUNAPOLIS";"Condutor deixou de manter distância do veículo da frente";"Colisão traseira";"Com Vítimas Feridas";"Pleno dia";"Decrescente";"Céu Claro";"Simples";"Reta";"Sim";3;0;2;0;1;0;2;2;-16,355413;-39,579442;"SPRF-BA";"DEL09-BA";"UOP01-DEL09-BA"
581643;2024-02-17;"sábado";"08:56:00";"RN";226;55;"BOM JESUS";"Transitar na contramão";"Colisão frontal";"Com Vítimas Fatais";"Pleno dia";"Crescente";"Céu Claro";"Simples";"Curva";"Não";6;2;2;2;0;0;4;2;-6,0128699;-35,63923302;"SPRF-RN";"DEL01-RN";"UOP02-DEL01-RN"
581644;2024-02-17;"sábado";"08:50:00";"PE";101;184,2;"PALMARES";"Pedestre cruzava a pista fora da faixa";"Atropelamento de Pedestre";"Com Vítimas Feridas";"Pleno dia";"Decrescente";"Céu Claro";"Dupla";"Aclive;Retorno Regulamentado  ";"Sim";3;0;0;1;2;0;1;2;-8,66602702;-35,57292197;"SPRF-PE";"DEL01-PE";"UOP03-DEL01-PE"
581647;2024-02-16;"sexta-feira";"21:30:00";"RJ";116;325;"ITATIAIA";"Pedestre cruzava a pista fora da faixa";"Atropelamento de Pedestre";"Com Vítimas Fatais";"Plena Noite";"Decrescente";"Céu Claro";"Dupla";"Reta;Declive                  ";"Sim";2;1;0;0;0;1;0;2;-22,49520164;-44,57034743;"SPRF-RJ";"DEL07-RJ";"UOP02-DEL07-RJ"
581648;2024-02-17;"sábado";"10:00:00";"MG";40;802;"MATIAS BARBOSA";"Condutor deixou de manter distância do veículo da frente";"Colisão traseira";"Com Vítimas Feridas";"Pleno dia";"Crescente";"Céu Claro";"Dupla";"Reta";"Não";5;0;1;0;4;0;1;2;-21,84672919;-43,37899486;"SPRF-MG";"DEL05-MG";"UOP01-DEL05-MG"
581651;2024-02-13;"terça-feira";"16:30:00";"PR";158;538;"PATO BRANCO";"Velocidade Incompatível";"Colisão frontal";"Com Vítimas Feridas";"Pleno dia";"Crescente";"Nublado";"Simples";"Curva";"Não";2;0;1;0;1;0;1;2;-26,25603095;-52,70878155;"SPRF-PR";"DEL02-PR";"UOP01-DEL02-PR"
581652;2024-02-17;"sábado";"10:00:00";"RJ";101;299;"ITABORAI";"Reação tardia ou ineficiente do condutor";"Colisão lateral mesmo sentido";"Com Vítimas Feridas";"Pleno dia";"Crescente";"Céu Claro";"Múltipla";"Reta";"Sim";3;0;1;0;2;0;1;2;-22,77432673;-42,93823207;"SPRF-RJ";"DEL02-RJ";"UOP02-DEL02-RJ"
581655;2024-02-17;"sábado";"10:35:00";"SP";101;51,1;"UBATUBA";"Acessar a via sem observar a presença dos outros veículos";"Colisão transversal";"Com Vítimas Feridas";"Pleno dia";"Crescente";"Céu Claro";"Simples";"Reta";"Sim";2;0;1;0;1;0;1;2;-23,45627795;-45,07111896;"SPRF-SP";"DEL06-SP";"UOP01-DEL06-SP"
581656;2024-02-17;"sábado";"10:00:00";"PR";277;80;"CURITIBA";"Reação tardia ou ineficiente do condutor";"Colisão traseira";"Com Vítimas Feridas";"Pleno dia";"Decrescente";"Nublado";"Dupla";"Reta";"Sim";2;0;1;0;1;0;1;2;-25,568939;-49,181978;"SPRF-PR";"DEL01-PR";"UOP07-DEL01-PR"
581657;2024-02-17;"sábado";"10:30:00";"RN";110;48,5;"MOSSORO";"Ausência de reação do condutor";"Colisão lateral mesmo sentido";"Com Vítimas Feridas";"Pleno dia";"Decrescente";"Céu Claro";"Dupla";"Curva";"Sim";3;0;2;0;1;0;2;2;-5,2117117;-37,33224034;"SPRF-RN";"DEL04-RN";"UOP01-DEL04-RN"
581658;2024-02-17;"sábado";"11:00:00";"PR";153;384;"MALLET";"Transitar na contramão";"Colisão frontal";"Com Vítimas Fatais";"Pleno dia";"Crescente";"Céu Claro";"Simples";"Curva";"Não";2;1;0;0;1;0;0;2;-25,83457601;-50,83898718;"SPRF-PR";"DEL08-PR";"UOP02-DEL08-PR"
581659;2024-02-17;"sábado";"10:50:00";"BA";101;404,7;"IBIRAPITANGA";"Desvio temporário";"Colisão lateral sentido oposto";"Com Vítimas Feridas";"Pleno dia";"Decrescente";"Sol";"Simples";"Curva";"Não";2;0;0;1;1;0;1;2;-14,0224768;-39,4244412;"SPRF-BA";"DEL05-BA";"UOP03-DEL05-BA"
581661;2024-02-17;"sábado";"09:00:00";"BA";101;679;"ITAGIMIRIM";"Acessar a via sem observar a presença dos outros veículos";"Colisão transversal";"Com Vítimas Feridas";"Pleno dia";"Decrescente";"Céu Claro";"Simples";"Reta";"Não";2;0;1;0;1;0;1;2;-16,07748587;-39,62116241;"SPRF-BA";"DEL09-BA";"UOP01-DEL09-BA"
581662;2024-02-17;"sábado";"11:05:00";"MG";381;483,5;"BETIM";"Manobra de mudança de faixa";"Colisão traseira";"Com Vítimas Feridas";"Pleno dia";"Decrescente";"Sol";"Dupla";"Reta";"Sim";2;0;1;0;1;0;1;2;-19,95594491;-44,10721699;"SPRF-MG";"DEL01-MG";"UOP03-DEL01-MG"
581663;2024-02-17;"sábado";"11:30:00";"MG";381;490,9;"BETIM";"Manobra de mudança de faixa";"Tombamento";"Com Vítimas Feridas";"Pleno dia";"Decrescente";"Céu Claro";"Múltipla";"Aclive;Reta                   ";"Sim";1;0;1;0;0;0;1;1;-19,97018187;-44,18210416;"SPRF-MG";"DEL01-MG";"UOP03-DEL01-MG"
581664;2024-02-17;"sábado";"11:30:00";"SP";381;69;"MAIRIPORA";"Reação tardia ou ineficiente do condutor";"Colisão com objeto";"Com Vítimas Feridas";"Pleno dia";"Decrescente";"Nublado";"Dupla";"Curva;Aclive                  ";"Não";1;0;0;1;0;0;1;1;-23,34553108;-46,56787903;"SPRF-SP";"DEL03-SP";"UOP01-DEL03-SP"
581667;2024-02-09;"sexta-feira";"21:10:00";"MG";NA;NA;"ITAOBIM";"Afundamento ou ondulação no pavimento";"Tombamento";"Com Vítimas Feridas";"Plena Noite";"Não Informado";"Ignorado";"Simples";"Curva";"Não";2;0;2;0;0;0;2;1;-16,57598424;-41,49059772;"SPRF-MG";"DEL11-MG";"UOP02-DEL11-MG"
581669;2024-02-17;"sábado";"12:45:00";"SC";101;120;"ITAJAI";"Condutor deixou de manter distância do veículo da frente";"Colisão traseira";"Com Vítimas Feridas";"Pleno dia";"Decrescente";"Nublado";"Múltipla";"Reta";"Sim";2;0;0;1;1;0;1;2;-26,912758;-48,711998;"SPRF-SC";"DEL04-SC";"UOP04-DEL04-SC"
581670;2024-02-17;"sábado";"13:00:00";"MG";381;485;"BETIM";"Demais falhas mecânicas ou elétricas";"Colisão traseira";"Com Vítimas Feridas";"Pleno dia";"Crescente";"Nublado";"Dupla";"Aclive;Reta                   ";"Sim";4;0;2;2;0;0;4;2;-19,9563907;-44,1013485;"SPRF-MG";"DEL01-MG";"UOP03-DEL01-MG"
581671;2024-02-17;"sábado";"13:10:00";"MG";381;448;"SANTA LUZIA";"Ausência de reação do condutor";"Capotamento";"Com Vítimas Feridas";"Pleno dia";"Crescente";"Céu Claro";"Simples";"Reta;Aclive                   ";"Não";8;0;5;0;3;0;5;1;-19,83435173;-43,85962899;"SPRF-MG";"DEL01-MG";"UOP01-DEL01-MG"
581672;2024-02-17;"sábado";"12:00:00";"SC";282;4,3;"SAO JOSE";"Reação tardia ou ineficiente do condutor";"Colisão transversal";"Com Vítimas Feridas";"Pleno dia";"Decrescente";"Nublado";"Dupla";"Reta";"Sim";2;0;1;0;1;0;1;2;-27,592646;-48,604034;"SPRF-SC";"DEL01-SC";"UOP01-DEL01-SC"
581674;2024-02-17;"sábado";"09:30:00";"RJ";40;47;"PETROPOLIS";"Reação tardia ou ineficiente do condutor";"Colisão lateral mesmo sentido";"Com Vítimas Feridas";"Pleno dia";"Decrescente";"Céu Claro";"Dupla";"Curva";"Não";5;0;3;0;2;0;3;2;-22,29169833;-43,1279826;"SPRF-RJ";"DEL05-RJ";"UOP02-DEL05-RJ"
581675;2024-02-17;"sábado";"13:55:00";"RJ";116;308;"RESENDE";"Demais falhas mecânicas ou elétricas";"Queda de ocupante de veículo";"Com Vítimas Feridas";"Pleno dia";"Crescente";"Céu Claro";"Dupla";"Reta";"Sim";2;0;2;0;0;0;2;1;-22,45783299;-44,418685;"SPRF-RJ";"DEL07-RJ";"UOP02-DEL07-RJ"