"id";"data_inversa";"dia_semana";"horario";"uf";"br";"km";"municipio";"causa_acidente";"tipo_acidente";"classificacao_acidente";"fase_dia";"sentido_via";"condicao_metereologica";"tipo_pista";"tracado_via";"uso_solo";"pessoas";"mortos";"feridos_leves";"feridos_graves";"ilesos";"ignorados";"feridos";"veiculos";"latitude";"longitude";"regional";"delegacia";"uop"
582027;2024-02-19;"segunda-feira";"11:40:00";"PE";232;177;"BELO JARDIM";"Mal súbito do condutor";"Queda de ocupante de veículo";"Com Vítimas Feridas";"Pleno dia";"Decrescente";"Céu Claro";"Simples";"Reta";"Sim";1;0;0;1;0;0;1;1;-8,34884045;-36,4032249;"SPRF-PE";"DEL03-PE";"UOP02-DEL03-PE"
582028;2024-02-19;"segunda-feira";"10:30:00";"MT";70;127,5;"GENERAL CARNEIRO";"Ausência de reação do condutor";"Colisão com objeto";"Com Vítimas Feridas";"Pleno dia";"Crescente";"Chuva";"Simples";"Reta";"Não";1;0;1;0;0;0;1;1;-15,58212421;-53,17766205;"SPRF-MT";"DEL07-MT";"UOP01-DEL07-MT"
582029;2024-02-19;"segunda-feira";"00:55:00";"SP";116;567;"BARRA DO TURVO";"Reação tardia ou ineficiente do condutor";"Capotamento";"Sem Vítimas";"Plena Noite";"Crescente";"Chuva";"Simples";"Declive;Curva                 ";"Não";2;0;0;0;2;0;0;1;-25,0475499;-48,55355172;"SPRF-SP";"DEL05-SP";"UOP02-DEL05-SP"
582032;2024-02-19;"segunda-feira";"08:37:00";"SC";101;205;"SAO JOSE";"Animais na Pista";"Atropelamento de Animal";"Sem Vítimas";"Pleno dia";"Crescente";"Nublado";"Simples";"Curva";"Sim";1;0;0;0;1;0;0;1;-27,58313237;-48,61532885;"SPRF-SC";"DEL01-SC";"UOP01-DEL01-SC"
582034;2024-02-19;"segunda-feira";"12:00:00";"PR";476;148;"ARAUCARIA";"Ausência de reação do condutor";"Tombamento";"Com Vítimas Feridas";"Pleno dia";"Crescente";"Céu Claro";"Dupla";"Reta";"Sim";1;0;1;0;0;0;1;1;-25,557121;-49,348732;"SPRF-PR";"DEL01-PR";"UOP06-DEL01-PR"
582036;2024-02-19;"segunda-feira";"10:35:00";"MG";116;273,9;"TEOFILO OTONI";"Reação tardia ou ineficiente do condutor";"Colisão lateral mesmo sentido";"Com Vítimas Feridas";"Pleno dia";"Crescente";"Céu Claro";"Simples";"Reta";"Sim";4;0;1;0;3;0;1;2;-17,82616139;-41,50619857;"SPRF-MG";"DEL11-MG";"UOP01-DEL11-MG"
582037;2024-02-19;"segunda-feira";"11:58:00";"TO";153;144;"ARAGUAINA";"Acessar a via sem observar a presença dos outros veículos";"Colisão lateral mesmo sentido";"Sem Vítimas";"Pleno dia";"Crescente";"Nublado";"Dupla";"Interseção de Vias;Rotatória  ";"Sim";7;0;0;0;7;0;0;3;-7,19329536;-48,23530197;"SPRF-TO";"DEL02-TO";"UOP01-DEL02-TO"
582038;2024-02-19;"segunda-feira";"13:00:00";"SP";116;146,8;"SAO JOSE DOS CAMPOS";"Condutor deixou de manter distância do veículo da frente";"Colisão traseira";"Com Vítimas Feridas";"Pleno dia";"Decrescente";"Céu Claro";"Dupla";"Declive;Reta                  ";"Sim";3;0;2;0;1;0;2;2;-23,19122919;-45,86327591;"SPRF-SP";"DEL02-SP";"UOP01-DEL02-SP"
582039;2024-02-19;"segunda-feira";"12:20:00";"PR";277;41;"MORRETES";"Reação tardia ou ineficiente do condutor";"Colisão com objeto";"Com Vítimas Feridas";"Pleno dia";"Decrescente";"Céu Claro";"Dupla";"Reta";"Não";1;0;0;1;0;0;1;1;-25,57183811;-48,83586205;"SPRF-PR";"DEL01-PR";"UOP01-DEL01-PR"
582040;2024-02-19;"segunda-feira";"13:00:00";"RJ";116;137,5;"MAGE";"Manobra de mudança de faixa";"Colisão lateral mesmo sentido";"Com Vítimas Feridas";"Pleno dia";"Crescente";"Céu Claro";"Múltipla";"Retorno Regulamentado;Reta    ";"Sim";3;0;2;0;1;0;2;2;-22,64716534;-43,18817854;"SPRF-RJ";"DEL04-RJ";"UOP02-DEL04-RJ"
582047;2024-02-19;"segunda-feira";"11:40:00";"RO";364;237,5;"CACOAL";"Reação tardia ou ineficiente do condutor";"Colisão lateral mesmo sentido";"Sem Vítimas";"Pleno dia";"Crescente";"Céu Claro";"Simples";"Declive;Reta                  ";"Sim";3;0;0;0;3;0;0;2;-11,44341056;-61,44672787;"SPRF-RO";"DEL02-RO";"UOP02-DEL02-RO"
582049;2024-02-19;"segunda-feira";"13:30:00";"RS";285;299,1;"PASSO FUNDO";"Ausência de reação do condutor";"Colisão transversal";"Com Vítimas Feridas";"Pleno dia";"Crescente";"Chuva";"Simples";"Reta";"Não";2;0;1;0;1;0;1;2;-28,234184;-52,43314;"SPRF-RS";"DEL08-RS";"UOP03-DEL08-RS"
582051;2024-02-19;"segunda-feira";"13:25:00";"RJ";393;264;"BARRA DO PIRAI";"Condutor Dormindo";"Colisão lateral sentido oposto";"Com Vítimas Feridas";"Pleno dia";"Crescente";"Céu Claro";"Simples";"Curva";"Não";3;0;1;0;2;0;1;2;-22,47328398;-43,87583401;"SPRF-RJ";"DEL05-RJ";"UOP04-DEL05-RJ"
582052;2024-02-19;"segunda-feira";"07:45:00";"SC";280;81,8;"CORUPA";"Condutor deixou de manter distância do veículo da frente";"Colisão lateral mesmo sentido";"Com Vítimas Feridas";"Pleno dia";"Crescente";"Céu Claro";"Simples";"Reta";"Sim";2;0;1;0;1;0;1;2;-26,43670412;-49,24016476;"SPRF-SC";"DEL06-SC";"UOP03-DEL06-SC"
582056;2024-02-19;"segunda-feira";"12:10:00";"MG";40;22;"PARACATU";"Transitar na contramão";"Colisão frontal";"Com Vítimas Fatais";"Pleno dia";"Crescente";"Chuva";"Simples";"Curva";"Não";3;1;0;2;0;0;2;2;-17,113941;-46,992677;"SPRF-MG";"DEL14-MG";"UOP01-DEL14-MG"
582057;2024-02-19;"segunda-feira";"14:05:00";"SC";280;28,5;"ARAQUARI";"Acessar a via sem observar a presença dos outros veículos";"Colisão transversal";"Com Vítimas Feridas";"Pleno dia";"Decrescente";"Céu Claro";"Simples";"Reta";"Sim";3;0;1;0;2;0;1;2;-26,40450077;-48,74561031;"SPRF-SC";"DEL03-SC";"UOP03-DEL03-SC"
582059;2024-02-12;"segunda-feira";"00:30:00";"SP";116;224;"GUARULHOS";"Pista Escorregadia";"Tombamento";"Com Vítimas Feridas";"Plena Noite";"Decrescente";"Ignorado";"Múltipla";"Em Obras;Reta                 ";"Sim";1;0;1;0;0;0;1;1;-23,48071896;-46,53271603;"SPRF-SP";"DEL01-SP";"UOP01-DEL01-SP"
582064;2024-02-19;"segunda-feira";"14:40:00";"MG";262;446,4;"NOVA SERRANA";"Acesso irregular";"Colisão transversal";"Com Vítimas Feridas";"Pleno dia";"Crescente";"Céu Claro";"Dupla";"Reta";"Sim";2;0;1;0;1;0;1;2;-19,87514825;-44,95031205;"SPRF-MG";"DEL08-MG";"UOP03-DEL08-MG"
582068;2024-02-16;"sexta-feira";"06:30:00";"PR";376;653;"TIJUCAS DO SUL";"Demais falhas mecânicas ou elétricas";"Incêndio";"Sem Vítimas";"Pleno dia";"Decrescente";"Céu Claro";"Dupla";"Curva";"Não";1;0;0;0;1;0;0;1;-25,84420191;-49,0604381;"SPRF-PR";"DEL01-PR";"UOP04-DEL01-PR"
582069;2024-02-19;"segunda-feira";"15:00:00";"SC";101;110;"PENHA";"Demais falhas mecânicas ou elétricas";"Queda de ocupante de veículo";"Com Vítimas Feridas";"Pleno dia";"Decrescente";"Sol";"Dupla";"Reta";"Sim";1;0;0;1;0;0;1;1;-26,83477;-48,706151;"SPRF-SC";"DEL03-SC";"UOP02-DEL03-SC"
582070;2024-02-19;"segunda-feira";"14:45:00";"MG";251;509,5;"FRANCISCO SA";"Transitar na contramão";"Colisão frontal";"Com Vítimas Feridas";"Pleno dia";"Decrescente";"Nublado";"Simples";"Aclive;Reta                   ";"Não";29;0;0;1;28;0;1;2;-16,64971316;-43,71299785;"SPRF-MG";"DEL12-MG";"UOP01-DEL12-MG"
582073;2024-02-19;"segunda-feira";"15:40:00";"SP";101;46;"UBATUBA";"Velocidade Incompatível";"Colisão lateral mesmo sentido";"Com Vítimas Feridas";"Pleno dia";"Decrescente";"Céu Claro";"Simples";"Reta";"Sim";2;0;1;0;1;0;1;2;-23,42403383;-45,07492113;"SPRF-SP";"DEL06-SP";"UOP01-DEL06-SP"
582074;2024-02-19;"segunda-feira";"14:15:00";"SP";153;87,8;"MIRASSOL";"Condutor deixou de manter distância do veículo da frente";"Colisão traseira";"Com Vítimas Feridas";"Pleno dia";"Decrescente";"Chuva";"Simples";"Aclive;Reta;Em Obras          ";"Não";2;0;1;0;1;0;1;2;-20,94498178;-49,53459612;"SPRF-SP";"DEL09-SP";"UOP01-DEL09-SP"
582075;2024-02-08;"quinta-feira";"06:45:00";"BA";101;224,6;"CONCEICAO DO ALMEIDA";"Transitar no Acostamento";"Colisão frontal";"Sem Vítimas";"Pleno dia";"Crescente";"Céu Claro";"Simples";"Reta";"Não";2;0;0;0;0;2;0;2;-12,78435291;-39,18869531;"SPRF-BA";"DEL01-BA";"UOP02-DEL01-BA"
582076;2024-02-19;"segunda-feira";"12:50:00";"MT";174;520;"COMODORO";"Avarias e/ou desgaste excessivo no pneu";"Saída de leito carroçável";"Com Vítimas Feridas";"Pleno dia";"Decrescente";"Céu Claro";"Simples";"Reta";"Não";3;0;2;0;0;1;2;2;-13,36325973;-59,86695251;"SPRF-MT";"DEL04-MT";"UOP02-DEL04-MT"
582077;2024-02-17;"sábado";"23:15:00";"SC";470;12;"NAVEGANTES";"Acumulo de água sobre o pavimento";"Saída de leito carroçável";"Com Vítimas Feridas";"Plena Noite";"Crescente";"Chuva";"Dupla";"Reta";"Não";3;0;3;0;0;0;3;1;-26,835169;-48,757267;"SPRF-SC";"DEL04-SC";"UOP04-DEL04-SC"
582078;2024-01-15;"segunda-feira";"07:10:00";"SC";280;82;"CORUPA";"Acessar a via sem observar a presença dos outros veículos";"Colisão lateral sentido oposto";"Com Vítimas Feridas";"Amanhecer";"Crescente";"Céu Claro";"Simples";"Reta";"Não";3;0;1;0;2;0;1;3;-26,44009491;-49,22605498;"SPRF-SC";"DEL06-SC";"UOP03-DEL06-SC"
582080;2024-02-19;"segunda-feira";"14:20:00";"SC";470;52,3;"BLUMENAU";"Desrespeitar a preferência no cruzamento";"Colisão transversal";"Com Vítimas Feridas";"Pleno dia";"Decrescente";"Sol";"Simples";"Retorno Regulamentado";"Sim";3;0;2;0;1;0;2;2;-26,86616821;-49,1003412;"SPRF-SC";"DEL04-SC";"UOP01-DEL04-SC"
582081;2024-01-13;"sábado";"06:00:00";"PI";343;0,9;"TERESINA";"Retorno proibido";"Colisão traseira";"Sem Vítimas";"Amanhecer";"Crescente";"Nublado";"Dupla";"Reta;Retorno Regulamentado;Acl";"Sim";3;0;0;0;3;0;0;3;-5,080156;-42,757565;"SPRF-PI";"DEL05-PI";"UOP01-DEL05-PI"
582083;2024-02-19;"segunda-feira";"12:30:00";"MG";381;528;"BRUMADINHO";"Reação tardia ou ineficiente do condutor";"Colisão com objeto";"Com Vítimas Feridas";"Pleno dia";"Decrescente";"Nublado";"Dupla";"Curva";"Não";5;0;1;1;3;0;2;1;-20,17327539;-44,37545454;"SPRF-MG";"DEL04-MG";"UOP03-DEL04-MG"
582084;2024-02-19;"segunda-feira";"16:00:00";"MG";381;481,8;"CONTAGEM";"Reação tardia ou ineficiente do condutor";"Engavetamento";"Com Vítimas Feridas";"Pleno dia";"Crescente";"Garoa/Chuvisco";"Múltipla";"Reta";"Não";5;0;2;0;3;0;2;3;-19,95896803;-44,06990129;"SPRF-MG";"DEL01-MG";"UOP03-DEL01-MG"
582085;2024-02-19;"segunda-feira";"16:00:00";"RS";471;587,4;"SANTA VITORIA DO PALMAR";"Manobra de mudança de faixa";"Colisão frontal";"Com Vítimas Feridas";"Pleno dia";"Crescente";"Nublado";"Simples";"Reta";"Não";6;0;2;0;3;1;2;3;-33,099941;-52,914959;"SPRF-RS";"DEL07-RS";"UOP04-DEL07-RS"
582086;2024-02-19;"segunda-feira";"16:30:00";"RS";290;93;"PORTO ALEGRE";"Manobra de mudança de faixa";"Colisão lateral mesmo sentido";"Com Vítimas Feridas";"Pleno dia";"Decrescente";"Céu Claro";"Múltipla";"Reta";"Sim";2;0;1;0;1;0;1;2;-29,970839;-51,187725;"SPRF-RS";"DEL01-RS";"UOP01-DEL01-RS"
582087;2024-02-19;"segunda-feira";"12:15:00";"PR";277;361,7;"GUARAPUAVA";"Reação tardia ou ineficiente do condutor";"Colisão frontal";"Com Vítimas Fatais";"Pleno dia";"Crescente";"Garoa/Chuvisco";"Simples";"Reta";"Não";7;1;1;5;0;0;6;3;-25,439285;-51,62458;"SPRF-PR";"DEL08-PR";"UOP01-DEL08-PR"
582088;2024-02-19;"segunda-feira";"16:20:00";"SC";101;204,7;"SAO JOSE";"Condutor deixou de manter distância do veículo da frente";"Colisão lateral mesmo sentido";"Com Vítimas Feridas";"Pleno dia";"Decrescente";"Céu Claro";"Múltipla";"Reta";"Sim";2;0;1;0;1;0;1;2;-27,58039713;-48,61405134;"SPRF-SC";"DEL01-SC";"UOP01-DEL01-SC"
582090;2024-02-19;"segunda-feira";"16:10:00";"MT";70;8;"BARRA DO GARCAS";"Área urbana sem a presença de local apropriado para a travessia de pedestres";"Atropelamento de Pedestre";"Com Vítimas Feridas";"Pleno dia";"Crescente";"Nublado";"Simples";"Reta";"Não";2;0;1;0;1;0;1;2;-15,87825854;-52,325823;"SPRF-MT";"DEL07-MT";"UOP01-DEL07-MT"
582091;2024-02-19;"segunda-feira";"16:20:00";"RJ";116;181;"NOVA IGUACU";"Ausência de reação do condutor";"Colisão traseira";"Com Vítimas Feridas";"Pleno dia";"Crescente";"Sol";"Múltipla";"Aclive;Reta                   ";"Não";2;0;1;0;1;0;1;2;-22,761312;-43,423492;"SPRF-RJ";"DEL06-RJ";"UOP01-DEL06-RJ"
582092;2024-02-19;"segunda-feira";"17:00:00";"PR";277;7,5;"PARANAGUA";"Reação tardia ou ineficiente do condutor";"Colisão traseira";"Com Vítimas Feridas";"Pleno dia";"Crescente";"Céu Claro";"Dupla";"Rotatória";"Sim";2;0;1;0;1;0;1;2;-25,568198;-48,615292;"SPRF-PR";"DEL01-PR";"UOP05-DEL01-PR"
582094;2024-02-19;"segunda-feira";"12:20:00";"MG";365;376,9;"PATOS DE MINAS";"Chuva";"Colisão frontal";"Com Vítimas Fatais";"Pleno dia";"Crescente";"Chuva";"Simples";"Reta";"Não";4;2;1;1;0;0;2;2;-18,54013425;-46,18821401;"SPRF-MG";"DEL10-MG";"UOP01-DEL10-MG"
582095;2024-02-19;"segunda-feira";"13:30:00";"MG";40;694,9;"ALFREDO VASCONCELOS";"Demais falhas mecânicas ou elétricas";"Incêndio";"Sem Vítimas";"Pleno dia";"Crescente";"Nublado";"Simples";"Curva";"Não";1;0;0;0;1;0;0;1;-21,163649;-43,759724;"SPRF-MG";"DEL05-MG";"UOP02-DEL05-MG"
582096;2024-02-07;"quarta-feira";"09:30:00";"SP";116;219;"GUARULHOS";"Reação tardia ou ineficiente do condutor";"Colisão lateral mesmo sentido";"Com Vítimas Feridas";"Pleno dia";"Crescente";"Céu Claro";"Múltipla";"Reta";"Sim";3;0;1;0;2;0;1;3;-23,46143954;-46,48885316;"SPRF-SP";"DEL01-SP";"UOP01-DEL01-SP"
582099;2024-02-19;"segunda-feira";"17:45:00";"PE";428;189;"PETROLINA";"Condutor deixou de manter distância do veículo da frente";"Colisão lateral mesmo sentido";"Com Vítimas Feridas";"Anoitecer";"Crescente";"Nublado";"Dupla";"Reta";"Sim";3;0;2;0;0;1;2;2;-9,37666155;-40,49815357;"SPRF-PE";"DEL06-PE";"UOP01-DEL06-PE"
582100;2024-02-19;"segunda-feira";"16:20:00";"RS";290;81;"GRAVATAI";"Velocidade Incompatível";"Saída de leito carroçável";"Com Vítimas Feridas";"Pleno dia";"Crescente";"Céu Claro";"Simples";"Curva";"Não";1;0;1;0;0;0;1;1;-29,954445;-51,06881;"SPRF-RS";"DEL01-RS";"UOP01-DEL01-RS"
582102;2024-02-19;"segunda-feira";"17:20:00";"SP";101;50;"UBATUBA";"Reação tardia ou ineficiente do condutor";"Colisão lateral mesmo sentido";"Com Vítimas Feridas";"Pleno dia";"Decrescente";"Nublado";"Simples";"Reta";"Sim";2;0;2;0;0;0;2;2;-23,45018939;-45,07743735;"SPRF-SP";"DEL06-SP";"UOP01-DEL06-SP"
582103;2024-02-19;"segunda-feira";"17:45:00";"PR";376;5,3;"MARINGA";"Pista Escorregadia";"Saída de leito carroçável";"Com Vítimas Feridas";"Pleno dia";"Crescente";"Chuva";"Dupla";"Declive";"Não";4;0;2;1;1;0;3;2;-23,38035298;-51,95200682;"SPRF-PR";"DEL09-PR";"UOP01-DEL09-PR"
582106;2024-02-19;"segunda-feira";"18:30:00";"PR";376;178,5;"MARINGA";"Pista Escorregadia";"Tombamento";"Com Vítimas Feridas";"Pleno dia";"Decrescente";"Nublado";"Dupla";"Interseção de Vias";"Sim";2;0;1;0;1;0;1;2;-23,4192146;-51,91293985;"SPRF-PR";"DEL09-PR";"UOP01-DEL09-PR"
582107;2024-02-19;"segunda-feira";"18:00:00";"PE";101;49;"IGARASSU";"Acessar a via sem observar a presença dos outros veículos";"Colisão lateral mesmo sentido";"Com Vítimas Feridas";"Plena Noite";"Crescente";"Céu Claro";"Múltipla";"Curva";"Sim";3;0;2;0;1;0;2;2;-7,9005152;-34,90180641;"SPRF-PE";"DEL01-PE";"UOP02-DEL01-PE"
582108;2024-02-19;"segunda-feira";"18:05:00";"CE";116;5,2;"FORTALEZA";"Reação tardia ou ineficiente do condutor";"Colisão lateral mesmo sentido";"Com Vítimas Feridas";"Plena Noite";"Crescente";"Céu Claro";"Dupla";"Reta";"Sim";4;0;2;0;2;0;2;3;-3,79467116;-38,50772734;"SPRF-CE";"DEL01-CE";"UOP02-DEL01-CE"
582109;2024-02-19;"segunda-feira";"17:45:00";"MG";381;850;"POUSO ALEGRE";"Velocidade Incompatível";"Colisão transversal";"Com Vítimas Feridas";"Pleno dia";"Decrescente";"Chuva";"Simples";"Interseção de Vias";"Sim";2;0;1;0;1;0;1;2;-22,24346643;-45,88278365;"SPRF-MG";"DEL16-MG";"UOP01-DEL16-MG"
582110;2024-02-19;"segunda-feira";"18:50:00";"RJ";465;10;"SEROPEDICA";"Acessar a via sem observar a presença dos outros veículos";"Colisão transversal";"Sem Vítimas";"Plena Noite";"Crescente";"Garoa/Chuvisco";"Simples";"Reta";"Sim";2;0;0;0;1;1;0;2;-22,777218;-43,663025;"SPRF-RJ";"DEL06-RJ";"UOP02-DEL06-RJ"
582111;2024-02-19;"segunda-feira";"19:10:00";"PB";230;516;"CAJAZEIRAS";"Demais falhas mecânicas ou elétricas";"Queda de ocupante de veículo";"Com Vítimas Feridas";"Plena Noite";"Crescente";"Céu Claro";"Simples";"Reta";"Não";1;0;0;1;0;0;1;1;-6,8753;-38,6397;"SPRF-PB";"DEL03-PB";"UOP03-DEL03-PB"
582115;2024-02-19;"segunda-feira";"10:50:00";"MG";116;763,1;"LEOPOLDINA";"Condutor deixou de manter distância do veículo da frente";"Colisão traseira";"Com Vítimas Feridas";"Pleno dia";"Crescente";"Céu Claro";"Simples";"Curva";"Sim";2;0;1;0;1;0;1;2;-21,52635545;-42,63256914;"SPRF-MG";"DEL07-MG";"UOP01-DEL07-MG"
582116;2024-02-19;"segunda-feira";"14:50:00";"RJ";40;112;"DUQUE DE CAXIAS";"Avarias e/ou desgaste excessivo no pneu";"Tombamento";"Com Vítimas Feridas";"Pleno dia";"Decrescente";"Chuva";"Múltipla";"Reta";"Sim";2;0;1;0;1;0;1;1;-22,7004454;-43,29014851;"SPRF-RJ";"DEL01-RJ";"UOP02-DEL01-RJ"
582119;2024-02-19;"segunda-feira";"20:20:00";"CE";116;11;"FORTALEZA";"Acessar a via sem observar a presença dos outros veículos";"Colisão transversal";"Com Vítimas Feridas";"Plena Noite";"Crescente";"Céu Claro";"Dupla";"Reta";"Sim";3;0;1;0;1;1;1;2;-3,84273001;-38,49954646;"SPRF-CE";"DEL01-CE";"UOP02-DEL01-CE"
582120;2024-02-19;"segunda-feira";"20:30:00";"PE";101;79,4;"RECIFE";"Animais na Pista";"Atropelamento de Animal";"Com Vítimas Feridas";"Plena Noite";"Decrescente";"Céu Claro";"Dupla";"Curva";"Não";2;0;2;0;0;0;2;1;-8,14366112;-34,94723453;"SPRF-PE";"DEL01-PE";"UOP01-DEL01-PE"
582121;2024-02-19;"segunda-feira";"19:00:00";"GO";60;374;"RIO VERDE";"Reação tardia ou ineficiente do condutor";"Saída de leito carroçável";"Com Vítimas Feridas";"Plena Noite";"Decrescente";"Chuva";"Dupla";"Reta;Declive                  ";"Não";2;0;1;0;1;0;1;1;-17,7179;-50,8566;"SPRF-GO";"DEL04-GO";"UOP02-DEL04-GO"
582122;2024-02-19;"segunda-feira";"20:45:00";"ES";101;298;"VIANA";"Velocidade Incompatível";"Colisão com objeto";"Com Vítimas Fatais";"Plena Noite";"Decrescente";"Nublado";"Dupla";"Reta;Viaduto                  ";"Sim";1;1;0;0;0;0;0;1;-20,35374444;-40,4156433;"SPRF-ES";"DEL01-ES";"UOP01-DEL01-ES"
582125;2024-02-19;"segunda-feira";"07:20:00";"BA";407;126;"SENHOR DO BONFIM";"Ingestão de álcool pelo condutor";"Colisão lateral mesmo sentido";"Sem Vítimas";"Plena Noite";"Decrescente";"Nublado";"Simples";"Rotatória";"Sim";3;0;0;0;3;0;0;2;-10,4558193;-40,18119143;"SPRF-BA";"DEL04-BA";"UOP01-DEL04-BA"
582127;2024-02-19;"segunda-feira";"19:15:00";"MS";163;615;"SAO GABRIEL DO OESTE";"Acessar a via sem observar a presença dos outros veículos";"Colisão transversal";"Com Vítimas Feridas";"Plena Noite";"Crescente";"Céu Claro";"Simples";"Reta;Interseção de Vias       ";"Sim";2;0;1;0;1;0;1;2;-19,39850778;-54,56579964;"SPRF-MS";"DEL06-MS";"UOP02-DEL06-MS"
582128;2024-02-19;"segunda-feira";"20:15:00";"SC";101;132,8;"BALNEARIO CAMBORIU";"Reação tardia ou ineficiente do condutor";"Colisão traseira";"Com Vítimas Feridas";"Plena Noite";"Crescente";"Céu Claro";"Simples";"Reta";"Sim";2;0;0;1;1;0;1;2;-26,99654133;-48,65564711;"SPRF-SC";"DEL04-SC";"UOP03-DEL04-SC"
582129;2024-02-19;"segunda-feira";"19:30:00";"MG";365;267;"JOAO PINHEIRO";"Transitar na contramão";"Colisão lateral sentido oposto";"Sem Vítimas";"Plena Noite";"Crescente";"Nublado";"Simples";"Curva";"Não";5;0;0;0;5;0;0;2;-17,90390408;-45,56772102;"SPRF-MG";"DEL10-MG";"UOP02-DEL010-MG"
582130;2024-02-19;"segunda-feira";"21:30:00";"SP";381;10;"VARGEM";"Ingestão de álcool pelo condutor";"Saída de leito carroçável";"Com Vítimas Feridas";"Plena Noite";"Decrescente";"Nublado";"Dupla";"Reta;Declive                  ";"Não";2;0;1;0;1;0;1;1;-22,92240388;-46,44345503;"SPRF-SP";"DEL03-SP";"UOP02-DEL03-SP"
582131;2024-02-19;"segunda-feira";"21:00:00";"PR";277;18;"PARANAGUA";"Suicídio (presumido)";"Atropelamento de Pedestre";"Com Vítimas Feridas";"Plena Noite";"Crescente";"Nublado";"Dupla";"Reta";"Não";2;0;1;0;1;0;1;2;-25,56147568;-48,6441859;"SPRF-PR";"DEL01-PR";"UOP05-DEL01-PR"
582132;2024-02-19;"segunda-feira";"18:30:00";"AL";104;88,5;"RIO LARGO";"Animais na Pista";"Atropelamento de Animal";"Com Vítimas Feridas";"Plena Noite";"Crescente";"Céu Claro";"Dupla";"Reta";"Sim";1;0;0;1;0;0;1;1;-9,48375193;-35,81815581;"SPRF-AL";"DEL01-AL";"UOP01-DEL01-AL"
582135;2024-02-19;"segunda-feira";"20:21:00";"MS";163;341,3;"RIO BRILHANTE";"Entrada inopinada do pedestre";"Atropelamento de Pedestre";"Com Vítimas Feridas";"Plena Noite";"Crescente";"Céu Claro";"Simples";"Reta";"Sim";3;0;2;1;0;0;3;2;-21,65950995;-54,43842301;"SPRF-MS";"DEL02-MS";"UOP02-DEL02-MS"
582138;2024-02-19;"segunda-feira";"22:30:00";"CE";116;2,5;"FORTALEZA";"Ausência de reação do condutor";"Tombamento";"Com Vítimas Feridas";"Plena Noite";"Crescente";"Céu Claro";"Múltipla";"Reta";"Não";2;0;1;0;0;1;1;1;-3,77019802;-38,51724508;"SPRF-CE";"DEL01-CE";"UOP02-DEL01-CE"
582141;2024-02-19;"segunda-feira";"19:00:00";"MG";116;450,1;"ENGENHEIRO CALDAS";"Ausência de reação do condutor";"Capotamento";"Com Vítimas Feridas";"Pleno dia";"Decrescente";"Chuva";"Simples";"Reta";"Não";1;0;1;0;0;0;1;1;-19,15284006;-42,02187888;"SPRF-MG";"DEL06-MG";"UOP02-DEL06-MG"
582142;2024-02-19;"segunda-feira";"18:15:00";"RJ";393;241;"VASSOURAS";"Ingestão de álcool pelo condutor";"Colisão frontal";"Com Vítimas Fatais";"Anoitecer";"Decrescente";"Nublado";"Simples";"Declive;Curva                 ";"Não";4;1;1;2;0;0;3;2;-22,43570065;-43,73104155;"SPRF-RJ";"DEL05-RJ";"UOP04-DEL05-RJ"
582143;2024-02-19;"segunda-feira";"23:15:00";"SP";116;49;"LORENA";"Ausência de reação do condutor";"Capotamento";"Com Vítimas Feridas";"Plena Noite";"Crescente";"Céu Claro";"Dupla";"Reta";"Não";1;0;1;0;0;0;1;1;-22,73051614;-45,0765859;"SPRF-SP";"DEL08-SP";"UOP02-DEL08-SP"
582145;2024-02-19;"segunda-feira";"21:30:00";"SC";116;34,2;"ITAIOPOLIS";"Condutor deixou de manter distância do veículo da frente";"Colisão traseira";"Com Vítimas Feridas";"Plena Noite";"Crescente";"Chuva";"Simples";"Reta";"Não";2;0;1;0;1;0;1;2;-26,33118709;-49,99664695;"SPRF-SC";"DEL06-SC";"UOP01-DEL06-SC"
582146;2024-02-20;"terça-feira";"00:40:00";"RS";386;360,5;"BOM RETIRO DO SUL";"Acumulo de areia ou detritos sobre o pavimento";"Colisão com objeto";"Com Vítimas Feridas";"Plena Noite";"Crescente";"Céu Claro";"Dupla";"Curva";"Não";1;0;1;0;0;0;1;1;-29,5476;-51,908142;"SPRF-RS";"DEL04-RS";"UOP01-DEL04-RS"
582147;2024-02-20;"terça-feira";"01:00:00";"SP";116;107;"TAUBATE";"Reação tardia ou ineficiente do condutor";"Saída de leito carroçável";"Sem Vítimas";"Plena Noite";"Decrescente";"Céu Claro";"Simples";"Interseção de Vias";"Sim";1;0;0;0;0;1;0;1;-23,01791287;-45,53009409;"SPRF-SP";"DEL02-SP";"UOP02-DEL02-SP"
582148;2024-02-20;"terça-feira";"01:40:00";"BA";116;489;"RAFAEL JAMBEIRO";"Ausência de reação do condutor";"Tombamento";"Com Vítimas Feridas";"Plena Noite";"Crescente";"Chuva";"Dupla";"Reta";"Não";1;0;1;0;0;0;1;1;-12,56024;-39,472781;"SPRF-BA";"DEL02-BA";"UOP01-DEL02-BA"
582150;2024-02-19;"segunda-feira";"19:30:00";"SC";101;106;"PENHA";"Avarias e/ou desgaste excessivo no pneu";"Queda de ocupante de veículo";"Com Vítimas Feridas";"Plena Noite";"Crescente";"Céu Claro";"Dupla";"Reta";"Não";2;0;0;1;0;1;1;1;-26,81031601;-48,68293896;"SPRF-SC";"DEL03-SC";"UOP02-DEL03-SC"