"id";"data_inversa";"dia_semana";"horario";"uf";"br";"km";"municipio";"causa_acidente";"tipo_acidente";"classificacao_acidente";"fase_dia";"sentido_via";"condicao_metereologica";"tipo_pista";"tracado_via";"uso_solo";"pessoas";"mortos";"feridos_leves";"feridos_graves";"ilesos";"ignorados";"feridos";"veiculos";"latitude";"longitude";"regional";"delegacia";"uop"
582151;2024-02-20;"terça-feira";"02:40:00";"MG";262;65;"MATIPO";"Ausência de reação do condutor";"Colisão com objeto";"Com Vítimas Feridas";"Plena Noite";"Crescente";"Céu Claro";"Simples";"Reta";"Não";1;0;1;0;0;0;1;1;-20,29814971;-42,25292916;"SPRF-MG";"DEL06-MG";"UOP03-DEL06-MG"
582152;2024-02-20;"terça-feira";"04:45:00";"PR";277;451,9;"LARANJEIRAS DO SUL";"Ingestão de álcool pelo condutor";"Colisão traseira";"Sem Vítimas";"Plena Noite";"Decrescente";"Nublado";"Simples";"Reta";"Sim";2;0;0;0;2;0;0;2;-25,37729315;-52,3939098;"SPRF-PR";"DEL04-PR";"UOP02-DEL04-PR"
582155;2024-02-20;"terça-feira";"05:10:00";"SC";101;123,2;"ITAJAI";"Ausência de reação do condutor";"Tombamento";"Com Vítimas Feridas";"Pleno dia";"Crescente";"Nublado";"Dupla";"Reta;Viaduto;Declive          ";"Não";1;0;0;1;0;0;1;1;-26,93668609;-48,69876905;"SPRF-SC";"DEL04-SC";"UOP04-DEL04-SC"
582157;2024-02-20;"terça-feira";"05:30:00";"RS";116;242;"SAO LEOPOLDO";"Velocidade Incompatível";"Colisão com objeto";"Sem Vítimas";"Amanhecer";"Crescente";"Céu Claro";"Múltipla";"Curva;Em Obras                ";"Sim";1;0;0;0;0;1;0;1;-29,71893618;-51,14848137;"SPRF-RS";"DEL01-RS";"UOP02-DEL01-RS"
582159;2024-02-20;"terça-feira";"06:00:00";"GO";153;87;"SANTA TEREZA DE GOIAS";"Ausência de reação do condutor";"Saída de leito carroçável";"Com Vítimas Feridas";"Amanhecer";"Decrescente";"Chuva";"Simples";"Curva;Declive                 ";"Não";2;0;1;0;1;0;1;1;-13,556277;-49,065784;"SPRF-GO";"DEL07-GO";"UOP01-DEL07-GO"
582160;2024-02-20;"terça-feira";"05:00:00";"MT";364;269,6;"JACIARA";"Condutor Dormindo";"Saída de leito carroçável";"Com Vítimas Feridas";"Pleno dia";"Crescente";"Céu Claro";"Dupla";"Reta";"Não";1;0;1;0;0;0;1;1;-15,974228;-54,938;"SPRF-MT";"DEL02-MT";"UOP01-DEL02-MT"
582161;2024-02-20;"terça-feira";"05:41:00";"MS";262;466;"ANASTACIO";"Demais falhas mecânicas ou elétricas";"Tombamento";"Com Vítimas Feridas";"Amanhecer";"Decrescente";"Céu Claro";"Simples";"Aclive;Reta                   ";"Não";2;0;1;1;0;0;2;1;-20,52641002;-55,59061601;"SPRF-MS";"DEL03-MS";"UOP01-DEL03-MS"
582162;2024-02-20;"terça-feira";"06:00:00";"SP";153;178,8;"LINS";"Ausência de reação do condutor";"Colisão traseira";"Sem Vítimas";"Amanhecer";"Decrescente";"Céu Claro";"Simples";"Reta";"Não";3;0;0;0;3;0;0;2;-21,67316;-49,79013;"SPRF-SP";"DEL07-SP";"UOP01-DEL07-SP"
582163;2024-02-20;"terça-feira";"07:00:00";"RJ";101;322;"NITEROI";"Condutor deixou de manter distância do veículo da frente";"Colisão traseira";"Com Vítimas Feridas";"Pleno dia";"Crescente";"Céu Claro";"Simples";"Ponte;Reta                    ";"Sim";3;0;1;0;2;0;1;3;-22,878923;-43,110676;"SPRF-RJ";"DEL02-RJ";"UOP01-DEL02-RJ"
582164;2024-02-20;"terça-feira";"05:47:00";"TO";153;393;"RIO DOS BOIS";"Animais na Pista";"Atropelamento de Animal";"Com Vítimas Feridas";"Amanhecer";"Crescente";"Garoa/Chuvisco";"Simples";"Curva";"Não";4;0;2;1;1;0;3;2;-9,33758166;-48,5351171;"SPRF-TO";"DEL02-TO";"UOP02-DEL02-TO"
582166;2024-02-20;"terça-feira";"07:10:00";"SP";153;60;"SAO JOSE DO RIO PRETO";"Condutor deixou de manter distância do veículo da frente";"Colisão traseira";"Com Vítimas Feridas";"Pleno dia";"Crescente";"Nublado";"Dupla";"Reta";"Sim";4;0;1;0;3;0;1;4;-20,79627979;-49,35480206;"SPRF-SP";"DEL09-SP";"UOP01-DEL09-SP"
582171;2024-02-20;"terça-feira";"06:20:00";"CE";116;46;"PACAJUS";"Reação tardia ou ineficiente do condutor";"Saída de leito carroçável";"Com Vítimas Feridas";"Pleno dia";"Crescente";"Chuva";"Dupla";"Curva";"Sim";1;0;1;0;0;0;1;1;-4,13924054;-38,47994882;"SPRF-CE";"DEL01-CE";"UOP02-DEL01-CE"
582172;2024-02-19;"segunda-feira";"22:20:00";"PE";110;100;"SERTANIA";"Animais na Pista";"Atropelamento de Animal";"Com Vítimas Feridas";"Plena Noite";"Decrescente";"Céu Claro";"Simples";"Reta";"Não";3;0;1;0;1;1;1;2;-8,38381286;-37,31768106;"SPRF-PE";"DEL04-PE";"UOP02-DEL04-PE"
582173;2024-02-19;"segunda-feira";"19:20:00";"RJ";116;40;"TERESOPOLIS";"Condutor deixou de manter distância do veículo da frente";"Colisão transversal";"Com Vítimas Feridas";"Plena Noite";"Crescente";"Céu Claro";"Simples";"Reta";"Não";5;0;3;2;0;0;5;2;-22,133427;-42,779522;"SPRF-RJ";"DEL04-RJ";"UOP01-DEL04-RJ"
582174;2024-02-20;"terça-feira";"07:20:00";"MG";50;180;"UBERABA";"Reação tardia ou ineficiente do condutor";"Tombamento";"Com Vítimas Feridas";"Pleno dia";"Crescente";"Sol";"Dupla";"Reta";"Não";1;0;1;0;0;0;1;1;-19,77848216;-47,92194709;"SPRF-MG";"DEL13-MG";"UOP01-DEL13-MG"
582175;2024-02-20;"terça-feira";"06:50:00";"PE";408;55,8;"NAZARE DA MATA";"Desrespeitar a preferência no cruzamento";"Colisão transversal";"Com Vítimas Feridas";"Pleno dia";"Decrescente";"Céu Claro";"Simples";"Interseção de Vias;Reta       ";"Não";3;0;0;3;0;0;3;2;-7,77176315;-35,23566726;"SPRF-PE";"DEL01-PE";"UOP01-DEL01-PE"
582176;2024-02-20;"terça-feira";"08:00:00";"DF";20;17;"BRASILIA";"Condutor deixou de manter distância do veículo da frente";"Colisão traseira";"Com Vítimas Feridas";"Pleno dia";"Decrescente";"Chuva";"Dupla";"Reta";"Sim";2;0;1;0;1;0;1;2;-15,621374;-47,71698;"SPRF-DF";"DEL02-DF";"UOP01-DEL02-DF"
582177;2024-02-11;"domingo";"15:20:00";"CE";222;272,5;"COREAU";"Manobra de mudança de faixa";"Colisão frontal";"Com Vítimas Fatais";"Pleno dia";"Crescente";"Céu Claro";"Simples";"Reta";"Não";3;1;0;0;2;0;0;2;-3,76416585;-40,7490142;"SPRF-CE";"DEL04-CE";"UOP02-DEL04-CE"
582178;2024-02-20;"terça-feira";"07:55:00";"MG";381;502;"BETIM";"Chuva";"Tombamento";"Com Vítimas Feridas";"Pleno dia";"Decrescente";"Chuva";"Dupla";"Reta";"Sim";1;0;1;0;0;0;1;1;-20,03619694;-44,24586303;"SPRF-MG";"DEL01-MG";"UOP03-DEL01-MG"
582179;2024-02-20;"terça-feira";"07:40:00";"RS";392;8,5;"RIO GRANDE";"Reação tardia ou ineficiente do condutor";"Colisão transversal";"Sem Vítimas";"Pleno dia";"Decrescente";"Céu Claro";"Simples";"Reta";"Não";2;0;0;0;1;1;0;2;-32,10246718;-52,11069415;"SPRF-RS";"DEL07-RS";"UOP02-DEL07-RS"
582180;2024-02-20;"terça-feira";"06:50:00";"SC";470;139;"RIO DO SUL";"Conversão proibida";"Colisão transversal";"Com Vítimas Feridas";"Amanhecer";"Crescente";"Nublado";"Simples";"Reta";"Sim";2;0;0;1;1;0;1;2;-27,217564;-49,65461;"SPRF-SC";"DEL04-SC";"UOP02-DEL04-SC"
582181;2024-02-20;"terça-feira";"08:20:00";"ES";101;298,5;"CARIACICA";"Frear bruscamente";"Queda de ocupante de veículo";"Com Vítimas Feridas";"Pleno dia";"Crescente";"Nublado";"Dupla";"Reta;Viaduto                  ";"Sim";1;0;1;0;0;0;1;1;-20,35374444;-40,4156433;"SPRF-ES";"DEL01-ES";"UOP01-DEL01-ES"
582182;2024-02-20;"terça-feira";"08:25:00";"PE";101;66;"RECIFE";"Demais falhas mecânicas ou elétricas";"Tombamento";"Com Vítimas Feridas";"Pleno dia";"Decrescente";"Céu Claro";"Dupla";"Reta";"Sim";2;0;2;0;0;0;2;1;-8,04261511;-34,94302511;"SPRF-PE";"DEL01-PE";"UOP01-DEL01-PE"
582183;2024-01-01;"segunda-feira";"01:20:00";"PI";343;338,9;"TERESINA";"Ingestão de álcool pelo condutor";"Colisão traseira";"Com Vítimas Feridas";"Plena Noite";"Crescente";"Céu Claro";"Dupla";"Curva";"Sim";2;0;0;1;0;1;1;2;-5,063362;-42,722912;"SPRF-PI";"DEL01-PI";"UOP01-DEL01-PI"
582184;2024-02-20;"terça-feira";"08:10:00";"RS";290;142;"ELDORADO DO SUL";"Acessar a via sem observar a presença dos outros veículos";"Colisão transversal";"Com Vítimas Feridas";"Pleno dia";"Crescente";"Céu Claro";"Simples";"Reta";"Não";2;0;0;1;1;0;1;2;-30,089678;-51,628311;"SPRF-RS";"DEL02-RS";"UOP01-DEL02-RS"
582185;2024-02-20;"terça-feira";"08:05:00";"SP";101;50;"UBATUBA";"Reação tardia ou ineficiente do condutor";"Colisão frontal";"Com Vítimas Feridas";"Pleno dia";"Crescente";"Nublado";"Simples";"Reta";"Sim";3;0;2;0;1;0;2;2;-23,45018939;-45,07743735;"SPRF-SP";"DEL06-SP";"UOP01-DEL06-SP"
582186;2024-01-15;"segunda-feira";"17:40:00";"RN";304;75,2;"MOSSORO";"Demais falhas mecânicas ou elétricas";"Tombamento";"Com Vítimas Feridas";"Anoitecer";"Crescente";"Céu Claro";"Simples";"Reta";"Não";2;0;0;1;1;0;1;1;-5,43735203;-37,19777204;"SPRF-RN";"DEL04-RN";"UOP01-DEL04-RN"
582187;2024-02-20;"terça-feira";"08:05:00";"SC";280;167,8;"MAFRA";"Acessar a via sem observar a presença dos outros veículos";"Colisão transversal";"Com Vítimas Feridas";"Pleno dia";"Decrescente";"Nublado";"Simples";"Retorno Regulamentado;Reta;Acl";"Sim";2;0;1;0;1;0;1;2;-26,16857105;-49,81820938;"SPRF-SC";"DEL06-SC";"UOP01-DEL06-SC"
582190;2024-02-20;"terça-feira";"08:05:00";"PE";101;58;"RECIFE";"Ausência de reação do condutor";"Engavetamento";"Com Vítimas Feridas";"Pleno dia";"Crescente";"Céu Claro";"Dupla";"Reta";"Sim";4;0;1;0;3;0;1;4;-7,97063209;-34,92064675;"SPRF-PE";"DEL01-PE";"UOP02-DEL01-PE"
582191;2024-02-20;"terça-feira";"08:50:00";"SC";116;5,5;"MAFRA";"Desrespeitar a preferência no cruzamento";"Colisão transversal";"Com Vítimas Feridas";"Pleno dia";"Decrescente";"Garoa/Chuvisco";"Simples";"Interseção de Vias";"Sim";3;0;2;0;1;0;2;2;-26,14094396;-49,81508303;"SPRF-SC";"DEL06-SC";"UOP01-DEL06-SC"
582192;2024-02-20;"terça-feira";"08:05:00";"SC";101;326;"CAPIVARI DE BAIXO";"Condutor deixou de manter distância do veículo da frente";"Colisão traseira";"Com Vítimas Feridas";"Pleno dia";"Crescente";"Céu Claro";"Dupla";"Reta";"Sim";3;0;1;0;2;0;1;3;-28,42524483;-48,94302707;"SPRF-SC";"DEL02-SC";"UOP01-DEL02-SC"
582195;2024-02-05;"segunda-feira";"06:35:00";"SP";116;219;"GUARULHOS";"Trafegar com motocicleta (ou similar) entre as faixas";"Colisão lateral mesmo sentido";"Com Vítimas Feridas";"Pleno dia";"Crescente";"Céu Claro";"Múltipla";"Reta";"Sim";5;0;4;0;1;0;4;3;-23,46143954;-46,48885316;"SPRF-SP";"DEL01-SP";"UOP01-DEL01-SP"
582196;2024-02-20;"terça-feira";"09:20:00";"ES";101;274;"SERRA";"Avarias e/ou desgaste excessivo no pneu";"Queda de ocupante de veículo";"Com Vítimas Feridas";"Pleno dia";"Crescente";"Nublado";"Dupla";"Reta";"Não";1;0;1;0;0;0;1;1;-20,21288515;-40,29612219;"SPRF-ES";"DEL02-ES";"UOP01-DEL02-ES"
582198;2024-02-20;"terça-feira";"08:50:00";"DF";70;7;"BRASILIA";"Manobra de mudança de faixa";"Colisão traseira";"Com Vítimas Feridas";"Pleno dia";"Decrescente";"Garoa/Chuvisco";"Dupla";"Reta";"Sim";2;0;0;1;1;0;1;2;-15,787601;-48,114429;"SPRF-DF";"DEL03-DF";"UOP02-DEL03-DF"
582199;2024-02-20;"terça-feira";"07:30:00";"RS";290;232,7;"RIO PARDO";"Ultrapassagem Indevida";"Saída de leito carroçável";"Com Vítimas Feridas";"Pleno dia";"Decrescente";"Sol";"Simples";"Reta;Aclive                   ";"Não";3;0;3;0;0;0;3;1;-30,2157618;-52,56374359;"SPRF-RS";"DEL02-RS";"UOP03-DEL02-RS"
582200;2024-02-20;"terça-feira";"09:20:00";"PA";316;139;"PEIXE-BOI";"Acessar a via sem observar a presença dos outros veículos";"Colisão transversal";"Com Vítimas Feridas";"Pleno dia";"Crescente";"Céu Claro";"Simples";"Reta";"Não";2;0;1;0;1;0;1;2;-1,26637177;-47,27492515;"SPRF-PA";"DEL01-PA";"UOP03-DEL01-PA"
582202;2024-02-20;"terça-feira";"09:05:00";"BA";101;112;"ALAGOINHAS";"Ultrapassagem Indevida";"Saída de leito carroçável";"Sem Vítimas";"Pleno dia";"Decrescente";"Nublado";"Simples";"Reta";"Não";3;0;0;0;2;1;0;2;-12,170127;-38,428549;"SPRF-BA";"DEL01-BA";"UOP04-DEL01-BA"
582203;2024-02-20;"terça-feira";"09:50:00";"SE";235;55,4;"ITABAIANA";"Manobra de mudança de faixa";"Tombamento";"Com Vítimas Feridas";"Pleno dia";"Decrescente";"Céu Claro";"Dupla";"Curva";"Sim";2;0;2;0;0;0;2;1;-10,667386;-37,446014;"SPRF-SE";"DEL01-SE";"UOP02-DEL01-SE"
582206;2024-02-10;"sábado";"17:30:00";"MA";10;137;"ESTREITO";"Transitar na contramão";"Colisão lateral sentido oposto";"Com Vítimas Feridas";"Pleno dia";"Crescente";"Céu Claro";"Simples";"Reta";"Não";4;0;0;2;1;1;2;3;-6,517204;-47,389497;"SPRF-MA";"DEL04-MA";"UOP02-DEL04-MA"
582207;2024-02-20;"terça-feira";"10:15:00";"MG";40;531,9;"BELO HORIZONTE";"Condutor deixou de manter distância do veículo da frente";"Colisão lateral mesmo sentido";"Com Vítimas Feridas";"Pleno dia";"Crescente";"Chuva";"Dupla";"Reta";"Sim";2;0;1;0;1;0;1;2;-19,91962483;-44,02522683;"SPRF-MG";"DEL01-MG";"UOP02-DEL01-MG"
582210;2024-02-20;"terça-feira";"10:15:00";"SC";280;164,9;"MAFRA";"Acessar a via sem observar a presença dos outros veículos";"Atropelamento de Pedestre";"Com Vítimas Feridas";"Pleno dia";"Decrescente";"Nublado";"Simples";"Reta";"Sim";2;0;0;2;0;0;2;2;-26,19131398;-49,80487298;"SPRF-SC";"DEL06-SC";"UOP01-DEL06-SC"
582211;2024-02-20;"terça-feira";"10:35:00";"RS";116;249;"SAO LEOPOLDO";"Ausência de reação do condutor";"Colisão lateral mesmo sentido";"Com Vítimas Feridas";"Pleno dia";"Decrescente";"Sol";"Múltipla";"Reta";"Sim";2;0;1;0;1;0;1;2;-29,7831804;-51,16099063;"SPRF-RS";"DEL01-RS";"UOP02-DEL01-RS"
582212;2024-01-13;"sábado";"09:20:00";"RN";406;117;"POCO BRANCO";"Ausência de reação do condutor";"Colisão traseira";"Com Vítimas Feridas";"Pleno dia";"Decrescente";"Céu Claro";"Simples";"Reta";"Não";2;0;0;1;0;1;1;2;-5,57560522;-35,69347206;"SPRF-RN";"DEL02-RN";"UOP01-DEL02-RN"
582213;2024-02-20;"terça-feira";"10:40:00";"SC";101;204;"SAO JOSE";"Transitar na contramão";"Queda de ocupante de veículo";"Com Vítimas Feridas";"Pleno dia";"Crescente";"Céu Claro";"Múltipla";"Aclive;Reta                   ";"Sim";2;0;1;0;1;0;1;2;-27,57413014;-48,61363083;"SPRF-SC";"DEL01-SC";"UOP01-DEL01-SC"
582214;2024-02-20;"terça-feira";"10:15:00";"CE";116;64,8;"CHOROZINHO";"Desrespeitar a preferência no cruzamento";"Colisão transversal";"Com Vítimas Feridas";"Pleno dia";"Decrescente";"Nublado";"Simples";"Curva";"Sim";3;0;1;0;2;0;1;2;-4,28125187;-38,49423541;"SPRF-CE";"DEL03-CE";"UOP02-DEL03-CE"
582217;2024-02-20;"terça-feira";"09:10:00";"SC";101;95;"BARRA VELHA";"Demais falhas mecânicas ou elétricas";"Capotamento";"Com Vítimas Feridas";"Pleno dia";"Crescente";"Nublado";"Simples";"Viaduto;Aclive;Reta           ";"Não";2;0;1;0;1;0;1;1;-26,71539749;-48,70275736;"SPRF-SC";"DEL03-SC";"UOP02-DEL03-SC"
582218;2024-02-20;"terça-feira";"09:25:00";"RJ";40;120;"DUQUE DE CAXIAS";"Trafegar com motocicleta (ou similar) entre as faixas";"Colisão lateral mesmo sentido";"Com Vítimas Feridas";"Pleno dia";"Crescente";"Céu Claro";"Múltipla";"Reta";"Sim";2;0;1;0;1;0;1;2;-22,77280597;-43,28626763;"SPRF-RJ";"DEL01-RJ";"UOP02-DEL01-RJ"
582219;2024-02-19;"segunda-feira";"18:45:00";"CE";20;59;"TAUA";"Acessar a via sem observar a presença dos outros veículos";"Colisão transversal";"Com Vítimas Feridas";"Plena Noite";"Decrescente";"Céu Claro";"Simples";"Reta";"Sim";2;0;0;1;1;0;1;2;-6,12992495;-40,46153506;"SPRF-CE";"DEL02-CE";"UOP02-DEL02-CE"
582220;2024-02-20;"terça-feira";"10:00:00";"SC";101;152;"ITAPEMA";"Manobra de mudança de faixa";"Colisão lateral mesmo sentido";"Com Vítimas Feridas";"Pleno dia";"Decrescente";"Céu Claro";"Múltipla";"Reta";"Sim";2;0;1;0;1;0;1;2;-27,13563503;-48,61004665;"SPRF-SC";"DEL04-SC";"UOP03-DEL04-SC"
582222;2024-02-20;"terça-feira";"10:37:00";"RO";364;242;"CACOAL";"Acessar a via sem observar a presença dos outros veículos";"Colisão transversal";"Com Vítimas Feridas";"Pleno dia";"Crescente";"Céu Claro";"Simples";"Reta;Interseção de Vias       ";"Não";2;0;1;0;1;0;1;2;-11,44079;-61,487627;"SPRF-RO";"DEL02-RO";"UOP02-DEL02-RO"
582224;2024-02-20;"terça-feira";"11:00:00";"BA";324;587;"CANDEIAS";"Transitar no Acostamento";"Atropelamento de Pedestre";"Com Vítimas Feridas";"Pleno dia";"Crescente";"Chuva";"Dupla";"Reta";"Não";3;0;1;1;1;0;2;2;-12,64715411;-38,47504041;"SPRF-BA";"DEL01-BA";"UOP01-DEL01-BA"
582226;2024-02-20;"terça-feira";"12:30:00";"MG";381;793;"SAO GONCALO DO SAPUCAI";"Velocidade Incompatível";"Saída de leito carroçável";"Sem Vítimas";"Pleno dia";"Decrescente";"Chuva";"Dupla";"Reta";"Não";1;0;0;0;1;0;0;1;-21,90328867;-45,55672359;"SPRF-MG";"DEL16-MG";"UOP02-DEL16-MG"
582227;2024-02-17;"sábado";"05:00:00";"RS";116;235;"NOVO HAMBURGO";"Ingestão de álcool pelo condutor";"Colisão frontal";"Sem Vítimas";"Amanhecer";"Decrescente";"Nublado";"Simples";"Reta";"Sim";1;0;0;0;1;0;0;1;-29,66037586;-51,14386509;"SPRF-RS";"DEL01-RS";"UOP02-DEL01-RS"
582228;2024-02-20;"terça-feira";"12:00:00";"MG";116;422,4;"ALPERCATA";"Mal súbito do condutor";"Saída de leito carroçável";"Com Vítimas Feridas";"Pleno dia";"Crescente";"Nublado";"Simples";"Reta";"Sim";1;0;0;1;0;0;1;1;-18,94601944;-41,95023848;"SPRF-MG";"DEL06-MG";"UOP01-DEL06-MG"
582230;2024-02-19;"segunda-feira";"16:00:00";"TO";242;230,5;"PARANA";"Reação tardia ou ineficiente do condutor";"Saída de leito carroçável";"Com Vítimas Fatais";"Pleno dia";"Crescente";"Chuva";"Simples";"Declive;Curva                 ";"Não";2;1;0;1;0;0;1;1;-12,33441806;-48,07165612;"SPRF-TO";"DEL01-TO";"UOP02-DEL01-TO"
582232;2024-02-20;"terça-feira";"13:00:00";"SC";282;15,8;"PALHOCA";"Conversão proibida";"Colisão lateral mesmo sentido";"Com Vítimas Feridas";"Pleno dia";"Crescente";"Céu Claro";"Simples";"Reta";"Sim";3;0;2;0;1;0;2;2;-27,651848;-48,676048;"SPRF-SC";"DEL01-SC";"UOP02-DEL01-SC"
582233;2024-02-20;"terça-feira";"13:15:00";"ES";101;74;"SAO MATEUS";"Acessar a via sem observar a presença dos outros veículos";"Colisão transversal";"Com Vítimas Feridas";"Pleno dia";"Crescente";"Nublado";"Simples";"Reta";"Não";2;0;1;0;1;0;1;2;-18,77756015;-39,87357381;"SPRF-ES";"DEL04-ES";"UOP02-DEL04-ES"
582236;2024-02-20;"terça-feira";"01:15:00";"PA";230;169,5;"ITUPIRANGA";"Animais na Pista";"Atropelamento de Animal";"Sem Vítimas";"Plena Noite";"Decrescente";"Chuva";"Simples";"Reta";"Não";5;0;0;0;5;0;0;1;-5,14560797;-49,38950692;"SPRF-PA";"DEL03-PA";"UOP01-DEL03-PA"
582237;2024-02-20;"terça-feira";"11:00:00";"RS";290;96;"PORTO ALEGRE";"Manobra de mudança de faixa";"Colisão lateral mesmo sentido";"Com Vítimas Feridas";"Pleno dia";"Crescente";"Céu Claro";"Dupla";"Reta";"Sim";2;0;1;0;1;0;1;2;-29,9836977;-51,2021631;"SPRF-RS";"DEL01-RS";"UOP01-DEL01-RS"
582239;2024-02-20;"terça-feira";"14:10:00";"RS";392;12,3;"RIO GRANDE";"Ausência de reação do condutor";"Colisão traseira";"Com Vítimas Fatais";"Pleno dia";"Crescente";"Céu Claro";"Dupla";"Reta";"Sim";2;1;1;0;0;0;1;2;-32,12601434;-52,13875392;"SPRF-RS";"DEL07-RS";"UOP02-DEL07-RS"
582240;2024-02-20;"terça-feira";"14:15:00";"PR";116;10;"CAMPINA GRANDE DO SUL";"Chuva";"Colisão com objeto";"Com Vítimas Feridas";"Pleno dia";"Crescente";"Chuva";"Simples";"Curva";"Não";2;0;1;0;1;0;1;1;-25,08357197;-48,64281407;"SPRF-PR";"DEL01-PR";"UOP02-DEL01-PR"
582244;2024-02-04;"domingo";"19:00:00";"RS";116;471;"SAO LOURENCO DO SUL";"Ausência de reação do condutor";"Colisão traseira";"Com Vítimas Feridas";"Anoitecer";"Decrescente";"Céu Claro";"Simples";"Ponte;Reta                    ";"Não";2;0;1;0;1;0;1;2;-31,35745994;-52,07532304;"SPRF-RS";"DEL07-RS";"UOP01-DEL07-RS"
582245;2024-02-20;"terça-feira";"14:30:00";"ES";101;296;"CARIACICA";"Reação tardia ou ineficiente do condutor";"Queda de ocupante de veículo";"Com Vítimas Feridas";"Pleno dia";"Crescente";"Céu Claro";"Dupla";"Curva";"Sim";1;0;1;0;0;0;1;1;-20,34029997;-40,40405712;"SPRF-ES";"DEL01-ES";"UOP01-DEL01-ES"
582248;2024-02-20;"terça-feira";"12:30:00";"MS";60;420;"SIDROLANDIA";"Ausência de reação do condutor";"Colisão com objeto";"Com Vítimas Feridas";"Pleno dia";"Crescente";"Sol";"Simples";"Reta";"Não";1;0;1;0;0;0;1;1;-20,90087364;-54,9260509;"SPRF-MS";"DEL01-MS";"UOP04-DEL01-MS"
582251;2024-02-20;"terça-feira";"14:45:00";"RS";116;268;"CANOAS";"Manobra de mudança de faixa";"Colisão lateral mesmo sentido";"Com Vítimas Feridas";"Pleno dia";"Decrescente";"Sol";"Múltipla";"Reta";"Sim";2;0;1;0;1;0;1;2;-29,95042502;-51,17652939;"SPRF-RS";"DEL01-RS";"UOP01-DEL01-RS"
582252;2024-02-20;"terça-feira";"15:00:00";"PR";116;2,8;"CAMPINA GRANDE DO SUL";"Velocidade Incompatível";"Colisão com objeto";"Com Vítimas Feridas";"Pleno dia";"Crescente";"Chuva";"Dupla";"Curva";"Não";2;0;1;0;1;0;1;1;-25,07163889;-48,58564619;"SPRF-PR";"DEL01-PR";"UOP02-DEL01-PR"
582257;2024-02-20;"terça-feira";"13:20:00";"MA";10;255,7;"IMPERATRIZ";"Acesso irregular";"Colisão transversal";"Com Vítimas Feridas";"Pleno dia";"Decrescente";"Nublado";"Simples";"Reta";"Sim";2;0;1;0;1;0;1;2;-5,508798;-47,471718;"SPRF-MA";"DEL04-MA";"UOP01-DEL04-MA"
582260;2024-02-20;"terça-feira";"13:50:00";"SC";101;141;"ITAPEMA";"Condutor deixou de manter distância do veículo da frente";"Colisão traseira";"Com Vítimas Feridas";"Pleno dia";"Decrescente";"Sol";"Dupla";"Reta";"Não";2;0;1;0;1;0;1;2;-27,04761729;-48,59995855;"SPRF-SC";"DEL04-SC";"UOP03-DEL04-SC"
582261;2024-02-20;"terça-feira";"11:50:00";"GO";452;0;"RIO VERDE";"Avarias e/ou desgaste excessivo no pneu";"Colisão com objeto";"Com Vítimas Feridas";"Pleno dia";"Crescente";"Nublado";"Dupla";"Viaduto";"Sim";1;0;1;0;0;0;1;1;-17,786345;-50,901516;"SPRF-GO";"DEL04-GO";"UOP01-DEL04-GO"
582263;2024-02-20;"terça-feira";"14:30:00";"BA";101;717,5;"EUNAPOLIS";"Condutor deixou de manter distância do veículo da frente";"Colisão traseira";"Com Vítimas Feridas";"Pleno dia";"Crescente";"Nublado";"Simples";"Curva;Declive;Interseção de Vi";"Sim";2;0;1;0;0;1;1;2;-16,368781;-39,583301;"SPRF-BA";"DEL09-BA";"UOP01-DEL09-BA"
582264;2024-02-20;"terça-feira";"12:30:00";"MT";163;685;"LUCAS DO RIO VERDE";"Mal súbito do condutor";"Saída de leito carroçável";"Com Vítimas Feridas";"Pleno dia";"Decrescente";"Nublado";"Simples";"Reta";"Não";1;0;1;0;0;0;1;1;-13,095628;-55,946443;"SPRF-MT";"DEL06-MT";"UOP01-DEL06-MT"
582267;2024-02-20;"terça-feira";"15:10:00";"PR";369;163;"CAMBE";"Condutor deixou de manter distância do veículo da frente";"Colisão traseira";"Com Vítimas Feridas";"Pleno dia";"Crescente";"Céu Claro";"Dupla";"Reta";"Sim";3;0;2;0;1;0;2;2;-23,29675;-51,27584;"SPRF-PR";"DEL07-PR";"UOP01-DEL07-PR"
582270;2024-02-20;"terça-feira";"16:50:00";"SP";116;225;"GUARULHOS";"Pista Escorregadia";"Queda de ocupante de veículo";"Com Vítimas Feridas";"Pleno dia";"Decrescente";"Nublado";"Dupla";"Em Obras;Reta                 ";"Sim";1;0;1;0;0;0;1;1;-23,48586772;-46,54075317;"SPRF-SP";"DEL01-SP";"UOP01-DEL01-SP"
582272;2024-02-20;"terça-feira";"16:15:00";"SP";153;19;"NOVA GRANADA";"Reação tardia ou ineficiente do condutor";"Colisão traseira";"Com Vítimas Feridas";"Pleno dia";"Decrescente";"Céu Claro";"Simples";"Reta";"Não";2;0;1;0;0;1;1;2;-20,44382107;-49,28091485;"SPRF-SP";"DEL09-SP";"UOP01-DEL09-SP"
582275;2024-02-20;"terça-feira";"17:00:00";"CE";116;35;"HORIZONTE";"Acessar a via sem observar a presença dos outros veículos";"Colisão transversal";"Com Vítimas Feridas";"Pleno dia";"Decrescente";"Sol";"Dupla";"Reta";"Não";2;0;1;0;0;1;1;2;-4,05218058;-38,50627716;"SPRF-CE";"DEL01-CE";"UOP02-DEL01-CE"