"id";"data_inversa";"dia_semana";"horario";"uf";"br";"km";"municipio";"causa_acidente";"tipo_acidente";"classificacao_acidente";"fase_dia";"sentido_via";"condicao_metereologica";"tipo_pista";"tracado_via";"uso_solo";"pessoas";"mortos";"feridos_leves";"feridos_graves";"ilesos";"ignorados";"feridos";"veiculos";"latitude";"longitude";"regional";"delegacia";"uop"
582277;2024-02-20;"terça-feira";"17:15:00";"SC";470;54,4;"BLUMENAU";"Ausência de reação do condutor";"Colisão transversal";"Com Vítimas Feridas";"Pleno dia";"Crescente";"Nublado";"Simples";"Interseção de Vias";"Não";2;0;1;0;1;0;1;2;-26,871065;-49,110374;"SPRF-SC";"DEL04-SC";"UOP01-DEL04-SC"
582278;2024-02-20;"terça-feira";"17:28:00";"PB";101;89;"JOAO PESSOA";"Ausência de reação do condutor";"Tombamento";"Com Vítimas Feridas";"Anoitecer";"Crescente";"Céu Claro";"Dupla";"Reta;Retorno Regulamentado;Dec";"Sim";1;0;1;0;0;0;1;1;-7,1710694;-34,89765372;"SPRF-PB";"DEL01-PB";"UOP02-DEL01-PB"
582279;2024-02-20;"terça-feira";"17:40:00";"RS";471;163,1;"RIO PARDO";"Frear bruscamente";"Colisão transversal";"Com Vítimas Feridas";"Pleno dia";"Crescente";"Sol";"Simples";"Interseção de Vias";"Sim";2;0;0;1;1;0;1;2;-29,8894502;-52,39302099;"SPRF-RS";"DEL02-RS";"UOP03-DEL02-RS"
582281;2024-02-20;"terça-feira";"16:00:00";"AP";210;0;"MACAPA";"Condutor deixou de manter distância do veículo da frente";"Colisão traseira";"Sem Vítimas";"Pleno dia";"Decrescente";"Sol";"Dupla";"Reta";"Sim";5;0;0;0;5;0;0;2;0,07832048;-51,07066512;"SPRF-AP";"DEL01-AP";"UOP01-DEL01-AP"
582283;2024-01-03;"quarta-feira";"20:20:00";"RN";304;33,6;"MOSSORO";"Transitar na contramão";"Colisão frontal";"Com Vítimas Fatais";"Plena Noite";"Decrescente";"Céu Claro";"Dupla";"Reta";"Sim";4;1;0;0;3;0;0;2;-5,149633;-37,348075;"SPRF-RN";"DEL04-RN";"UOP02-DEL04-RN"
582284;2024-01-14;"domingo";"11:10:00";"MG";116;573,1;"MANHUACU";"Acessar a via sem observar a presença dos outros veículos";"Colisão transversal";"Com Vítimas Fatais";"Pleno dia";"Crescente";"Nublado";"Simples";"Reta";"Não";10;1;5;1;3;0;6;3;-20,13004403;-42,17794986;"SPRF-MG";"DEL06-MG";"UOP03-DEL06-MG"
582285;2024-02-20;"terça-feira";"18:45:00";"SC";470;5,4;"NAVEGANTES";"Ingestão de álcool pelo condutor";"Colisão traseira";"Com Vítimas Feridas";"Anoitecer";"Crescente";"Nublado";"Dupla";"Reta";"Não";2;0;1;0;1;0;1;2;-26,855688;-48,700333;"SPRF-SC";"DEL04-SC";"UOP04-DEL04-SC"
582287;2024-02-20;"terça-feira";"18:20:00";"SC";282;15,5;"PALHOCA";"Desrespeitar a preferência no cruzamento";"Colisão transversal";"Com Vítimas Feridas";"Pleno dia";"Crescente";"Céu Claro";"Simples";"Interseção de Vias;Em Obras   ";"Sim";2;0;1;0;1;0;1;2;-27,651848;-48,676048;"SPRF-SC";"DEL01-SC";"UOP02-DEL01-SC"
582288;2024-02-20;"terça-feira";"15:45:00";"MG";365;387,3;"PATOS DE MINAS";"Ultrapassagem Indevida";"Colisão traseira";"Sem Vítimas";"Pleno dia";"Crescente";"Chuva";"Simples";"Reta;Aclive                   ";"Não";2;0;0;0;2;0;0;2;-18,61055297;-46,28857506;"SPRF-MG";"DEL10-MG";"UOP01-DEL10-MG"
582289;2024-02-20;"terça-feira";"18:50:00";"SC";101;204;"SAO JOSE";"Acessar a via sem observar a presença dos outros veículos";"Colisão transversal";"Com Vítimas Feridas";"Anoitecer";"Crescente";"Céu Claro";"Múltipla";"Aclive";"Sim";3;0;2;0;1;0;2;2;-27,57413014;-48,61363083;"SPRF-SC";"DEL01-SC";"UOP01-DEL01-SC"
582291;2024-02-20;"terça-feira";"16:10:00";"BA";324;625;"SALVADOR";"Chuva";"Colisão traseira";"Com Vítimas Feridas";"Pleno dia";"Decrescente";"Chuva";"Simples";"Reta";"Sim";2;0;1;0;1;0;1;2;-12,94194706;-38,47081224;"SPRF-BA";"DEL01-BA";"UOP01-DEL01-BA"
582292;2024-02-20;"terça-feira";"18:50:00";"RS";287;328;"SANTA MARIA";"Manobra de mudança de faixa";"Colisão lateral mesmo sentido";"Com Vítimas Feridas";"Anoitecer";"Crescente";"Céu Claro";"Múltipla";"Declive;Viaduto;Reta          ";"Sim";3;0;1;0;2;0;1;2;-29,70329442;-53,83389831;"SPRF-RS";"DEL09-RS";"UOP01-DEL09-RS"
582293;2024-02-20;"terça-feira";"17:30:00";"MG";381;894;"CAMBUI";"Demais falhas mecânicas ou elétricas";"Incêndio";"Sem Vítimas";"Pleno dia";"Decrescente";"Céu Claro";"Dupla";"Retorno Regulamentado";"Não";1;0;0;0;1;0;0;1;-22,61659879;-46,0689412;"SPRF-MG";"DEL16-MG";"UOP03-DEL16-MG"
582294;2024-02-20;"terça-feira";"18:45:00";"SC";101;207;"SAO JOSE";"Ausência de reação do condutor";"Queda de ocupante de veículo";"Com Vítimas Feridas";"Plena Noite";"Decrescente";"Céu Claro";"Dupla";"Declive";"Sim";1;0;1;0;0;0;1;1;-27,60001226;-48,6226467;"SPRF-SC";"DEL01-SC";"UOP01-DEL01-SC"
582296;2024-02-20;"terça-feira";"19:00:00";"PR";116;115;"CURITIBA";"Trafegar com motocicleta (ou similar) entre as faixas";"Colisão lateral mesmo sentido";"Com Vítimas Feridas";"Plena Noite";"Decrescente";"Nublado";"Dupla";"Reta";"Sim";2;0;1;0;1;0;1;2;-25,55142442;-49,30526733;"SPRF-PR";"DEL01-PR";"UOP07-DEL01-PR"
582297;2024-02-16;"sexta-feira";"13:10:00";"TO";153;137;"ARAGUAINA";"Velocidade Incompatível";"Colisão traseira";"Com Vítimas Feridas";"Pleno dia";"Crescente";"Nublado";"Dupla";"Reta;Retorno Regulamentado    ";"Sim";4;0;2;0;2;0;2;3;-7,14630299;-48,20255603;"SPRF-TO";"DEL02-TO";"UOP01-DEL02-TO"
582300;2024-02-20;"terça-feira";"20:15:00";"CE";116;17;"ITAITINGA";"Acessar a via sem observar a presença dos outros veículos";"Colisão lateral mesmo sentido";"Com Vítimas Feridas";"Plena Noite";"Crescente";"Céu Claro";"Múltipla";"Retorno Regulamentado";"Sim";2;0;0;1;0;1;1;2;-3,89617918;-38,50336042;"SPRF-CE";"DEL01-CE";"UOP02-DEL01-CE"
582302;2024-02-20;"terça-feira";"18:10:00";"RO";364;346;"JI-PARANA";"Acessar a via sem observar a presença dos outros veículos";"Colisão transversal";"Com Vítimas Feridas";"Plena Noite";"Crescente";"Chuva";"Simples";"Reta";"Sim";2;0;1;1;0;0;2;2;-10,87376391;-61,95256893;"SPRF-RO";"DEL02-RO";"UOP01-DEL02-RO"
582303;2024-02-20;"terça-feira";"18:40:00";"RN";304;66,8;"MOSSORO";"Pedestre - Ingestão de álcool/ substâncias psicoativas";"Atropelamento de Pedestre";"Com Vítimas Feridas";"Plena Noite";"Crescente";"Céu Claro";"Simples";"Reta";"Não";2;0;0;1;0;1;1;2;-5,37075985;-37,24333774;"SPRF-RN";"DEL04-RN";"UOP01-DEL04-RN"
582305;2024-02-20;"terça-feira";"19:00:00";"MS";376;129;"IVINHEMA";"Mal súbito do condutor";"Tombamento";"Com Vítimas Feridas";"Plena Noite";"Decrescente";"Céu Claro";"Simples";"Reta";"Não";1;0;0;1;0;0;1;1;-22,34282558;-53,74250285;"SPRF-MS";"DEL04-MS";"UOP04-DEL04-MS"
582306;2024-02-20;"terça-feira";"19:00:00";"SC";101;166;"TIJUCAS";"Avarias e/ou desgaste excessivo no pneu";"Tombamento";"Com Vítimas Feridas";"Plena Noite";"Crescente";"Nublado";"Dupla";"Reta";"Não";1;0;1;0;0;0;1;1;-27,26147697;-48,63180349;"SPRF-SC";"DEL04-SC";"UOP03-DEL04-SC"
582307;2024-02-20;"terça-feira";"20:06:00";"ES";262;27;"VIANA";"Ingestão de álcool pelo condutor";"Colisão lateral sentido oposto";"Sem Vítimas";"Plena Noite";"Crescente";"Chuva";"Simples";"Reta";"Não";2;0;0;0;2;0;0;2;-20,38398959;-40,55226465;"SPRF-ES";"DEL01-ES";"UOP01-DEL01-ES"
582308;2024-02-20;"terça-feira";"17:50:00";"AC";364;99;"SENADOR GUIOMARD";"Ausência de reação do condutor";"Saída de leito carroçável";"Com Vítimas Feridas";"Anoitecer";"Decrescente";"Céu Claro";"Simples";"Rotatória";"Não";1;0;1;0;0;0;1;1;-10,06854519;-67,58357633;"SPRF-AC";"DEL01-AC";"UOP03-DEL01-AC"
582309;2024-02-20;"terça-feira";"21:09:00";"MG";381;487;"BETIM";"Mal súbito do condutor";"Queda de ocupante de veículo";"Com Vítimas Feridas";"Plena Noite";"Crescente";"Garoa/Chuvisco";"Dupla";"Declive;Reta                  ";"Não";1;0;1;0;0;0;1;1;-19,9556008;-44,11319733;"SPRF-MG";"DEL01-MG";"UOP03-DEL01-MG"
582310;2024-02-20;"terça-feira";"18:30:00";"MG";50;174;"UBERABA";"Ausência de reação do condutor";"Tombamento";"Com Vítimas Feridas";"Plena Noite";"Crescente";"Céu Claro";"Dupla";"Reta;Viaduto                  ";"Sim";1;0;1;0;0;0;1;1;-19,770817;-47,973434;"SPRF-MG";"DEL13-MG";"UOP01-DEL13-MG"
582312;2024-02-20;"terça-feira";"20:35:00";"PE";424;91,6;"GARANHUNS";"Ausência de reação do condutor";"Saída de leito carroçável";"Com Vítimas Feridas";"Pleno dia";"Decrescente";"Céu Claro";"Simples";"Reta";"Sim";1;0;1;0;0;0;1;1;-8,90409633;-36,49974647;"SPRF-PE";"DEL03-PE";"UOP01-DEL03-PE"
582313;2024-02-20;"terça-feira";"21:30:00";"RN";101;77,7;"NATAL";"Objeto estático sobre o leito carroçável";"Colisão transversal";"Com Vítimas Feridas";"Plena Noite";"Decrescente";"Garoa/Chuvisco";"Simples";"Reta";"Sim";2;0;2;0;0;0;2;2;-5,73180495;-35,29112135;"SPRF-RN";"DEL02-RN";"UOP01-DEL02-RN"
582316;2024-02-20;"terça-feira";"19:30:00";"RS";386;41;"SEBERI";"Manobra de mudança de faixa";"Colisão transversal";"Sem Vítimas";"Plena Noite";"Crescente";"Céu Claro";"Simples";"Reta";"Sim";3;0;0;0;3;0;0;2;-27,412638;-53,416378;"SPRF-RS";"DEL08-RS";"UOP02-DEL08-RS"
582317;2024-02-20;"terça-feira";"21:30:00";"BA";116;12,1;"VITORIA DA CONQUISTA";"Acessar a via sem observar a presença dos outros veículos";"Colisão frontal";"Com Vítimas Fatais";"Plena Noite";"Decrescente";"Chuva";"Simples";"Reta";"Sim";2;1;0;0;0;1;0;2;-14,87766536;-40,8711791;"SPRF-BA";"DEL08-BA";"UOP01-DEL08-BA"
582318;2024-02-20;"terça-feira";"22:15:00";"ES";447;13,9;"VILA VELHA";"Acumulo de água sobre o pavimento";"Colisão traseira";"Com Vítimas Feridas";"Plena Noite";"Crescente";"Chuva";"Dupla";"Reta";"Sim";2;0;1;0;0;1;1;2;-20,36563213;-40,32798019;"SPRF-ES";"DEL01-ES";"UOP01-DEL01-ES"
582320;2024-02-20;"terça-feira";"22:40:00";"MG";381;939;"EXTREMA";"Ingestão de álcool pelo condutor";"Tombamento";"Com Vítimas Feridas";"Plena Noite";"Decrescente";"Nublado";"Dupla";"Curva";"Sim";1;0;1;0;0;0;1;1;-22,821677;-46,300583;"SPRF-MG";"DEL16-MG";"UOP03-DEL16-MG"
582323;2024-02-20;"terça-feira";"15:40:00";"CE";NA;NA;"FORTALEZA";"Frear bruscamente";"Colisão traseira";"Com Vítimas Feridas";"Pleno dia";"Não Informado";"Céu Claro";"Simples";"Reta";"Não";3;0;2;0;1;0;2;2;-3,854565;-38,509238;"SPRF-CE";"DEL01-CE";"UOP02-DEL01-CE"
582325;2024-02-20;"terça-feira";"19:50:00";"MT";174;35;"VILA BELA DA SANTISSIMA TRINDADE";"Velocidade Incompatível";"Saída de leito carroçável";"Com Vítimas Fatais";"Plena Noite";"Decrescente";"Céu Claro";"Simples";"Reta";"Não";1;1;0;0;0;0;0;1;-15,13798067;-59,61671948;"SPRF-MT";"DEL03-MT";"UOP01-DEL03-MT"
582327;2024-02-20;"terça-feira";"21:35:00";"PR";476;325;"PAULO FRONTIN";"Reação tardia ou ineficiente do condutor";"Colisão com objeto";"Com Vítimas Feridas";"Plena Noite";"Decrescente";"Nublado";"Simples";"Curva";"Não";1;0;1;0;0;0;1;1;-26,0944936;-50,77466726;"SPRF-PR";"DEL02-PR";"UOP03-DEL02-PR"
582328;2024-02-21;"quarta-feira";"01:00:00";"SC";116;245,6;"LAGES";"Ingestão de álcool pelo condutor";"Colisão com objeto";"Sem Vítimas";"Plena Noite";"Crescente";"Nublado";"Simples";"Interseção de Vias;Rotatória  ";"Não";1;0;0;0;0;1;0;1;-27,79544281;-50,36187437;"SPRF-SC";"DEL05-SC";"UOP02-DEL05-SC"
582332;2024-02-21;"quarta-feira";"05:00:00";"RJ";40;118;"DUQUE DE CAXIAS";"Ausência de reação do condutor";"Colisão frontal";"Com Vítimas Feridas";"Amanhecer";"Crescente";"Céu Claro";"Simples";"Viaduto;Retorno Regulamentado ";"Sim";4;0;3;0;0;1;3;3;-22,75470802;-43,28737838;"SPRF-RJ";"DEL01-RJ";"UOP02-DEL01-RJ"
582333;2024-02-21;"quarta-feira";"06:10:00";"GO";40;6,8;"VALPARAISO DE GOIAS";"Condutor deixou de manter distância do veículo da frente";"Colisão traseira";"Com Vítimas Feridas";"Pleno dia";"Decrescente";"Céu Claro";"Dupla";"Reta";"Sim";3;0;1;0;2;0;1;2;-16,100814;-47,977351;"SPRF-DF";"DEL01-DF";"UOP01-DEL01-DF"
582335;2024-02-21;"quarta-feira";"06:30:00";"SC";101;214,2;"PALHOCA";"Reação tardia ou ineficiente do condutor";"Tombamento";"Com Vítimas Feridas";"Pleno dia";"Decrescente";"Céu Claro";"Dupla";"Reta";"Sim";1;0;0;1;0;0;1;1;-27,64443;-48,67057;"SPRF-SC";"DEL01-SC";"UOP02-DEL01-SC"
582336;2024-02-21;"quarta-feira";"06:00:00";"SP";101;22;"UBATUBA";"Ausência de reação do condutor";"Saída de leito carroçável";"Sem Vítimas";"Pleno dia";"Decrescente";"Céu Claro";"Simples";"Curva";"Não";1;0;0;0;0;1;0;1;-23,3353068;-44,93187711;"SPRF-SP";"DEL06-SP";"UOP01-DEL06-SP"
582337;2024-02-21;"quarta-feira";"04:30:00";"MS";60;134,2;"PARAISO DAS AGUAS";"Ausência de reação do condutor";"Saída de leito carroçável";"Com Vítimas Feridas";"Plena Noite";"Crescente";"Nublado";"Simples";"Curva";"Não";5;0;3;2;0;0;5;1;-19,353131;-53,525375;"SPRF-MS";"DEL06-MS";"UOP02-DEL06-MS"
582338;2024-02-21;"quarta-feira";"06:50:00";"SP";116;220;"GUARULHOS";"Manobra de mudança de faixa";"Colisão lateral mesmo sentido";"Com Vítimas Feridas";"Pleno dia";"Decrescente";"Nublado";"Múltipla";"Reta;Em Obras                 ";"Sim";2;0;1;0;0;1;1;2;-23,46472809;-46,49793962;"SPRF-SP";"DEL01-SP";"UOP01-DEL01-SP"
582339;2024-02-21;"quarta-feira";"06:54:00";"DF";40;8;"BRASILIA";"Ausência de reação do condutor";"Colisão lateral mesmo sentido";"Com Vítimas Feridas";"Pleno dia";"Decrescente";"Chuva";"Dupla";"Reta";"Sim";1;0;1;0;0;0;1;1;-16,038666;-47,979691;"SPRF-DF";"DEL01-DF";"UOP01-DEL01-DF"
582340;2024-02-21;"quarta-feira";"06:25:00";"RS";101;82,6;"OSORIO";"Ingestão de álcool pelo condutor";"Colisão com objeto";"Com Vítimas Feridas";"Pleno dia";"Crescente";"Céu Claro";"Dupla";"Reta";"Não";1;0;1;0;0;0;1;1;-29,851554;-50,246399;"SPRF-RS";"DEL03-RS";"UOP01-DEL03-RS"
582341;2024-02-21;"quarta-feira";"07:20:00";"TO";153;772;"ALVORADA";"Chuva";"Saída de leito carroçável";"Com Vítimas Feridas";"Pleno dia";"Crescente";"Chuva";"Simples";"Curva";"Não";5;0;1;0;4;0;1;1;-12,57003684;-49,07919681;"SPRF-TO";"DEL01-TO";"UOP02-DEL01-TO"
582344;2024-02-21;"quarta-feira";"07:34:00";"RJ";116;185;"NOVA IGUACU";"Ausência de reação do condutor";"Queda de ocupante de veículo";"Com Vítimas Feridas";"Pleno dia";"Decrescente";"Céu Claro";"Dupla";"Reta";"Sim";1;0;1;0;0;0;1;1;-22,74151051;-43,45351823;"SPRF-RJ";"DEL06-RJ";"UOP01-DEL06-RJ"
582345;2024-02-21;"quarta-feira";"04:20:00";"MT";163;598;"NOVA MUTUM";"Reação tardia ou ineficiente do condutor";"Saída de leito carroçável";"Sem Vítimas";"Amanhecer";"Crescente";"Ignorado";"Dupla";"Curva";"Sim";1;0;0;0;0;1;0;1;-13,92549497;-56,09416031;"SPRF-MT";"DEL01-MT";"UOP01-DEL01-MT"
582346;2024-02-21;"quarta-feira";"07:55:00";"ES";101;267,2;"SERRA";"Manobra de mudança de faixa";"Colisão lateral mesmo sentido";"Com Vítimas Feridas";"Pleno dia";"Crescente";"Nublado";"Múltipla";"Reta";"Sim";2;0;0;1;1;0;1;2;-20,19930999;-40,26884609;"SPRF-ES";"DEL02-ES";"UOP01-DEL02-ES"
582347;2024-02-21;"quarta-feira";"07:55:00";"RS";116;245;"SAO LEOPOLDO";"Demais falhas na via";"Queda de ocupante de veículo";"Com Vítimas Feridas";"Pleno dia";"Crescente";"Sol";"Simples";"Reta";"Não";2;0;1;0;1;0;1;2;-29,74980902;-51,15125361;"SPRF-RS";"DEL01-RS";"UOP02-DEL01-RS"
582349;2024-02-21;"quarta-feira";"07:31:00";"GO";414;439;"ANAPOLIS";"Reação tardia ou ineficiente do condutor";"Colisão traseira";"Com Vítimas Feridas";"Pleno dia";"Decrescente";"Chuva";"Simples";"Rotatória";"Sim";3;0;0;1;1;1;1;3;-16,28128823;-48,94258908;"SPRF-GO";"DEL02-GO";"UOP01-DEL02-GO"
582350;2024-02-20;"terça-feira";"18:30:00";"CE";222;290;"FRECHEIRINHA";"Ingestão de álcool pelo condutor";"Colisão transversal";"Com Vítimas Fatais";"Plena Noite";"Crescente";"Chuva";"Simples";"Reta";"Não";2;1;0;0;0;1;0;2;-3,68097505;-40,88424683;"SPRF-CE";"DEL04-CE";"UOP02-DEL04-CE"
582351;2024-02-21;"quarta-feira";"06:00:00";"RO";364;709;"PORTO VELHO";"Manobra de mudança de faixa";"Colisão transversal";"Com Vítimas Feridas";"Pleno dia";"Decrescente";"Chuva";"Múltipla";"Reta";"Sim";2;0;1;1;0;0;2;2;-8,78897674;-63,85297358;"SPRF-RO";"DEL01-RO";"UOP01-DEL01-RO"
582352;2024-02-21;"quarta-feira";"08:00:00";"RS";290;88;"PORTO ALEGRE";"Condutor deixou de manter distância do veículo da frente";"Colisão lateral mesmo sentido";"Com Vítimas Feridas";"Pleno dia";"Crescente";"Céu Claro";"Dupla";"Reta";"Não";3;0;1;0;2;0;1;3;-29,967531;-51,137264;"SPRF-RS";"DEL01-RS";"UOP01-DEL01-RS"
582353;2024-02-21;"quarta-feira";"08:15:00";"SC";101;206,4;"SAO JOSE";"Acessar a via sem observar a presença dos outros veículos";"Colisão transversal";"Com Vítimas Feridas";"Pleno dia";"Crescente";"Céu Claro";"Dupla";"Reta";"Sim";2;0;1;0;1;0;1;2;-27,59193546;-48,61824557;"SPRF-SC";"DEL01-SC";"UOP01-DEL01-SC"
582354;2024-02-21;"quarta-feira";"08:00:00";"PR";277;83;"CURITIBA";"Ausência de reação do condutor";"Colisão lateral mesmo sentido";"Com Vítimas Feridas";"Pleno dia";"Crescente";"Céu Claro";"Dupla";"Reta";"Não";2;0;1;0;1;0;1;2;-25,568939;-49,181978;"SPRF-PR";"DEL01-PR";"UOP07-DEL01-PR"
582355;2024-02-21;"quarta-feira";"06:30:00";"RO";364;9;"VILHENA";"Acessar a via sem observar a presença dos outros veículos";"Colisão transversal";"Com Vítimas Feridas";"Amanhecer";"Crescente";"Céu Claro";"Simples";"Interseção de Vias";"Sim";2;0;1;0;1;0;1;2;-12,75881009;-60,1001711;"SPRF-RO";"DEL04-RO";"UOP01-DEL04-RO"
582356;2024-02-21;"quarta-feira";"07:55:00";"PE";101;67,5;"RECIFE";"Reação tardia ou ineficiente do condutor";"Colisão traseira";"Com Vítimas Feridas";"Pleno dia";"Decrescente";"Céu Claro";"Dupla";"Reta";"Sim";2;0;1;0;1;0;1;2;-8,042334;-34,943096;"SPRF-PE";"DEL01-PE";"UOP01-DEL01-PE"
582359;2024-02-21;"quarta-feira";"07:15:00";"MG";116;501,4;"INHAPIM";"Acumulo de óleo sobre o pavimento";"Colisão frontal";"Com Vítimas Feridas";"Pleno dia";"Crescente";"Chuva";"Simples";"Reta";"Não";2;0;1;1;0;0;2;2;-19,58095467;-42,11473033;"SPRF-MG";"DEL06-MG";"UOP02-DEL06-MG"
582360;2024-02-21;"quarta-feira";"09:00:00";"RJ";116;177;"SAO JOAO DE MERITI";"Avarias e/ou desgaste excessivo no pneu";"Queda de ocupante de veículo";"Com Vítimas Feridas";"Pleno dia";"Decrescente";"Céu Claro";"Dupla";"Reta";"Sim";2;0;1;0;0;1;1;1;-22,78055198;-43,39208599;"SPRF-RJ";"DEL06-RJ";"UOP01-DEL06-RJ"
582361;2024-02-21;"quarta-feira";"08:11:00";"RN";101;109;"PARNAMIRIM";"Acessar a via sem observar a presença dos outros veículos";"Colisão transversal";"Com Vítimas Feridas";"Pleno dia";"Decrescente";"Nublado";"Múltipla";"Retorno Regulamentado";"Sim";4;0;1;0;1;2;1;3;-5,937378;-35,26483;"SPRF-RN";"DEL01-RN";"UOP01-DEL01-RN"
582362;2024-02-21;"quarta-feira";"08:46:00";"GO";40;12,3;"LUZIANIA";"Acessar a via sem observar a presença dos outros veículos";"Colisão transversal";"Com Vítimas Feridas";"Pleno dia";"Decrescente";"Garoa/Chuvisco";"Dupla";"Reta";"Sim";2;0;1;0;1;0;1;2;-16,150057;-47,940343;"SPRF-DF";"DEL01-DF";"UOP01-DEL01-DF"
582364;2024-02-21;"quarta-feira";"08:05:00";"RN";101;104;"PARNAMIRIM";"Manobra de mudança de faixa";"Colisão transversal";"Com Vítimas Feridas";"Pleno dia";"Decrescente";"Céu Claro";"Dupla";"Reta";"Sim";2;0;0;1;1;0;1;2;-5,892745;-35,257225;"SPRF-RN";"DEL01-RN";"UOP01-DEL01-RN"
582365;2024-02-21;"quarta-feira";"09:40:00";"ES";101;265,8;"SERRA";"Reação tardia ou ineficiente do condutor";"Tombamento";"Com Vítimas Feridas";"Pleno dia";"Decrescente";"Garoa/Chuvisco";"Múltipla";"Reta;Interseção de Vias       ";"Sim";1;0;1;0;0;0;1;1;-20,1898495;-40,2682165;"SPRF-ES";"DEL02-ES";"UOP01-DEL02-ES"
582368;2024-02-16;"sexta-feira";"22:00:00";"SC";101;216,8;"PALHOCA";"Reação tardia ou ineficiente do condutor";"Colisão traseira";"Com Vítimas Feridas";"Plena Noite";"Decrescente";"Nublado";"Dupla";"Reta";"Sim";2;0;1;0;1;0;1;2;-27,65981409;-48,67747798;"SPRF-SC";"DEL01-SC";"UOP02-DEL01-SC"
582369;2024-02-21;"quarta-feira";"07:00:00";"RJ";393;298;"BARRA MANSA";"Retorno proibido";"Colisão traseira";"Com Vítimas Feridas";"Pleno dia";"Decrescente";"Céu Claro";"Simples";"Curva";"Sim";2;0;2;0;0;0;2;2;-22,54313289;-44,11298586;"SPRF-RJ";"DEL07-RJ";"UOP02-DEL07-RJ"
582370;2024-02-21;"quarta-feira";"08:30:00";"PR";469;13,4;"FOZ DO IGUACU";"Acessar a via sem observar a presença dos outros veículos";"Colisão transversal";"Com Vítimas Feridas";"Pleno dia";"Crescente";"Céu Claro";"Simples";"Reta";"Sim";2;0;1;0;1;0;1;2;-25,5754;-54,5489;"SPRF-PR";"DEL05-PR";"UOP04-DEL05-PR"
582371;2024-02-21;"quarta-feira";"10:05:00";"MG";381;789,1;"SAO GONCALO DO SAPUCAI";"Velocidade Incompatível";"Saída de leito carroçável";"Com Vítimas Feridas";"Pleno dia";"Crescente";"Nublado";"Dupla";"Reta;Declive                  ";"Não";2;0;2;0;0;0;2;1;-21,87154031;-45,53908646;"SPRF-MG";"DEL16-MG";"UOP02-DEL16-MG"
582372;2024-02-09;"sexta-feira";"11:10:00";"SC";470;43;"GASPAR";"Retorno proibido";"Colisão transversal";"Com Vítimas Feridas";"Pleno dia";"Crescente";"Céu Claro";"Dupla";"Reta";"Não";2;0;0;2;0;0;2;2;-26,874519;-49,013454;"SPRF-SC";"DEL04-SC";"UOP01-DEL04-SC"
582374;2024-02-21;"quarta-feira";"09:30:00";"MG";381;531;"ITATIAIUCU";"Pista Escorregadia";"Saída de leito carroçável";"Com Vítimas Feridas";"Pleno dia";"Crescente";"Chuva";"Dupla";"Curva";"Não";1;0;1;0;0;0;1;1;-20,16262328;-44,35813665;"SPRF-MG";"DEL04-MG";"UOP03-DEL04-MG"
582377;2024-02-21;"quarta-feira";"09:40:00";"PA";316;49;"SANTA IZABEL DO PARA";"Avarias e/ou desgaste excessivo no pneu";"Queda de ocupante de veículo";"Com Vítimas Feridas";"Pleno dia";"Decrescente";"Céu Claro";"Simples";"Reta";"Não";1;0;0;1;0;0;1;1;-1,29792183;-48,04943584;"SPRF-PA";"DEL01-PA";"UOP01-DEL01-PA"
582379;2024-02-21;"quarta-feira";"08:40:00";"PA";316;65;"CASTANHAL";"Retorno proibido";"Colisão transversal";"Com Vítimas Feridas";"Pleno dia";"Decrescente";"Céu Claro";"Dupla";"Reta";"Sim";2;0;1;0;1;0;1;2;-1,29580361;-47,91084002;"SPRF-PA";"DEL01-PA";"UOP01-DEL01-PA"
582383;2024-02-21;"quarta-feira";"09:30:00";"PB";361;103;"PIANCO";"Animais na Pista";"Atropelamento de Animal";"Sem Vítimas";"Pleno dia";"Crescente";"Nublado";"Simples";"Reta";"Não";1;0;0;0;1;0;0;1;-7,26918302;-38,06443198;"SPRF-PB";"DEL03-PB";"UOP01-DEL03-PB"
582384;2024-02-21;"quarta-feira";"10:50:00";"SC";101;416;"ARARANGUA";"Reação tardia ou ineficiente do condutor";"Colisão traseira";"Com Vítimas Feridas";"Pleno dia";"Crescente";"Céu Claro";"Múltipla";"Em Obras;Reta                 ";"Sim";5;0;2;0;3;0;2;3;-28,97231679;-49,52878654;"SPRF-SC";"DEL02-SC";"UOP02-DEL02-SC"
582386;2024-02-21;"quarta-feira";"11:36:00";"GO";40;13;"LUZIANIA";"Acessar a via sem observar a presença dos outros veículos";"Colisão transversal";"Com Vítimas Feridas";"Pleno dia";"Crescente";"Nublado";"Dupla";"Reta";"Sim";2;0;1;0;0;1;1;2;-16,151832;-47,939162;"SPRF-DF";"DEL01-DF";"UOP01-DEL01-DF"
582388;2024-02-21;"quarta-feira";"11:50:00";"SC";101;113,9;"ITAJAI";"Condutor deixou de manter distância do veículo da frente";"Colisão traseira";"Com Vítimas Feridas";"Pleno dia";"Decrescente";"Nublado";"Múltipla";"Reta";"Sim";2;0;0;1;1;0;1;2;-26,85311393;-48,72689927;"SPRF-SC";"DEL04-SC";"UOP04-DEL04-SC"
582391;2024-02-21;"quarta-feira";"11:00:00";"BA";101;875;"TEIXEIRA DE FREITAS";"Ausência de reação do condutor";"Colisão lateral mesmo sentido";"Sem Vítimas";"Pleno dia";"Crescente";"Céu Claro";"Simples";"Interseção de Vias";"Não";2;0;0;0;2;0;0;2;-17,52464652;-39,70785141;"SPRF-BA";"DEL09-BA";"UOP02-DEL09-BA"