"id";"data_inversa";"dia_semana";"horario";"uf";"br";"km";"municipio";"causa_acidente";"tipo_acidente";"classificacao_acidente";"fase_dia";"sentido_via";"condicao_metereologica";"tipo_pista";"tracado_via";"uso_solo";"pessoas";"mortos";"feridos_leves";"feridos_graves";"ilesos";"ignorados";"feridos";"veiculos";"latitude";"longitude";"regional";"delegacia";"uop"
582392;2024-02-21;"quarta-feira";"11:25:00";"SE";101;37,5;"CAPELA";"Pista Escorregadia";"Saída de leito carroçável";"Sem Vítimas";"Pleno dia";"Crescente";"Garoa/Chuvisco";"Dupla";"Reta";"Não";2;0;0;0;2;0;0;1;-10,50122699;-36,94528014;"SPRF-SE";"DEL02-SE";"UOP02-DEL02-SE"
582394;2024-02-21;"quarta-feira";"11:21:00";"PE";232;43;"VITORIA DE SANTO ANTAO";"Ausência de reação do condutor";"Colisão com objeto";"Sem Vítimas";"Pleno dia";"Crescente";"Garoa/Chuvisco";"Dupla";"Reta;Ponte                    ";"Não";1;0;0;0;1;0;0;1;-8,11603;-35,26763;"SPRF-PE";"DEL01-PE";"UOP01-DEL01-PE"
582395;2024-02-21;"quarta-feira";"12:40:00";"RS";101;73,6;"OSORIO";"Reação tardia ou ineficiente do condutor";"Colisão traseira";"Com Vítimas Feridas";"Pleno dia";"Crescente";"Céu Claro";"Dupla";"Reta";"Sim";3;0;1;0;2;0;1;2;-29,77364194;-50,21889907;"SPRF-RS";"DEL03-RS";"UOP01-DEL03-RS"
582396;2024-02-21;"quarta-feira";"12:00:00";"PR";376;249,5;"APUCARANA";"Acumulo de areia ou detritos sobre o pavimento";"Saída de leito carroçável";"Sem Vítimas";"Pleno dia";"Decrescente";"Céu Claro";"Dupla";"Curva";"Não";1;0;0;0;1;0;0;1;-23,62524965;-51,37962593;"SPRF-PR";"DEL07-PR";"UOP03-DEL07-PR"
582398;2024-02-21;"quarta-feira";"10:15:00";"BA";110;315;"ALAGOINHAS";"Avarias e/ou desgaste excessivo no pneu";"Saída de leito carroçável";"Com Vítimas Feridas";"Pleno dia";"Decrescente";"Chuva";"Simples";"Reta";"Não";2;0;1;0;0;1;1;2;-11,995621;-38,369099;"SPRF-BA";"DEL01-BA";"UOP04-DEL01-BA"
582399;2024-02-21;"quarta-feira";"07:35:00";"PR";369;201,9;"APUCARANA";"Reação tardia ou ineficiente do condutor";"Colisão transversal";"Com Vítimas Feridas";"Pleno dia";"Decrescente";"Céu Claro";"Simples";"Declive";"Sim";2;0;1;0;0;1;1;2;-23,542436;-51,455721;"SPRF-PR";"DEL07-PR";"UOP03-DEL07-PR"
582400;2024-02-21;"quarta-feira";"11:37:00";"MT";364;270,3;"JACIARA";"Ausência de reação do condutor";"Queda de ocupante de veículo";"Com Vítimas Feridas";"Pleno dia";"Crescente";"Nublado";"Dupla";"Declive;Reta                  ";"Sim";2;0;0;1;1;0;1;1;-15,9689785;-54,94463002;"SPRF-MT";"DEL05-MT";"UOP02-DEL05-MT"
582401;2024-02-21;"quarta-feira";"12:00:00";"SC";163;69;"SAO MIGUEL DO OESTE";"Afundamento ou ondulação no pavimento";"Tombamento";"Com Vítimas Feridas";"Pleno dia";"Decrescente";"Nublado";"Dupla";"Em Obras;Curva                ";"Sim";1;0;1;0;0;0;1;1;-26,74132699;-53,50120591;"SPRF-SC";"DEL07-SC";"UOP03-DEL07-SC"
582402;2024-02-21;"quarta-feira";"13:15:00";"SC";101;201,1;"SAO JOSE";"Reação tardia ou ineficiente do condutor";"Tombamento";"Com Vítimas Feridas";"Pleno dia";"Crescente";"Céu Claro";"Múltipla";"Reta";"Sim";1;0;1;0;0;0;1;1;-27,54836599;-48,61977975;"SPRF-SC";"DEL01-SC";"UOP01-DEL01-SC"
582403;2024-02-21;"quarta-feira";"07:20:00";"ES";262;114;"CONCEICAO DO CASTELO";"Ultrapassagem Indevida";"Colisão transversal";"Com Vítimas Feridas";"Amanhecer";"Crescente";"Chuva";"Simples";"Interseção de Vias;Aclive     ";"Não";2;0;0;1;1;0;1;2;-20,32544863;-41,21078488;"SPRF-ES";"DEL01-ES";"UOP02-DEL01-ES"
582404;2024-02-21;"quarta-feira";"13:00:00";"PB";230;16;"JOAO PESSOA";"Condutor deixou de manter distância do veículo da frente";"Colisão traseira";"Com Vítimas Feridas";"Pleno dia";"Decrescente";"Céu Claro";"Dupla";"Reta";"Sim";4;0;1;0;3;0;1;4;-7,1039;-34,8458;"SPRF-PB";"DEL01-PB";"UOP01-DEL01-PB"
582405;2024-02-21;"quarta-feira";"13:25:00";"SC";101;147,2;"ITAPEMA";"Reação tardia ou ineficiente do condutor";"Tombamento";"Com Vítimas Feridas";"Pleno dia";"Crescente";"Nublado";"Múltipla";"Declive;Reta                  ";"Sim";1;0;1;0;0;0;1;1;-27,09237407;-48,61730888;"SPRF-SC";"DEL04-SC";"UOP03-DEL04-SC"
582409;2024-02-21;"quarta-feira";"07:25:00";"MA";135;23;"SAO LUIS";"Acessar a via sem observar a presença dos outros veículos";"Colisão transversal";"Com Vítimas Feridas";"Pleno dia";"Decrescente";"Nublado";"Dupla";"Reta";"Sim";2;0;1;0;1;0;1;2;-2,551143;-44,307028;"SPRF-MA";"DEL01-MA";"UOP01-DEL01-MA"
582411;2024-02-21;"quarta-feira";"07:20:00";"RJ";116;288;"BARRA MANSA";"Condutor deixou de manter distância do veículo da frente";"Colisão traseira";"Sem Vítimas";"Pleno dia";"Crescente";"Céu Claro";"Dupla";"Declive;Reta                  ";"Não";3;0;0;0;3;0;0;2;-22,48686584;-44,25027602;"SPRF-RJ";"DEL07-RJ";"UOP02-DEL07-RJ"
582412;2024-02-21;"quarta-feira";"14:10:00";"MG";459;80;"CONGONHAL";"Velocidade Incompatível";"Colisão traseira";"Com Vítimas Feridas";"Pleno dia";"Decrescente";"Nublado";"Simples";"Aclive;Reta                   ";"Não";2;0;0;1;1;0;1;2;-22,157689;-46,095696;"SPRF-MG";"DEL09-MG";"UOP01-DEL09-MG"
582413;2024-02-21;"quarta-feira";"12:58:00";"BA";235;350;"JUAZEIRO";"Conversão proibida";"Colisão traseira";"Com Vítimas Feridas";"Pleno dia";"Crescente";"Céu Claro";"Simples";"Reta";"Sim";3;0;1;0;2;0;1;2;-9,42503135;-40,50388907;"SPRF-PE";"DEL06-PE";"UOP01-DEL06-PE"
582415;2024-02-21;"quarta-feira";"13:40:00";"PB";230;16;"JOAO PESSOA";"Reação tardia ou ineficiente do condutor";"Colisão traseira";"Com Vítimas Feridas";"Pleno dia";"Crescente";"Céu Claro";"Dupla";"Reta";"Sim";4;0;3;0;1;0;3;2;-7,10695074;-34,84390855;"SPRF-PB";"DEL01-PB";"UOP01-DEL01-PB"
582416;2024-02-21;"quarta-feira";"13:30:00";"MG";40;263;"SAO GONCALO DO ABAETE";"Acumulo de água sobre o pavimento";"Saída de leito carroçável";"Com Vítimas Feridas";"Pleno dia";"Crescente";"Chuva";"Simples";"Curva";"Não";1;0;1;0;0;0;1;1;-18,1422631;-45,32605706;"SPRF-MG";"DEL14-MG";"UOP02-DEL14-MG"
582417;2024-02-10;"sábado";"06:30:00";"PR";369;147;"LONDRINA";"Reação tardia ou ineficiente do condutor";"Colisão lateral mesmo sentido";"Com Vítimas Feridas";"Pleno dia";"Crescente";"Céu Claro";"Dupla";"Reta";"Sim";2;0;0;1;1;0;1;2;-23,29310839;-51,13415301;"SPRF-PR";"DEL07-PR";"UOP01-DEL07-PR"
582421;2024-02-21;"quarta-feira";"13:20:00";"PR";153;322;"IRATI";"Conversão proibida";"Colisão transversal";"Com Vítimas Feridas";"Pleno dia";"Crescente";"Nublado";"Simples";"Interseção de Vias;Curva      ";"Sim";3;0;1;0;2;0;1;2;-25,472655;-50,637766;"SPRF-PR";"DEL08-PR";"UOP02-DEL08-PR"
582423;2024-02-21;"quarta-feira";"14:50:00";"MG";146;448,4;"CABO VERDE";"Velocidade Incompatível";"Saída de leito carroçável";"Com Vítimas Feridas";"Pleno dia";"Crescente";"Chuva";"Simples";"Curva";"Não";2;0;2;0;0;0;2;1;-21,524578;-46,404525;"SPRF-MG";"DEL09-MG";"UOP01-DEL09-MG"
582426;2024-01-27;"sábado";"15:40:00";"SE";235;6,2;"NOSSA SENHORA DO SOCORRO";"Ausência de reação do condutor";"Tombamento";"Com Vítimas Feridas";"Pleno dia";"Decrescente";"Céu Claro";"Dupla";"Reta";"Sim";2;0;1;1;0;0;2;1;-10,903851;-37,128677;"SPRF-SE";"DEL01-SE";"UOP01-DEL01-SE"
582427;2024-01-24;"quarta-feira";"10:30:00";"PI";343;306;"ALTOS";"Ausência de reação do condutor";"Colisão lateral mesmo sentido";"Com Vítimas Feridas";"Pleno dia";"Crescente";"Céu Claro";"Simples";"Reta";"Sim";2;0;1;1;0;0;2;2;-5,038756;-42,450893;"SPRF-PI";"DEL01-PI";"UOP01-DEL01-PI"
582428;2024-02-21;"quarta-feira";"14:25:00";"MS";262;390,6;"TERENOS";"Ausência de reação do condutor";"Saída de leito carroçável";"Com Vítimas Fatais";"Pleno dia";"Decrescente";"Céu Claro";"Simples";"Curva";"Não";2;1;0;1;0;0;1;1;-20,42990839;-54,93335724;"SPRF-MS";"DEL01-MS";"UOP03-DEL01-MS"
582429;2024-02-21;"quarta-feira";"16:10:00";"SC";101;208;"SAO JOSE";"Reação tardia ou ineficiente do condutor";"Colisão traseira";"Com Vítimas Feridas";"Pleno dia";"Crescente";"Céu Claro";"Múltipla";"Reta";"Sim";2;0;1;0;1;0;1;2;-27,60327979;-48,63201818;"SPRF-SC";"DEL01-SC";"UOP01-DEL01-SC"
582431;2024-02-21;"quarta-feira";"12:00:00";"MG";365;309,2;"JOAO PINHEIRO";"Velocidade Incompatível";"Saída de leito carroçável";"Com Vítimas Feridas";"Pleno dia";"Crescente";"Chuva";"Simples";"Curva";"Não";9;0;9;0;0;0;9;1;-18,19154292;-45,82802507;"SPRF-MG";"DEL10-MG";"UOP01-DEL10-MG"
582432;2024-02-21;"quarta-feira";"16:10:00";"SC";101;134,2;"BALNEARIO CAMBORIU";"Acessar a via sem observar a presença dos outros veículos";"Colisão transversal";"Com Vítimas Feridas";"Pleno dia";"Crescente";"Nublado";"Múltipla";"Reta;Interseção de Vias       ";"Sim";2;0;1;0;1;0;1;2;-27,00218;-48,636433;"SPRF-SC";"DEL04-SC";"UOP03-DEL04-SC"
582433;2024-02-21;"quarta-feira";"09:50:00";"RS";448;9;"CANOAS";"Acumulo de areia ou detritos sobre o pavimento";"Tombamento";"Com Vítimas Feridas";"Pleno dia";"Crescente";"Sol";"Simples";"Curva";"Não";1;0;1;0;0;0;1;1;-29,896093;-51,244072;"SPRF-RS";"DEL01-RS";"UOP02-DEL01-RS"
582434;2024-02-21;"quarta-feira";"14:40:00";"RJ";116;269,3;"BARRA MANSA";"Acumulo de água sobre o pavimento";"Saída de leito carroçável";"Com Vítimas Feridas";"Pleno dia";"Crescente";"Chuva";"Dupla";"Curva";"Não";3;0;2;0;1;0;2;1;-22,57510092;-44,11542461;"SPRF-RJ";"DEL07-RJ";"UOP02-DEL07-RJ"
582437;2024-02-21;"quarta-feira";"16:15:00";"MG";381;360;"JOAO MONLEVADE";"Transitar na contramão";"Colisão frontal";"Com Vítimas Feridas";"Pleno dia";"Crescente";"Chuva";"Simples";"Curva";"Não";2;0;1;1;0;0;2;2;-19,85985912;-43,22566968;"SPRF-MG";"DEL03-MG";"UOP01-DEL03-MG"
582438;2024-02-21;"quarta-feira";"13:40:00";"ES";262;149;"IBATIBA";"Ausência de reação do condutor";"Atropelamento de Pedestre";"Com Vítimas Feridas";"Pleno dia";"Crescente";"Nublado";"Simples";"Reta";"Não";2;0;0;1;0;1;1;2;-20,21798822;-41,43190573;"SPRF-ES";"DEL01-ES";"UOP02-DEL01-ES"
582439;2024-02-21;"quarta-feira";"17:00:00";"TO";242;381;"GURUPI";"Manobra de mudança de faixa";"Colisão transversal";"Com Vítimas Feridas";"Pleno dia";"Crescente";"Céu Claro";"Simples";"Reta";"Não";3;0;0;1;2;0;1;2;-11,72898201;-49,06737999;"SPRF-TO";"DEL01-TO";"UOP02-DEL01-TO"
582444;2024-02-21;"quarta-feira";"16:55:00";"SC";470;74;"INDAIAL";"Transitar no Acostamento";"Colisão traseira";"Com Vítimas Feridas";"Pleno dia";"Crescente";"Céu Claro";"Dupla";"Reta";"Não";2;0;1;0;1;0;1;2;-26,916288;-49,280807;"SPRF-SC";"DEL04-SC";"UOP01-DEL04-SC"
582445;2024-02-21;"quarta-feira";"16:50:00";"SC";101;160,8;"TIJUCAS";"Ingestão de álcool pelo condutor";"Colisão transversal";"Com Vítimas Feridas";"Pleno dia";"Decrescente";"Céu Claro";"Simples";"Reta";"Sim";2;0;0;1;1;0;1;2;-27,20831288;-48,61987922;"SPRF-SC";"DEL04-SC";"UOP03-DEL04-SC"
582446;2024-02-21;"quarta-feira";"17:00:00";"SC";101;195,5;"BIGUACU";"Reação tardia ou ineficiente do condutor";"Colisão lateral mesmo sentido";"Sem Vítimas";"Pleno dia";"Decrescente";"Nublado";"Dupla";"Reta";"Sim";2;0;0;0;2;0;0;2;-27,5047092;-48,65010819;"SPRF-SC";"DEL01-SC";"UOP01-DEL01-SC"
582455;2024-01-28;"domingo";"16:55:00";"PE";232;7,2;"RECIFE";"Reação tardia ou ineficiente do condutor";"Tombamento";"Com Vítimas Feridas";"Pleno dia";"Crescente";"Céu Claro";"Dupla";"Reta";"Não";1;0;0;1;0;0;1;1;-8,074195;-34,964863;"SPRF-PE";"DEL01-PE";"UOP01-DEL01-PE"
582456;2024-02-21;"quarta-feira";"17:30:00";"RJ";101;311;"SAO GONCALO";"Condutor deixou de manter distância do veículo da frente";"Colisão traseira";"Com Vítimas Feridas";"Anoitecer";"Decrescente";"Céu Claro";"Múltipla";"Reta";"Não";2;0;1;0;1;0;1;2;-22,80062246;-43,05318779;"SPRF-RJ";"DEL02-RJ";"UOP02-DEL02-RJ"
582460;2024-02-21;"quarta-feira";"18:30:00";"SP";116;225;"GUARULHOS";"Reação tardia ou ineficiente do condutor";"Colisão traseira";"Com Vítimas Feridas";"Plena Noite";"Decrescente";"Céu Claro";"Múltipla";"Reta";"Sim";2;0;1;0;1;0;1;2;-23,48586772;-46,54075317;"SPRF-SP";"DEL01-SP";"UOP01-DEL01-SP"
582462;2024-02-21;"quarta-feira";"16:10:00";"RJ";356;147;"CAMPOS DOS GOYTACAZES";"Desrespeitar a preferência no cruzamento";"Colisão transversal";"Com Vítimas Feridas";"Pleno dia";"Decrescente";"Céu Claro";"Simples";"Reta;Interseção de Vias       ";"Sim";2;0;1;0;1;0;1;2;-21,77663745;-41,28774762;"SPRF-RJ";"DEL08-RJ";"UOP02-DEL08-RJ"
582463;2024-02-21;"quarta-feira";"18:40:00";"SP";116;159;"JACAREI";"Manobra de mudança de faixa";"Colisão lateral mesmo sentido";"Com Vítimas Feridas";"Plena Noite";"Decrescente";"Chuva";"Dupla";"Reta";"Sim";3;0;1;0;1;1;1;2;-23,26585409;-45,95983994;"SPRF-SP";"DEL02-SP";"UOP01-DEL02-SP"
582464;2024-02-21;"quarta-feira";"18:00:00";"RJ";116;113;"GUAPIMIRIM";"Animais na Pista";"Saída de leito carroçável";"Com Vítimas Feridas";"Plena Noite";"Crescente";"Céu Claro";"Dupla";"Reta";"Não";2;0;1;0;1;0;1;1;-22,57214;-43,007291;"SPRF-RJ";"DEL04-RJ";"UOP02-DEL04-RJ"
582465;2024-02-21;"quarta-feira";"18:30:00";"PR";476;115;"COLOMBO";"Mal súbito do condutor";"Eventos atípicos";"Sem Vítimas";"Plena Noite";"Crescente";"Nublado";"Simples";"Reta";"Sim";2;0;0;0;2;0;0;2;-25,344196;-49,159679;"SPRF-PR";"DEL01-PR";"UOP01-DEL01-PR"
582467;2024-02-21;"quarta-feira";"17:10:00";"GO";414;407;"ABADIANIA";"Reação tardia ou ineficiente do condutor";"Saída de leito carroçável";"Sem Vítimas";"Pleno dia";"Crescente";"Nublado";"Simples";"Reta";"Não";1;0;0;0;0;1;0;1;-16,03064;-48,85042;"SPRF-GO";"DEL02-GO";"UOP01-DEL02-GO"
582469;2024-02-21;"quarta-feira";"19:30:00";"SP";116;227;"GUARULHOS";"Demais falhas na via";"Queda de ocupante de veículo";"Com Vítimas Fatais";"Plena Noite";"Decrescente";"Chuva";"Múltipla";"Reta";"Sim";1;1;0;0;0;0;0;1;-23,49659264;-46,55648754;"SPRF-SP";"DEL01-SP";"UOP01-DEL01-SP"
582471;2024-02-21;"quarta-feira";"18:15:00";"RJ";101;275;"TANGUA";"Manobra de mudança de faixa";"Tombamento";"Com Vítimas Feridas";"Plena Noite";"Decrescente";"Garoa/Chuvisco";"Dupla";"Reta";"Sim";2;0;1;0;0;1;1;2;-22,73653355;-42,72909106;"SPRF-RJ";"DEL02-RJ";"UOP03-DEL02-RJ"
582472;2024-02-21;"quarta-feira";"19:30:00";"SC";282;19,5;"PALHOCA";"Acessar a via sem observar a presença dos outros veículos";"Colisão transversal";"Com Vítimas Feridas";"Plena Noite";"Decrescente";"Nublado";"Simples";"Reta";"Sim";2;0;1;0;1;0;1;2;-27,6823975;-48,70757461;"SPRF-SC";"DEL01-SC";"UOP02-DEL01-SC"
582474;2024-02-21;"quarta-feira";"19:30:00";"RJ";493;1;"ITABORAI";"Reação tardia ou ineficiente do condutor";"Colisão com objeto";"Com Vítimas Feridas";"Plena Noite";"Decrescente";"Céu Claro";"Dupla";"Reta";"Sim";1;0;1;0;0;0;1;1;-22,76398788;-42,92731895;"SPRF-RJ";"DEL02-RJ";"UOP02-DEL02-RJ"
582476;2024-02-21;"quarta-feira";"19:45:00";"RS";290;69,5;"GRAVATAI";"Objeto estático sobre o leito carroçável";"Colisão com objeto";"Com Vítimas Feridas";"Plena Noite";"Crescente";"Céu Claro";"Dupla";"Reta";"Sim";4;0;2;0;2;0;2;3;-29,947548;-50,95470082;"SPRF-RS";"DEL03-RS";"UOP01-DEL03-RS"
582477;2024-02-21;"quarta-feira";"20:00:00";"SP";116;229,2;"SAO PAULO";"Reação tardia ou ineficiente do condutor";"Queda de ocupante de veículo";"Com Vítimas Feridas";"Plena Noite";"Decrescente";"Chuva";"Múltipla";"Reta";"Sim";1;0;1;0;0;0;1;1;-23,51291902;-46,57604698;"SPRF-SP";"DEL01-SP";"UOP01-DEL01-SP"
582478;2024-02-21;"quarta-feira";"16:00:00";"PR";163;25;"SANTO ANTONIO DO SUDOESTE";"Conversão proibida";"Colisão transversal";"Sem Vítimas";"Pleno dia";"Crescente";"Céu Claro";"Simples";"Reta;Declive                  ";"Não";2;0;0;0;2;0;0;2;-26,17492292;-53,66749187;"SPRF-PR";"DEL02-PR";"UOP02-DEL02-PR"
582479;2024-02-21;"quarta-feira";"18:30:00";"GO";153;500;"GOIANIA";"Manobra de mudança de faixa";"Colisão transversal";"Com Vítimas Feridas";"Anoitecer";"Crescente";"Céu Claro";"Dupla";"Reta;Declive                  ";"Sim";2;0;1;0;1;0;1;2;-16,7118;-49,2324;"SPRF-GO";"DEL01-GO";"UOP01-DEL01-GO"
582480;2024-02-21;"quarta-feira";"17:20:00";"MT";163;773;"SORRISO";"Demais falhas mecânicas ou elétricas";"Incêndio";"Sem Vítimas";"Anoitecer";"Decrescente";"Nublado";"Simples";"Reta";"Não";4;0;0;0;4;0;0;1;-12,391808;-55,617725;"SPRF-MT";"DEL06-MT";"UOP01-DEL06-MT"
582484;2024-02-21;"quarta-feira";"19:45:00";"SC";101;295;"IMBITUBA";"Reação tardia ou ineficiente do condutor";"Colisão lateral mesmo sentido";"Com Vítimas Feridas";"Plena Noite";"Crescente";"Nublado";"Múltipla";"Declive;Reta                  ";"Não";3;0;3;0;0;0;3;2;-28,32380675;-48,72985303;"SPRF-SC";"DEL02-SC";"UOP03-DEL02-SC"
582485;2024-02-21;"quarta-feira";"20:50:00";"ES";101;268,7;"SERRA";"Manobra de mudança de faixa";"Colisão lateral mesmo sentido";"Com Vítimas Feridas";"Plena Noite";"Crescente";"Garoa/Chuvisco";"Múltipla";"Reta";"Sim";2;0;1;0;1;0;1;2;-20,20842;-40,269405;"SPRF-ES";"DEL02-ES";"UOP01-DEL02-ES"
582486;2024-02-21;"quarta-feira";"20:40:00";"RN";110;1,9;"AREIA BRANCA";"Retorno proibido";"Colisão transversal";"Com Vítimas Feridas";"Plena Noite";"Decrescente";"Nublado";"Simples";"Reta";"Sim";2;0;1;0;1;0;1;2;-4,94222116;-37,11670339;"SPRF-RN";"DEL04-RN";"UOP01-DEL04-RN"
582488;2024-02-21;"quarta-feira";"20:50:00";"SC";282;17,5;"PALHOCA";"Desrespeitar a preferência no cruzamento";"Colisão transversal";"Com Vítimas Feridas";"Plena Noite";"Decrescente";"Céu Claro";"Simples";"Reta";"Sim";2;0;1;0;0;1;1;2;-27,66743275;-48,68956089;"SPRF-SC";"DEL01-SC";"UOP02-DEL01-SC"
582490;2024-02-21;"quarta-feira";"21:00:00";"RJ";40;87;"PETROPOLIS";"Demais falhas mecânicas ou elétricas";"Incêndio";"Sem Vítimas";"Plena Noite";"Decrescente";"Chuva";"Simples";"Curva;Aclive                  ";"Não";1;0;0;0;1;0;0;1;-22,54413793;-43,23287799;"SPRF-RJ";"DEL01-RJ";"UOP01-DEL01-RJ"
582495;2024-02-21;"quarta-feira";"21:20:00";"SP";116;213;"GUARULHOS";"Ausência de reação do condutor";"Colisão com objeto";"Com Vítimas Feridas";"Plena Noite";"Decrescente";"Chuva";"Múltipla";"Reta";"Sim";1;0;1;0;0;0;1;1;-23,43971486;-46,43667806;"SPRF-SP";"DEL01-SP";"UOP01-DEL01-SP"
582496;2024-02-21;"quarta-feira";"21:30:00";"PR";116;72;"QUATRO BARRAS";"Pedestre cruzava a pista fora da faixa";"Atropelamento de Pedestre";"Com Vítimas Fatais";"Plena Noite";"Decrescente";"Nublado";"Dupla";"Reta";"Não";2;1;0;0;1;0;0;2;-25,351671;-49,0425;"SPRF-PR";"DEL01-PR";"UOP07-DEL01-PR"
582497;2024-02-21;"quarta-feira";"21:15:00";"PB";230;20,7;"JOAO PESSOA";"Ausência de reação do condutor";"Tombamento";"Com Vítimas Feridas";"Plena Noite";"Crescente";"Nublado";"Dupla";"Reta";"Sim";1;0;1;0;0;0;1;1;-7,1337;-34,8544;"SPRF-PB";"DEL01-PB";"UOP01-DEL01-PB"
582500;2024-02-21;"quarta-feira";"21:45:00";"BA";116;754,9;"POCOES";"Pedestre andava na pista";"Atropelamento de Pedestre";"Com Vítimas Feridas";"Plena Noite";"Decrescente";"Chuva";"Simples";"Reta";"Sim";2;0;0;1;1;0;1;2;-14,508826;-40,361787;"SPRF-BA";"DEL08-BA";"UOP02-DEL08-BA"
582501;2024-02-21;"quarta-feira";"21:30:00";"RJ";116;110;"GUAPIMIRIM";"Iluminação deficiente";"Atropelamento de Pedestre";"Com Vítimas Feridas";"Plena Noite";"Crescente";"Garoa/Chuvisco";"Simples";"Reta";"Sim";2;0;1;0;1;0;1;2;-22,55073275;-42,98968744;"SPRF-RJ";"DEL04-RJ";"UOP02-DEL04-RJ"
582502;2024-02-21;"quarta-feira";"23:25:00";"RJ";40;57;"PETROPOLIS";"Ausência de reação do condutor";"Colisão com objeto";"Sem Vítimas";"Plena Noite";"Crescente";"Céu Claro";"Dupla";"Reta";"Não";1;0;0;0;0;1;0;1;-22,37836704;-43,13147664;"SPRF-RJ";"DEL05-RJ";"UOP02-DEL05-RJ"
582503;2024-02-21;"quarta-feira";"22:03:00";"MS";163;730;"COXIM";"Ingestão de álcool pelo condutor";"Saída de leito carroçável";"Sem Vítimas";"Plena Noite";"Crescente";"Céu Claro";"Simples";"Reta;Interseção de Vias       ";"Sim";3;0;0;0;3;0;0;1;-18,50978886;-54,73602351;"SPRF-MS";"DEL06-MS";"UOP01-DEL06-MS"
582504;2024-02-21;"quarta-feira";"23:30:00";"SC";101;135,8;"BALNEARIO CAMBORIU";"Ingestão de álcool pelo condutor";"Colisão traseira";"Sem Vítimas";"Plena Noite";"Crescente";"Nublado";"Múltipla";"Curva";"Sim";2;0;0;0;2;0;0;2;-27,0050108;-48,62677494;"SPRF-SC";"DEL04-SC";"UOP03-DEL04-SC"
582505;2024-02-21;"quarta-feira";"22:00:00";"PE";101;74;"RECIFE";"Ausência de reação do condutor";"Colisão lateral mesmo sentido";"Sem Vítimas";"Plena Noite";"Crescente";"Céu Claro";"Dupla";"Reta";"Sim";1;0;0;0;0;1;0;1;-8,109841;-34,946754;"SPRF-PE";"DEL01-PE";"UOP01-DEL01-PE"
582506;2024-02-21;"quarta-feira";"23:15:00";"MG";40;596,5;"OURO PRETO";"Demais falhas mecânicas ou elétricas";"Incêndio";"Sem Vítimas";"Plena Noite";"Crescente";"Nublado";"Simples";"Declive;Reta                  ";"Não";2;0;0;0;2;0;0;1;-20,41181186;-43,89476664;"SPRF-MG";"DEL05-MG";"UOP02-DEL05-MG"
582508;2024-02-21;"quarta-feira";"23:50:00";"PE";408;100;"SAO LOURENCO DA MATA";"Ausência de reação do condutor";"Colisão traseira";"Com Vítimas Feridas";"Plena Noite";"Crescente";"Céu Claro";"Simples";"Reta";"Sim";4;0;1;0;3;0;1;3;-8,045702;-35,010672;"SPRF-PE";"DEL01-PE";"UOP01-DEL01-PE"
582510;2024-02-22;"quinta-feira";"00:45:00";"MG";40;513;"RIBEIRAO DAS NEVES";"Chuva";"Saída de leito carroçável";"Com Vítimas Feridas";"Plena Noite";"Crescente";"Chuva";"Dupla";"Reta";"Sim";1;0;1;0;0;0;1;1;-19,7970544;-44,1080512;"SPRF-MG";"DEL01-MG";"UOP02-DEL01-MG"
582513;2024-02-22;"quinta-feira";"03:15:00";"PR";376;179;"MARINGA";"Ausência de reação do condutor";"Atropelamento de Pedestre";"Com Vítimas Feridas";"Plena Noite";"Crescente";"Céu Claro";"Múltipla";"Reta";"Sim";2;0;0;1;0;1;1;2;-23,41948275;-51,91235304;"SPRF-PR";"DEL09-PR";"UOP01-DEL09-PR"
582514;2024-02-22;"quinta-feira";"01:00:00";"RS";472;618;"BARRA DO QUARAI";"Acumulo de areia ou detritos sobre o pavimento";"Saída de leito carroçável";"Com Vítimas Feridas";"Plena Noite";"Decrescente";"Céu Claro";"Simples";"Reta;Em Obras                 ";"Não";1;0;0;1;0;0;1;1;-30,02595912;-57,23684484;"SPRF-RS";"DEL13-RS";"UOP01-DEL13-RS"
582518;2024-02-22;"quinta-feira";"05:30:00";"SP";116;276;"TABOAO DA SERRA";"Trafegar com motocicleta (ou similar) entre as faixas";"Tombamento";"Com Vítimas Feridas";"Pleno dia";"Decrescente";"Céu Claro";"Dupla";"Reta";"Não";2;0;2;0;0;0;2;1;-23,62809795;-46,81870306;"SPRF-SP";"DEL04-SP";"UOP01-DEL04-SP"
582519;2024-02-22;"quinta-feira";"06:00:00";"SC";101;290;"IMBITUBA";"Reação tardia ou ineficiente do condutor";"Tombamento";"Com Vítimas Feridas";"Pleno dia";"Crescente";"Céu Claro";"Dupla";"Aclive;Reta                   ";"Não";2;0;2;0;0;0;2;1;-28,2620247659;-48,7040335527;"SPRF-SC";"DEL02-SC";"UOP03-DEL02-SC"
582520;2024-02-22;"quinta-feira";"06:20:00";"AL";101;205;"SAO SEBASTIAO";"Animais na Pista";"Colisão traseira";"Com Vítimas Feridas";"Pleno dia";"Crescente";"Céu Claro";"Dupla";"Curva";"Não";3;0;1;0;2;0;1;3;-9,9814749;-36,56002124;"SPRF-AL";"DEL02-AL";"UOP02-DEL02-AL"
582521;2024-01-24;"quarta-feira";"19:43:00";"RN";101;95;"NATAL";"Reação tardia ou ineficiente do condutor";"Colisão traseira";"Com Vítimas Feridas";"Plena Noite";"Crescente";"Céu Claro";"Dupla";"Reta";"Não";2;0;0;1;1;0;1;2;-5,84059316;-35,21077394;"SPRF-RN";"DEL01-RN";"UOP01-DEL01-RN"
582523;2024-02-21;"quarta-feira";"23:32:00";"MG";116;416;"GOVERNADOR VALADARES";"Ingestão de álcool pelo condutor";"Colisão frontal";"Sem Vítimas";"Plena Noite";"Crescente";"Chuva";"Simples";"Curva";"Sim";2;0;0;0;2;0;0;2;-18,89215187;-41,94699543;"SPRF-MG";"DEL06-MG";"UOP01-DEL06-MG"