"id";"data_inversa";"dia_semana";"horario";"uf";"br";"km";"municipio";"causa_acidente";"tipo_acidente";"classificacao_acidente";"fase_dia";"sentido_via";"condicao_metereologica";"tipo_pista";"tracado_via";"uso_solo";"pessoas";"mortos";"feridos_leves";"feridos_graves";"ilesos";"ignorados";"feridos";"veiculos";"latitude";"longitude";"regional";"delegacia";"uop"
582524;2024-02-22;"quinta-feira";"07:20:00";"PE";101;75;"RECIFE";"Ausência de reação do condutor";"Colisão traseira";"Com Vítimas Feridas";"Pleno dia";"Crescente";"Céu Claro";"Dupla";"Reta";"Não";2;0;0;1;1;0;1;2;-8,110643;-34,946296;"SPRF-PE";"DEL01-PE";"UOP01-DEL01-PE"
582525;2024-02-22;"quinta-feira";"07:15:00";"RJ";116;296;"BARRA MANSA";"Pista Escorregadia";"Colisão com objeto";"Com Vítimas Feridas";"Amanhecer";"Crescente";"Nublado";"Dupla";"Curva";"Não";1;0;0;1;0;0;1;1;-22,44937197;-44,32171194;"SPRF-RJ";"DEL07-RJ";"UOP02-DEL07-RJ"
582526;2024-02-22;"quinta-feira";"07:20:00";"GO";70;1;"AGUAS LINDAS DE GOIAS";"Reação tardia ou ineficiente do condutor";"Colisão traseira";"Com Vítimas Feridas";"Pleno dia";"Decrescente";"Nublado";"Dupla";"Reta";"Sim";2;0;1;0;1;0;1;2;-15,77579351;-48,23259001;"SPRF-DF";"DEL03-DF";"UOP02-DEL03-DF"
582530;2024-02-22;"quinta-feira";"06:40:00";"SC";101;137;"BALNEARIO CAMBORIU";"Reação tardia ou ineficiente do condutor";"Queda de ocupante de veículo";"Com Vítimas Feridas";"Pleno dia";"Decrescente";"Nublado";"Dupla";"Reta";"Sim";1;0;0;1;0;0;1;1;-27,0157238;-48,61192763;"SPRF-SC";"DEL04-SC";"UOP03-DEL04-SC"
582531;2024-02-22;"quinta-feira";"07:40:00";"RS";287;397,7;"SANTIAGO";"Ultrapassagem Indevida";"Queda de ocupante de veículo";"Com Vítimas Feridas";"Pleno dia";"Decrescente";"Sol";"Simples";"Rotatória";"Sim";1;0;1;0;0;0;1;1;-29,17669787;-54,85093832;"SPRF-RS";"DEL12-RS";"UOP02-DEL12-RS"
582532;2024-02-22;"quinta-feira";"07:50:00";"RS";293;4,5;"PELOTAS";"Acessar a via sem observar a presença dos outros veículos";"Colisão transversal";"Com Vítimas Feridas";"Amanhecer";"Decrescente";"Nublado";"Simples";"Interseção de Vias";"Sim";3;0;1;0;2;0;1;3;-31,73357732;-52,37275615;"SPRF-RS";"DEL07-RS";"UOP01-DEL07-RS"
582534;2024-02-22;"quinta-feira";"07:00:00";"MT";364;201;"RONDONOPOLIS";"Acessar a via sem observar a presença dos outros veículos";"Colisão lateral mesmo sentido";"Com Vítimas Feridas";"Pleno dia";"Decrescente";"Céu Claro";"Dupla";"Declive;Rotatória;Interseção d";"Sim";3;0;2;0;1;0;2;2;-16,491405;-54,646378;"SPRF-MT";"DEL02-MT";"UOP01-DEL02-MT"
582535;2024-02-22;"quinta-feira";"08:00:00";"PE";232;85,4;"GRAVATA";"Avarias e/ou desgaste excessivo no pneu";"Queda de ocupante de veículo";"Com Vítimas Feridas";"Pleno dia";"Decrescente";"Céu Claro";"Dupla";"Reta";"Sim";2;0;1;1;0;0;2;1;-8,20951081;-35,61182408;"SPRF-PE";"DEL02-PE";"UOP02-DEL02PE"
582536;2024-02-22;"quinta-feira";"07:40:00";"SP";116;142,9;"SAO JOSE DOS CAMPOS";"Condutor deixou de manter distância do veículo da frente";"Colisão traseira";"Com Vítimas Feridas";"Pleno dia";"Decrescente";"Sol";"Dupla";"Reta";"Sim";2;0;0;1;1;0;1;2;-23,17426078;-45,82940111;"SPRF-SP";"DEL02-SP";"UOP01-DEL02-SP"
582537;2024-02-21;"quarta-feira";"20:40:00";"MG";251;493,8;"FRANCISCO SA";"Objeto estático sobre o leito carroçável";"Colisão frontal";"Com Vítimas Feridas";"Plena Noite";"Crescente";"Chuva";"Simples";"Reta";"Não";8;0;4;2;2;0;6;2;-16,5500591;-43,60261992;"SPRF-MG";"DEL12-MG";"UOP01-DEL12-MG"
582538;2024-02-22;"quinta-feira";"07:38:00";"PR";277;587,6;"CASCAVEL";"Ultrapassagem Indevida";"Colisão frontal";"Com Vítimas Feridas";"Pleno dia";"Decrescente";"Sol";"Simples";"Reta";"Sim";3;0;1;1;0;1;2;3;-24,96941255;-53,42959722;"SPRF-PR";"DEL04-PR";"UOP01-DEL04-PR"
582539;2024-02-22;"quinta-feira";"08:40:00";"PE";101;69;"RECIFE";"Manobra de mudança de faixa";"Colisão lateral mesmo sentido";"Com Vítimas Feridas";"Pleno dia";"Crescente";"Céu Claro";"Dupla";"Interseção de Vias;Reta       ";"Não";3;0;2;0;0;1;2;2;-8,05951606;-34,94581024;"SPRF-PE";"DEL01-PE";"UOP01-DEL01-PE"
582540;2024-02-21;"quarta-feira";"22:00:00";"SP";116;214;"GUARULHOS";"Demais falhas mecânicas ou elétricas";"Incêndio";"Com Vítimas Feridas";"Plena Noite";"Decrescente";"Garoa/Chuvisco";"Múltipla";"Reta";"Sim";1;0;1;0;0;0;1;1;-23,44333014;-46,44531294;"SPRF-SP";"DEL01-SP";"UOP01-DEL01-SP"
582544;2024-02-02;"sexta-feira";"19:00:00";"MG";40;511;"RIBEIRAO DAS NEVES";"Trafegar com motocicleta (ou similar) entre as faixas";"Colisão lateral mesmo sentido";"Com Vítimas Feridas";"Plena Noite";"Decrescente";"Céu Claro";"Dupla";"Reta";"Não";3;0;1;0;2;0;1;3;-19,78164295;-44,11733194;"SPRF-MG";"DEL01-MG";"UOP02-DEL01-MG"
582545;2024-02-22;"quinta-feira";"08:00:00";"SC";282;3;"FLORIANOPOLIS";"Manobra de mudança de faixa";"Colisão lateral mesmo sentido";"Com Vítimas Feridas";"Pleno dia";"Decrescente";"Céu Claro";"Múltipla";"Curva";"Sim";3;0;0;1;2;0;1;3;-27,600384;-48,599705;"SPRF-SC";"DEL01-SC";"UOP01-DEL01-SC"
582546;2024-02-22;"quinta-feira";"07:45:00";"RO";364;713;"PORTO VELHO";"Carga excessiva e/ou mal acondicionada";"Colisão lateral mesmo sentido";"Com Vítimas Feridas";"Pleno dia";"Crescente";"Céu Claro";"Simples";"Reta";"Sim";3;0;2;0;1;0;2;2;-8,77331583;-63,87969248;"SPRF-RO";"DEL01-RO";"UOP01-DEL01-RO"
582549;2024-01-05;"sexta-feira";"22:00:00";"RN";101;106;"PARNAMIRIM";"Retorno proibido";"Colisão transversal";"Com Vítimas Feridas";"Plena Noite";"Crescente";"Céu Claro";"Dupla";"Reta";"Sim";2;0;0;1;1;0;1;2;-5,91056401;-35,26130795;"SPRF-RN";"DEL01-RN";"UOP01-DEL01-RN"
582550;2024-02-22;"quinta-feira";"08:50:00";"BA";116;673;"JEQUIE";"Desrespeitar a preferência no cruzamento";"Colisão transversal";"Com Vítimas Feridas";"Pleno dia";"Decrescente";"Nublado";"Simples";"Reta;Rotatória;Interseção de V";"Não";2;0;1;0;1;0;1;2;-13,80845298;-40,11215229;"SPRF-BA";"DEL03-BA";"UOP01-DEL03-BA"
582551;2024-01-10;"quarta-feira";"17:45:00";"GO";153;357,1;"JARAGUA";"Acessar a via sem observar a presença dos outros veículos";"Colisão transversal";"Com Vítimas Feridas";"Pleno dia";"Decrescente";"Nublado";"Simples";"Aclive;Reta                   ";"Sim";2;0;0;1;1;0;1;2;-15,74216345;-49,32033154;"SPRF-GO";"DEL02-GO";"UOP02-DEL02-GO"
582552;2024-02-22;"quinta-feira";"07:35:00";"SP";381;29;"ATIBAIA";"Animais na Pista";"Atropelamento de Animal";"Com Vítimas Feridas";"Pleno dia";"Decrescente";"Céu Claro";"Múltipla";"Reta";"Sim";2;0;1;0;1;0;1;1;-23,04177622;-46,55896672;"SPRF-SP";"DEL03-SP";"UOP02-DEL03-SP"
582553;2024-02-22;"quinta-feira";"09:15:00";"GO";153;501;"GOIANIA";"Reação tardia ou ineficiente do condutor";"Colisão traseira";"Com Vítimas Feridas";"Pleno dia";"Crescente";"Sol";"Dupla";"Reta";"Sim";3;0;1;0;2;0;1;2;-16,7189;-49,2382;"SPRF-GO";"DEL01-GO";"UOP01-DEL01-GO"
582556;2024-02-22;"quinta-feira";"05:00:00";"MT";174;376;"CONQUISTA DOESTE";"Animais na Pista";"Saída de leito carroçável";"Com Vítimas Feridas";"Amanhecer";"Crescente";"Céu Claro";"Simples";"Reta";"Não";2;0;1;0;1;0;1;1;-14,57104493;-59,53299483;"SPRF-MT";"DEL04-MT";"UOP01-DEL04-MT"
582559;2024-02-22;"quinta-feira";"10:05:00";"PB";230;74;"SOBRADO";"Acumulo de água sobre o pavimento";"Saída de leito carroçável";"Com Vítimas Feridas";"Pleno dia";"Crescente";"Chuva";"Dupla";"Reta";"Não";3;0;3;0;0;0;3;1;-7,1894;-35,2596;"SPRF-PB";"DEL01-PB";"UOP03-DEL01-PB"
582563;2024-02-22;"quinta-feira";"08:55:00";"RS";285;269,3;"MATO CASTELHANO";"Mal súbito do condutor";"Tombamento";"Com Vítimas Feridas";"Pleno dia";"Decrescente";"Sol";"Simples";"Reta";"Não";1;0;1;0;0;0;1;1;-28,292225;-52,161327;"SPRF-RS";"DEL08-RS";"UOP03-DEL08-RS"
582564;2024-02-22;"quinta-feira";"09:50:00";"RJ";101;407;"ITAGUAI";"Manobra de mudança de faixa";"Colisão traseira";"Com Vítimas Feridas";"Pleno dia";"Decrescente";"Céu Claro";"Múltipla";"Reta";"Sim";2;0;1;0;1;0;1;2;-22,87672058;-43,81631971;"SPRF-RJ";"DEL03-RJ";"UOP01-DEL03-RJ"
582565;2024-02-22;"quinta-feira";"08:00:00";"RJ";101;267;"RIO BONITO";"Pista Escorregadia";"Colisão com objeto";"Com Vítimas Feridas";"Pleno dia";"Decrescente";"Chuva";"Dupla";"Reta";"Não";1;0;1;0;0;0;1;1;-22,70728329;-42,66059086;"SPRF-RJ";"DEL02-RJ";"UOP03-DEL02-RJ"
582570;2024-02-14;"quarta-feira";"07:50:00";"RJ";116;185;"NOVA IGUACU";"Ausência de reação do condutor";"Tombamento";"Com Vítimas Feridas";"Pleno dia";"Crescente";"Nublado";"Múltipla";"Reta";"Sim";1;0;1;0;0;0;1;1;-22,74151051;-43,45351823;"SPRF-RJ";"DEL06-RJ";"UOP01-DEL06-RJ"
582571;2024-02-22;"quinta-feira";"11:40:00";"SC";470;49,8;"BLUMENAU";"Ausência de reação do condutor";"Tombamento";"Com Vítimas Feridas";"Pleno dia";"Decrescente";"Céu Claro";"Simples";"Reta";"Não";1;0;1;0;0;0;1;1;-26,860662;-49,065159;"SPRF-SC";"DEL04-SC";"UOP01-DEL04-SC"
582573;2024-02-22;"quinta-feira";"11:50:00";"MG";267;303,1;"CAXAMBU";"Velocidade Incompatível";"Saída de leito carroçável";"Com Vítimas Feridas";"Pleno dia";"Decrescente";"Chuva";"Simples";"Curva";"Não";4;0;2;1;0;1;3;2;-21,96181091;-44,91892623;"SPRF-MG";"DEL17-MG";"UOP01-DEL17-MG"
582574;2024-02-22;"quinta-feira";"11:40:00";"PR";153;44,7;"SANTO ANTONIO DA PLATINA";"Acessar a via sem observar a presença dos outros veículos";"Colisão transversal";"Com Vítimas Feridas";"Pleno dia";"Crescente";"Céu Claro";"Simples";"Reta";"Não";3;0;1;0;2;0;1;2;-23,31948992;-50,06836564;"SPRF-PR";"DEL07-PR";"UOP04-DEL07-PR"
582575;2024-02-22;"quinta-feira";"08:00:00";"RN";226;91,9;"TANGARA";"Animais na Pista";"Atropelamento de Animal";"Sem Vítimas";"Pleno dia";"Crescente";"Céu Claro";"Simples";"Curva";"Não";1;0;0;0;1;0;0;1;-6,24133196;-35,85238402;"SPRF-RN";"DEL03-RN";"UOP02-DEL03-RN"
582576;2024-02-22;"quinta-feira";"11:40:00";"RN";304;274,5;"IELMO MARINHO";"Condutor Dormindo";"Saída de leito carroçável";"Com Vítimas Feridas";"Pleno dia";"Decrescente";"Céu Claro";"Simples";"Reta";"Não";11;0;9;0;2;0;9;1;-5,8842657;-35,51590794;"SPRF-RN";"DEL01-RN";"UOP02-DEL01-RN"
582581;2024-02-22;"quinta-feira";"12:00:00";"RS";116;250;"SAO LEOPOLDO";"Manobra de mudança de faixa";"Colisão transversal";"Com Vítimas Feridas";"Pleno dia";"Crescente";"Céu Claro";"Dupla";"Reta";"Sim";3;0;0;1;2;0;1;2;-29,79148798;-51,16399615;"SPRF-RS";"DEL01-RS";"UOP02-DEL01-RS"
582583;2024-02-22;"quinta-feira";"09:30:00";"RJ";40;52;"PETROPOLIS";"Reação tardia ou ineficiente do condutor";"Colisão com objeto";"Com Vítimas Feridas";"Pleno dia";"Decrescente";"Chuva";"Dupla";"Curva;Declive                 ";"Não";1;0;1;0;0;0;1;1;-22,33571319;-43,13320403;"SPRF-RJ";"DEL05-RJ";"UOP02-DEL05-RJ"
582588;2024-01-29;"segunda-feira";"06:50:00";"PE";101;84;"CABO DE SANTO AGOSTINHO";"Condutor deixou de manter distância do veículo da frente";"Colisão traseira";"Com Vítimas Feridas";"Pleno dia";"Decrescente";"Ignorado";"Dupla";"Reta";"Não";3;0;1;0;1;1;1;2;-8,177782;-34,951267;"SPRF-PE";"DEL01-PE";"UOP01-DEL01-PE"
582590;2024-01-09;"terça-feira";"10:40:00";"RN";101;77;"NATAL";"Ausência de reação do condutor";"Colisão traseira";"Com Vítimas Feridas";"Pleno dia";"Decrescente";"Céu Claro";"Múltipla";"Reta";"Sim";3;0;0;2;1;0;2;2;-5,73180495;-35,29112135;"SPRF-RN";"DEL02-RN";"UOP01-DEL02-RN"
582593;2024-02-22;"quinta-feira";"13:30:00";"MT";70;44,5;"BARRA DO GARCAS";"Avarias e/ou desgaste excessivo no pneu";"Queda de ocupante de veículo";"Com Vítimas Feridas";"Pleno dia";"Decrescente";"Céu Claro";"Simples";"Reta";"Não";1;0;1;0;0;0;1;1;-15,75646817;-52,59058616;"SPRF-MT";"DEL07-MT";"UOP01-DEL07-MT"
582595;2024-02-22;"quinta-feira";"07:35:00";"PI";316;2;"TERESINA";"Reação tardia ou ineficiente do condutor";"Colisão traseira";"Com Vítimas Feridas";"Amanhecer";"Decrescente";"Céu Claro";"Múltipla";"Reta";"Não";3;0;0;2;1;0;2;2;-5,12477477;-42,79848465;"SPRF-PI";"DEL01-PI";"UOP02-DEL01-PI"
582596;2024-02-22;"quinta-feira";"12:30:00";"MG";40;608;"CONGONHAS";"Área urbana sem a presença de local apropriado para a travessia de pedestres";"Atropelamento de Pedestre";"Com Vítimas Feridas";"Pleno dia";"Decrescente";"Chuva";"Simples";"Reta";"Sim";2;0;1;0;1;0;1;2;-20,48427186;-43,83895771;"SPRF-MG";"DEL05-MG";"UOP02-DEL05-MG"
582597;2024-02-22;"quinta-feira";"12:45:00";"RO";319;61;"PORTO VELHO";"Reação tardia ou ineficiente do condutor";"Engavetamento";"Com Vítimas Feridas";"Pleno dia";"Decrescente";"Céu Claro";"Múltipla";"Reta";"Sim";4;0;1;0;3;0;1;4;-8,7416033;-63,88954282;"SPRF-RO";"DEL01-RO";"UOP01-DEL01-RO"
582598;2024-02-22;"quinta-feira";"13:40:00";"RJ";101;484;"ANGRA DOS REIS";"Reação tardia ou ineficiente do condutor";"Colisão traseira";"Com Vítimas Feridas";"Pleno dia";"Crescente";"Nublado";"Simples";"Reta";"Sim";4;0;1;0;3;0;1;3;-22,99096308;-44,30429882;"SPRF-RJ";"DEL03-RJ";"UOP03-DEL03-RJ"
582599;2024-02-22;"quinta-feira";"13:45:00";"RO";364;240;"CACOAL";"Acessar a via sem observar a presença dos outros veículos";"Colisão traseira";"Com Vítimas Feridas";"Pleno dia";"Decrescente";"Chuva";"Simples";"Declive;Reta                  ";"Sim";6;0;1;0;5;0;1;2;-11,43579019;-61,47096987;"SPRF-RO";"DEL02-RO";"UOP02-DEL02-RO"
582601;2024-02-22;"quinta-feira";"15:00:00";"RS";158;202,5;"CRUZ ALTA";"Ultrapassagem Indevida";"Colisão frontal";"Com Vítimas Feridas";"Pleno dia";"Crescente";"Céu Claro";"Simples";"Reta";"Não";6;0;3;0;2;1;3;3;-28,70299302;-53,60056619;"SPRF-RS";"DEL10-RS";"UOP02-DEL10-RS"
582602;2024-02-22;"quinta-feira";"15:10:00";"RS";285;297,7;"PASSO FUNDO";"Acessar a via sem observar a presença dos outros veículos";"Colisão transversal";"Com Vítimas Feridas";"Pleno dia";"Decrescente";"Sol";"Simples";"Interseção de Vias";"Sim";2;0;0;1;1;0;1;2;-28,23596889;-52,41856098;"SPRF-RS";"DEL08-RS";"UOP03-DEL08-RS"
582603;2024-02-22;"quinta-feira";"11:30:00";"PR";376;456;"TIBAGI";"Reação tardia ou ineficiente do condutor";"Saída de leito carroçável";"Com Vítimas Feridas";"Pleno dia";"Decrescente";"Ignorado";"Dupla";"Reta";"Não";1;0;1;0;0;0;1;1;-24,673004;-50,601442;"SPRF-PR";"DEL03-PR";"UOP02-DEL03-PR"
582606;2024-02-22;"quinta-feira";"15:00:00";"MG";381;338;"NOVA ERA";"Acessar a via sem observar a presença dos outros veículos";"Colisão transversal";"Com Vítimas Feridas";"Pleno dia";"Crescente";"Nublado";"Simples";"Curva";"Não";2;0;1;0;1;0;1;2;-19,80811469;-43,06436777;"SPRF-MG";"DEL03-MG";"UOP01-DEL03-MG"
582607;2024-02-22;"quinta-feira";"15:06:00";"PB";230;11;"CABEDELO";"Ultrapassagem Indevida";"Colisão lateral mesmo sentido";"Com Vítimas Feridas";"Pleno dia";"Decrescente";"Céu Claro";"Dupla";"Reta";"Sim";2;0;1;0;1;0;1;2;-7,0596;-34,8506;"SPRF-PB";"DEL01-PB";"UOP01-DEL01-PB"
582608;2024-02-22;"quinta-feira";"15:10:00";"PR";369;187,4;"ARAPONGAS";"Reação tardia ou ineficiente do condutor";"Colisão transversal";"Com Vítimas Feridas";"Pleno dia";"Decrescente";"Sol";"Simples";"Reta";"Sim";2;0;1;0;1;0;1;2;-23,426553;-51,423186;"SPRF-PR";"DEL07-PR";"UOP03-DEL07-PR"
582609;2024-02-22;"quinta-feira";"15:25:00";"SC";101;82,7;"BARRA VELHA";"Reação tardia ou ineficiente do condutor";"Colisão com objeto";"Com Vítimas Feridas";"Pleno dia";"Decrescente";"Céu Claro";"Simples";"Reta;Declive                  ";"Não";1;0;1;0;0;0;1;1;-26,618372;-48,718276;"SPRF-SC";"DEL03-SC";"UOP02-DEL03-SC"
582610;2024-02-22;"quinta-feira";"15:10:00";"RS";285;120,7;"VACARIA";"Acessar a via sem observar a presença dos outros veículos";"Colisão transversal";"Com Vítimas Feridas";"Pleno dia";"Decrescente";"Céu Claro";"Simples";"Reta";"Sim";2;0;1;0;1;0;1;2;-28,506767;-50,926594;"SPRF-RS";"DEL05-RS";"UOP03-DEL05-RS"
582611;2024-02-22;"quinta-feira";"15:40:00";"ES";101;320,4;"VILA VELHA";"Velocidade Incompatível";"Atropelamento de Pedestre";"Com Vítimas Feridas";"Pleno dia";"Crescente";"Chuva";"Dupla";"Reta;Declive                  ";"Não";2;0;1;1;0;0;2;2;-20,520908;-40,478306;"SPRF-ES";"DEL03-ES";"UOP01-DEL03-ES"
582612;2024-02-22;"quinta-feira";"16:04:00";"ES";262;33;"DOMINGOS MARTINS";"Chuva";"Colisão com objeto";"Com Vítimas Feridas";"Pleno dia";"Decrescente";"Garoa/Chuvisco";"Simples";"Declive;Curva                 ";"Não";1;0;1;0;0;0;1;1;-20,37535106;-40,58433127;"SPRF-ES";"DEL01-ES";"UOP01-DEL01-ES"
582613;2024-02-22;"quinta-feira";"15:20:00";"GO";153;571;"PROFESSOR JAMIL";"Reação tardia ou ineficiente do condutor";"Saída de leito carroçável";"Com Vítimas Feridas";"Pleno dia";"Decrescente";"Nublado";"Dupla";"Reta";"Não";2;0;2;0;0;0;2;1;-17,3118;-49,238;"SPRF-GO";"DEL03-GO";"UOP01-DEL03-GO"
582614;2024-02-22;"quinta-feira";"16:00:00";"RS";290;81,5;"GRAVATAI";"Objeto estático sobre o leito carroçável";"Colisão lateral mesmo sentido";"Com Vítimas Feridas";"Pleno dia";"Decrescente";"Céu Claro";"Múltipla";"Reta";"Não";3;0;1;0;2;0;1;3;-29,959141;-51,088791;"SPRF-RS";"DEL01-RS";"UOP01-DEL01-RS"
582617;2024-02-22;"quinta-feira";"15:50:00";"MT";364;399;"CUIABA";"Acessar a via sem observar a presença dos outros veículos";"Colisão traseira";"Com Vítimas Feridas";"Pleno dia";"Crescente";"Céu Claro";"Dupla";"Reta";"Sim";2;0;1;0;1;0;1;2;-15,660937;-55,973288;"SPRF-MT";"DEL01-MT";"UOP02-DEL01-MT"
582622;2024-02-22;"quinta-feira";"16:00:00";"RJ";116;179;"MESQUITA";"Ausência de reação do condutor";"Colisão traseira";"Com Vítimas Feridas";"Pleno dia";"Decrescente";"Nublado";"Dupla";"Reta";"Sim";3;0;3;0;0;0;3;2;-22,76832096;-43,41079116;"SPRF-RJ";"DEL06-RJ";"UOP01-DEL06-RJ"
582623;2024-02-22;"quinta-feira";"16:50:00";"SP";116;224;"GUARULHOS";"Pedestre andava na pista";"Atropelamento de Pedestre";"Com Vítimas Feridas";"Pleno dia";"Decrescente";"Nublado";"Dupla";"Reta";"Não";2;0;0;1;1;0;1;2;-23,48071896;-46,53271603;"SPRF-SP";"DEL01-SP";"UOP01-DEL01-SP"
582624;2024-02-22;"quinta-feira";"17:15:00";"CE";116;11;"FORTALEZA";"Reação tardia ou ineficiente do condutor";"Colisão com objeto";"Sem Vítimas";"Anoitecer";"Decrescente";"Céu Claro";"Múltipla";"Reta";"Sim";3;0;0;0;2;1;0;3;-3,84394724;-38,49891546;"SPRF-CE";"DEL01-CE";"UOP02-DEL01-CE"
582626;2024-02-22;"quinta-feira";"16:30:00";"RJ";40;78;"PETROPOLIS";"Pista Escorregadia";"Saída de leito carroçável";"Com Vítimas Feridas";"Pleno dia";"Crescente";"Chuva";"Múltipla";"Curva";"Não";1;0;1;0;0;0;1;1;-22,48485874;-43,22843406;"SPRF-RJ";"DEL01-RJ";"UOP01-DEL01-RJ"
582627;2024-02-22;"quinta-feira";"16:20:00";"MS";163;117,8;"NAVIRAI";"Reação tardia ou ineficiente do condutor";"Tombamento";"Com Vítimas Feridas";"Pleno dia";"Crescente";"Céu Claro";"Simples";"Reta";"Não";2;0;1;0;1;0;1;1;-23,1347427564;-54,1968536567;"SPRF-MS";"DEL09-MS";"UOP01-DEL09-MS"
582628;2024-02-07;"quarta-feira";"16:50:00";"DF";NA;NA;"BRASILIA";"Condutor deixou de manter distância do veículo da frente";"Colisão traseira";"Sem Vítimas";"Pleno dia";"Não Informado";"Céu Claro";"Dupla";"Reta";"Sim";2;0;0;0;2;0;0;2;-15,76669005;-47,92455196;"SPRF-DF";"N/A";"N/A"
582630;2024-02-22;"quinta-feira";"17:25:00";"SP";381;89;"SAO PAULO";"Reação tardia ou ineficiente do condutor";"Colisão lateral mesmo sentido";"Com Vítimas Feridas";"Pleno dia";"Decrescente";"Céu Claro";"Múltipla";"Reta";"Sim";2;0;1;1;0;0;2;2;-23,48469299;-46,55983288;"SPRF-SP";"DEL03-SP";"UOP01-DEL03-SP"
582631;2024-02-22;"quinta-feira";"17:29:00";"CE";222;4,2;"CAUCAIA";"Condutor deixou de manter distância do veículo da frente";"Colisão lateral mesmo sentido";"Com Vítimas Feridas";"Anoitecer";"Decrescente";"Nublado";"Múltipla";"Reta";"Sim";2;0;1;1;0;0;2;2;-3,74164754;-38,60449792;"SPRF-CE";"DEL01-CE";"UOP01-DEL01-CE"
582633;2024-02-22;"quinta-feira";"17:50:00";"PB";230;23,8;"JOAO PESSOA";"Acessar a via sem observar a presença dos outros veículos";"Colisão transversal";"Com Vítimas Feridas";"Amanhecer";"Decrescente";"Nublado";"Simples";"Reta";"Sim";3;0;3;0;0;0;3;2;-7,1562;-34,8574;"SPRF-PB";"DEL01-PB";"UOP01-DEL01-PB"
582635;2024-02-22;"quinta-feira";"12:10:00";"BA";330;813;"JITAUNA";"Suicídio (presumido)";"Atropelamento de Pedestre";"Com Vítimas Feridas";"Pleno dia";"Crescente";"Céu Claro";"Simples";"Reta";"Não";2;0;0;1;1;0;1;2;-14,00984943;-39,89588438;"SPRF-BA";"DEL03-BA";"UOP01-DEL03-BA"
582636;2024-02-22;"quinta-feira";"18:05:00";"PE";232;101,1;"BEZERROS";"Acessar a via sem observar a presença dos outros veículos";"Colisão frontal";"Com Vítimas Feridas";"Plena Noite";"Crescente";"Céu Claro";"Simples";"Reta";"Não";2;0;0;1;1;0;1;2;-8,24461972;-35,75516582;"SPRF-PE";"DEL02-PE";"UOP02-DEL02PE"
582637;2024-02-22;"quinta-feira";"17:40:00";"SC";470;246,6;"CURITIBANOS";"Condutor deixou de manter distância do veículo da frente";"Colisão lateral mesmo sentido";"Com Vítimas Feridas";"Anoitecer";"Decrescente";"Céu Claro";"Simples";"Reta;Aclive                   ";"Sim";7;0;1;0;4;2;1;3;-27,314163;-50,550713;"SPRF-SC";"DEL05-SC";"UOP03-DEL05-SC"
582639;2024-02-22;"quinta-feira";"18:30:00";"DF";40;5;"BRASILIA";"Manobra de mudança de faixa";"Colisão traseira";"Com Vítimas Feridas";"Anoitecer";"Crescente";"Céu Claro";"Dupla";"Reta";"Sim";2;0;1;0;1;0;1;2;-16,020903;-47,980541;"SPRF-DF";"DEL01-DF";"UOP01-DEL01-DF"
582640;2024-02-22;"quinta-feira";"18:05:00";"PE";232;130;"CARUARU";"Pedestre cruzava a pista fora da faixa";"Atropelamento de Pedestre";"Com Vítimas Feridas";"Plena Noite";"Crescente";"Nublado";"Dupla";"Reta;Aclive                   ";"Sim";2;0;1;0;1;0;1;2;-8,29983303;-35,989662;"SPRF-PE";"DEL02-PE";"UOP01-DEL02-PE"
582641;2024-02-22;"quinta-feira";"18:15:00";"SP";116;154;"SAO JOSE DOS CAMPOS";"Manobra de mudança de faixa";"Colisão lateral mesmo sentido";"Com Vítimas Feridas";"Anoitecer";"Crescente";"Nublado";"Dupla";"Reta";"Não";3;0;1;0;2;0;1;3;-23,23903999;-45,92061901;"SPRF-SP";"DEL02-SP";"UOP01-DEL02-SP"
582642;2024-02-22;"quinta-feira";"08:25:00";"RS";116;397,7;"CAMAQUA";"Desrespeitar a preferência no cruzamento";"Colisão transversal";"Com Vítimas Feridas";"Pleno dia";"Decrescente";"Nublado";"Simples";"Rotatória";"Sim";2;0;1;0;1;0;1;2;-30,85668978;-51,7840381;"SPRF-RS";"DEL02-RS";"UOP02-DEL02-RS"
582643;2024-02-22;"quinta-feira";"19:00:00";"SE";235;34;"AREIA BRANCA";"Desrespeitar a preferência no cruzamento";"Colisão transversal";"Com Vítimas Feridas";"Plena Noite";"Decrescente";"Céu Claro";"Simples";"Reta";"Sim";2;0;1;0;1;0;1;2;-10,760385;-37,313049;"SPRF-SE";"DEL01-SE";"UOP02-DEL01-SE"
582644;2024-02-22;"quinta-feira";"18:15:00";"PR";376;3;"APUCARANA";"Condutor deixou de manter distância do veículo da frente";"Engavetamento";"Com Vítimas Feridas";"Anoitecer";"Decrescente";"Céu Claro";"Simples";"Declive;Reta                  ";"Sim";12;0;1;1;10;0;2;4;-23,5592863;-51,43785954;"SPRF-PR";"DEL07-PR";"UOP03-DEL07-PR"
582646;2024-02-22;"quinta-feira";"18:20:00";"GO";153;428,4;"ANAPOLIS";"Acessar a via sem observar a presença dos outros veículos";"Colisão transversal";"Com Vítimas Fatais";"Anoitecer";"Crescente";"Nublado";"Simples";"Interseção de Vias;Reta;Retorn";"Sim";2;1;0;0;1;0;0;2;-16,237425;-49,005501;"SPRF-GO";"DEL02-GO";"UOP01-DEL02-GO"