"id";"data_inversa";"dia_semana";"horario";"uf";"br";"km";"municipio";"causa_acidente";"tipo_acidente";"classificacao_acidente";"fase_dia";"sentido_via";"condicao_metereologica";"tipo_pista";"tracado_via";"uso_solo";"pessoas";"mortos";"feridos_leves";"feridos_graves";"ilesos";"ignorados";"feridos";"veiculos";"latitude";"longitude";"regional";"delegacia";"uop"
583320;2024-02-25;"domingo";"21:30:00";"TO";153;391;"RIO DOS BOIS";"Ingestão de álcool pelo condutor";"Atropelamento de Pedestre";"Com Vítimas Feridas";"Plena Noite";"Crescente";"Céu Claro";"Simples";"Interseção de Vias;Curva      ";"Sim";2;0;0;1;1;0;1;2;-9,33758166;-48,5351171;"SPRF-TO";"DEL02-TO";"UOP02-DEL02-TO"
583323;2024-02-25;"domingo";"20:50:00";"PI";343;345;"TERESINA";"Condutor desrespeitou a iluminação vermelha do semáforo";"Colisão transversal";"Com Vítimas Feridas";"Pleno dia";"Crescente";"Nublado";"Dupla";"Reta";"Sim";1;0;0;1;0;0;1;1;-5,102889;-42,766506;"SPRF-PI";"DEL01-PI";"UOP01-DEL01-PI"
583324;2024-02-25;"domingo";"21:30:00";"BA";407;3;"JUAZEIRO";"Transitar na contramão";"Colisão frontal";"Com Vítimas Feridas";"Plena Noite";"Decrescente";"Céu Claro";"Simples";"Desvio Temporário;Ponte;Em Obr";"Sim";4;0;2;0;2;0;2;2;-9,43134011;-40,49823324;"SPRF-PE";"DEL06-PE";"UOP01-DEL06-PE"
583325;2024-02-25;"domingo";"20:15:00";"SC";282;40,6;"AGUAS MORNAS";"Condutor deixou de manter distância do veículo da frente";"Engavetamento";"Com Vítimas Feridas";"Plena Noite";"Decrescente";"Nublado";"Simples";"Curva";"Não";9;0;0;1;8;0;1;3;-27,716148;-48,869583;"SPRF-SC";"DEL01-SC";"UOP03-DEL01-SC"
583326;2024-02-25;"domingo";"21:44:00";"PR";277;61;"SAO JOSE DOS PINHAIS";"Ausência de reação do condutor";"Colisão lateral mesmo sentido";"Com Vítimas Feridas";"Plena Noite";"Crescente";"Garoa/Chuvisco";"Dupla";"Reta";"Não";3;0;2;0;0;1;2;2;-25,56895101;-48,99932401;"SPRF-PR";"DEL01-PR";"UOP01-DEL01-PR"
583327;2024-02-25;"domingo";"21:00:00";"RJ";101;386;"RIO DE JANEIRO";"Ausência de reação do condutor";"Colisão com objeto";"Com Vítimas Feridas";"Plena Noite";"Decrescente";"Céu Claro";"Múltipla";"Reta";"Sim";2;0;1;0;1;0;1;2;-22,88295192;-43,64094302;"SPRF-RJ";"DEL03-RJ";"UOP01-DEL03-RJ"
583328;2024-02-25;"domingo";"21:45:00";"AL";104;84;"RIO LARGO";"Ingestão de álcool pelo condutor";"Capotamento";"Com Vítimas Feridas";"Plena Noite";"Crescente";"Céu Claro";"Dupla";"Reta";"Não";1;0;1;0;0;0;1;1;-9,45007991;-35,83193975;"SPRF-AL";"DEL01-AL";"UOP01-DEL01-AL"
583329;2024-02-25;"domingo";"20:03:00";"AC";364;136;"RIO BRANCO";"Afundamento ou ondulação no pavimento";"Tombamento";"Com Vítimas Feridas";"Plena Noite";"Crescente";"Garoa/Chuvisco";"Dupla";"Aclive;Reta                   ";"Sim";1;0;1;0;0;0;1;1;-9,977578;-67,8489;"SPRF-AC";"DEL01-AC";"UOP01-DEL01-AC"
583331;2024-02-25;"domingo";"22:30:00";"SP";381;29;"ATIBAIA";"Pedestre andava na pista";"Atropelamento de Pedestre";"Com Vítimas Feridas";"Plena Noite";"Crescente";"Céu Claro";"Dupla";"Reta";"Sim";2;0;0;1;1;0;1;2;-23,04177622;-46,55896672;"SPRF-SP";"DEL03-SP";"UOP02-DEL03-SP"
583332;2024-02-25;"domingo";"21:05:00";"PB";230;22;"JOAO PESSOA";"Chuva";"Tombamento";"Com Vítimas Feridas";"Plena Noite";"Crescente";"Chuva";"Dupla";"Reta";"Sim";2;0;2;0;0;0;2;1;-7,1495;-34,8517;"SPRF-PB";"DEL01-PB";"UOP01-DEL01-PB"
583333;2024-02-25;"domingo";"19:10:00";"GO";80;34;"PADRE BERNARDO";"Transitar no Acostamento";"Colisão traseira";"Com Vítimas Feridas";"Plena Noite";"Crescente";"Céu Claro";"Simples";"Reta";"Não";2;0;2;0;0;0;2;2;-15,272153;-48,262239;"SPRF-DF";"DEL03-DF";"UOP02-DEL03-DF"
583334;2024-02-25;"domingo";"22:52:00";"SC";101;136,4;"BALNEARIO CAMBORIU";"Velocidade Incompatível";"Tombamento";"Com Vítimas Feridas";"Plena Noite";"Crescente";"Céu Claro";"Simples";"Viaduto;Curva                 ";"Sim";1;0;1;0;0;0;1;1;-27,0121846;-48,61546755;"SPRF-SC";"DEL04-SC";"UOP03-DEL04-SC"
583336;2024-02-25;"domingo";"22:45:00";"GO";60;203;"GUAPO";"Ingestão de álcool pelo condutor";"Saída de leito carroçável";"Sem Vítimas";"Plena Noite";"Crescente";"Céu Claro";"Dupla";"Curva";"Não";1;0;0;0;0;1;0;1;-16,89936399;-49,63832444;"SPRF-GO";"DEL01-GO";"UOP02-DEL01-GO"
583338;2024-02-25;"domingo";"22:10:00";"RJ";101;80;"CAMPOS DOS GOYTACAZES";"Reação tardia ou ineficiente do condutor";"Colisão transversal";"Com Vítimas Feridas";"Plena Noite";"Crescente";"Céu Claro";"Simples";"Reta";"Sim";5;0;2;0;3;0;2;2;-21,83496009;-41,43663168;"SPRF-RJ";"DEL08-RJ";"UOP02-DEL08-RJ"
583339;2024-02-25;"domingo";"23:40:00";"PE";232;142;"SAO CAITANO";"Animais na Pista";"Atropelamento de Animal";"Com Vítimas Feridas";"Plena Noite";"Crescente";"Céu Claro";"Dupla";"Reta";"Não";2;0;2;0;0;0;2;1;-8,32242118;-36,09480698;"SPRF-PE";"DEL03-PE";"UOP02-DEL03-PE"
583340;2024-02-25;"domingo";"23:48:00";"SC";101;420,5;"ARARANGUA";"Pista Escorregadia";"Tombamento";"Com Vítimas Feridas";"Plena Noite";"Decrescente";"Garoa/Chuvisco";"Simples";"Reta";"Não";1;0;1;0;0;0;1;1;-29,002602;-49,559422;"SPRF-SC";"DEL02-SC";"UOP02-DEL02-SC"
583341;2024-02-25;"domingo";"18:20:00";"SC";282;91,5;"ALFREDO WAGNER";"Pedestre - Ingestão de álcool/ substâncias psicoativas";"Queda de ocupante de veículo";"Com Vítimas Feridas";"Pleno dia";"Crescente";"Nublado";"Simples";"Reta";"Sim";1;0;1;0;0;0;1;1;-27,71060937;-49,2670083;"SPRF-SC";"DEL01-SC";"UOP03-DEL01-SC"
583342;2024-02-25;"domingo";"22:00:00";"SP";153;156;"PROMISSAO";"Animais na Pista";"Saída de leito carroçável";"Com Vítimas Feridas";"Plena Noite";"Crescente";"Céu Claro";"Simples";"Reta";"Não";2;0;2;0;0;0;2;1;-21,471328;-49,78182302;"SPRF-SP";"DEL07-SP";"UOP01-DEL07-SP"
583343;2024-02-25;"domingo";"22:30:00";"RS";386;43;"SEBERI";"Reação tardia ou ineficiente do condutor";"Saída de leito carroçável";"Sem Vítimas";"Plena Noite";"Crescente";"Garoa/Chuvisco";"Simples";"Reta";"Não";1;0;0;0;0;1;0;1;-27,430225;-53,420662;"SPRF-RS";"DEL08-RS";"UOP02-DEL08-RS"
583344;2024-02-25;"domingo";"15:45:00";"PA";230;220;"NOVO REPARTIMENTO";"Transitar na contramão";"Colisão frontal";"Com Vítimas Fatais";"Pleno dia";"Crescente";"Céu Claro";"Simples";"Curva";"Não";2;1;0;0;1;0;0;2;-4,80931615;-49,56715219;"SPRF-PA";"DEL03-PA";"UOP01-DEL03-PA"
583346;2024-02-26;"segunda-feira";"00:30:00";"SP";116;157;"SAO JOSE DOS CAMPOS";"Ausência de reação do condutor";"Colisão lateral mesmo sentido";"Com Vítimas Feridas";"Plena Noite";"Crescente";"Céu Claro";"Dupla";"Declive";"Sim";1;0;1;0;0;0;1;1;-23,25558031;-45,9437828;"SPRF-SP";"DEL02-SP";"UOP01-DEL02-SP"
583347;2024-02-25;"domingo";"23:55:00";"RS";290;218,4;"PANTANO GRANDE";"Pedestre andava na pista";"Atropelamento de Pedestre";"Com Vítimas Fatais";"Plena Noite";"Crescente";"Céu Claro";"Simples";"Declive;Reta                  ";"Não";4;1;0;0;3;0;0;2;-30,19744025;-52,40723133;"SPRF-RS";"DEL02-RS";"UOP03-DEL02-RS"
583349;2024-02-26;"segunda-feira";"00:11:00";"PB";101;85;"BAYEUX";"Ingestão de álcool pelo condutor";"Saída de leito carroçável";"Sem Vítimas";"Plena Noite";"Decrescente";"Chuva";"Dupla";"Reta";"Sim";2;0;0;0;2;0;0;1;-7,14538184;-34,91662887;"SPRF-PB";"DEL01-PB";"UOP01-DEL01-PB"
583350;2024-02-26;"segunda-feira";"00:20:00";"CE";222;310;"TIANGUA";"Ingestão de álcool pelo condutor";"Queda de ocupante de veículo";"Com Vítimas Feridas";"Plena Noite";"Crescente";"Nublado";"Simples";"Viaduto";"Sim";1;0;1;0;0;0;1;1;-3,70670595;-40,97707006;"SPRF-CE";"DEL04-CE";"UOP02-DEL04-CE"
583351;2024-02-25;"domingo";"23:15:00";"GO";153;201;"URUACU";"Área urbana sem a presença de local apropriado para a travessia de pedestres";"Atropelamento de Pedestre";"Com Vítimas Fatais";"Plena Noite";"Crescente";"Céu Claro";"Simples";"Reta";"Sim";5;1;0;0;4;0;0;2;-14,543228;-49,161707;"SPRF-GO";"DEL07-GO";"UOP02-DEL07-GO"
583352;2024-02-26;"segunda-feira";"00:30:00";"PR";277;708;"SANTA TEREZINHA DE ITAIPU";"Acesso irregular";"Saída de leito carroçável";"Sem Vítimas";"Plena Noite";"Decrescente";"Céu Claro";"Dupla";"Reta";"Sim";2;0;0;0;0;2;0;2;-25,44290885;-54,39565306;"SPRF-PR";"DEL05-PR";"UOP01-DEL05-PR"
583353;2024-02-26;"segunda-feira";"01:55:00";"SC";101;160,6;"TIJUCAS";"Acesso irregular";"Saída de leito carroçável";"Sem Vítimas";"Plena Noite";"Decrescente";"Nublado";"Múltipla";"Reta";"Não";1;0;0;0;0;1;0;1;-27,20831288;-48,61987922;"SPRF-SC";"DEL04-SC";"UOP03-DEL04-SC"
583354;2024-02-26;"segunda-feira";"01:53:00";"MG";40;575,5;"ITABIRITO";"Ausência de reação do condutor";"Saída de leito carroçável";"Com Vítimas Feridas";"Plena Noite";"Crescente";"Nublado";"Simples";"Reta";"Não";2;0;1;0;1;0;1;1;-20,25658707;-43,96098023;"SPRF-MG";"DEL01-MG";"UOP02-DEL01-MG"
583355;2024-02-26;"segunda-feira";"02:00:00";"SP";116;215,6;"GUARULHOS";"Entrada inopinada do pedestre";"Atropelamento de Pedestre";"Com Vítimas Feridas";"Plena Noite";"Crescente";"Nublado";"Múltipla";"Reta";"Sim";2;0;1;0;1;0;1;2;-23,44695693;-46,45394103;"SPRF-SP";"DEL01-SP";"UOP01-DEL01-SP"
583357;2024-02-26;"segunda-feira";"02:15:00";"DF";20;6;"BRASILIA";"Ausência de reação do condutor";"Colisão com objeto";"Com Vítimas Feridas";"Plena Noite";"Crescente";"Céu Claro";"Dupla";"Reta";"Sim";1;0;1;0;0;0;1;1;-15,665888;-47,808308;"SPRF-DF";"DEL02-DF";"UOP01-DEL02-DF"
583359;2024-02-26;"segunda-feira";"02:30:00";"SP";116;465;"REGISTRO";"Ausência de reação do condutor";"Saída de leito carroçável";"Com Vítimas Feridas";"Plena Noite";"Crescente";"Chuva";"Dupla";"Curva";"Não";1;0;1;0;0;0;1;1;-24,64131463;-47,91527636;"SPRF-SP";"DEL05-SP";"UOP01-DEL05-SP"
583360;2024-02-26;"segunda-feira";"01:00:00";"MG";40;513,8;"RIBEIRAO DAS NEVES";"Ingestão de álcool pelo condutor";"Saída de leito carroçável";"Sem Vítimas";"Plena Noite";"Crescente";"Céu Claro";"Dupla";"Curva";"Sim";1;0;0;0;0;1;0;1;-19,7970544;-44,1080512;"SPRF-MG";"DEL01-MG";"UOP02-DEL01-MG"
583361;2024-02-26;"segunda-feira";"02:00:00";"SC";101;131,5;"BALNEARIO CAMBORIU";"Suicídio (presumido)";"Atropelamento de Pedestre";"Com Vítimas Feridas";"Plena Noite";"Crescente";"Nublado";"Múltipla";"Curva";"Sim";2;0;1;0;0;1;1;2;-26,99064209;-48,66310912;"SPRF-SC";"DEL04-SC";"UOP03-DEL04-SC"
583362;2024-02-26;"segunda-feira";"03:30:00";"SC";101;425;"ARARANGUA";"Avarias e/ou desgaste excessivo no pneu";"Tombamento";"Com Vítimas Feridas";"Plena Noite";"Crescente";"Chuva";"Dupla";"Viaduto;Reta                  ";"Sim";2;0;2;0;0;0;2;1;-29,02228883;-49,59373355;"SPRF-SC";"DEL02-SC";"UOP02-DEL02-SC"
583363;2024-02-25;"domingo";"18:10:00";"SC";470;111;"APIUNA";"Afundamento ou ondulação no pavimento";"Tombamento";"Com Vítimas Feridas";"Pleno dia";"Crescente";"Céu Claro";"Simples";"Ponte;Curva                   ";"Não";1;0;1;0;0;0;1;1;-27,095388;-49,457878;"SPRF-SC";"DEL04-SC";"UOP02-DEL04-SC"
583367;2024-02-26;"segunda-feira";"04:20:00";"PR";376;312,8;"ORTIGUEIRA";"Ausência de reação do condutor";"Queda de ocupante de veículo";"Com Vítimas Feridas";"Amanhecer";"Decrescente";"Vento";"Dupla";"Declive;Curva                 ";"Não";1;0;1;0;0;0;1;1;-23,978087;-51,09294891;"SPRF-PR";"DEL07-PR";"UOP02-DEL07-PR"
583368;2024-02-26;"segunda-feira";"06:00:00";"SP";116;202;"ARUJA";"Ausência de reação do condutor";"Queda de ocupante de veículo";"Com Vítimas Feridas";"Pleno dia";"Decrescente";"Céu Claro";"Dupla";"Reta";"Sim";1;0;1;0;0;0;1;1;-23,40809408;-46,33859597;"SPRF-SP";"DEL01-SP";"UOP01-DEL01-SP"
583370;2024-02-26;"segunda-feira";"06:10:00";"PR";116;46;"CAMPINA GRANDE DO SUL";"Acumulo de água sobre o pavimento";"Saída de leito carroçável";"Com Vítimas Feridas";"Amanhecer";"Decrescente";"Chuva";"Dupla";"Curva";"Não";1;0;0;1;0;0;1;1;-25,20185401;-48,8962139;"SPRF-PR";"DEL01-PR";"UOP02-DEL01-PR"
583372;2024-02-26;"segunda-feira";"07:16:00";"BA";324;616;"SALVADOR";"Condutor deixou de manter distância do veículo da frente";"Colisão lateral mesmo sentido";"Com Vítimas Feridas";"Pleno dia";"Decrescente";"Céu Claro";"Dupla";"Reta";"Não";2;0;1;0;1;0;1;2;-12,87957905;-38,43213893;"SPRF-BA";"DEL01-BA";"UOP01-DEL01-BA"
583373;2024-02-26;"segunda-feira";"07:20:00";"ES";101;141,8;"LINHARES";"Ausência de reação do condutor";"Colisão traseira";"Com Vítimas Feridas";"Pleno dia";"Decrescente";"Céu Claro";"Dupla";"Reta";"Não";2;0;0;1;1;0;1;2;-19,32655693;-40,07192387;"SPRF-ES";"DEL04-ES";"UOP01-DEL04-ES"
583374;2024-02-26;"segunda-feira";"07:00:00";"SC";101;233,4;"PALHOCA";"Reação tardia ou ineficiente do condutor";"Queda de ocupante de veículo";"Com Vítimas Feridas";"Pleno dia";"Crescente";"Chuva";"Dupla";"Curva;Declive                 ";"Não";1;0;0;1;0;0;1;1;-27,80376397;-48,63826211;"SPRF-SC";"DEL01-SC";"UOP02-DEL01-SC"
583377;2024-02-26;"segunda-feira";"05:40:00";"PR";369;120;"JATAIZINHO";"Acumulo de areia ou detritos sobre o pavimento";"Capotamento";"Com Vítimas Feridas";"Amanhecer";"Crescente";"Nublado";"Dupla";"Curva";"Não";3;0;0;2;1;0;2;1;-23,2785724;-50,86006343;"SPRF-PR";"DEL07-PR";"UOP05-DEL07-PR"
583378;2024-02-26;"segunda-feira";"07:00:00";"RS";386;175;"CARAZINHO";"Conversão proibida";"Colisão transversal";"Com Vítimas Feridas";"Pleno dia";"Crescente";"Céu Claro";"Simples";"Reta";"Não";2;0;1;0;1;0;1;2;-28,270662;-52,778925;"SPRF-RS";"DEL08-RS";"UOP01-DEL08-RS"
583379;2024-02-26;"segunda-feira";"07:00:00";"MG";116;410;"GOVERNADOR VALADARES";"Acessar a via sem observar a presença dos outros veículos";"Colisão transversal";"Com Vítimas Feridas";"Pleno dia";"Decrescente";"Céu Claro";"Dupla";"Reta";"Sim";2;0;1;0;1;0;1;2;-18,855625;-41,975623;"SPRF-MG";"DEL06-MG";"UOP01-DEL06-MG"
583380;2024-02-26;"segunda-feira";"06:45:00";"ES";101;266,9;"SERRA";"Reação tardia ou ineficiente do condutor";"Tombamento";"Com Vítimas Feridas";"Pleno dia";"Crescente";"Céu Claro";"Dupla";"Reta";"Sim";2;0;1;0;1;0;1;2;-20,190199;-40,26828891;"SPRF-ES";"DEL02-ES";"UOP01-DEL02-ES"
583381;2024-02-26;"segunda-feira";"06:23:00";"SP";116;146,3;"SAO JOSE DOS CAMPOS";"Reação tardia ou ineficiente do condutor";"Tombamento";"Com Vítimas Feridas";"Amanhecer";"Decrescente";"Nublado";"Dupla";"Aclive";"Sim";2;0;1;0;1;0;1;1;-23,19122919;-45,86327591;"SPRF-SP";"DEL02-SP";"UOP01-DEL02-SP"
583382;2024-02-26;"segunda-feira";"07:30:00";"ES";101;255;"SERRA";"Entrada inopinada do pedestre";"Atropelamento de Pedestre";"Com Vítimas Feridas";"Pleno dia";"Crescente";"Céu Claro";"Simples";"Reta";"Sim";2;0;2;0;0;0;2;2;-20,11487935;-40,31943619;"SPRF-ES";"DEL02-ES";"UOP01-DEL02-ES"
583384;2024-02-26;"segunda-feira";"07:30:00";"PB";230;5;"CABEDELO";"Ausência de reação do condutor";"Colisão com objeto";"Sem Vítimas";"Pleno dia";"Crescente";"Nublado";"Dupla";"Reta";"Sim";1;0;0;0;0;1;0;1;-7,015166;-34,833631;"SPRF-PB";"DEL01-PB";"UOP01-DEL01-PB"
583385;2024-02-26;"segunda-feira";"07:38:00";"PR";277;562,2;"CASCAVEL";"Avarias e/ou desgaste excessivo no pneu";"Saída de leito carroçável";"Com Vítimas Feridas";"Pleno dia";"Crescente";"Sol";"Simples";"Reta";"Não";2;0;2;0;0;0;2;1;-25,052431;-53,230503;"SPRF-PR";"DEL04-PR";"UOP04-DEL04-PR"
583386;2024-02-26;"segunda-feira";"02:40:00";"RJ";101;310,9;"SAO GONCALO";"Acessar a via sem observar a presença dos outros veículos";"Atropelamento de Pedestre";"Com Vítimas Fatais";"Plena Noite";"Crescente";"Céu Claro";"Múltipla";"Reta";"Sim";2;1;0;0;0;1;0;2;-22,79717023;-43,04404993;"SPRF-RJ";"DEL02-RJ";"UOP02-DEL02-RJ"
583387;2024-02-26;"segunda-feira";"08:00:00";"PB";230;479,8;"MARIZOPOLIS";"Acessar a via sem observar a presença dos outros veículos";"Colisão traseira";"Com Vítimas Feridas";"Pleno dia";"Crescente";"Céu Claro";"Simples";"Reta;Aclive                   ";"Sim";2;0;2;0;0;0;2;2;-6,84770664;-38,35793495;"SPRF-PB";"DEL03-PB";"UOP03-DEL03-PB"
583388;2024-02-26;"segunda-feira";"06:30:00";"PI";343;147;"PIRACURUCA";"Condutor deixou de manter distância do veículo da frente";"Saída de leito carroçável";"Com Vítimas Feridas";"Amanhecer";"Decrescente";"Céu Claro";"Simples";"Reta";"Não";3;0;2;1;0;0;3;1;-3,967359;-41,747059;"SPRF-PI";"DEL02-PI";"UOP01-DEL02-PI"
583389;2024-02-26;"segunda-feira";"08:00:00";"SC";280;27,4;"ARAQUARI";"Ultrapassagem Indevida";"Colisão transversal";"Com Vítimas Feridas";"Pleno dia";"Decrescente";"Chuva";"Simples";"Reta";"Sim";2;0;1;0;1;0;1;2;-26,39685622;-48,74021969;"SPRF-SC";"DEL03-SC";"UOP03-DEL03-SC"
583392;2024-02-26;"segunda-feira";"07:00:00";"ES";101;150;"LINHARES";"Ingestão de álcool pelo condutor";"Colisão traseira";"Sem Vítimas";"Pleno dia";"Crescente";"Céu Claro";"Simples";"Interseção de Vias;Declive    ";"Sim";2;0;0;0;2;0;0;2;-19,40436634;-40,06078896;"SPRF-ES";"DEL04-ES";"UOP01-DEL04-ES"
583393;2024-02-26;"segunda-feira";"07:13:00";"CE";116;32;"AQUIRAZ";"Ausência de reação do condutor";"Colisão traseira";"Com Vítimas Feridas";"Pleno dia";"Decrescente";"Chuva";"Dupla";"Reta";"Não";3;0;1;0;2;0;1;2;-4,02676186;-38,51392889;"SPRF-CE";"DEL01-CE";"UOP02-DEL01-CE"
583394;2024-02-25;"domingo";"08:00:00";"BA";101;358;"WENCESLAU GUIMARAES";"Manobra de mudança de faixa";"Saída de leito carroçável";"Com Vítimas Feridas";"Pleno dia";"Crescente";"Céu Claro";"Simples";"Reta";"Sim";1;0;0;1;0;0;1;1;-13,68752;-39,48073;"SPRF-BA";"DEL05-BA";"UOP03-DEL05-BA"
583395;2024-02-26;"segunda-feira";"08:10:00";"BA";324;516,9;"FEIRA DE SANTANA";"Acesso irregular";"Colisão frontal";"Com Vítimas Feridas";"Pleno dia";"Decrescente";"Céu Claro";"Simples";"Reta";"Sim";2;0;0;1;1;0;1;2;-12,2417119;-38,93768485;"SPRF-BA";"DEL02-BA";"UOP01-DEL02-BA"
583396;2024-02-26;"segunda-feira";"07:40:00";"MS";267;480;"JARDIM";"Reação tardia ou ineficiente do condutor";"Colisão traseira";"Com Vítimas Feridas";"Pleno dia";"Decrescente";"Céu Claro";"Simples";"Reta";"Sim";2;0;0;1;1;0;1;2;-21,47178327;-56,13379061;"SPRF-MS";"DEL05-MS";"UOP01-DEL05-MS"
583397;2024-02-26;"segunda-feira";"05:40:00";"RS";471;152;"SANTA CRUZ DO SUL";"Animais na Pista";"Atropelamento de Animal";"Sem Vítimas";"Pleno dia";"Decrescente";"Nublado";"Simples";"Reta";"Não";1;0;0;0;0;1;0;1;-29,79081005;-52,40907669;"SPRF-RS";"DEL02-RS";"UOP03-DEL02-RS"
583398;2024-02-26;"segunda-feira";"05:40:00";"RN";226;150,5;"CURRAIS NOVOS";"Ultrapassagem Indevida";"Colisão frontal";"Com Vítimas Fatais";"Pleno dia";"Decrescente";"Céu Claro";"Simples";"Reta";"Não";11;2;3;1;5;0;4;3;-6,20967972;-36,30801917;"SPRF-RN";"DEL03-RN";"UOP02-DEL03-RN"
583399;2024-02-26;"segunda-feira";"08:00:00";"PR";277;112;"CAMPO LARGO";"Reação tardia ou ineficiente do condutor";"Colisão com objeto";"Com Vítimas Feridas";"Pleno dia";"Crescente";"Nublado";"Dupla";"Declive;Reta                  ";"Não";2;0;1;0;1;0;1;1;-25,43257515;-49,36978297;"SPRF-PR";"DEL03-PR";"UOP03-DEL03-PR"
583400;2024-02-25;"domingo";"19:40:00";"BA";324;404;"NOVA FATIMA";"Ingestão de álcool pelo condutor";"Colisão transversal";"Com Vítimas Feridas";"Plena Noite";"Crescente";"Céu Claro";"Simples";"Reta;Interseção de Vias       ";"Sim";2;0;1;0;1;0;1;2;-11,60427899;-39,6312174;"SPRF-BA";"DEL04-BA";"UOP02-DEL04-BA"
583401;2024-02-26;"segunda-feira";"08:40:00";"MG";50;173;"UBERABA";"Avarias e/ou desgaste excessivo no pneu";"Queda de ocupante de veículo";"Com Vítimas Feridas";"Pleno dia";"Crescente";"Céu Claro";"Dupla";"Reta";"Sim";1;0;1;0;0;0;1;1;-19,7624352;-47,97701547;"SPRF-MG";"DEL13-MG";"UOP01-DEL13-MG"
583402;2024-02-26;"segunda-feira";"08:00:00";"RS";116;147;"CAXIAS DO SUL";"Reação tardia ou ineficiente do condutor";"Colisão transversal";"Com Vítimas Feridas";"Pleno dia";"Crescente";"Céu Claro";"Dupla";"Interseção de Vias;Reta       ";"Sim";2;0;1;0;1;0;1;2;-29,14908014;-51,1429969;"SPRF-RS";"DEL05-RS";"UOP01-DEL05-RS"
583403;2024-02-26;"segunda-feira";"08:42:00";"PR";376;161;"MARINGA";"Ultrapassagem Indevida";"Colisão transversal";"Com Vítimas Feridas";"Pleno dia";"Crescente";"Céu Claro";"Dupla";"Reta";"Sim";3;0;2;1;0;0;3;2;-23,36667638;-52,07026152;"SPRF-PR";"DEL09-PR";"UOP01-DEL09-PR"
583405;2024-02-26;"segunda-feira";"07:20:00";"RS";116;232;"ESTANCIA VELHA";"Transitar no Acostamento";"Colisão transversal";"Com Vítimas Feridas";"Plena Noite";"Crescente";"Nublado";"Simples";"Declive;Curva;Interseção de Vi";"Sim";2;0;1;0;1;0;1;2;-29,63300002;-51,14325106;"SPRF-RS";"DEL01-RS";"UOP02-DEL01-RS"
583406;2024-02-26;"segunda-feira";"08:40:00";"ES";101;290;"CARIACICA";"Desrespeitar a preferência no cruzamento";"Colisão transversal";"Com Vítimas Feridas";"Pleno dia";"Crescente";"Céu Claro";"Dupla";"Reta";"Sim";5;0;2;1;2;0;3;2;-20,29410967;-40,39305925;"SPRF-ES";"DEL01-ES";"UOP01-DEL01-ES"
583410;2024-01-10;"quarta-feira";"05:52:00";"PE";407;127;"PETROLINA";"Condutor desrespeitou a iluminação vermelha do semáforo";"Colisão transversal";"Com Vítimas Feridas";"Amanhecer";"Decrescente";"Céu Claro";"Simples";"Interseção de Vias";"Sim";2;0;1;1;0;0;2;2;-9,39138879;-40,51900506;"SPRF-PE";"DEL06-PE";"UOP01-DEL06-PE"
583411;2024-02-26;"segunda-feira";"07:15:00";"PI";316;305,5;"PICOS";"Acesso irregular";"Colisão transversal";"Com Vítimas Feridas";"Pleno dia";"Decrescente";"Céu Claro";"Múltipla";"Curva;Aclive                  ";"Sim";7;0;0;2;3;2;2;2;-7,06858767;-41,50981752;"SPRF-PI";"DEL04-PI";"UOP01-DEL04-PI"
583412;2024-02-26;"segunda-feira";"07:12:00";"RJ";116;170;"RIO DE JANEIRO";"Frear bruscamente";"Colisão traseira";"Com Vítimas Feridas";"Pleno dia";"Decrescente";"Céu Claro";"Dupla";"Reta";"Sim";4;0;1;0;3;0;1;3;-22,81113183;-43,3336729;"SPRF-RJ";"DEL06-RJ";"UOP01-DEL06-RJ"
583414;2024-02-26;"segunda-feira";"07:30:00";"SC";101;215,5;"PALHOCA";"Frear bruscamente";"Queda de ocupante de veículo";"Com Vítimas Feridas";"Pleno dia";"Decrescente";"Garoa/Chuvisco";"Múltipla";"Reta";"Sim";1;0;0;1;0;0;1;1;-27,65184843;-48,67604941;"SPRF-SC";"DEL01-SC";"UOP02-DEL01-SC"
583415;2024-02-26;"segunda-feira";"09:00:00";"SC";282;539,8;"CHAPECO";"Condutor usando celular";"Saída de leito carroçável";"Com Vítimas Feridas";"Pleno dia";"Decrescente";"Sol";"Simples";"Reta";"Não";1;0;1;0;0;0;1;1;-26,993254;-52,681767;"SPRF-SC";"DEL07-SC";"UOP01-DEL07-SC"
583416;2024-02-26;"segunda-feira";"09:00:00";"PR";376;177,1;"MARINGA";"Mal súbito do condutor";"Eventos atípicos";"Com Vítimas Feridas";"Pleno dia";"Crescente";"Céu Claro";"Múltipla";"Reta";"Sim";1;0;0;1;0;0;1;1;-23,41414666;-51,92793131;"SPRF-PR";"DEL09-PR";"UOP01-DEL09-PR"
583418;2024-02-09;"sexta-feira";"12:15:00";"PR";277;300;"PRUDENTOPOLIS";"Acessar a via sem observar a presença dos outros veículos";"Colisão transversal";"Com Vítimas Feridas";"Pleno dia";"Crescente";"Céu Claro";"Simples";"Reta;Retorno Regulamentado    ";"Não";5;0;3;0;2;0;3;2;-25,298392;-51,143331;"SPRF-PR";"DEL08-PR";"UOP01-DEL08-PR"
583419;2024-02-26;"segunda-feira";"06:58:00";"PE";428;190,8;"SANTA MARIA DA BOA VISTA";"Ausência de reação do condutor";"Saída de leito carroçável";"Com Vítimas Feridas";"Pleno dia";"Decrescente";"Céu Claro";"Simples";"Reta;Aclive                   ";"Não";1;0;0;1;0;0;1;1;-8,793147;-39,882423;"SPRF-PE";"DEL06-PE";"UOP01-DEL06-PE"