"id";"data_inversa";"dia_semana";"horario";"uf";"br";"km";"municipio";"causa_acidente";"tipo_acidente";"classificacao_acidente";"fase_dia";"sentido_via";"condicao_metereologica";"tipo_pista";"tracado_via";"uso_solo";"pessoas";"mortos";"feridos_leves";"feridos_graves";"ilesos";"ignorados";"feridos";"veiculos";"latitude";"longitude";"regional";"delegacia";"uop"
583422;2024-02-26;"segunda-feira";"10:10:00";"SC";101;207,5;"SAO JOSE";"Condutor deixou de manter distância do veículo da frente";"Colisão traseira";"Com Vítimas Feridas";"Pleno dia";"Decrescente";"Nublado";"Múltipla";"Declive;Reta                  ";"Sim";2;0;1;0;1;0;1;2;-27,60199525;-48,62811685;"SPRF-SC";"DEL01-SC";"UOP01-DEL01-SC"
583423;2024-01-01;"segunda-feira";"21:00:00";"RR";174;11;"BOA VISTA";"Condutor Dormindo";"Queda de ocupante de veículo";"Com Vítimas Feridas";"Plena Noite";"Crescente";"Céu Claro";"Simples";"Rotatória";"Não";1;0;1;0;0;0;1;1;2,819364;-60,673775;"SPRF-RR";"DEL01-RR";"UOP01-DEL01-RR"
583424;2024-02-26;"segunda-feira";"10:37:00";"PE";232;13,9;"JABOATAO DOS GUARARAPES";"Demais falhas mecânicas ou elétricas";"Incêndio";"Sem Vítimas";"Pleno dia";"Crescente";"Céu Claro";"Dupla";"Reta";"Não";1;0;0;0;1;0;0;1;-8,08831567;-35,01203806;"SPRF-PE";"DEL01-PE";"UOP01-DEL01-PE"
583425;2024-02-26;"segunda-feira";"08:45:00";"RJ";101;316;"SAO GONCALO";"Condutor Dormindo";"Queda de ocupante de veículo";"Com Vítimas Feridas";"Pleno dia";"Crescente";"Céu Claro";"Dupla";"Reta";"Não";1;0;1;0;0;0;1;1;-22,82835879;-43,09208739;"SPRF-RJ";"DEL02-RJ";"UOP02-DEL02-RJ"
583426;2024-02-26;"segunda-feira";"06:36:00";"RJ";101;396;"RIO DE JANEIRO";"Reação tardia ou ineficiente do condutor";"Saída de leito carroçável";"Com Vítimas Feridas";"Amanhecer";"Crescente";"Nublado";"Dupla";"Reta";"Não";30;0;18;6;6;0;24;1;-22,874033;-43,741343;"SPRF-RJ";"DEL03-RJ";"UOP01-DEL03-RJ"
583427;2024-02-26;"segunda-feira";"10:30:00";"SC";101;205,6;"SAO JOSE";"Condutor deixou de manter distância do veículo da frente";"Colisão traseira";"Com Vítimas Feridas";"Pleno dia";"Decrescente";"Nublado";"Múltipla";"Reta";"Sim";3;0;1;0;2;0;1;3;-27,58313237;-48,61532885;"SPRF-SC";"DEL01-SC";"UOP01-DEL01-SC"
583428;2024-02-26;"segunda-feira";"01:50:00";"RJ";101;68;"CAMPOS DOS GOYTACAZES";"Ausência de reação do condutor";"Saída de leito carroçável";"Sem Vítimas";"Plena Noite";"Decrescente";"Céu Claro";"Simples";"Reta";"Não";1;0;0;0;0;1;0;1;-21,77354883;-41,36013508;"SPRF-RJ";"DEL08-RJ";"UOP02-DEL08-RJ"
583429;2024-02-26;"segunda-feira";"10:10:00";"MG";262;42,5;"MANHUACU";"Acessar a via sem observar a presença dos outros veículos";"Colisão transversal";"Com Vítimas Feridas";"Pleno dia";"Decrescente";"Sol";"Simples";"Reta";"Não";3;0;1;0;1;1;1;3;-20,26976316;-42,06894006;"SPRF-MG";"DEL06-MG";"UOP03-DEL06-MG"
583431;2024-02-26;"segunda-feira";"11:00:00";"BA";324;623;"SALVADOR";"Manobra de mudança de faixa";"Colisão lateral mesmo sentido";"Com Vítimas Feridas";"Pleno dia";"Decrescente";"Sol";"Dupla";"Reta";"Sim";2;0;1;0;1;0;1;2;-12,92628699;-38,46838679;"SPRF-BA";"DEL01-BA";"UOP01-DEL01-BA"
583433;2024-02-26;"segunda-feira";"09:50:00";"PR";376;156;"MANDAGUACU";"Sinalização mal posicionada";"Colisão traseira";"Com Vítimas Feridas";"Pleno dia";"Crescente";"Céu Claro";"Dupla";"Curva";"Sim";5;0;2;2;1;0;4;3;-23,34089926;-52,09250522;"SPRF-PR";"DEL09-PR";"UOP01-DEL09-PR"
583436;2024-02-26;"segunda-feira";"09:00:00";"RJ";101;581;"PARATY";"Demais falhas mecânicas ou elétricas";"Queda de ocupante de veículo";"Com Vítimas Feridas";"Pleno dia";"Decrescente";"Céu Claro";"Simples";"Reta";"Não";1;0;1;0;0;0;1;1;-23,24744793;-44,70081567;"SPRF-RJ";"DEL03-RJ";"UOP04-DEL03-RJ"
583438;2024-02-26;"segunda-feira";"10:20:00";"PR";163;203,2;"CASCAVEL";"Condutor Dormindo";"Saída de leito carroçável";"Com Vítimas Fatais";"Pleno dia";"Decrescente";"Céu Claro";"Dupla";"Declive;Reta                  ";"Não";3;1;1;1;0;0;2;1;-25,005736;-53,554783;"SPRF-PR";"DEL05-PR";"UOP05-DEL05-PR"
583439;2024-02-02;"sexta-feira";"21:00:00";"MG";381;542,7;"ITATIAIUCU";"Condutor Dormindo";"Saída de leito carroçável";"Com Vítimas Feridas";"Plena Noite";"Decrescente";"Nublado";"Dupla";"Curva";"Não";1;0;1;0;0;0;1;1;-20,26492509;-44,42256682;"SPRF-MG";"DEL04-MG";"UOP03-DEL04-MG"
583443;2024-01-26;"sexta-feira";"07:00:00";"RO";364;465;"CACAULANDIA";"Demais falhas mecânicas ou elétricas";"Queda de ocupante de veículo";"Com Vítimas Feridas";"Pleno dia";"Crescente";"Céu Claro";"Simples";"Reta";"Não";1;0;0;1;0;0;1;1;-10,22421333;-62,76233722;"SPRF-RO";"DEL03-RO";"UOP01-DEL03-RO"
583445;2024-02-26;"segunda-feira";"11:00:00";"RS";116;259,6;"ESTEIO";"Reação tardia ou ineficiente do condutor";"Colisão traseira";"Com Vítimas Feridas";"Pleno dia";"Decrescente";"Céu Claro";"Dupla";"Reta";"Não";2;0;1;0;1;0;1;2;-29,870408;-51,179909;"SPRF-RS";"DEL01-RS";"UOP01-DEL01-RS"
583450;2024-02-26;"segunda-feira";"10:00:00";"PR";277;1;"FOZ DO IGUACU";"Manobra de mudança de faixa";"Colisão lateral mesmo sentido";"Com Vítimas Feridas";"Pleno dia";"Crescente";"Céu Claro";"Dupla";"Reta";"Sim";2;0;1;0;1;0;1;2;-25,5469;-54,5882;"SPRF-PR";"DEL05-PR";"UOP03-DEL05-PR"
583451;2024-02-26;"segunda-feira";"12:00:00";"SC";282;72,1;"RANCHO QUEIMADO";"Velocidade Incompatível";"Saída de leito carroçável";"Com Vítimas Feridas";"Pleno dia";"Crescente";"Chuva";"Simples";"Curva";"Sim";3;0;2;1;0;0;3;1;-27,683439;-49,105259;"SPRF-SC";"DEL01-SC";"UOP03-DEL01-SC"
583452;2024-02-26;"segunda-feira";"11:45:00";"MG";116;277,6;"TEOFILO OTONI";"Reação tardia ou ineficiente do condutor";"Colisão lateral mesmo sentido";"Com Vítimas Feridas";"Pleno dia";"Crescente";"Sol";"Dupla";"Retorno Regulamentado";"Sim";4;0;1;0;3;0;1;2;-17,859945;-41,515144;"SPRF-MG";"DEL11-MG";"UOP01-DEL11-MG"
583453;2024-02-26;"segunda-feira";"10:40:00";"GO";70;58;"COCALZINHO DE GOIAS";"Manobra de mudança de faixa";"Colisão traseira";"Com Vítimas Feridas";"Pleno dia";"Crescente";"Céu Claro";"Simples";"Declive;Reta                  ";"Não";5;0;0;4;1;0;4;3;-15,75845891;-48,68892482;"SPRF-DF";"DEL03-DF";"UOP02-DEL03-DF"
583454;2024-02-26;"segunda-feira";"11:52:00";"RS";285;117,7;"VACARIA";"Ausência de sinalização";"Saída de leito carroçável";"Sem Vítimas";"Pleno dia";"Decrescente";"Nublado";"Simples";"Reta";"Sim";2;0;0;0;2;0;0;1;-28,51194464;-50,91156721;"SPRF-RS";"DEL05-RS";"UOP03-DEL05-RS"
583456;2024-02-26;"segunda-feira";"10:40:00";"RJ";465;14;"SEROPEDICA";"Acessar a via sem observar a presença dos outros veículos";"Colisão transversal";"Sem Vítimas";"Pleno dia";"Crescente";"Céu Claro";"Simples";"Reta";"Sim";2;0;0;0;2;0;0;2;-22,804979;-43,638828;"SPRF-RJ";"DEL06-RJ";"UOP02-DEL06-RJ"
583457;2024-02-26;"segunda-feira";"13:20:00";"PR";376;175,2;"MARINGA";"Manobra de mudança de faixa";"Colisão lateral mesmo sentido";"Com Vítimas Feridas";"Pleno dia";"Decrescente";"Céu Claro";"Múltipla";"Retorno Regulamentado";"Sim";4;0;1;0;3;0;1;3;-23,4132015;-51,94612741;"SPRF-PR";"DEL09-PR";"UOP01-DEL09-PR"
583458;2024-01-25;"quinta-feira";"10:08:00";"MA";222;293,2;"VITORIA DO MEARIM";"Acessar a via sem observar a presença dos outros veículos";"Colisão lateral mesmo sentido";"Com Vítimas Feridas";"Pleno dia";"Crescente";"Sol";"Dupla";"Interseção de Vias;Reta       ";"Sim";2;0;0;1;0;1;1;2;-3,460516;-44,871557;"SPRF-MA";"DEL02-MA";"UOP01-DEL02-MA"
583459;2024-02-26;"segunda-feira";"11:30:00";"MA";230;22;"BARAO DE GRAJAU";"Demais falhas mecânicas ou elétricas";"Colisão com objeto";"Com Vítimas Feridas";"Pleno dia";"Crescente";"Sol";"Simples";"Curva";"Não";1;0;0;1;0;0;1;1;-6,70498394;-43,191952;"SPRF-PI";"DEL03-PI";"UOP01-DEL03-PI"
583460;2024-02-26;"segunda-feira";"13:36:00";"PB";230;26,7;"JOAO PESSOA";"Avarias e/ou desgaste excessivo no pneu";"Tombamento";"Com Vítimas Feridas";"Pleno dia";"Decrescente";"Sol";"Dupla";"Aclive;Reta                   ";"Sim";1;0;1;0;0;0;1;1;-7,1693;-34,8782;"SPRF-PB";"DEL01-PB";"UOP01-DEL01-PB"
583464;2024-02-26;"segunda-feira";"13:47:00";"PE";101;35,7;"IGARASSU";"Acumulo de água sobre o pavimento";"Saída de leito carroçável";"Com Vítimas Feridas";"Pleno dia";"Decrescente";"Chuva";"Dupla";"Declive;Reta                  ";"Não";4;0;1;0;3;0;1;1;-7,77952193;-34,93231384;"SPRF-PE";"DEL01-PE";"UOP02-DEL01-PE"
583465;2024-02-26;"segunda-feira";"14:30:00";"RS";116;318;"BARRA DO RIBEIRO";"Acumulo de água sobre o pavimento";"Saída de leito carroçável";"Com Vítimas Feridas";"Pleno dia";"Decrescente";"Chuva";"Dupla";"Curva";"Não";3;0;0;3;0;0;3;1;-30,27278604;-51,40935988;"SPRF-RS";"DEL02-RS";"UOP01-DEL02-RS"
583466;2024-02-26;"segunda-feira";"13:40:00";"PI";343;2;"TERESINA";"Condutor deixou de manter distância do veículo da frente";"Colisão traseira";"Sem Vítimas";"Pleno dia";"Decrescente";"Céu Claro";"Múltipla";"Reta";"Sim";2;0;0;0;2;0;0;2;-5,0566524;-42,6841453;"SPRF-PI";"DEL05-PI";"UOP01-DEL05-PI"
583467;2024-02-26;"segunda-feira";"14:25:00";"SC";101;215,5;"PALHOCA";"Reação tardia ou ineficiente do condutor";"Atropelamento de Pedestre";"Com Vítimas Feridas";"Pleno dia";"Decrescente";"Chuva";"Múltipla";"Reta";"Sim";3;0;2;0;1;0;2;2;-27,65184843;-48,67604941;"SPRF-SC";"DEL01-SC";"UOP02-DEL01-SC"
583468;2024-02-26;"segunda-feira";"15:06:00";"BA";324;618;"SALVADOR";"Avarias e/ou desgaste excessivo no pneu";"Queda de ocupante de veículo";"Com Vítimas Feridas";"Pleno dia";"Crescente";"Céu Claro";"Dupla";"Reta";"Não";1;0;1;0;0;0;1;1;-12,891109;-38,445374;"SPRF-BA";"DEL01-BA";"UOP01-DEL01-BA"
583469;2024-02-26;"segunda-feira";"10:30:00";"SC";101;209;"SAO JOSE";"Frear bruscamente";"Colisão traseira";"Com Vítimas Feridas";"Pleno dia";"Crescente";"Chuva";"Múltipla";"Reta";"Não";2;0;1;0;0;1;1;2;-27,61000542;-48,63895057;"SPRF-SC";"DEL01-SC";"UOP01-DEL01-SC"
583472;2024-02-26;"segunda-feira";"12:30:00";"PA";308;189;"TRACUATEUA";"Manobra de mudança de faixa";"Colisão lateral sentido oposto";"Com Vítimas Feridas";"Pleno dia";"Crescente";"Chuva";"Simples";"Declive;Reta                  ";"Não";3;0;1;0;2;0;1;2;-1,08294451;-46,89141694;"SPRF-PA";"DEL01-PA";"UOP03-DEL01-PA"
583473;2024-01-13;"sábado";"13:30:00";"RR";401;23;"CANTA";"Reação tardia ou ineficiente do condutor";"Saída de leito carroçável";"Sem Vítimas";"Pleno dia";"Decrescente";"Céu Claro";"Dupla";"Reta";"Não";5;0;0;0;5;0;0;1;2,88153555;-60,52213984;"SPRF-RR";"DEL01-RR";"UOP01-DEL01-RR"
583476;2024-02-26;"segunda-feira";"15:00:00";"ES";101;414,1;"ITAPEMIRIM";"Ausência de reação do condutor";"Colisão com objeto";"Com Vítimas Feridas";"Pleno dia";"Decrescente";"Sol";"Simples";"Rotatória";"Não";2;0;2;0;0;0;2;1;-20,92498672;-41,07811689;"SPRF-ES";"DEL03-ES";"UOP02-DEL03-ES"
583477;2024-02-26;"segunda-feira";"14:30:00";"PE";408;49;"NAZARE DA MATA";"Demais falhas mecânicas ou elétricas";"Colisão frontal";"Com Vítimas Feridas";"Pleno dia";"Decrescente";"Chuva";"Simples";"Curva";"Não";6;0;1;5;0;0;6;2;-7,72110607;-35,2389439;"SPRF-PE";"DEL01-PE";"UOP02-DEL01-PE"
583478;2024-02-26;"segunda-feira";"12:30:00";"MG";50;205;"DELTA";"Ausência de reação do condutor";"Saída de leito carroçável";"Com Vítimas Feridas";"Pleno dia";"Decrescente";"Céu Claro";"Dupla";"Declive;Reta                  ";"Não";2;0;1;0;1;0;1;1;-19,92627147;-47,82191068;"SPRF-MG";"DEL13-MG";"UOP01-DEL13-MG"
583480;2024-02-26;"segunda-feira";"13:40:00";"SC";280;12,1;"SAO FRANCISCO DO SUL";"Ausência de reação do condutor";"Tombamento";"Com Vítimas Feridas";"Pleno dia";"Decrescente";"Chuva";"Simples";"Reta";"Não";1;0;0;1;0;0;1;1;-26,31323107;-48,64449483;"SPRF-SC";"DEL03-SC";"UOP03-DEL03-SC"
583481;2024-02-26;"segunda-feira";"16:15:00";"SP";116;208,5;"GUARULHOS";"Ausência de reação do condutor";"Queda de ocupante de veículo";"Com Vítimas Feridas";"Pleno dia";"Decrescente";"Céu Claro";"Dupla";"Reta";"Sim";1;0;1;0;0;0;1;1;-23,42222263;-46,3932771;"SPRF-SP";"DEL01-SP";"UOP01-DEL01-SP"
583482;2024-02-26;"segunda-feira";"11:10:00";"RJ";40;111;"DUQUE DE CAXIAS";"Reação tardia ou ineficiente do condutor";"Colisão lateral mesmo sentido";"Com Vítimas Feridas";"Pleno dia";"Decrescente";"Céu Claro";"Dupla";"Declive;Reta                  ";"Sim";3;0;2;0;1;0;2;2;-22,691868;-43,287453;"SPRF-RJ";"DEL01-RJ";"UOP02-DEL01-RJ"
583483;2024-02-26;"segunda-feira";"15:32:00";"BA";101;853;"TEIXEIRA DE FREITAS";"Demais falhas mecânicas ou elétricas";"Capotamento";"Com Vítimas Feridas";"Pleno dia";"Decrescente";"Céu Claro";"Simples";"Reta";"Não";2;0;1;1;0;0;2;1;-17,54578203;-39,71874195;"SPRF-BA";"DEL09-BA";"UOP02-DEL09-BA"
583485;2024-02-26;"segunda-feira";"17:10:00";"DF";40;1;"BRASILIA";"Reação tardia ou ineficiente do condutor";"Colisão traseira";"Sem Vítimas";"Pleno dia";"Crescente";"Céu Claro";"Dupla";"Reta";"Sim";2;0;0;0;2;0;0;2;-15,985532;-47,987747;"SPRF-DF";"DEL01-DF";"UOP01-DEL01-DF"
583486;2024-02-26;"segunda-feira";"15:05:00";"PI";343;238;"CAMPO MAIOR";"Reação tardia ou ineficiente do condutor";"Colisão traseira";"Com Vítimas Feridas";"Pleno dia";"Decrescente";"Céu Claro";"Simples";"Reta";"Não";2;0;1;0;1;0;1;2;-4,655082;-42,054137;"SPRF-PI";"DEL01-PI";"UOP03-DEL01-PI"
583488;2024-02-26;"segunda-feira";"16:20:00";"PE";423;114;"PARANATAMA";"Condutor Dormindo";"Colisão traseira";"Com Vítimas Feridas";"Pleno dia";"Crescente";"Céu Claro";"Simples";"Reta";"Não";4;0;0;1;3;0;1;3;-8,8998297;-36,64277108;"SPRF-PE";"DEL03-PE";"UOP01-DEL03-PE"
583489;2024-02-26;"segunda-feira";"12:00:00";"SC";470;207;"PONTE ALTA";"Ausência de reação do condutor";"Saída de leito carroçável";"Sem Vítimas";"Pleno dia";"Decrescente";"Nublado";"Simples";"Curva";"Não";1;0;0;0;0;1;0;1;-27,291355;-50,194443;"SPRF-SC";"DEL05-SC";"UOP03-DEL05-SC"
583490;2024-02-26;"segunda-feira";"16:17:00";"PE";232;85;"GRAVATA";"Reação tardia ou ineficiente do condutor";"Colisão com objeto";"Com Vítimas Feridas";"Pleno dia";"Crescente";"Céu Claro";"Dupla";"Reta";"Não";2;0;1;0;1;0;1;1;-8,20967292;-35,61172578;"SPRF-PE";"DEL02-PE";"UOP02-DEL02PE"
583491;2024-02-26;"segunda-feira";"16:50:00";"SE";101;5;"PROPRIA";"Avarias e/ou desgaste excessivo no pneu";"Saída de leito carroçável";"Sem Vítimas";"Pleno dia";"Crescente";"Céu Claro";"Dupla";"Reta";"Não";4;0;0;0;4;0;0;1;-10,24007805;-36,85267291;"SPRF-SE";"DEL02-SE";"UOP02-DEL02-SE"
583492;2024-02-26;"segunda-feira";"17:10:00";"SC";101;213,4;"PALHOCA";"Reação tardia ou ineficiente do condutor";"Colisão com objeto";"Com Vítimas Feridas";"Pleno dia";"Crescente";"Chuva";"Múltipla";"Reta";"Sim";1;0;0;1;0;0;1;1;-27,63697369;-48,66514142;"SPRF-SC";"DEL01-SC";"UOP02-DEL01-SC"
583494;2024-02-26;"segunda-feira";"13:20:00";"PR";163;9;"BARRACAO";"Acessar a via sem observar a presença dos outros veículos";"Colisão transversal";"Com Vítimas Feridas";"Pleno dia";"Crescente";"Céu Claro";"Simples";"Reta";"Sim";2;0;1;0;1;0;1;2;-26,25066;-53,635523;"SPRF-PR";"DEL02-PR";"UOP02-DEL02-PR"
583495;2024-02-26;"segunda-feira";"17:00:00";"BA";407;0;"JUAZEIRO";"Condutor deixou de manter distância do veículo da frente";"Engavetamento";"Sem Vítimas";"Pleno dia";"Crescente";"Céu Claro";"Simples";"Ponte;Reta                    ";"Sim";3;0;0;0;3;0;0;3;-9,409546;-40,505337;"SPRF-PE";"DEL06-PE";"UOP01-DEL06-PE"
583496;2024-02-26;"segunda-feira";"16:15:00";"MG";381;932,4;"EXTREMA";"Demais falhas mecânicas ou elétricas";"Incêndio";"Sem Vítimas";"Pleno dia";"Decrescente";"Nublado";"Dupla";"Curva";"Não";2;0;0;0;1;1;0;2;-22,81198015;-46,28431295;"SPRF-MG";"DEL16-MG";"UOP03-DEL16-MG"
583499;2024-02-26;"segunda-feira";"17:25:00";"MS";419;251;"ANASTACIO";"Demais falhas mecânicas ou elétricas";"Saída de leito carroçável";"Com Vítimas Feridas";"Pleno dia";"Crescente";"Céu Claro";"Simples";"Reta";"Não";5;0;2;0;3;0;2;1;-20,55840918;-55,83895659;"SPRF-MS";"DEL03-MS";"UOP01-DEL03-MS"
583500;2024-02-26;"segunda-feira";"18:10:00";"SP";381;23;"BRAGANCA PAULISTA";"Ausência de reação do condutor";"Tombamento";"Com Vítimas Feridas";"Pleno dia";"Crescente";"Céu Claro";"Dupla";"Declive;Reta                  ";"Sim";2;0;2;0;0;0;2;1;-23,00476488;-46,52061531;"SPRF-SP";"DEL03-SP";"UOP02-DEL03-SP"
583501;2024-02-26;"segunda-feira";"14:20:00";"SC";116;5;"MAFRA";"Acessar a via sem observar a presença dos outros veículos";"Colisão lateral mesmo sentido";"Com Vítimas Feridas";"Pleno dia";"Crescente";"Céu Claro";"Simples";"Interseção de Vias";"Sim";2;0;1;0;0;1;1;2;-26,14094396;-49,81508303;"SPRF-SC";"DEL06-SC";"UOP01-DEL06-SC"
583503;2024-02-26;"segunda-feira";"18:30:00";"RN";110;51,8;"MOSSORO";"Acessar a via sem observar a presença dos outros veículos";"Colisão transversal";"Com Vítimas Feridas";"Plena Noite";"Crescente";"Chuva";"Simples";"Interseção de Vias;Reta       ";"Sim";2;0;1;0;1;0;1;2;-5,22684393;-37,33197037;"SPRF-RN";"DEL04-RN";"UOP01-DEL04-RN"
583504;2024-02-26;"segunda-feira";"18:30:00";"MG";262;356;"BETIM";"Ausência de reação do condutor";"Tombamento";"Com Vítimas Feridas";"Plena Noite";"Crescente";"Céu Claro";"Dupla";"Reta";"Sim";1;0;1;0;0;0;1;1;-19,96890716;-44,18104581;"SPRF-MG";"DEL01-MG";"UOP03-DEL01-MG"
583506;2024-02-26;"segunda-feira";"17:56:00";"PE";101;78;"JABOATAO DOS GUARARAPES";"Mal súbito do condutor";"Colisão traseira";"Com Vítimas Feridas";"Anoitecer";"Decrescente";"Nublado";"Dupla";"Curva";"Sim";3;0;2;0;1;0;2;3;-8,13496499;-34,94738614;"SPRF-PE";"DEL01-PE";"UOP01-DEL01-PE"
583508;2024-02-26;"segunda-feira";"17:40:00";"BA";116;673;"JEQUIE";"Acessar a via sem observar a presença dos outros veículos";"Colisão transversal";"Com Vítimas Feridas";"Anoitecer";"Crescente";"Céu Claro";"Simples";"Reta";"Sim";2;0;0;1;1;0;1;2;-13,856821;-40,113634;"SPRF-BA";"DEL03-BA";"UOP01-DEL03-BA"
583510;2024-02-26;"segunda-feira";"17:20:00";"PR";153;103,4;"IBAITI";"Desrespeitar a preferência no cruzamento";"Colisão transversal";"Com Vítimas Feridas";"Pleno dia";"Decrescente";"Céu Claro";"Simples";"Reta";"Não";2;0;2;0;0;0;2;2;-23,79674793;-50,18137692;"SPRF-PR";"DEL07-PR";"UOP04-DEL07-PR"
583511;2024-02-26;"segunda-feira";"17:30:00";"RO";435;133,5;"CEREJEIRAS";"Acessar a via sem observar a presença dos outros veículos";"Colisão transversal";"Com Vítimas Feridas";"Pleno dia";"Crescente";"Céu Claro";"Simples";"Reta";"Não";3;0;1;0;2;0;1;2;-13,18895091;-60,91133455;"SPRF-RO";"DEL04-RO";"UOP02-DEL04-RO"
583512;2024-02-26;"segunda-feira";"19:00:00";"PA";163;989;"SANTAREM";"Acessar a via sem observar a presença dos outros veículos";"Colisão transversal";"Com Vítimas Feridas";"Anoitecer";"Crescente";"Céu Claro";"Simples";"Reta";"Não";3;0;2;0;1;0;2;2;-2,565797;-54,721375;"SPRF-PA";"DEL05-PA";"UOP01-DEL05-PA"
583514;2024-02-26;"segunda-feira";"18:30:00";"SP";153;49,5;"SAO JOSE DO RIO PRETO";"Acessar a via sem observar a presença dos outros veículos";"Colisão transversal";"Com Vítimas Feridas";"Anoitecer";"Crescente";"Céu Claro";"Simples";"Reta";"Não";2;0;0;1;1;0;1;2;-20,70000401;-49,33945823;"SPRF-SP";"DEL09-SP";"UOP01-DEL09-SP"
583515;2024-02-26;"segunda-feira";"15:55:00";"RS";290;300,5;"CACAPAVA DO SUL";"Reação tardia ou ineficiente do condutor";"Colisão traseira";"Sem Vítimas";"Pleno dia";"Crescente";"Céu Claro";"Simples";"Reta;Aclive                   ";"Não";8;0;0;0;8;0;0;3;-30,317604;-53,207886;"SPRF-RS";"DEL09-RS";"UOP02-DEL09-RS"
583516;2024-02-26;"segunda-feira";"18:10:00";"PR";116;132;"FAZENDA RIO GRANDE";"Transitar na contramão";"Colisão lateral sentido oposto";"Com Vítimas Feridas";"Anoitecer";"Crescente";"Céu Claro";"Simples";"Viaduto;Curva                 ";"Não";2;0;1;0;1;0;1;2;-25,65733698;-49,31212612;"SPRF-PR";"DEL01-PR";"UOP03-DEL01-PR"
583517;2024-02-26;"segunda-feira";"18:05:00";"SP";116;488;"CAJATI";"Reação tardia ou ineficiente do condutor";"Colisão com objeto";"Com Vítimas Feridas";"Plena Noite";"Crescente";"Chuva";"Dupla";"Curva";"Sim";1;0;1;0;0;0;1;1;-24,73097634;-48,09815591;"SPRF-SP";"DEL05-SP";"UOP01-DEL05-SP"
583520;2024-02-26;"segunda-feira";"19:29:00";"SC";280;22,8;"ARAQUARI";"Condutor deixou de manter distância do veículo da frente";"Colisão traseira";"Sem Vítimas";"Plena Noite";"Decrescente";"Céu Claro";"Simples";"Reta";"Sim";2;0;0;0;2;0;0;2;-26,37092616;-48,70204099;"SPRF-SC";"DEL03-SC";"UOP03-DEL03-SC"
583521;2024-02-26;"segunda-feira";"19:00:00";"PA";316;113;"SANTA MARIA DO PARA";"Ausência de reação do condutor";"Tombamento";"Com Vítimas Feridas";"Plena Noite";"Crescente";"Chuva";"Simples";"Reta";"Não";1;0;1;0;0;0;1;1;-1,31670708;-47,495285;"SPRF-PA";"DEL01-PA";"UOP02-DEL01-PA"
583522;2024-02-26;"segunda-feira";"07:30:00";"BA";330;864;"UBATA";"Acessar a via sem observar a presença dos outros veículos";"Colisão transversal";"Com Vítimas Feridas";"Pleno dia";"Decrescente";"Céu Claro";"Simples";"Reta";"Sim";2;0;0;1;1;0;1;2;-14,1941502;-39,54822508;"SPRF-BA";"DEL05-BA";"UOP01-DEL05-BA"
583523;2024-02-26;"segunda-feira";"18:41:00";"RN";101;154;"GOIANINHA";"Animais na Pista";"Atropelamento de Animal";"Com Vítimas Feridas";"Plena Noite";"Decrescente";"Céu Claro";"Dupla";"Reta";"Não";1;0;1;0;0;0;1;1;-6,3250942;-35,17882034;"SPRF-RN";"DEL01-RN";"UOP01-DEL01-RN"
583525;2024-02-26;"segunda-feira";"19:00:00";"RJ";101;413;"ITAGUAI";"Pedestre cruzava a pista fora da faixa";"Atropelamento de Pedestre";"Com Vítimas Fatais";"Plena Noite";"Decrescente";"Céu Claro";"Dupla";"Curva";"Não";4;1;0;0;3;0;0;2;-22,89931896;-43,865293;"SPRF-RJ";"DEL03-RJ";"UOP01-DEL03-RJ"
583527;2024-02-26;"segunda-feira";"07:10:00";"PE";232;17,9;"JABOATAO DOS GUARARAPES";"Reação tardia ou ineficiente do condutor";"Colisão traseira";"Sem Vítimas";"Pleno dia";"Crescente";"Céu Claro";"Dupla";"Reta";"Não";2;0;0;0;0;2;0;2;-8,09565202;-35,04581599;"SPRF-PE";"DEL01-PE";"UOP01-DEL01-PE"
583528;2024-02-26;"segunda-feira";"17:40:00";"SC";101;399;"MARACAJA";"Reação tardia ou ineficiente do condutor";"Colisão transversal";"Com Vítimas Feridas";"Pleno dia";"Decrescente";"Chuva";"Dupla";"Curva";"Sim";2;0;0;1;0;1;1;2;-28,84171475;-49,42814418;"SPRF-SC";"DEL02-SC";"UOP02-DEL02-SC"
583529;2024-02-26;"segunda-feira";"19:10:00";"PI";316;289,3;"DOM EXPEDITO LOPES";"Animais na Pista";"Atropelamento de Animal";"Com Vítimas Feridas";"Plena Noite";"Crescente";"Céu Claro";"Simples";"Reta";"Não";8;0;1;0;7;0;1;1;-6,9914097;-41,62679567;"SPRF-PI";"DEL04-PI";"UOP01-DEL04-PI"
583532;2024-02-26;"segunda-feira";"19:40:00";"SE";101;21;"MALHADA DOS BOIS";"Ingestão de álcool pelo condutor";"Colisão traseira";"Sem Vítimas";"Plena Noite";"Crescente";"Nublado";"Dupla";"Reta";"Sim";3;0;0;0;3;0;0;2;-10,36933692;-36,91236318;"SPRF-SE";"DEL02-SE";"UOP02-DEL02-SE"
583533;2024-02-26;"segunda-feira";"20:00:00";"MG";262;430;"SAO GONCALO DO PARA";"Ausência de reação do condutor";"Tombamento";"Com Vítimas Feridas";"Plena Noite";"Decrescente";"Céu Claro";"Dupla";"Aclive";"Não";2;0;2;0;0;0;2;1;-19,89685689;-44,86850739;"SPRF-MG";"DEL08-MG";"UOP03-DEL08-MG"