"id";"data_inversa";"dia_semana";"horario";"uf";"br";"km";"municipio";"causa_acidente";"tipo_acidente";"classificacao_acidente";"fase_dia";"sentido_via";"condicao_metereologica";"tipo_pista";"tracado_via";"uso_solo";"pessoas";"mortos";"feridos_leves";"feridos_graves";"ilesos";"ignorados";"feridos";"veiculos";"latitude";"longitude";"regional";"delegacia";"uop"
583536;2024-02-26;"segunda-feira";"20:50:00";"PR";369;154,4;"LONDRINA";"Ultrapassagem Indevida";"Tombamento";"Com Vítimas Feridas";"Plena Noite";"Crescente";"Céu Claro";"Dupla";"Interseção de Vias";"Sim";2;0;1;0;0;1;1;2;-23,29727672;-51,20090783;"SPRF-PR";"DEL07-PR";"UOP01-DEL07-PR"
583537;2024-02-26;"segunda-feira";"17:20:00";"RJ";101;333;"RIO DE JANEIRO";"Reação tardia ou ineficiente do condutor";"Colisão lateral mesmo sentido";"Com Vítimas Feridas";"Anoitecer";"Decrescente";"Céu Claro";"Múltipla";"Reta";"Sim";2;0;1;0;1;0;1;2;-22,87827816;-43,21053578;"SPRF-RJ";"DEL02-RJ";"UOP01-DEL02-RJ"
583538;2024-02-26;"segunda-feira";"20:45:00";"MG";262;427;"SAO GONCALO DO PARA";"Demais falhas mecânicas ou elétricas";"Incêndio";"Sem Vítimas";"Plena Noite";"Decrescente";"Nublado";"Dupla";"Reta";"Não";1;0;0;0;1;0;0;1;-19,8850241;-44,77734698;"SPRF-MG";"DEL08-MG";"UOP03-DEL08-MG"
583539;2024-02-26;"segunda-feira";"18:50:00";"SC";101;298,6;"LAGUNA";"Ausência de reação do condutor";"Colisão traseira";"Com Vítimas Feridas";"Plena Noite";"Crescente";"Nublado";"Dupla";"Curva";"Não";3;0;1;0;2;0;1;2;-28,32102597;-48,72829906;"SPRF-SC";"DEL02-SC";"UOP03-DEL02-SC"
583540;2024-02-26;"segunda-feira";"16:20:00";"MT";70;3;"BARRA DO GARCAS";"Desrespeitar a preferência no cruzamento";"Colisão traseira";"Com Vítimas Feridas";"Pleno dia";"Decrescente";"Céu Claro";"Dupla";"Rotatória";"Sim";4;0;1;0;3;0;1;2;-15,88252843;-52,27574027;"SPRF-MT";"DEL07-MT";"UOP01-DEL07-MT"
583541;2024-02-26;"segunda-feira";"15:10:00";"RJ";101;322;"NITEROI";"Reação tardia ou ineficiente do condutor";"Colisão traseira";"Com Vítimas Feridas";"Pleno dia";"Decrescente";"Céu Claro";"Dupla";"Reta";"Sim";4;0;1;0;3;0;1;2;-22,878923;-43,110676;"SPRF-RJ";"DEL02-RJ";"UOP01-DEL02-RJ"
583543;2024-02-26;"segunda-feira";"21:25:00";"RS";470;226,4;"GARIBALDI";"Chuva";"Saída de leito carroçável";"Com Vítimas Feridas";"Plena Noite";"Crescente";"Chuva";"Simples";"Declive";"Sim";2;0;1;0;1;0;1;1;-29,25240112;-51,51303649;"SPRF-RS";"DEL06-RS";"UOP01-DEL06-RS"
583544;2024-02-26;"segunda-feira";"20:30:00";"MG";40;517;"RIBEIRAO DAS NEVES";"Condutor deixou de manter distância do veículo da frente";"Colisão lateral mesmo sentido";"Com Vítimas Feridas";"Plena Noite";"Decrescente";"Céu Claro";"Dupla";"Reta";"Sim";2;0;1;0;1;0;1;2;-19,82840242;-44,08401489;"SPRF-MG";"DEL01-MG";"UOP02-DEL01-MG"
583545;2024-02-26;"segunda-feira";"20:50:00";"SE";235;54;"ITABAIANA";"Ingestão de álcool pelo condutor";"Queda de ocupante de veículo";"Com Vítimas Feridas";"Plena Noite";"Decrescente";"Ignorado";"Simples";"Reta";"Não";1;0;1;0;0;0;1;1;-10,676047;-37,443279;"SPRF-SE";"DEL01-SE";"UOP02-DEL01-SE"
583546;2024-02-26;"segunda-feira";"20:15:00";"PR";369;230;"JANDAIA DO SUL";"Pista esburacada";"Tombamento";"Com Vítimas Feridas";"Plena Noite";"Crescente";"Céu Claro";"Simples";"Declive;Reta                  ";"Não";1;0;1;0;0;0;1;1;-23,59475757;-51,6539104;"SPRF-PR";"DEL09-PR";"UOP01-DEL09-PR"
583547;2024-02-26;"segunda-feira";"16:25:00";"SC";282;555,8;"NOVA ITABERABA";"Velocidade Incompatível";"Saída de leito carroçável";"Com Vítimas Feridas";"Pleno dia";"Crescente";"Céu Claro";"Simples";"Reta";"Não";2;0;1;0;1;0;1;1;-26,935896;-52,810684;"SPRF-SC";"DEL07-SC";"UOP01-DEL07-SC"
583548;2024-02-26;"segunda-feira";"21:30:00";"CE";116;14,5;"FORTALEZA";"Manobra de mudança de faixa";"Colisão lateral mesmo sentido";"Com Vítimas Feridas";"Plena Noite";"Decrescente";"Chuva";"Múltipla";"Reta;Em Obras                 ";"Sim";2;0;1;0;1;0;1;2;-3,87381363;-38,4992373;"SPRF-CE";"DEL01-CE";"UOP02-DEL01-CE"
583550;2024-02-26;"segunda-feira";"21:00:00";"SP";116;294;"ITAPECERICA DA SERRA";"Reação tardia ou ineficiente do condutor";"Saída de leito carroçável";"Sem Vítimas";"Plena Noite";"Crescente";"Nublado";"Dupla";"Reta";"Não";1;0;0;0;0;1;0;1;-23,76154691;-46,90483412;"SPRF-SP";"DEL04-SP";"UOP01-DEL04-SP"
583551;2024-02-26;"segunda-feira";"20:40:00";"RJ";393;167,8;"TRES RIOS";"Reação tardia ou ineficiente do condutor";"Saída de leito carroçável";"Com Vítimas Feridas";"Plena Noite";"Decrescente";"Nublado";"Simples";"Reta";"Sim";1;0;1;0;0;0;1;1;-22,12236191;-43,13976623;"SPRF-RJ";"DEL05-RJ";"UOP01-DEL05-RJ"
583553;2024-02-26;"segunda-feira";"14:00:00";"PR";476;278;"SAO MATEUS DO SUL";"Ausência de reação do condutor";"Tombamento";"Com Vítimas Feridas";"Pleno dia";"Decrescente";"Céu Claro";"Simples";"Reta";"Sim";2;0;0;1;0;1;1;2;-25,868753;-50,396477;"SPRF-PR";"DEL02-PR";"UOP03-DEL02-PR"
583554;2024-02-26;"segunda-feira";"22:15:00";"PB";230;91;"JOAO PESSOA";"Ausência de reação do condutor";"Colisão lateral mesmo sentido";"Com Vítimas Feridas";"Plena Noite";"Decrescente";"Garoa/Chuvisco";"Dupla";"Reta";"Sim";2;0;1;0;0;1;1;2;-7,19098;-34,90389;"SPRF-PB";"DEL01-PB";"UOP03-DEL01-PB"
583557;2024-02-26;"segunda-feira";"21:50:00";"PI";316;1,8;"TERESINA";"Pista esburacada";"Queda de ocupante de veículo";"Com Vítimas Feridas";"Plena Noite";"Decrescente";"Chuva";"Múltipla";"Rotatória";"Sim";1;0;1;0;0;0;1;1;-5,12861853;-42,80706778;"SPRF-PI";"DEL01-PI";"UOP02-DEL01-PI"
583558;2024-02-26;"segunda-feira";"18:36:00";"BA";330;844;"IPIAU";"Condutor deixou de manter distância do veículo da frente";"Colisão traseira";"Com Vítimas Feridas";"Anoitecer";"Decrescente";"Céu Claro";"Simples";"Declive;Reta                  ";"Não";2;0;1;1;0;0;2;2;-14,153827;-39,697659;"SPRF-BA";"DEL03-BA";"UOP01-DEL03-BA"
583560;2024-02-26;"segunda-feira";"23:00:00";"RN";101;95;"NATAL";"Acumulo de água sobre o pavimento";"Capotamento";"Com Vítimas Feridas";"Plena Noite";"Crescente";"Chuva";"Dupla";"Declive";"Sim";2;0;1;0;1;0;1;1;-5,84076841;-35,21035949;"SPRF-RN";"DEL01-RN";"UOP01-DEL01-RN"
583561;2024-02-26;"segunda-feira";"22:20:00";"MG";116;524,7;"CARATINGA";"Acessar a via sem observar a presença dos outros veículos";"Colisão transversal";"Com Vítimas Feridas";"Plena Noite";"Decrescente";"Nublado";"Simples";"Interseção de Vias;Curva      ";"Sim";3;0;1;0;2;0;1;3;-19,76027352;-42,13398823;"SPRF-MG";"DEL06-MG";"UOP02-DEL06-MG"
583563;2024-02-27;"terça-feira";"00:30:00";"GO";414;434,9;"ANAPOLIS";"Reação tardia ou ineficiente do condutor";"Colisão com objeto";"Sem Vítimas";"Plena Noite";"Crescente";"Céu Claro";"Simples";"Declive;Curva                 ";"Não";1;0;0;0;0;1;0;1;-16,23713788;-48,93293623;"SPRF-GO";"DEL02-GO";"UOP01-DEL02-GO"
583564;2024-02-26;"segunda-feira";"22:10:00";"PB";230;465,9;"SOUSA";"Animais na Pista";"Atropelamento de Animal";"Com Vítimas Feridas";"Pleno dia";"Decrescente";"Nublado";"Simples";"Declive;Reta                  ";"Não";1;0;1;0;0;0;1;1;-6,7791;-38,2438;"SPRF-PB";"DEL03-PB";"UOP03-DEL03-PB"
583566;2024-02-27;"terça-feira";"00:50:00";"SC";282;4,5;"SAO JOSE";"Demais falhas mecânicas ou elétricas";"Incêndio";"Sem Vítimas";"Plena Noite";"Crescente";"Nublado";"Múltipla";"Declive;Reta                  ";"Sim";1;0;0;0;0;1;0;1;-27,592646;-48,604034;"SPRF-SC";"DEL01-SC";"UOP01-DEL01-SC"
583567;2024-02-26;"segunda-feira";"22:24:00";"PR";487;31;"ICARAIMA";"Animais na Pista";"Atropelamento de Animal";"Com Vítimas Feridas";"Plena Noite";"Crescente";"Céu Claro";"Simples";"Interseção de Vias;Reta       ";"Não";5;0;1;0;4;0;1;1;-23,41299797;-53,56834397;"SPRF-PR";"DEL06-PR";"UOP03-DEL06-PR"
583568;2024-02-26;"segunda-feira";"23:00:00";"MT";70;514;"VARZEA GRANDE";"Acessar a via sem observar a presença dos outros veículos";"Colisão transversal";"Com Vítimas Feridas";"Plena Noite";"Decrescente";"Céu Claro";"Simples";"Reta";"Não";2;0;1;0;1;0;1;2;-15,70251311;-56,15450044;"SPRF-MT";"DEL01-MT";"UOP02-DEL01-MT"
583569;2024-02-27;"terça-feira";"01:00:00";"PE";408;104,5;"JABOATAO DOS GUARARAPES";"Transtornos Mentais (exceto suicidio)";"Atropelamento de Pedestre";"Com Vítimas Feridas";"Plena Noite";"Decrescente";"Nublado";"Dupla";"Reta";"Sim";2;0;1;0;1;0;1;2;-8,069493;-34,990896;"SPRF-PE";"DEL01-PE";"UOP01-DEL01-PE"
583571;2024-02-26;"segunda-feira";"21:20:00";"SC";101;32;"JOINVILLE";"Pista Escorregadia";"Saída de leito carroçável";"Com Vítimas Feridas";"Plena Noite";"Crescente";"Chuva";"Dupla";"Reta";"Sim";1;0;1;0;0;0;1;1;-26,226987;-48,91657;"SPRF-SC";"DEL03-SC";"UOP01-DEL03-SC"
583572;2024-02-27;"terça-feira";"03:15:00";"RS";116;270;"PORTO ALEGRE";"Ausência de reação do condutor";"Colisão com objeto";"Com Vítimas Feridas";"Plena Noite";"Crescente";"Céu Claro";"Múltipla";"Reta";"Não";1;0;1;0;0;0;1;1;-29,969055;-51,167439;"SPRF-RS";"DEL01-RS";"UOP01-DEL01-RS"
583574;2024-02-27;"terça-feira";"04:40:00";"ES";101;288;"CARIACICA";"Ausência de reação do condutor";"Tombamento";"Com Vítimas Feridas";"Amanhecer";"Crescente";"Céu Claro";"Múltipla";"Reta";"Sim";1;0;0;1;0;0;1;1;-20,27160351;-40,39091743;"SPRF-ES";"DEL01-ES";"UOP01-DEL01-ES"
583575;2024-02-27;"terça-feira";"04:50:00";"RJ";116;207;"SEROPEDICA";"Ausência de reação do condutor";"Colisão com objeto";"Com Vítimas Feridas";"Amanhecer";"Crescente";"Céu Claro";"Dupla";"Reta";"Não";2;0;1;0;0;1;1;2;-22,72454443;-43,66145706;"SPRF-RJ";"DEL06-RJ";"UOP02-DEL06-RJ"
583576;2024-02-27;"terça-feira";"04:30:00";"ES";101;46;"SAO MATEUS";"Ausência de reação do condutor";"Colisão traseira";"Com Vítimas Feridas";"Plena Noite";"Decrescente";"Nublado";"Simples";"Reta";"Não";4;0;3;0;1;0;3;2;-18,55144093;-39,90284075;"SPRF-ES";"DEL04-ES";"UOP02-DEL04-ES"
583577;2024-02-27;"terça-feira";"05:10:00";"RJ";40;109;"DUQUE DE CAXIAS";"Demais falhas mecânicas ou elétricas";"Incêndio";"Sem Vítimas";"Amanhecer";"Crescente";"Céu Claro";"Simples";"Reta";"Sim";1;0;0;0;1;0;0;1;-22,67374628;-43,28638368;"SPRF-RJ";"DEL01-RJ";"UOP02-DEL01-RJ"
583578;2024-02-27;"terça-feira";"06:30:00";"MG";40;512,9;"RIBEIRAO DAS NEVES";"Condutor deixou de manter distância do veículo da frente";"Colisão traseira";"Com Vítimas Feridas";"Pleno dia";"Crescente";"Céu Claro";"Dupla";"Aclive;Reta                   ";"Sim";2;0;1;0;1;0;1;2;-19,78946999;-44,11290699;"SPRF-MG";"DEL01-MG";"UOP02-DEL01-MG"
583581;2024-02-27;"terça-feira";"06:30:00";"SP";116;209;"GUARULHOS";"Manobra de mudança de faixa";"Colisão lateral mesmo sentido";"Com Vítimas Feridas";"Pleno dia";"Crescente";"Céu Claro";"Dupla";"Reta";"Sim";3;0;1;0;2;0;1;3;-23,42511799;-46,40221101;"SPRF-SP";"DEL01-SP";"UOP01-DEL01-SP"
583582;2024-02-27;"terça-feira";"06:25:00";"PB";230;42,7;"SANTA RITA";"Condutor Dormindo";"Colisão traseira";"Com Vítimas Feridas";"Amanhecer";"Decrescente";"Nublado";"Simples";"Reta";"Não";2;0;0;1;1;0;1;2;-7,149214;-35,004395;"SPRF-PB";"DEL01-PB";"UOP03-DEL01-PB"
583583;2024-02-27;"terça-feira";"06:15:00";"MG";40;511,6;"RIBEIRAO DAS NEVES";"Manobra de mudança de faixa";"Colisão lateral mesmo sentido";"Com Vítimas Feridas";"Pleno dia";"Crescente";"Céu Claro";"Dupla";"Curva;Retorno Regulamentado   ";"Não";3;0;2;0;1;0;2;2;-19,78721866;-44,11451697;"SPRF-MG";"DEL01-MG";"UOP02-DEL01-MG"
583584;2024-02-27;"terça-feira";"06:30:00";"PR";369;153;"LONDRINA";"Acessar a via sem observar a presença dos outros veículos";"Colisão traseira";"Com Vítimas Feridas";"Pleno dia";"Decrescente";"Céu Claro";"Dupla";"Reta";"Sim";2;0;1;0;1;0;1;2;-23,29774279;-51,19886398;"SPRF-PR";"DEL07-PR";"UOP01-DEL07-PR"
583586;2024-02-27;"terça-feira";"07:00:00";"MG";381;487;"BETIM";"Ausência de reação do condutor";"Engavetamento";"Com Vítimas Feridas";"Pleno dia";"Decrescente";"Céu Claro";"Dupla";"Reta";"Sim";4;0;2;0;2;0;2;4;-19,95586853;-44,14609501;"SPRF-MG";"DEL01-MG";"UOP03-DEL01-MG"
583587;2024-02-26;"segunda-feira";"19:00:00";"MG";50;193;"UBERABA";"Avarias e/ou desgaste excessivo no pneu";"Queda de ocupante de veículo";"Com Vítimas Feridas";"Plena Noite";"Crescente";"Céu Claro";"Dupla";"Declive";"Não";1;0;1;0;0;0;1;1;-19,87965993;-47,85365089;"SPRF-MG";"DEL13-MG";"UOP01-DEL13-MG"
583590;2024-02-27;"terça-feira";"04:30:00";"RO";364;423,5;"JARU";"Iluminação deficiente";"Queda de ocupante de veículo";"Com Vítimas Feridas";"Plena Noite";"Crescente";"Nublado";"Simples";"Reta";"Sim";1;0;1;0;0;0;1;1;-10,45220802;-62,46072003;"SPRF-RO";"DEL03-RO";"UOP02-DEL03-RO"
583591;2024-02-27;"terça-feira";"07:15:00";"PB";230;163;"CAMPINA GRANDE";"Condutor deixou de manter distância do veículo da frente";"Colisão traseira";"Com Vítimas Feridas";"Pleno dia";"Decrescente";"Céu Claro";"Simples";"Reta;Aclive                   ";"Não";2;0;0;1;1;0;1;2;-7,2198;-35,9443;"SPRF-PB";"DEL02-PB";"UOP01-DEL02-PB"
583592;2024-02-27;"terça-feira";"06:45:00";"GO";153;517,6;"HIDROLANDIA";"Velocidade Incompatível";"Saída de leito carroçável";"Com Vítimas Fatais";"Amanhecer";"Crescente";"Sol";"Dupla";"Reta";"Sim";4;1;0;0;0;3;0;2;-16,8581;-49,2488;"SPRF-GO";"DEL01-GO";"UOP03-DEL01-GO"
583593;2024-02-27;"terça-feira";"07:00:00";"MG";146;471;"BOTELHOS";"Acessar a via sem observar a presença dos outros veículos";"Colisão lateral mesmo sentido";"Com Vítimas Feridas";"Pleno dia";"Crescente";"Céu Claro";"Simples";"Reta";"Não";4;0;3;0;1;0;3;2;-21,74;-46,4;"SPRF-MG";"DEL09-MG";"UOP01-DEL09-MG"
583594;2024-02-27;"terça-feira";"06:20:00";"RJ";116;184;"NOVA IGUACU";"Reação tardia ou ineficiente do condutor";"Engavetamento";"Com Vítimas Feridas";"Amanhecer";"Decrescente";"Céu Claro";"Dupla";"Reta";"Sim";4;0;1;0;3;0;1;4;-22,74647215;-43,44594311;"SPRF-RJ";"DEL06-RJ";"UOP01-DEL06-RJ"
583595;2024-02-27;"terça-feira";"06:52:00";"SC";470;154;"AGRONOMICA";"Velocidade Incompatível";"Saída de leito carroçável";"Com Vítimas Feridas";"Pleno dia";"Decrescente";"Chuva";"Simples";"Curva";"Não";1;0;1;0;0;0;1;1;-27,27448534;-49,74457026;"SPRF-SC";"DEL04-SC";"UOP02-DEL04-SC"
583596;2024-02-27;"terça-feira";"07:10:00";"RS";290;88;"PORTO ALEGRE";"Reação tardia ou ineficiente do condutor";"Tombamento";"Com Vítimas Feridas";"Pleno dia";"Decrescente";"Nublado";"Múltipla";"Reta";"Não";1;0;1;0;0;0;1;1;-29,967531;-51,137264;"SPRF-RS";"DEL01-RS";"UOP01-DEL01-RS"
583597;2024-02-27;"terça-feira";"03:30:00";"RS";290;335;"SAO SEPE";"Ausência de reação do condutor";"Colisão com objeto";"Com Vítimas Feridas";"Plena Noite";"Crescente";"Nublado";"Simples";"Curva";"Não";4;0;2;0;2;0;2;1;-30,37263105;-53,53942394;"SPRF-RS";"DEL09-RS";"UOP02-DEL09-RS"
583598;2024-02-27;"terça-feira";"07:25:00";"MG";381;333;"NOVA ERA";"Velocidade Incompatível";"Colisão transversal";"Com Vítimas Feridas";"Pleno dia";"Decrescente";"Céu Claro";"Simples";"Curva";"Não";10;0;3;0;7;0;3;2;-19,78202955;-43,0436182;"SPRF-MG";"DEL03-MG";"UOP01-DEL03-MG"
583599;2024-02-27;"terça-feira";"07:20:00";"SC";101;212,3;"PALHOCA";"Reação tardia ou ineficiente do condutor";"Tombamento";"Com Vítimas Feridas";"Pleno dia";"Decrescente";"Chuva";"Múltipla";"Reta";"Sim";1;0;1;0;0;0;1;1;-27,62996929;-48,65903871;"SPRF-SC";"DEL01-SC";"UOP02-DEL01-SC"
583601;2024-02-26;"segunda-feira";"22:00:00";"RS";470;245;"BARAO";"Chuva";"Saída de leito carroçável";"Sem Vítimas";"Plena Noite";"Decrescente";"Chuva";"Simples";"Reta";"Sim";1;0;0;0;0;1;0;1;-29,378492;-51,496948;"SPRF-RS";"DEL06-RS";"UOP01-DEL06-RS"
583602;2024-02-27;"terça-feira";"07:50:00";"ES";101;245,5;"SERRA";"Condutor Dormindo";"Capotamento";"Com Vítimas Feridas";"Pleno dia";"Decrescente";"Sol";"Dupla";"Declive;Reta                  ";"Não";1;0;1;0;0;0;1;1;-20,05454495;-40,38189997;"SPRF-ES";"DEL02-ES";"UOP01-DEL02-ES"
583605;2024-02-27;"terça-feira";"07:45:00";"PE";104;63;"CARUARU";"Desrespeitar a preferência no cruzamento";"Colisão transversal";"Com Vítimas Feridas";"Pleno dia";"Decrescente";"Céu Claro";"Simples";"Viaduto;Interseção de Vias;Ret";"Sim";2;0;1;0;1;0;1;2;-8,26712914;-35,97896934;"SPRF-PE";"DEL02-PE";"UOP01-DEL02-PE"
583606;2024-02-27;"terça-feira";"08:30:00";"ES";101;213;"IBIRACU";"Ausência de reação do condutor";"Colisão com objeto";"Sem Vítimas";"Pleno dia";"Crescente";"Céu Claro";"Múltipla";"Retorno Regulamentado;Curva   ";"Sim";1;0;0;0;1;0;0;1;-19,82352998;-40,36981894;"SPRF-ES";"DEL02-ES";"UOP01-DEL02-ES"
583607;2024-02-27;"terça-feira";"08:20:00";"RJ";116;180;"NOVA IGUACU";"Reação tardia ou ineficiente do condutor";"Colisão traseira";"Com Vítimas Feridas";"Pleno dia";"Crescente";"Céu Claro";"Dupla";"Reta";"Sim";2;0;1;0;1;0;1;2;-22,7651616;-43,4154728;"SPRF-RJ";"DEL06-RJ";"UOP01-DEL06-RJ"
583609;2024-02-27;"terça-feira";"08:20:00";"SP";116;206,8;"GUARULHOS";"Acumulo de areia ou detritos sobre o pavimento";"Queda de ocupante de veículo";"Com Vítimas Feridas";"Pleno dia";"Crescente";"Céu Claro";"Simples";"Reta";"Sim";1;0;0;1;0;0;1;1;-23,41722629;-46,37510292;"SPRF-SP";"DEL01-SP";"UOP01-DEL01-SP"
583610;2024-02-27;"terça-feira";"08:10:00";"PI";316;10,9;"TERESINA";"Desrespeitar a preferência no cruzamento";"Colisão transversal";"Com Vítimas Feridas";"Pleno dia";"Crescente";"Céu Claro";"Múltipla";"Rotatória;Interseção de Vias  ";"Sim";2;0;1;0;1;0;1;2;-5,1907415;-42,76139259;"SPRF-PI";"DEL01-PI";"UOP02-DEL01-PI"
583611;2024-02-27;"terça-feira";"07:30:00";"SP";116;60,6;"GUARATINGUETA";"Ausência de reação do condutor";"Saída de leito carroçável";"Com Vítimas Feridas";"Pleno dia";"Decrescente";"Céu Claro";"Dupla";"Aclive";"Não";1;0;0;1;0;0;1;1;-22,79106843;-45,16105167;"SPRF-SP";"DEL08-SP";"UOP01-DEL08-SP"
583613;2024-02-27;"terça-feira";"08:00:00";"RJ";493;20;"MAGE";"Acessar a via sem observar a presença dos outros veículos";"Colisão transversal";"Com Vítimas Feridas";"Pleno dia";"Decrescente";"Céu Claro";"Dupla";"Reta";"Sim";3;0;0;1;2;0;1;2;-22,66364;-43,036495;"SPRF-RJ";"DEL04-RJ";"UOP02-DEL04-RJ"
583616;2024-02-27;"terça-feira";"08:59:00";"DF";40;4;"BRASILIA";"Trafegar com motocicleta (ou similar) entre as faixas";"Colisão lateral mesmo sentido";"Com Vítimas Feridas";"Pleno dia";"Decrescente";"Céu Claro";"Dupla";"Reta";"Sim";3;0;1;1;1;0;2;2;-16,012033;-47,982124;"SPRF-DF";"DEL01-DF";"UOP01-DEL01-DF"
583617;2024-02-27;"terça-feira";"08:15:00";"MG";116;690,9;"MURIAE";"Animais na Pista";"Atropelamento de Animal";"Com Vítimas Feridas";"Pleno dia";"Crescente";"Céu Claro";"Simples";"Aclive";"Não";1;0;1;0;0;0;1;1;-21,01876307;-42,36118053;"SPRF-MG";"DEL07-MG";"UOP02-DEL07-MG"
583619;2024-02-04;"domingo";"02:00:00";"SC";282;130,7;"BOM RETIRO";"Transitar na contramão";"Colisão frontal";"Com Vítimas Fatais";"Plena Noite";"Crescente";"Céu Claro";"Simples";"Reta;Aclive                   ";"Não";3;3;0;0;0;0;0;2;-27,8069846;-49,5106133;"SPRF-SC";"DEL05-SC";"UOP01-DEL05-SC"
583621;2024-02-27;"terça-feira";"07:40:00";"MG";116;371,4;"FREI INOCENCIO";"Acessar a via sem observar a presença dos outros veículos";"Colisão transversal";"Com Vítimas Fatais";"Pleno dia";"Crescente";"Sol";"Simples";"Declive;Reta                  ";"Não";2;1;1;0;0;0;1;2;-18,5460679;-41,90227418;"SPRF-MG";"DEL11-MG";"UOP01-DEL11-MG"
583624;2024-02-27;"terça-feira";"09:10:00";"ES";101;266,5;"SERRA";"Ausência de reação do condutor";"Colisão traseira";"Com Vítimas Feridas";"Pleno dia";"Decrescente";"Sol";"Múltipla";"Reta";"Não";2;0;1;0;1;0;1;2;-20,190199;-40,26828891;"SPRF-ES";"DEL02-ES";"UOP01-DEL02-ES"
583625;2024-02-27;"terça-feira";"08:00:00";"MG";40;562,5;"NOVA LIMA";"Avarias e/ou desgaste excessivo no pneu";"Queda de ocupante de veículo";"Com Vítimas Feridas";"Pleno dia";"Decrescente";"Céu Claro";"Simples";"Reta;Aclive                   ";"Não";2;0;2;0;0;0;2;1;-20,14451602;-43,95966007;"SPRF-MG";"DEL01-MG";"UOP02-DEL01-MG"
583626;2024-01-23;"terça-feira";"17:45:00";"RN";101;96;"NATAL";"Condutor deixou de manter distância do veículo da frente";"Colisão lateral mesmo sentido";"Com Vítimas Feridas";"Anoitecer";"Decrescente";"Céu Claro";"Dupla";"Reta";"Sim";3;0;1;1;1;0;2;3;-5,84949622;-35,20890752;"SPRF-RN";"DEL01-RN";"UOP01-DEL01-RN"
583628;2024-02-27;"terça-feira";"08:55:00";"PI";343;307,6;"ALTOS";"Ausência de reação do condutor";"Colisão lateral mesmo sentido";"Com Vítimas Feridas";"Pleno dia";"Decrescente";"Nublado";"Simples";"Reta";"Sim";2;0;1;0;1;0;1;2;-5,039802;-42,459518;"SPRF-PI";"DEL01-PI";"UOP01-DEL01-PI"
583630;2024-02-27;"terça-feira";"10:00:00";"RN";304;284;"MACAIBA";"Avarias e/ou desgaste excessivo no pneu";"Tombamento";"Com Vítimas Feridas";"Pleno dia";"Crescente";"Chuva";"Dupla";"Reta";"Não";2;0;1;1;0;0;2;1;-5,87912197;-35,45510001;"SPRF-RN";"DEL01-RN";"UOP02-DEL01-RN"
583631;2024-02-11;"domingo";"05:15:00";"PR";158;533,9;"PATO BRANCO";"Transitar na contramão";"Colisão frontal";"Com Vítimas Feridas";"Amanhecer";"Decrescente";"Céu Claro";"Simples";"Declive";"Sim";3;0;2;0;1;0;2;2;-26,22139984;-52,68481851;"SPRF-PR";"DEL02-PR";"UOP01-DEL02-PR"
583632;2024-02-27;"terça-feira";"10:30:00";"SC";101;189;"BIGUACU";"Reação tardia ou ineficiente do condutor";"Colisão com objeto";"Com Vítimas Feridas";"Pleno dia";"Decrescente";"Garoa/Chuvisco";"Dupla";"Curva";"Não";1;0;1;0;0;0;1;1;-27,459393;-48,638914;"SPRF-SC";"DEL01-SC";"UOP01-DEL01-SC"
583634;2024-02-11;"domingo";"23:20:00";"MG";267;82;"JUIZ DE FORA";"Acessar a via sem observar a presença dos outros veículos";"Colisão frontal";"Com Vítimas Feridas";"Plena Noite";"Crescente";"Nublado";"Simples";"Curva";"Não";2;0;2;0;0;0;2;2;-21,74761511;-43,15058797;"SPRF-MG";"DEL05-MG";"UOP01-DEL05-MG"
583635;2024-01-14;"domingo";"04:45:00";"MS";163;485;"CAMPO GRANDE";"Reação tardia ou ineficiente do condutor";"Colisão traseira";"Com Vítimas Feridas";"Pleno dia";"Crescente";"Céu Claro";"Simples";"Reta";"Não";2;0;1;0;0;1;1;2;-20,44233707;-54,54201834;"SPRF-MS";"DEL01-MS";"UOP02-DEL01-MS"
583637;2024-02-27;"terça-feira";"07:50:00";"RO";364;340;"JI-PARANA";"Condutor desrespeitou a iluminação vermelha do semáforo";"Colisão transversal";"Com Vítimas Feridas";"Pleno dia";"Crescente";"Céu Claro";"Dupla";"Interseção de Vias;Reta       ";"Sim";2;0;1;0;1;0;1;2;-10,898802;-61,93046;"SPRF-RO";"DEL02-RO";"UOP01-DEL02-RO"
583638;2024-02-27;"terça-feira";"10:15:00";"SP";381;60,1;"MAIRIPORA";"Reação tardia ou ineficiente do condutor";"Colisão traseira";"Com Vítimas Feridas";"Pleno dia";"Decrescente";"Sol";"Dupla";"Curva;Aclive                  ";"Não";3;0;1;0;2;0;1;2;-23,28957673;-46,58729853;"SPRF-SP";"DEL03-SP";"UOP01-DEL03-SP"
583640;2024-02-27;"terça-feira";"09:00:00";"SC";101;375,2;"ICARA";"Ausência de reação do condutor";"Saída de leito carroçável";"Sem Vítimas";"Pleno dia";"Decrescente";"Chuva";"Múltipla";"Reta";"Não";1;0;0;0;1;0;0;1;-28,72014713;-49,23508784;"SPRF-SC";"DEL02-SC";"UOP01-DEL02-SC"
583641;2024-02-27;"terça-feira";"10:40:00";"BA";101;923;"NOVA VICOSA";"Acessar a via sem observar a presença dos outros veículos";"Colisão transversal";"Com Vítimas Fatais";"Pleno dia";"Crescente";"Céu Claro";"Simples";"Reta";"Não";4;1;1;1;1;0;2;2;-17,91146866;-39,82874578;"SPRF-BA";"DEL09-BA";"UOP02-DEL09-BA"