"id";"data_inversa";"dia_semana";"horario";"uf";"br";"km";"municipio";"causa_acidente";"tipo_acidente";"classificacao_acidente";"fase_dia";"sentido_via";"condicao_metereologica";"tipo_pista";"tracado_via";"uso_solo";"pessoas";"mortos";"feridos_leves";"feridos_graves";"ilesos";"ignorados";"feridos";"veiculos";"latitude";"longitude";"regional";"delegacia";"uop"
583757;2024-02-28;"quarta-feira";"00:45:00";"PR";116;125;"FAZENDA RIO GRANDE";"Condutor Dormindo";"Colisão com objeto";"Com Vítimas Feridas";"Plena Noite";"Decrescente";"Nublado";"Dupla";"Reta";"Sim";2;0;0;1;1;0;1;1;-25,59505309;-49,31630659;"SPRF-PR";"DEL01-PR";"UOP03-DEL01-PR"
583758;2024-02-28;"quarta-feira";"00:50:00";"PR";376;474;"PONTA GROSSA";"Reação tardia ou ineficiente do condutor";"Saída de leito carroçável";"Com Vítimas Feridas";"Plena Noite";"Crescente";"Nevoeiro/Neblina";"Dupla";"Declive;Interseção de Vias;Ret";"Não";1;0;1;0;0;0;1;1;-25,03527832;-50,30138778;"SPRF-PR";"DEL03-PR";"UOP01-DEL03-PR"
583759;2024-02-28;"quarta-feira";"02:15:00";"DF";20;13;"BRASILIA";"Velocidade Incompatível";"Colisão traseira";"Com Vítimas Feridas";"Plena Noite";"Crescente";"Céu Claro";"Dupla";"Reta";"Sim";2;0;0;1;0;1;1;2;-15,638752;-47,749599;"SPRF-DF";"DEL02-DF";"UOP01-DEL02-DF"
583760;2024-02-28;"quarta-feira";"01:30:00";"GO";70;17;"AGUAS LINDAS DE GOIAS";"Reação tardia ou ineficiente do condutor";"Saída de leito carroçável";"Sem Vítimas";"Plena Noite";"Decrescente";"Céu Claro";"Dupla";"Reta;Ponte                    ";"Não";1;0;0;0;0;1;0;1;-15,75060673;-48,34984959;"SPRF-DF";"DEL03-DF";"UOP02-DEL03-DF"
583761;2024-02-28;"quarta-feira";"03:00:00";"PR";277;97,8;"CURITIBA";"Ausência de reação do condutor";"Saída de leito carroçável";"Com Vítimas Feridas";"Plena Noite";"Decrescente";"Céu Claro";"Dupla";"Reta";"Sim";2;0;1;0;1;0;1;1;-25,43036341;-49,34739947;"SPRF-PR";"DEL01-PR";"UOP06-DEL01-PR"
583762;2024-02-28;"quarta-feira";"03:10:00";"RS";116;263;"CANOAS";"Ausência de reação do condutor";"Colisão com objeto";"Sem Vítimas";"Plena Noite";"Decrescente";"Céu Claro";"Dupla";"Reta";"Sim";1;0;0;0;1;0;0;1;-29,90545398;-51,17674031;"SPRF-RS";"DEL01-RS";"UOP01-DEL01-RS"
583763;2024-02-28;"quarta-feira";"03:15:00";"SP";116;520;"CAJATI";"Reação tardia ou ineficiente do condutor";"Saída de leito carroçável";"Com Vítimas Feridas";"Plena Noite";"Crescente";"Nublado";"Dupla";"Curva";"Não";1;0;1;0;0;0;1;1;-24,89364369;-48,24164206;"SPRF-SP";"DEL05-SP";"UOP02-DEL05-SP"
583767;2024-02-28;"quarta-feira";"05:15:00";"MG";262;12,6;"MARTINS SOARES";"Reação tardia ou ineficiente do condutor";"Colisão traseira";"Com Vítimas Feridas";"Amanhecer";"Crescente";"Céu Claro";"Simples";"Reta";"Não";2;0;0;1;1;0;1;2;-20,25771509;-41,86161294;"SPRF-MG";"DEL06-MG";"UOP03-DEL06-MG"
583768;2024-02-28;"quarta-feira";"05:39:00";"DF";40;0;"BRASILIA";"Reação tardia ou ineficiente do condutor";"Engavetamento";"Com Vítimas Feridas";"Pleno dia";"Decrescente";"Céu Claro";"Dupla";"Reta";"Sim";9;0;1;0;8;0;1;8;-15,976897;-47,990129;"SPRF-DF";"DEL01-DF";"UOP01-DEL01-DF"
583770;2024-02-28;"quarta-feira";"06:25:00";"MG";40;510;"RIBEIRAO DAS NEVES";"Condutor deixou de manter distância do veículo da frente";"Colisão traseira";"Com Vítimas Feridas";"Pleno dia";"Crescente";"Céu Claro";"Dupla";"Reta";"Sim";3;0;0;1;2;0;1;3;-19,77626838;-44,12207723;"SPRF-MG";"DEL01-MG";"UOP02-DEL01-MG"
583773;2024-02-28;"quarta-feira";"05:30:00";"PR";476;196,9;"LAPA";"Ausência de reação do condutor";"Colisão frontal";"Com Vítimas Feridas";"Amanhecer";"Crescente";"Nublado";"Simples";"Reta";"Sim";3;0;2;0;0;1;2;3;-25,75882884;-49,73199069;"SPRF-PR";"DEL01-PR";"UOP06-DEL01-PR"
583775;2024-02-28;"quarta-feira";"05:40:00";"MG";40;524;"CONTAGEM";"Manobra de mudança de faixa";"Tombamento";"Com Vítimas Feridas";"Amanhecer";"Crescente";"Céu Claro";"Dupla";"Reta";"Sim";1;0;1;0;0;0;1;1;-19,8754469;-44,05345586;"SPRF-MG";"DEL01-MG";"UOP02-DEL01-MG"
583778;2024-01-06;"sábado";"21:33:00";"RN";405;175,2;"JOSE DA PENHA";"Iluminação deficiente";"Atropelamento de Pedestre";"Com Vítimas Fatais";"Plena Noite";"Crescente";"Céu Claro";"Simples";"Reta";"Não";2;1;0;0;1;0;0;2;-6,3086345;-38,282516;"SPRF-RN";"DEL04-RN";"UOP02-DEL04-RN"
583779;2024-02-27;"terça-feira";"09:45:00";"SP";101;49;"UBATUBA";"Reação tardia ou ineficiente do condutor";"Colisão transversal";"Com Vítimas Feridas";"Pleno dia";"Crescente";"Céu Claro";"Simples";"Reta";"Sim";2;0;1;0;0;1;1;2;-23,44410908;-45,08375708;"SPRF-SP";"DEL06-SP";"UOP01-DEL06-SP"
583781;2024-02-28;"quarta-feira";"07:30:00";"RS";153;50,7;"ERECHIM";"Ultrapassagem Indevida";"Colisão transversal";"Com Vítimas Feridas";"Pleno dia";"Crescente";"Garoa/Chuvisco";"Simples";"Rotatória";"Não";2;0;0;1;1;0;1;2;-27,65623359;-52,27554709;"SPRF-RS";"DEL08-RS";"UOP04-DEL08-RS"
583782;2024-02-28;"quarta-feira";"06:30:00";"MG";381;166,5;"GOVERNADOR VALADARES";"Animais na Pista";"Atropelamento de Animal";"Com Vítimas Feridas";"Pleno dia";"Decrescente";"Céu Claro";"Simples";"Reta";"Não";2;0;0;2;0;0;2;1;-18,92677621;-42,0385053;"SPRF-MG";"DEL06-MG";"UOP01-DEL06-MG"
583783;2024-02-28;"quarta-feira";"07:30:00";"ES";101;285;"CARIACICA";"Ausência de reação do condutor";"Colisão traseira";"Com Vítimas Feridas";"Pleno dia";"Crescente";"Céu Claro";"Dupla";"Reta";"Sim";2;0;1;0;1;0;1;2;-20,24334991;-40,3696926;"SPRF-ES";"DEL01-ES";"UOP01-DEL01-ES"
583784;2024-02-28;"quarta-feira";"07:55:00";"DF";20;22;"BRASILIA";"Acessar a via sem observar a presença dos outros veículos";"Colisão transversal";"Com Vítimas Feridas";"Pleno dia";"Crescente";"Sol";"Dupla";"Reta";"Sim";2;0;0;1;1;0;1;2;-15,59834;-47,676186;"SPRF-DF";"DEL02-DF";"UOP01-DEL02-DF"
583788;2024-02-28;"quarta-feira";"08:00:00";"GO";40;8,7;"LUZIANIA";"Ausência de reação do condutor";"Colisão traseira";"Com Vítimas Feridas";"Pleno dia";"Crescente";"Céu Claro";"Dupla";"Reta";"Sim";2;0;1;0;1;0;1;2;-16,116158;-47,96761;"SPRF-DF";"DEL01-DF";"UOP01-DEL01-DF"
583790;2024-02-28;"quarta-feira";"08:20:00";"RS";116;150,2;"CAXIAS DO SUL";"Reação tardia ou ineficiente do condutor";"Colisão traseira";"Com Vítimas Feridas";"Pleno dia";"Decrescente";"Céu Claro";"Dupla";"Reta;Interseção de Vias       ";"Sim";3;0;1;0;2;0;1;3;-29,168428;-51,158337;"SPRF-RS";"DEL05-RS";"UOP01-DEL05-RS"
583792;2024-02-27;"terça-feira";"18:40:00";"MA";316;0,3;"BOA VISTA DO GURUPI";"Ausência de reação do condutor";"Atropelamento de Pedestre";"Com Vítimas Feridas";"Plena Noite";"Decrescente";"Chuva";"Simples";"Reta;Ponte                    ";"Sim";2;0;1;1;0;0;2;2;-1,799856;-46,314941;"SPRF-MA";"DEL02-MA";"UOP02-DEL02-MA"
583793;2024-02-28;"quarta-feira";"07:50:00";"PR";476;154;"ARAUCARIA";"Condutor deixou de manter distância do veículo da frente";"Colisão lateral mesmo sentido";"Com Vítimas Feridas";"Pleno dia";"Decrescente";"Céu Claro";"Dupla";"Reta";"Sim";2;0;1;0;1;0;1;2;-25,584223;-49,401379;"SPRF-PR";"DEL01-PR";"UOP06-DEL01-PR"
583796;2024-02-28;"quarta-feira";"07:50:00";"PB";230;299,1;"SANTA LUZIA";"Animais na Pista";"Saída de leito carroçável";"Com Vítimas Feridas";"Pleno dia";"Decrescente";"Céu Claro";"Simples";"Aclive;Reta                   ";"Não";3;0;1;0;2;0;1;1;-6,8996;-36,973;"SPRF-PB";"DEL03-PB";"UOP01-DEL03-PB"
583798;2024-02-27;"terça-feira";"15:00:00";"RJ";116;174;"SAO JOAO DE MERITI";"Demais falhas mecânicas ou elétricas";"Incêndio";"Sem Vítimas";"Pleno dia";"Decrescente";"Céu Claro";"Múltipla";"Reta";"Sim";1;0;0;0;1;0;0;1;-22,79423806;-43,36403759;"SPRF-RJ";"DEL06-RJ";"UOP01-DEL06-RJ"
583799;2024-02-28;"quarta-feira";"08:00:00";"SP";116;144,9;"SAO JOSE DOS CAMPOS";"Trafegar com motocicleta (ou similar) entre as faixas";"Colisão traseira";"Com Vítimas Feridas";"Pleno dia";"Crescente";"Céu Claro";"Dupla";"Aclive";"Não";2;0;1;0;1;0;1;2;-23,18274416;-45,84633592;"SPRF-SP";"DEL02-SP";"UOP01-DEL02-SP"
583801;2024-02-28;"quarta-feira";"08:15:00";"SC";101;207,6;"SAO JOSE";"Reação tardia ou ineficiente do condutor";"Tombamento";"Com Vítimas Feridas";"Pleno dia";"Decrescente";"Céu Claro";"Múltipla";"Reta";"Sim";1;0;1;0;0;0;1;1;-27,60001226;-48,6226467;"SPRF-SC";"DEL01-SC";"UOP01-DEL01-SC"
583803;2024-02-28;"quarta-feira";"07:30:00";"MT";364;200;"RONDONOPOLIS";"Condutor deixou de manter distância do veículo da frente";"Colisão traseira";"Sem Vítimas";"Pleno dia";"Crescente";"Céu Claro";"Simples";"Reta";"Sim";3;0;0;0;3;0;0;2;-16,49009927;-54,64632332;"SPRF-MT";"DEL02-MT";"UOP01-DEL02-MT"
583805;2024-02-21;"quarta-feira";"08:30:00";"RJ";116;191;"QUEIMADOS";"Manobra de mudança de faixa";"Colisão lateral mesmo sentido";"Com Vítimas Feridas";"Pleno dia";"Decrescente";"Céu Claro";"Dupla";"Reta";"Não";3;0;1;0;2;0;1;3;-22,74421443;-43,509822;"SPRF-RJ";"DEL06-RJ";"UOP01-DEL06-RJ"
583807;2024-02-28;"quarta-feira";"07:00:00";"RJ";116;176;"SAO JOAO DE MERITI";"Condutor deixou de manter distância do veículo da frente";"Colisão lateral mesmo sentido";"Com Vítimas Feridas";"Pleno dia";"Decrescente";"Céu Claro";"Múltipla";"Reta";"Sim";3;0;0;1;2;0;1;3;-22,7839538;-43,38195488;"SPRF-RJ";"DEL06-RJ";"UOP01-DEL06-RJ"
583812;2024-02-21;"quarta-feira";"03:20:00";"RJ";101;537;"PARATY";"Reação tardia ou ineficiente do condutor";"Colisão lateral sentido oposto";"Sem Vítimas";"Plena Noite";"Decrescente";"Céu Claro";"Simples";"Reta";"Não";2;0;0;0;2;0;0;2;-23,04205934;-44,57003488;"SPRF-RJ";"DEL03-RJ";"UOP04-DEL03-RJ"
583814;2024-02-28;"quarta-feira";"09:54:00";"SP";116;109;"TAUBATE";"Condutor deixou de manter distância do veículo da frente";"Colisão traseira";"Com Vítimas Feridas";"Pleno dia";"Decrescente";"Céu Claro";"Dupla";"Reta";"Sim";2;0;1;0;1;0;1;2;-23,02871304;-45,54517097;"SPRF-SP";"DEL02-SP";"UOP02-DEL02-SP"
583815;2024-02-20;"terça-feira";"09:00:00";"DF";20;21;"BRASILIA";"Condutor deixou de manter distância do veículo da frente";"Colisão traseira";"Sem Vítimas";"Pleno dia";"Crescente";"Chuva";"Dupla";"Aclive;Reta                   ";"Sim";10;0;0;0;10;0;0;4;-15,603384;-47,684692;"SPRF-DF";"DEL02-DF";"UOP01-DEL02-DF"
583816;2024-02-20;"terça-feira";"22:40:00";"MS";262;410;"TERENOS";"Ausência de reação do condutor";"Tombamento";"Com Vítimas Feridas";"Plena Noite";"Crescente";"Céu Claro";"Simples";"Reta";"Não";2;0;2;0;0;0;2;1;-20,44007092;-55,11428302;"SPRF-MS";"DEL01-MS";"UOP03-DEL01-MS"
583817;2024-02-28;"quarta-feira";"08:30:00";"PI";343;307,9;"ALTOS";"Ausência de reação do condutor";"Colisão traseira";"Sem Vítimas";"Pleno dia";"Crescente";"Céu Claro";"Simples";"Reta";"Sim";2;0;0;0;2;0;0;2;-5,039802;-42,459518;"SPRF-PI";"DEL01-PI";"UOP01-DEL01-PI"
583820;2024-02-27;"terça-feira";"21:20:00";"MT";163;1021;"TERRA NOVA DO NORTE";"Ausência de reação do condutor";"Saída de leito carroçável";"Sem Vítimas";"Plena Noite";"Decrescente";"Céu Claro";"Simples";"Declive;Reta                  ";"Não";1;0;0;0;0;1;0;1;-10,43976203;-55,06047084;"SPRF-MT";"DEL06-MT";"UOP03-DEL06-MT"
583821;2024-02-28;"quarta-feira";"10:00:00";"SP";381;27,4;"ATIBAIA";"Transitar no Acostamento";"Colisão lateral mesmo sentido";"Com Vítimas Feridas";"Pleno dia";"Crescente";"Nublado";"Dupla";"Reta";"Não";2;0;1;0;1;0;1;2;-23,03325858;-46,54275266;"SPRF-SP";"DEL03-SP";"UOP02-DEL03-SP"
583822;2024-02-08;"quinta-feira";"13:45:00";"PB";230;23;"JOAO PESSOA";"Condutor deixou de manter distância do veículo da frente";"Engavetamento";"Com Vítimas Feridas";"Pleno dia";"Decrescente";"Sol";"Dupla";"Viaduto;Reta                  ";"Sim";6;0;1;0;5;0;1;5;-7,16448385;-34,86204028;"SPRF-PB";"DEL01-PB";"UOP01-DEL01-PB"
583823;2024-02-28;"quarta-feira";"11:15:00";"RN";101;80,5;"NATAL";"Condutor deixou de manter distância do veículo da frente";"Colisão traseira";"Sem Vítimas";"Pleno dia";"Decrescente";"Sol";"Dupla";"Rotatória;Reta;Interseção de V";"Sim";2;0;0;0;2;0;0;2;-5,76353425;-35,28603644;"SPRF-RN";"DEL02-RN";"UOP01-DEL02-RN"
583825;2024-02-28;"quarta-feira";"09:10:00";"MG";116;678,5;"MIRADOURO";"Condutor deixou de manter distância do veículo da frente";"Colisão traseira";"Com Vítimas Feridas";"Pleno dia";"Decrescente";"Sol";"Simples";"Curva";"Não";2;0;1;0;1;0;1;2;-20,93075551;-42,34058261;"SPRF-MG";"DEL07-MG";"UOP02-DEL07-MG"
583826;2024-02-28;"quarta-feira";"10:40:00";"SP";153;53;"SAO JOSE DO RIO PRETO";"Avarias e/ou desgaste excessivo no pneu";"Tombamento";"Com Vítimas Feridas";"Pleno dia";"Decrescente";"Céu Claro";"Dupla";"Retorno Regulamentado";"Não";1;0;1;0;0;0;1;1;-20,73603199;-49,33803779;"SPRF-SP";"DEL09-SP";"UOP01-DEL09-SP"
583827;2024-02-28;"quarta-feira";"09:40:00";"MT";70;732;"CACERES";"Desrespeitar a preferência no cruzamento";"Colisão transversal";"Com Vítimas Feridas";"Pleno dia";"Crescente";"Céu Claro";"Dupla";"Rotatória";"Sim";3;0;1;0;2;0;1;2;-16,09266045;-57,67959595;"SPRF-MT";"DEL03-MT";"UOP01-DEL03-MT"
583828;2024-02-28;"quarta-feira";"10:35:00";"BA";101;709,7;"EUNAPOLIS";"Acessar a via sem observar a presença dos outros veículos";"Colisão frontal";"Com Vítimas Fatais";"Pleno dia";"Crescente";"Céu Claro";"Simples";"Reta";"Não";2;1;0;0;1;0;0;2;-16,48013692;-39,58194883;"SPRF-BA";"DEL09-BA";"UOP01-DEL09-BA"
583831;2024-02-28;"quarta-feira";"07:00:00";"RJ";40;118;"DUQUE DE CAXIAS";"Ausência de reação do condutor";"Colisão traseira";"Sem Vítimas";"Pleno dia";"Decrescente";"Céu Claro";"Dupla";"Reta";"Não";3;0;0;0;3;0;0;3;-22,75470802;-43,28737838;"SPRF-RJ";"DEL01-RJ";"UOP02-DEL01-RJ"
583832;2024-01-23;"terça-feira";"07:00:00";"CE";116;42;"HORIZONTE";"Acessar a via sem observar a presença dos outros veículos";"Colisão lateral mesmo sentido";"Com Vítimas Feridas";"Pleno dia";"Decrescente";"Ignorado";"Múltipla";"Reta;Retorno Regulamentado    ";"Sim";2;0;0;1;0;1;1;2;-4,10857928;-38,4942173;"SPRF-CE";"DEL01-CE";"UOP02-DEL01-CE"
583833;2024-02-28;"quarta-feira";"12:00:00";"SP";153;56;"SAO JOSE DO RIO PRETO";"Ingestão de álcool pelo condutor";"Colisão traseira";"Com Vítimas Feridas";"Pleno dia";"Crescente";"Céu Claro";"Dupla";"Reta";"Sim";2;0;1;0;1;0;1;2;-20,7615601;-49,34622278;"SPRF-SP";"DEL09-SP";"UOP01-DEL09-SP"
583836;2024-02-27;"terça-feira";"06:15:00";"MT";364;199;"RONDONOPOLIS";"Condutor deixou de manter distância do veículo da frente";"Colisão traseira";"Com Vítimas Feridas";"Pleno dia";"Crescente";"Céu Claro";"Dupla";"Reta";"Sim";2;0;1;0;1;0;1;2;-16,5011709;-54,63072394;"SPRF-MT";"DEL02-MT";"UOP01-DEL02-MT"
583839;2024-01-20;"sábado";"07:51:00";"ES";262;159;"IBATIBA";"Área urbana sem a presença de local apropriado para a travessia de pedestres";"Atropelamento de Pedestre";"Com Vítimas Feridas";"Pleno dia";"Crescente";"Sol";"Simples";"Reta";"Sim";3;0;0;1;0;2;1;2;-20,23362208;-41,5053348;"SPRF-ES";"DEL01-ES";"UOP02-DEL01-ES"
583840;2024-02-28;"quarta-feira";"13:15:00";"SC";101;204;"SAO JOSE";"Acesso irregular";"Colisão transversal";"Com Vítimas Feridas";"Pleno dia";"Decrescente";"Céu Claro";"Múltipla";"Viaduto;Interseção de Vias    ";"Sim";3;0;1;0;2;0;1;2;-27,57413014;-48,61363083;"SPRF-SC";"DEL01-SC";"UOP01-DEL01-SC"
583842;2024-02-28;"quarta-feira";"09:30:00";"RO";364;423,3;"JARU";"Trafegar com motocicleta (ou similar) entre as faixas";"Queda de ocupante de veículo";"Com Vítimas Feridas";"Pleno dia";"Crescente";"Céu Claro";"Simples";"Reta";"Sim";1;0;1;0;0;0;1;1;-10,45220802;-62,46072003;"SPRF-RO";"DEL03-RO";"UOP02-DEL03-RO"
583843;2024-02-27;"terça-feira";"15:49:00";"CE";116;3;"FORTALEZA";"Ausência de reação do condutor";"Colisão traseira";"Sem Vítimas";"Pleno dia";"Decrescente";"Nublado";"Dupla";"Reta";"Sim";2;0;0;0;2;0;0;2;-3,77866493;-38,51490171;"SPRF-CE";"DEL01-CE";"UOP02-DEL01-CE"
583847;2024-02-28;"quarta-feira";"13:30:00";"PA";10;18;"DOM ELISEU";"Ausência de reação do condutor";"Atropelamento de Animal";"Com Vítimas Feridas";"Pleno dia";"Decrescente";"Céu Claro";"Simples";"Reta";"Sim";2;0;1;1;0;0;2;1;-4,293095;-47,556904;"SPRF-PA";"DEL02-PA";"UOP02-DEL02-PA"
583849;2024-02-28;"quarta-feira";"14:00:00";"RJ";101;64;"CAMPOS DOS GOYTACAZES";"Acessar a via sem observar a presença dos outros veículos";"Colisão transversal";"Sem Vítimas";"Pleno dia";"Decrescente";"Céu Claro";"Simples";"Reta;Interseção de Vias       ";"Sim";2;0;0;0;2;0;0;2;-21,74908605;-41,33632461;"SPRF-RJ";"DEL08-RJ";"UOP02-DEL08-RJ"
583851;2024-02-28;"quarta-feira";"12:00:00";"RO";364;14;"VILHENA";"Ausência de reação do condutor";"Colisão com objeto";"Com Vítimas Feridas";"Pleno dia";"Crescente";"Céu Claro";"Simples";"Reta";"Sim";1;0;1;0;0;0;1;1;-12,73898138;-60,13911417;"SPRF-RO";"DEL04-RO";"UOP01-DEL04-RO"
583852;2024-02-28;"quarta-feira";"13:30:00";"RS";472;618;"BARRA DO QUARAI";"Acumulo de areia ou detritos sobre o pavimento";"Saída de leito carroçável";"Com Vítimas Feridas";"Pleno dia";"Decrescente";"Nublado";"Simples";"Em Obras;Reta                 ";"Não";1;0;1;0;0;0;1;1;-30,07311033;-57,28424692;"SPRF-RS";"DEL13-RS";"UOP01-DEL13-RS"
583854;2024-02-28;"quarta-feira";"14:16:00";"TO";10;459;"PALMAS";"Manobra de mudança de faixa";"Colisão traseira";"Sem Vítimas";"Pleno dia";"Decrescente";"Céu Claro";"Dupla";"Declive";"Sim";2;0;0;0;2;0;0;2;-10,18953902;-48,17153202;"SPRF-TO";"DEL01-TO";"UOP03-DEL01-TO"
583855;2024-02-28;"quarta-feira";"14:37:00";"TO";10;459;"PALMAS";"Condutor deixou de manter distância do veículo da frente";"Colisão traseira";"Sem Vítimas";"Pleno dia";"Decrescente";"Céu Claro";"Dupla";"Reta;Declive                  ";"Sim";2;0;0;0;2;0;0;2;-10,266677;-48,307233;"SPRF-TO";"DEL01-TO";"UOP03-DEL01-TO"
583857;2024-02-28;"quarta-feira";"14:45:00";"PR";163;83,1;"PLANALTO";"Desrespeitar a preferência no cruzamento";"Colisão transversal";"Com Vítimas Feridas";"Pleno dia";"Decrescente";"Céu Claro";"Simples";"Reta;Interseção de Vias;Rotató";"Não";2;0;1;0;1;0;1;2;-25,73044895;-53,79670803;"SPRF-PR";"DEL02-PR";"UOP02-DEL02-PR"
583858;2024-02-28;"quarta-feira";"14:30:00";"RS";116;147;"CAXIAS DO SUL";"Manobra de mudança de faixa";"Tombamento";"Com Vítimas Feridas";"Pleno dia";"Decrescente";"Nublado";"Dupla";"Reta";"Sim";1;0;1;0;0;0;1;1;-29,14908014;-51,1429969;"SPRF-RS";"DEL05-RS";"UOP01-DEL05-RS"
583859;2024-02-16;"sexta-feira";"19:50:00";"RJ";40;85;"PETROPOLIS";"Demais falhas mecânicas ou elétricas";"Incêndio";"Sem Vítimas";"Plena Noite";"Decrescente";"Céu Claro";"Simples";"Reta";"Não";1;0;0;0;1;0;0;1;-22,52850694;-43,2349802;"SPRF-RJ";"DEL01-RJ";"UOP01-DEL01-RJ"
583860;2024-02-28;"quarta-feira";"13:40:00";"RN";226;60,9;"SENADOR ELOI DE SOUZA";"Acessar a via sem observar a presença dos outros veículos";"Colisão transversal";"Com Vítimas Feridas";"Pleno dia";"Crescente";"Céu Claro";"Simples";"Reta;Interseção de Vias       ";"Sim";2;0;0;1;1;0;1;2;-6,04942096;-35,67377472;"SPRF-RN";"DEL01-RN";"UOP02-DEL01-RN"
583862;2024-02-28;"quarta-feira";"14:00:00";"SC";101;101;"BALNEARIO PICARRAS";"Velocidade Incompatível";"Queda de ocupante de veículo";"Com Vítimas Feridas";"Pleno dia";"Crescente";"Sol";"Dupla";"Reta";"Não";1;0;0;1;0;0;1;1;-26,76404198;-48,68657667;"SPRF-SC";"DEL03-SC";"UOP02-DEL03-SC"
583865;2024-02-28;"quarta-feira";"13:30:00";"RJ";116;133;"MAGE";"Ausência de reação do condutor";"Saída de leito carroçável";"Com Vítimas Feridas";"Pleno dia";"Crescente";"Céu Claro";"Dupla";"Reta";"Sim";6;0;5;0;0;1;5;2;-22,65418284;-43,14382995;"SPRF-RJ";"DEL04-RJ";"UOP02-DEL04-RJ"
583867;2024-02-28;"quarta-feira";"14:08:00";"BA";20;65;"SAO DESIDERIO";"Reação tardia ou ineficiente do condutor";"Saída de leito carroçável";"Com Vítimas Feridas";"Pleno dia";"Crescente";"Sol";"Simples";"Reta";"Não";5;0;5;0;0;0;5;1;-13;-46;"SPRF-BA";"DEL10-BA";"UOP01-DEL10-BA"
583868;2024-02-28;"quarta-feira";"14:00:00";"MG";40;623,5;"CONSELHEIRO LAFAIETE";"Demais falhas mecânicas ou elétricas";"Saída de leito carroçável";"Com Vítimas Feridas";"Pleno dia";"Decrescente";"Céu Claro";"Simples";"Declive;Curva                 ";"Não";2;0;1;0;1;0;1;1;-20,60236514;-43,80699874;"SPRF-MG";"DEL05-MG";"UOP02-DEL05-MG"
583869;2024-02-28;"quarta-feira";"14:50:00";"PR";277;1,8;"PARANAGUA";"Mal súbito do condutor";"Colisão transversal";"Com Vítimas Feridas";"Pleno dia";"Crescente";"Nublado";"Simples";"Curva";"Sim";3;0;1;0;2;0;1;2;-25,568198;-48,615292;"SPRF-PR";"DEL01-PR";"UOP05-DEL01-PR"
583871;2024-02-28;"quarta-feira";"16:08:00";"SP";116;154;"SAO JOSE DOS CAMPOS";"Acessar a via sem observar a presença dos outros veículos";"Saída de leito carroçável";"Com Vítimas Feridas";"Pleno dia";"Crescente";"Céu Claro";"Dupla";"Reta";"Sim";1;0;1;0;0;0;1;1;-23,23903999;-45,92061901;"SPRF-SP";"DEL02-SP";"UOP01-DEL02-SP"
583877;2024-02-28;"quarta-feira";"14:45:00";"RJ";101;569;"PARATY";"Pista Escorregadia";"Tombamento";"Com Vítimas Feridas";"Pleno dia";"Decrescente";"Garoa/Chuvisco";"Simples";"Curva";"Não";1;0;1;0;0;0;1;1;-23,180887;-44,711845;"SPRF-RJ";"DEL03-RJ";"UOP04-DEL03-RJ"
583878;2024-02-28;"quarta-feira";"16:42:00";"BA";324;623;"SALVADOR";"Condutor deixou de manter distância do veículo da frente";"Engavetamento";"Com Vítimas Feridas";"Pleno dia";"Decrescente";"Céu Claro";"Dupla";"Reta";"Não";3;0;1;0;2;0;1;3;-12,91888605;-38,46502095;"SPRF-BA";"DEL01-BA";"UOP01-DEL01-BA"
583879;2024-02-28;"quarta-feira";"16:40:00";"BA";101;853;"TEIXEIRA DE FREITAS";"Reação tardia ou ineficiente do condutor";"Saída de leito carroçável";"Com Vítimas Feridas";"Pleno dia";"Crescente";"Céu Claro";"Simples";"Declive;Reta                  ";"Não";1;0;0;1;0;0;1;1;-17,351866;-39,629372;"SPRF-BA";"DEL09-BA";"UOP02-DEL09-BA"
583880;2024-02-28;"quarta-feira";"14:00:00";"PR";163;193;"SANTA TEREZA DO OESTE";"Chuva";"Saída de leito carroçável";"Com Vítimas Feridas";"Pleno dia";"Decrescente";"Chuva";"Dupla";"Curva";"Não";1;0;1;0;0;0;1;1;-25,08630803;-53,59006897;"SPRF-PR";"DEL05-PR";"UOP05-DEL05-PR"
583882;2024-02-28;"quarta-feira";"13:00:00";"SP";116;51;"LORENA";"Ausência de reação do condutor";"Tombamento";"Com Vítimas Feridas";"Pleno dia";"Decrescente";"Céu Claro";"Múltipla";"Curva";"Não";1;0;1;0;0;0;1;1;-22,74157511;-45,09206392;"SPRF-SP";"DEL08-SP";"UOP02-DEL08-SP"
583883;2024-02-16;"sexta-feira";"21:30:00";"MS";262;327;"CAMPO GRANDE";"Ausência de reação do condutor";"Saída de leito carroçável";"Com Vítimas Feridas";"Plena Noite";"Crescente";"Céu Claro";"Dupla";"Curva";"Sim";1;0;0;1;0;0;1;1;-20,46657314;-54,54372903;"SPRF-MS";"DEL01-MS";"UOP01-DEL01-MS"
583884;2024-02-28;"quarta-feira";"17:30:00";"CE";116;3;"FORTALEZA";"Ausência de reação do condutor";"Engavetamento";"Com Vítimas Feridas";"Pleno dia";"Decrescente";"Nublado";"Dupla";"Reta";"Sim";3;0;1;0;2;0;1;3;-3,77866493;-38,5149017105;"SPRF-CE";"DEL01-CE";"UOP02-DEL01-CE"
583887;2024-02-28;"quarta-feira";"17:50:00";"RS";158;195;"CRUZ ALTA";"Desrespeitar a preferência no cruzamento";"Colisão transversal";"Com Vítimas Feridas";"Pleno dia";"Decrescente";"Garoa/Chuvisco";"Dupla";"Declive;Interseção de Vias    ";"Sim";5;0;2;0;3;0;2;2;-28,6460613;-53,57589779;"SPRF-RS";"DEL10-RS";"UOP02-DEL10-RS"