"id";"data_inversa";"dia_semana";"horario";"uf";"br";"km";"municipio";"causa_acidente";"tipo_acidente";"classificacao_acidente";"fase_dia";"sentido_via";"condicao_metereologica";"tipo_pista";"tracado_via";"uso_solo";"pessoas";"mortos";"feridos_leves";"feridos_graves";"ilesos";"ignorados";"feridos";"veiculos";"latitude";"longitude";"regional";"delegacia";"uop"
584139;2024-02-29;"quinta-feira";"21:30:00";"MG";116;646,8;"FERVEDOURO";"Restrição de visibilidade em curvas horizontais";"Saída de leito carroçável";"Com Vítimas Feridas";"Plena Noite";"Decrescente";"Nublado";"Simples";"Reta";"Não";5;0;2;0;3;0;2;2;-20,687344;-42,273285;"SPRF-MG";"DEL07-MG";"UOP02-DEL07-MG"
584140;2024-02-29;"quinta-feira";"23:55:00";"PI";343;1,8;"TERESINA";"Ausência de reação do condutor";"Colisão com objeto";"Com Vítimas Feridas";"Plena Noite";"Decrescente";"Nublado";"Múltipla";"Interseção de Vias";"Sim";2;0;1;0;1;0;1;1;-5,081564;-42,765991;"SPRF-PI";"DEL01-PI";"UOP01-DEL01-PI"
584192;2024-02-22;"quinta-feira";"18:50:00";"BA";101;895;"CARAVELAS";"Deficiência do Sistema de Iluminação/Sinalização";"Colisão frontal";"Com Vítimas Feridas";"Plena Noite";"Decrescente";"Céu Claro";"Simples";"Aclive";"Não";3;0;1;1;1;0;2;2;-17,68720358;-39,77325439;"SPRF-BA";"DEL09-BA";"UOP02-DEL09-BA"
584203;2024-01-16;"terça-feira";"20:35:00";"SP";116;500;"CAJATI";"Reação tardia ou ineficiente do condutor";"Queda de ocupante de veículo";"Com Vítimas Feridas";"Plena Noite";"Crescente";"Nublado";"Dupla";"Curva";"Não";1;0;1;0;0;0;1;1;-24,78162109;-48,18342711;"SPRF-SP";"DEL05-SP";"UOP02-DEL05-SP"
584222;2024-02-10;"sábado";"14:40:00";"PR";277;344;"GUARAPUAVA";"Ausência de reação do condutor";"Colisão com objeto";"Com Vítimas Feridas";"Pleno dia";"Crescente";"Céu Claro";"Dupla";"Curva";"Não";3;0;2;0;1;0;2;3;-25,36555131;-51,47905075;"SPRF-PR";"DEL08-PR";"UOP01-DEL08-PR"
584270;2024-01-20;"sábado";"17:30:00";"SC";282;138;"BOM RETIRO";"Acessar a via sem observar a presença dos outros veículos";"Colisão transversal";"Com Vítimas Feridas";"Pleno dia";"Crescente";"Sol";"Simples";"Reta";"Sim";7;0;6;1;0;0;7;2;-27,825998;-49,575924;"SPRF-SC";"DEL05-SC";"UOP01-DEL05-SC"
584287;2024-02-14;"quarta-feira";"19:10:00";"PR";277;63;"SAO JOSE DOS PINHAIS";"Condutor deixou de manter distância do veículo da frente";"Engavetamento";"Com Vítimas Feridas";"Anoitecer";"Crescente";"Garoa/Chuvisco";"Dupla";"Reta";"Não";8;0;3;0;5;0;3;3;-25,56100984;-49,01719293;"SPRF-PR";"DEL01-PR";"UOP01-DEL01-PR"
584291;2024-01-21;"domingo";"18:24:00";"BA";116;674;"JEQUIE";"Ausência de reação do condutor";"Queda de ocupante de veículo";"Com Vítimas Feridas";"Anoitecer";"Decrescente";"Céu Claro";"Simples";"Reta;Ponte                    ";"Não";2;0;1;1;0;0;2;1;-13,81715;-40,11209098;"SPRF-BA";"DEL03-BA";"UOP01-DEL03-BA"
584346;2024-01-17;"quarta-feira";"08:20:00";"MG";50;72;"UBERLANDIA";"Condutor deixou de manter distância do veículo da frente";"Colisão traseira";"Com Vítimas Feridas";"Pleno dia";"Crescente";"Céu Claro";"Dupla";"Reta";"Sim";2;0;1;0;0;1;1;2;-18,85140204;-48,25345932;"SPRF-MG";"DEL15-MG";"UOP01-DEL15-MG"
584419;2024-02-15;"quinta-feira";"16:20:00";"GO";60;182,5;"ABADIA DE GOIAS";"Manobra de mudança de faixa";"Saída de leito carroçável";"Com Vítimas Feridas";"Pleno dia";"Crescente";"Garoa/Chuvisco";"Dupla";"Reta";"Não";2;0;2;0;0;0;2;1;-16,7778;-49,489;"SPRF-GO";"DEL01-GO";"UOP02-DEL01-GO"
584437;2024-02-23;"sexta-feira";"20:30:00";"RN";110;43,4;"MOSSORO";"Animais na Pista";"Atropelamento de Animal";"Com Vítimas Feridas";"Plena Noite";"Crescente";"Ignorado";"Simples";"Reta";"Sim";1;0;1;0;0;0;1;1;-5,18223639;-37,29640087;"SPRF-RN";"DEL04-RN";"UOP01-DEL04-RN"
584439;2024-02-23;"sexta-feira";"08:15:00";"PR";277;94;"CURITIBA";"Manobra de mudança de faixa";"Colisão lateral mesmo sentido";"Com Vítimas Feridas";"Amanhecer";"Decrescente";"Céu Claro";"Dupla";"Reta";"Sim";3;0;1;0;1;1;1;3;-25,43117049;-49,31616247;"SPRF-PR";"DEL01-PR";"UOP06-DEL01-PR"
584477;2024-01-15;"segunda-feira";"06:30:00";"RJ";101;271;"TANGUA";"Velocidade Incompatível";"Capotamento";"Com Vítimas Feridas";"Amanhecer";"Decrescente";"Ignorado";"Dupla";"Curva";"Não";1;0;1;0;0;0;1;1;-22,72443147;-42,69368143;"SPRF-RJ";"DEL02-RJ";"UOP03-DEL02-RJ"
584523;2024-01-31;"quarta-feira";"01:30:00";"MG";459;90,3;"CONGONHAL";"Animais na Pista";"Atropelamento de Animal";"Com Vítimas Feridas";"Plena Noite";"Decrescente";"Ignorado";"Simples";"Curva";"Não";1;0;0;1;0;0;1;1;-22,157057;-46,007881;"SPRF-MG";"DEL09-MG";"UOP01-DEL09-MG"
584600;2024-01-10;"quarta-feira";"12:45:00";"MG";365;117;"JEQUITAI";"Chuva";"Saída de leito carroçável";"Com Vítimas Feridas";"Pleno dia";"Decrescente";"Chuva";"Simples";"Reta";"Não";3;0;2;1;0;0;3;1;-17,17731829;-44,67423732;"SPRF-MG";"DEL12-MG";"UOP01-DEL12-MG"
584673;2024-01-23;"terça-feira";"09:30:00";"AL";104;90,9;"RIO LARGO";"Condutor deixou de manter distância do veículo da frente";"Colisão traseira";"Com Vítimas Feridas";"Pleno dia";"Decrescente";"Sol";"Dupla";"Interseção de Vias";"Não";3;0;1;0;2;0;1;2;-9,50059087;-35,81127569;"SPRF-AL";"DEL01-AL";"UOP01-DEL01-AL"
584677;2024-02-28;"quarta-feira";"22:00:00";"RJ";101;570;"PARATY";"Acessar a via sem observar a presença dos outros veículos";"Colisão transversal";"Com Vítimas Feridas";"Plena Noite";"Decrescente";"Céu Claro";"Simples";"Reta";"Não";2;0;1;0;1;0;1;2;-23,18216501;-44,71777595;"SPRF-RJ";"DEL03-RJ";"UOP04-DEL03-RJ"
584714;2024-01-07;"domingo";"17:40:00";"MG";40;588;"ITABIRITO";"Demais falhas mecânicas ou elétricas";"Incêndio";"Sem Vítimas";"Anoitecer";"Decrescente";"Céu Claro";"Simples";"Declive;Reta                  ";"Não";11;0;0;0;11;0;0;1;-20,35149094;-43,91313094;"SPRF-MG";"DEL01-MG";"UOP02-DEL01-MG"
584851;2024-02-20;"terça-feira";"13:45:00";"RJ";101;298;"ITABORAI";"Acessar a via sem observar a presença dos outros veículos";"Colisão traseira";"Com Vítimas Feridas";"Pleno dia";"Crescente";"Céu Claro";"Dupla";"Reta";"Não";1;0;1;0;0;0;1;1;-22,7714;-42,92896;"SPRF-RJ";"DEL02-RJ";"UOP02-DEL02-RJ"
584852;2024-02-28;"quarta-feira";"07:30:00";"MG";381;429;"CAETE";"Ausência de reação do condutor";"Queda de ocupante de veículo";"Com Vítimas Feridas";"Pleno dia";"Decrescente";"Céu Claro";"Simples";"Curva";"Não";1;0;1;0;0;0;1;1;-19,78663743;-43,71433695;"SPRF-MG";"DEL01-MG";"UOP01-DEL01-MG"
584887;2024-01-24;"quarta-feira";"09:29:00";"SC";101;436,8;"SOMBRIO";"Pedestre cruzava a pista fora da faixa";"Atropelamento de Pedestre";"Com Vítimas Fatais";"Pleno dia";"Crescente";"Garoa/Chuvisco";"Dupla";"Declive;Curva                 ";"Não";3;1;0;0;2;0;0;2;-29,121356;-49,643096;"SPRF-SC";"DEL02-SC";"UOP02-DEL02-SC"
584888;2024-02-28;"quarta-feira";"18:00:00";"RJ";495;1;"TERESOPOLIS";"Trafegar com motocicleta (ou similar) entre as faixas";"Colisão lateral mesmo sentido";"Com Vítimas Feridas";"Plena Noite";"Crescente";"Céu Claro";"Simples";"Reta";"Sim";2;0;1;0;1;0;1;2;-22,400555;-42,976154;"SPRF-RJ";"DEL04-RJ";"UOP01-DEL04-RJ"
584891;2024-01-31;"quarta-feira";"16:50:00";"MA";10;257;"IMPERATRIZ";"Mal súbito do condutor";"Tombamento";"Com Vítimas Feridas";"Pleno dia";"Decrescente";"Céu Claro";"Simples";"Reta";"Sim";1;0;1;0;0;0;1;1;-5,490634;-47,471973;"SPRF-MA";"DEL04-MA";"UOP01-DEL04-MA"
584989;2024-01-21;"domingo";"12:18:00";"MS";NA;NA;"CAMPO GRANDE";"Reação tardia ou ineficiente do condutor";"Colisão com objeto";"Sem Vítimas";"Pleno dia";"Não Informado";"Céu Claro";"Simples";"Reta";"Sim";2;0;0;0;2;0;0;1;-20,46752;-54,61868;"SPRF-MS";"N/A";"N/A"
585047;2024-02-24;"sábado";"10:00:00";"CE";116;361;"ICO";"Entrada inopinada do pedestre";"Atropelamento de Pedestre";"Com Vítimas Feridas";"Pleno dia";"Decrescente";"Céu Claro";"Simples";"Reta";"Sim";2;0;1;1;0;0;2;2;-6,330056;-38,736986;"SPRF-CE";"DEL05-CE";"UOP01-DEL05-CE"
585162;2024-02-10;"sábado";"21:00:00";"SC";470;122;"IBIRAMA";"Reação tardia ou ineficiente do condutor";"Saída de leito carroçável";"Sem Vítimas";"Plena Noite";"Decrescente";"Céu Claro";"Simples";"Reta";"Não";1;0;0;0;1;0;0;1;-27,09056217;-49,5206219;"SPRF-SC";"DEL04-SC";"UOP02-DEL04-SC"
585182;2024-01-21;"domingo";"22:20:00";"ES";101;314,3;"VILA VELHA";"Chuva";"Queda de ocupante de veículo";"Com Vítimas Feridas";"Plena Noite";"Crescente";"Chuva";"Dupla";"Interseção de Vias;Curva      ";"Não";2;0;0;2;0;0;2;1;-20,461157;-40,46533;"SPRF-ES";"DEL01-ES";"UOP01-DEL01-ES"
585197;2024-02-16;"sexta-feira";"22:30:00";"SP";116;231;"SAO PAULO";"Manobra de mudança de faixa";"Colisão traseira";"Com Vítimas Feridas";"Plena Noite";"Decrescente";"Céu Claro";"Múltipla";"Reta";"Sim";2;0;0;1;1;0;1;2;-23,5290581;-46,59398303;"SPRF-SP";"DEL01-SP";"UOP01-DEL01-SP"
585245;2024-01-25;"quinta-feira";"21:30:00";"MG";262;362;"JUATUBA";"Manobra de mudança de faixa";"Colisão lateral mesmo sentido";"Com Vítimas Feridas";"Plena Noite";"Crescente";"Céu Claro";"Dupla";"Declive;Reta                  ";"Sim";2;0;1;0;1;0;1;2;-19,970921;-44,28979;"SPRF-MG";"DEL01-MG";"UOP03-DEL01-MG"
585313;2024-02-21;"quarta-feira";"17:40:00";"CE";116;7;"FORTALEZA";"Mal súbito do condutor";"Tombamento";"Com Vítimas Fatais";"Pleno dia";"Decrescente";"Céu Claro";"Múltipla";"Reta";"Sim";2;1;1;0;0;0;1;1;-3,81002083;-38,50049968;"SPRF-CE";"DEL01-CE";"UOP02-DEL01-CE"
585333;2024-02-17;"sábado";"21:50:00";"MS";463;2;"DOURADOS";"Ingestão de álcool pelo condutor";"Colisão frontal";"Sem Vítimas";"Plena Noite";"Decrescente";"Céu Claro";"Simples";"Reta";"Não";2;0;0;0;2;0;0;2;-22,2591541;-54,823354;"SPRF-MS";"DEL04-MS";"UOP01-DEL04-MS"
585334;2024-02-10;"sábado";"17:00:00";"PR";280;262,6;"MARMELEIRO";"Manobra de mudança de faixa";"Colisão transversal";"Com Vítimas Feridas";"Pleno dia";"Crescente";"Céu Claro";"Simples";"Reta";"Não";3;0;0;2;0;1;2;3;-26,188955;-53,080484;"SPRF-PR";"DEL02-PR";"UOP01-DEL02-PR"
585336;2024-02-17;"sábado";"15:10:00";"BA";324;518;"FEIRA DE SANTANA";"Retorno proibido";"Colisão transversal";"Com Vítimas Feridas";"Pleno dia";"Decrescente";"Sol";"Múltipla";"Reta";"Sim";2;0;1;0;0;1;1;2;-12,258195;-38,932182;"SPRF-BA";"DEL02-BA";"UOP01-DEL02-BA"
585368;2024-02-27;"terça-feira";"19:19:00";"MG";381;250;"SANTANA DO PARAISO";"Avarias e/ou desgaste excessivo no pneu";"Tombamento";"Com Vítimas Feridas";"Plena Noite";"Decrescente";"Céu Claro";"Simples";"Reta";"Não";2;0;0;1;1;0;1;2;-19,45202521;-42,51914978;"SPRF-MG";"DEL06-MG";"UOP01-DEL06-MG"
585374;2024-02-23;"sexta-feira";"18:45:00";"MG";40;144;"JOAO PINHEIRO";"Acesso irregular";"Colisão traseira";"Com Vítimas Feridas";"Anoitecer";"Crescente";"Nublado";"Simples";"Aclive;Curva                  ";"Sim";3;0;1;0;2;0;1;2;-17,74968182;-46,16992584;"SPRF-MG";"DEL14-MG";"UOP01-DEL14-MG"
585385;2024-02-23;"sexta-feira";"16:30:00";"MT";70;522;"VARZEA GRANDE";"Conversão proibida";"Queda de ocupante de veículo";"Com Vítimas Feridas";"Pleno dia";"Crescente";"Nublado";"Simples";"Reta";"Sim";2;0;1;0;1;0;1;2;-15,6627096;-56,18541241;"SPRF-MT";"DEL01-MT";"UOP02-DEL01-MT"
585509;2024-01-14;"domingo";"09:15:00";"RR";174;9;"BOA VISTA";"Condutor Dormindo";"Colisão frontal";"Com Vítimas Feridas";"Pleno dia";"Crescente";"Céu Claro";"Simples";"Reta";"Não";2;0;0;1;1;0;1;2;2,819364;-60,673775;"SPRF-RR";"DEL01-RR";"UOP01-DEL01-RR"
585517;2024-01-17;"quarta-feira";"18:20:00";"ES";101;260;"SERRA";"Acessar a via sem observar a presença dos outros veículos";"Colisão transversal";"Com Vítimas Fatais";"Anoitecer";"Crescente";"Céu Claro";"Simples";"Aclive;Reta                   ";"Sim";2;1;0;0;1;0;0;2;-20,14616415;-40,28836206;"SPRF-ES";"DEL02-ES";"UOP01-DEL02-ES"
585521;2024-02-11;"domingo";"20:40:00";"AC";364;139;"RIO BRANCO";"Condutor deixou de manter distância do veículo da frente";"Colisão traseira";"Com Vítimas Feridas";"Plena Noite";"Decrescente";"Chuva";"Dupla";"Reta";"Sim";1;0;0;1;0;0;1;1;-9,95359291;-67,86119892;"SPRF-AC";"DEL01-AC";"UOP01-DEL01-AC"
585584;2024-01-03;"quarta-feira";"16:00:00";"PR";277;483,5;"NOVA LARANJEIRAS";"Velocidade Incompatível";"Saída de leito carroçável";"Com Vítimas Feridas";"Pleno dia";"Crescente";"Céu Claro";"Simples";"Curva";"Não";2;0;0;1;1;0;1;1;-25,2622462;-52,6238801;"SPRF-PR";"DEL04-PR";"UOP02-DEL04-PR"
585589;2024-01-25;"quinta-feira";"17:50:00";"BA";101;162;"CONCEICAO DO JACUIPE";"Reação tardia ou ineficiente do condutor";"Capotamento";"Com Vítimas Feridas";"Plena Noite";"Decrescente";"Ignorado";"Dupla";"Reta";"Sim";2;0;2;0;0;0;2;1;-12,35551436;-38,782478;"SPRF-BA";"DEL01-BA";"UOP03-DEL01-BA"
585591;2024-02-29;"quinta-feira";"02:04:00";"SP";262;321,7;"CASTILHO";"Animais na Pista";"Colisão traseira";"Com Vítimas Feridas";"Plena Noite";"Decrescente";"Céu Claro";"Dupla";"Curva";"Não";2;0;0;1;0;1;1;2;-20,78935176;-51,61112808;"SPRF-MS";"DEL07-MS";"UOP01-DEL07-MS"
585615;2024-02-29;"quinta-feira";"21:57:00";"SC";101;252,8;"PAULO LOPES";"Reação tardia ou ineficiente do condutor";"Colisão frontal";"Com Vítimas Feridas";"Plena Noite";"Crescente";"Nublado";"Múltipla";"Reta";"Sim";6;0;4;1;1;0;5;3;-27,96488448;-48,67937708;"SPRF-SC";"DEL02-SC";"UOP03-DEL02-SC"
585625;2024-02-05;"segunda-feira";"07:30:00";"PB";101;76;"SANTA RITA";"Ausência de reação do condutor";"Saída de leito carroçável";"Com Vítimas Feridas";"Pleno dia";"Crescente";"Céu Claro";"Dupla";"Declive;Reta                  ";"Não";1;0;0;1;0;0;1;1;-7,09085711;-34,96857932;"SPRF-PB";"DEL01-PB";"UOP04-DEL01-PB"
585645;2024-02-21;"quarta-feira";"14:10:00";"RS";290;39;"SANTO ANTONIO DA PATRULHA";"Manobra de mudança de faixa";"Colisão lateral mesmo sentido";"Com Vítimas Feridas";"Pleno dia";"Decrescente";"Céu Claro";"Dupla";"Reta";"Não";2;0;1;0;1;0;1;2;-29,88664379;-50,65263748;"SPRF-RS";"DEL03-RS";"UOP01-DEL03-RS"
585647;2024-02-21;"quarta-feira";"17:40:00";"PI";NA;NA;"PAULISTANA";"Demais falhas mecânicas ou elétricas";"Eventos atípicos";"Sem Vítimas";"Anoitecer";"Não Informado";"Chuva";"Simples";"Reta";"Não";2;0;0;0;2;0;0;1;-8;-41;"SPRF-PI";"DEL04-PI";"UOP01-DEL04-PI"
585652;2024-02-28;"quarta-feira";"10:00:00";"RJ";101;317;"SAO GONCALO";"Demais falhas mecânicas ou elétricas";"Incêndio";"Com Vítimas Feridas";"Pleno dia";"Crescente";"Céu Claro";"Dupla";"Reta";"Sim";1;0;1;0;0;0;1;1;-22,83707798;-43,09492006;"SPRF-RJ";"DEL02-RJ";"UOP02-DEL02-RJ"
585653;2024-02-29;"quinta-feira";"18:15:00";"CE";116;16;"FORTALEZA";"Avarias e/ou desgaste excessivo no pneu";"Queda de ocupante de veículo";"Com Vítimas Feridas";"Plena Noite";"Decrescente";"Céu Claro";"Dupla";"Reta";"Sim";2;0;2;0;0;0;2;1;-3,88732794;-38,50185439;"SPRF-CE";"DEL01-CE";"UOP02-DEL01-CE"
585659;2024-02-01;"quinta-feira";"03:30:00";"RJ";101;309;"SAO GONCALO";"Demais falhas mecânicas ou elétricas";"Incêndio";"Com Vítimas Feridas";"Plena Noite";"Decrescente";"Ignorado";"Dupla";"Reta";"Não";1;0;1;0;0;0;1;1;-22,79498873;-43,03446105;"SPRF-RJ";"DEL02-RJ";"UOP02-DEL02-RJ"
585684;2024-01-14;"domingo";"23:45:00";"RJ";101;477;"ANGRA DOS REIS";"Acessar a via sem observar a presença dos outros veículos";"Colisão transversal";"Com Vítimas Feridas";"Plena Noite";"Decrescente";"Céu Claro";"Simples";"Interseção de Vias";"Sim";3;0;3;0;0;0;3;2;-22,99820396;-44,26554599;"SPRF-RJ";"DEL03-RJ";"UOP03-DEL03-RJ"
585687;2024-02-12;"segunda-feira";"12:20:00";"SC";470;62;"INDAIAL";"Acessar a via sem observar a presença dos outros veículos";"Colisão transversal";"Com Vítimas Feridas";"Pleno dia";"Decrescente";"Céu Claro";"Simples";"Reta";"Não";3;0;2;0;1;0;2;2;-26,87448778;-49,18597341;"SPRF-SC";"DEL04-SC";"UOP01-DEL04-SC"
585703;2024-02-24;"sábado";"12:48:00";"AC";364;122;"RIO BRANCO";"Acessar a via sem observar a presença dos outros veículos";"Colisão transversal";"Com Vítimas Feridas";"Pleno dia";"Crescente";"Nublado";"Dupla";"Rotatória";"Sim";2;0;1;0;1;0;1;2;-10,01188291;-67,773345;"SPRF-AC";"DEL01-AC";"UOP01-DEL01-AC"
585718;2024-01-26;"sexta-feira";"01:00:00";"SC";101;189;"BIGUACU";"Ingestão de álcool pelo condutor";"Colisão com objeto";"Com Vítimas Feridas";"Plena Noite";"Decrescente";"Garoa/Chuvisco";"Dupla";"Curva";"Não";3;0;1;0;2;0;1;2;-27,459393;-48,638914;"SPRF-SC";"DEL01-SC";"UOP01-DEL01-SC"
585811;2024-01-11;"quinta-feira";"17:00:00";"SC";101;137;"BALNEARIO CAMBORIU";"Acessar a via sem observar a presença dos outros veículos";"Colisão lateral mesmo sentido";"Com Vítimas Feridas";"Pleno dia";"Decrescente";"Nublado";"Dupla";"Reta";"Sim";3;0;1;0;1;1;1;3;-27,0157238;-48,61192763;"SPRF-SC";"DEL04-SC";"UOP03-DEL04-SC"
585822;2024-02-10;"sábado";"22:30:00";"BA";116;153;"CANUDOS";"Transitar na contramão";"Colisão frontal";"Com Vítimas Feridas";"Plena Noite";"Crescente";"Céu Claro";"Simples";"Reta";"Não";3;0;0;2;0;1;2;2;-9,94476299;-39,1640091;"SPRF-BA";"DEL07-BA";"UOP02-DEL07-BA"
585823;2024-02-09;"sexta-feira";"09:20:00";"RS";293;35;"CAPAO DO LEAO";"Condutor deixou de manter distância do veículo da frente";"Engavetamento";"Com Vítimas Feridas";"Pleno dia";"Decrescente";"Sol";"Simples";"Em Obras";"Não";3;0;1;0;1;1;1;3;-31,73851383;-52,67295601;"SPRF-RS";"DEL07-RS";"UOP01-DEL07-RS"
585824;2024-01-29;"segunda-feira";"08:00:00";"BA";324;623;"SALVADOR";"Manobra de mudança de faixa";"Colisão lateral mesmo sentido";"Com Vítimas Feridas";"Pleno dia";"Crescente";"Céu Claro";"Dupla";"Reta";"Não";3;0;0;1;2;0;1;2;-12,92827611;-38,46828461;"SPRF-BA";"DEL01-BA";"UOP01-DEL01-BA"
585828;2024-02-18;"domingo";"03:10:00";"RJ";493;3;"ITABORAI";"Animais na Pista";"Atropelamento de Animal";"Com Vítimas Fatais";"Plena Noite";"Decrescente";"Céu Claro";"Dupla";"Reta";"Sim";1;1;0;0;0;0;0;1;-22,7525329;-42,94160092;"SPRF-RJ";"DEL02-RJ";"UOP02-DEL02-RJ"
585843;2024-02-18;"domingo";"05:10:00";"MT";163;754;"SORRISO";"Transitar na contramão";"Colisão frontal";"Com Vítimas Fatais";"Amanhecer";"Crescente";"Garoa/Chuvisco";"Simples";"Reta";"Sim";2;1;0;0;1;0;0;2;-12,534868;-55,705781;"SPRF-MT";"DEL06-MT";"UOP01-DEL06-MT"
585874;2024-01-23;"terça-feira";"12:40:00";"BA";242;580;"IBOTIRAMA";"Reação tardia ou ineficiente do condutor";"Capotamento";"Com Vítimas Feridas";"Pleno dia";"Crescente";"Chuva";"Simples";"Reta";"Não";5;0;4;1;0;0;5;1;-12,03422686;-43,0649211;"SPRF-BA";"DEL10-BA";"UOP02-DEL10-BA"
585952;2024-01-15;"segunda-feira";"14:00:00";"RJ";101;321;"NITEROI";"Ausência de reação do condutor";"Colisão traseira";"Com Vítimas Feridas";"Pleno dia";"Crescente";"Céu Claro";"Dupla";"Reta";"Não";4;0;2;0;2;0;2;3;-22,86981096;-43,11046465;"SPRF-RJ";"DEL02-RJ";"UOP01-DEL02-RJ"
586260;2024-02-26;"segunda-feira";"14:25:00";"SC";101;138;"BALNEARIO CAMBORIU";"Ultrapassagem Indevida";"Colisão lateral mesmo sentido";"Com Vítimas Feridas";"Pleno dia";"Crescente";"Ignorado";"Dupla";"Reta";"Sim";2;0;1;0;1;0;1;2;-27,02397426;-48,60761649;"SPRF-SC";"DEL04-SC";"UOP03-DEL04-SC"
586301;2024-02-27;"terça-feira";"15:35:00";"PR";277;596,4;"CASCAVEL";"Avarias e/ou desgaste excessivo no pneu";"Saída de leito carroçável";"Com Vítimas Feridas";"Pleno dia";"Decrescente";"Céu Claro";"Dupla";"Reta";"Sim";1;0;0;1;0;0;1;1;-24,9794792;-53,49232599;"SPRF-PR";"DEL04-PR";"UOP01-DEL04-PR"
586305;2024-01-17;"quarta-feira";"06:05:00";"SC";282;423;"VARGEM BONITA";"Acumulo de óleo sobre o pavimento";"Saída de leito carroçável";"Com Vítimas Feridas";"Pleno dia";"Decrescente";"Chuva";"Simples";"Curva";"Não";3;0;2;0;1;0;2;1;-26,99556;-51,752289;"SPRF-SC";"DEL07-SC";"UOP05-DEL07-SC"
586331;2024-02-27;"terça-feira";"18:10:00";"SC";470;1,4;"NAVEGANTES";"Pedestre andava na pista";"Atropelamento de Pedestre";"Com Vítimas Fatais";"Anoitecer";"Decrescente";"Nublado";"Dupla";"Reta;Em Obras                 ";"Sim";3;1;1;0;0;1;1;2;-26,875383;-48,668285;"SPRF-SC";"DEL04-SC";"UOP04-DEL04-SC"
586343;2024-02-24;"sábado";"20:03:00";"PI";343;345;"TERESINA";"Ausência de reação do condutor";"Colisão transversal";"Com Vítimas Feridas";"Plena Noite";"Decrescente";"Céu Claro";"Simples";"Interseção de Vias;Reta       ";"Sim";3;0;1;0;1;1;1;3;-5,102889;-42,766506;"SPRF-PI";"DEL01-PI";"UOP01-DEL01-PI"
586435;2024-02-03;"sábado";"15:20:00";"RJ";116;202;"QUEIMADOS";"Manobra de mudança de faixa";"Colisão traseira";"Com Vítimas Feridas";"Pleno dia";"Decrescente";"Nublado";"Dupla";"Reta";"Não";3;0;1;0;1;1;1;2;-22,72996588;-43,61317403;"SPRF-RJ";"DEL06-RJ";"UOP02-DEL06-RJ"
586520;2024-02-09;"sexta-feira";"00:34:00";"MG";262;884;"CAMPO FLORIDO";"Animais na Pista";"Atropelamento de Animal";"Com Vítimas Feridas";"Plena Noite";"Decrescente";"Céu Claro";"Dupla";"Reta";"Não";4;0;4;0;0;0;4;1;-19,7515852;-48,6406595;"SPRF-MG";"DEL13-MG";"UOP02-DEL13-MG"
586535;2024-02-12;"segunda-feira";"06:30:00";"PR";277;84;"CURITIBA";"Reação tardia ou ineficiente do condutor";"Colisão traseira";"Com Vítimas Feridas";"Pleno dia";"Crescente";"Céu Claro";"Dupla";"Reta";"Sim";4;0;2;0;2;0;2;3;-25,44658432;-49,2313242;"SPRF-PR";"DEL01-PR";"UOP07-DEL01-PR"
586552;2024-01-03;"quarta-feira";"19:25:00";"BA";110;27;"PAULO AFONSO";"Acessar a via sem observar a presença dos outros veículos";"Atropelamento de Pedestre";"Com Vítimas Feridas";"Plena Noite";"Crescente";"Céu Claro";"Simples";"Reta";"Não";2;0;0;1;0;1;1;2;-9,69242292;-38,22752237;"SPRF-BA";"DEL07-BA";"UOP01-DEL07-BA"
586585;2024-02-04;"domingo";"14:40:00";"MG";381;428;"CAETE";"Ausência de reação do condutor";"Colisão traseira";"Com Vítimas Feridas";"Pleno dia";"Crescente";"Céu Claro";"Dupla";"Reta";"Não";3;0;2;0;1;0;2;2;-19,78885371;-43,70613892;"SPRF-MG";"DEL01-MG";"UOP01-DEL01-MG"
586649;2024-02-29;"quinta-feira";"09:00:00";"BA";324;620;"SALVADOR";"Manobra de mudança de faixa";"Colisão lateral mesmo sentido";"Com Vítimas Feridas";"Pleno dia";"Crescente";"Nublado";"Múltipla";"Reta";"Não";3;0;1;0;0;2;1;3;-12,90482172;-38,45556535;"SPRF-BA";"DEL01-BA";"UOP01-DEL01-BA"
586730;2024-02-21;"quarta-feira";"09:45:00";"PR";376;216;"JANDAIA DO SUL";"Acesso irregular";"Colisão transversal";"Com Vítimas Feridas";"Pleno dia";"Decrescente";"Céu Claro";"Simples";"Aclive;Em Obras               ";"Sim";2;0;1;0;1;0;1;2;-23,58870799;-51,64555907;"SPRF-PR";"DEL09-PR";"UOP01-DEL09-PR"
586759;2024-02-09;"sexta-feira";"17:40:00";"GO";414;402,4;"CORUMBA DE GOIAS";"Ausência de reação do condutor";"Saída de leito carroçável";"Com Vítimas Feridas";"Anoitecer";"Decrescente";"Chuva";"Simples";"Curva";"Não";1;0;1;0;0;0;1;1;-15,992372;-48,836667;"SPRF-GO";"DEL02-GO";"UOP01-DEL02-GO"
586761;2024-01-11;"quinta-feira";"21:50:00";"SC";101;274;"IMBITUBA";"Reação tardia ou ineficiente do condutor";"Colisão traseira";"Com Vítimas Feridas";"Plena Noite";"Crescente";"Chuva";"Múltipla";"Reta";"Sim";5;0;1;1;3;0;2;2;-28,13603157;-48,69222164;"SPRF-SC";"DEL02-SC";"UOP03-DEL02-SC"
586769;2024-02-09;"sexta-feira";"07:40:00";"SC";101;199;"BIGUACU";"Acessar a via sem observar a presença dos outros veículos";"Colisão lateral mesmo sentido";"Com Vítimas Feridas";"Pleno dia";"Crescente";"Sol";"Múltipla";"Reta";"Não";2;0;1;0;1;0;1;2;-27,53413705;-48,63003205;"SPRF-SC";"DEL01-SC";"UOP01-DEL01-SC"