"id";"data_inversa";"dia_semana";"horario";"uf";"br";"km";"municipio";"causa_acidente";"tipo_acidente";"classificacao_acidente";"fase_dia";"sentido_via";"condicao_metereologica";"tipo_pista";"tracado_via";"uso_solo";"pessoas";"mortos";"feridos_leves";"feridos_graves";"ilesos";"ignorados";"feridos";"veiculos";"latitude";"longitude";"regional";"delegacia";"uop"
586774;2024-02-18;"domingo";"19:50:00";"PB";230;27;"JOAO PESSOA";"Chuva";"Colisão lateral mesmo sentido";"Com Vítimas Feridas";"Plena Noite";"Decrescente";"Chuva";"Dupla";"Reta";"Sim";3;0;1;0;0;2;1;2;-7,16615157;-34,88889098;"SPRF-PB";"DEL01-PB";"UOP01-DEL01-PB"
586908;2024-01-05;"sexta-feira";"06:45:00";"DF";60;2,3;"BRASILIA";"Acessar a via sem observar a presença dos outros veículos";"Colisão transversal";"Com Vítimas Feridas";"Pleno dia";"Crescente";"Nublado";"Dupla";"Retorno Regulamentado;Reta;Acl";"Sim";5;0;4;0;1;0;4;2;-15,88818089;-48,08066726;"SPRF-DF";"DEL03-DF";"UOP01-DEL03-DF"
586918;2024-02-26;"segunda-feira";"22:00:00";"PE";101;46;"IGARASSU";"Manobra de mudança de faixa";"Colisão lateral mesmo sentido";"Sem Vítimas";"Plena Noite";"Decrescente";"Nublado";"Dupla";"Reta";"Sim";2;0;0;0;1;1;0;2;-7,87406004;-34,90588126;"SPRF-PE";"DEL01-PE";"UOP02-DEL01-PE"
586923;2024-01-12;"sexta-feira";"21:00:00";"BA";135;184;"BARREIRAS";"Reação tardia ou ineficiente do condutor";"Atropelamento de Pedestre";"Com Vítimas Feridas";"Plena Noite";"Crescente";"Céu Claro";"Simples";"Declive;Reta                  ";"Não";2;0;1;1;0;0;2;2;-12,18398101;-45,01144994;"SPRF-BA";"DEL08-BA";"UOP04-DEL08-BA"
586943;2024-02-18;"domingo";"20:20:00";"BA";324;623;"SALVADOR";"Condutor deixou de manter distância do veículo da frente";"Colisão traseira";"Com Vítimas Feridas";"Plena Noite";"Decrescente";"Nublado";"Dupla";"Reta";"Sim";3;0;0;2;1;0;2;2;-12,92628699;-38,46838679;"SPRF-BA";"DEL01-BA";"UOP01-DEL01-BA"
586948;2024-02-25;"domingo";"10:00:00";"MS";262;553;"MIRANDA";"Condutor deixou de manter distância do veículo da frente";"Colisão traseira";"Com Vítimas Feridas";"Pleno dia";"Decrescente";"Céu Claro";"Simples";"Reta";"Não";2;0;1;0;0;1;1;2;-20,2646408;-56,34030978;"SPRF-MS";"DEL03-MS";"UOP02-DEL03-MS"
586957;2024-02-27;"terça-feira";"11:45:00";"PE";424;72,5;"CAETES";"Falta de acostamento";"Colisão traseira";"Com Vítimas Feridas";"Pleno dia";"Crescente";"Céu Claro";"Simples";"Declive;Reta                  ";"Não";4;0;2;0;2;0;2;2;-8,78956304;-36,60561919;"SPRF-PE";"DEL03-PE";"UOP01-DEL03-PE"
586974;2024-02-18;"domingo";"11:00:00";"SP";116;564;"BARRA DO TURVO";"Reação tardia ou ineficiente do condutor";"Capotamento";"Com Vítimas Feridas";"Pleno dia";"Crescente";"Nublado";"Simples";"Curva";"Não";2;0;1;0;1;0;1;1;-25,03458919;-48,53543877;"SPRF-SP";"DEL05-SP";"UOP02-DEL05-SP"
586990;2024-01-04;"quinta-feira";"10:30:00";"PR";163;213,4;"CASCAVEL";"Velocidade Incompatível";"Colisão traseira";"Com Vítimas Feridas";"Pleno dia";"Crescente";"Sol";"Dupla";"Reta";"Não";3;0;1;0;2;0;1;2;-24,89323756;-53,5432937;"SPRF-PR";"DEL04-PR";"UOP01-DEL04-PR"
587014;2024-02-11;"domingo";"13:15:00";"PR";369;152,7;"LONDRINA";"Entrada inopinada do pedestre";"Atropelamento de Pedestre";"Com Vítimas Feridas";"Pleno dia";"Decrescente";"Céu Claro";"Dupla";"Reta";"Sim";2;0;0;1;1;0;1;2;-23,29390659;-51,18770784;"SPRF-PR";"DEL07-PR";"UOP01-DEL07-PR"
587042;2024-02-07;"quarta-feira";"14:00:00";"RS";116;143,1;"CAXIAS DO SUL";"Transitar na contramão";"Colisão frontal";"Com Vítimas Feridas";"Pleno dia";"Decrescente";"Céu Claro";"Dupla";"Interseção de Vias";"Sim";2;0;1;0;1;0;1;2;-29,1201739;-51,12260651;"SPRF-RS";"DEL05-RS";"UOP01-DEL05-RS"
587044;2024-01-01;"segunda-feira";"06:30:00";"MA";316;260;"SANTA INES";"Condutor Dormindo";"Tombamento";"Com Vítimas Feridas";"Amanhecer";"Crescente";"Ignorado";"Simples";"Rotatória;Reta                ";"Não";1;0;0;1;0;0;1;1;-3,675335;-45,390854;"SPRF-MA";"DEL02-MA";"UOP01-DEL02-MA"
587098;2024-02-26;"segunda-feira";"14:25:00";"SC";101;138;"BALNEARIO CAMBORIU";"Trafegar com motocicleta (ou similar) entre as faixas";"Colisão lateral mesmo sentido";"Sem Vítimas";"Pleno dia";"Crescente";"Ignorado";"Dupla";"Reta";"Sim";2;0;0;0;0;2;0;2;-27,02330722;-48,60796273;"SPRF-SC";"DEL04-SC";"UOP03-DEL04-SC"
587134;2024-02-22;"quinta-feira";"08:50:00";"RS";116;2;"PORTO ALEGRE";"Trafegar com motocicleta (ou similar) entre as faixas";"Colisão lateral mesmo sentido";"Com Vítimas Feridas";"Pleno dia";"Crescente";"Céu Claro";"Dupla";"Reta";"Não";2;0;1;0;1;0;1;2;-29,97354185;-51,1776799;"SPRF-RS";"DEL01-RS";"UOP01-DEL01-RS"
587155;2024-02-25;"domingo";"05:00:00";"PI";343;589,1;"FLORIANO";"Ausência de reação do condutor";"Colisão com objeto";"Com Vítimas Feridas";"Amanhecer";"Crescente";"Céu Claro";"Dupla";"Reta";"Sim";2;0;0;1;0;1;1;2;-6,776695;-43,009346;"SPRF-PI";"DEL03-PI";"UOP01-DEL03-PI"
587161;2024-01-26;"sexta-feira";"08:45:00";"CE";20;325,8;"CARIDADE";"Acessar a via sem observar a presença dos outros veículos";"Colisão transversal";"Com Vítimas Fatais";"Pleno dia";"Crescente";"Céu Claro";"Simples";"Interseção de Vias";"Sim";4;1;0;0;3;0;0;2;-4,24158307;-39,2043639;"SPRF-CE";"DEL02-CE";"UOP01-DEL02-CE"
587165;2024-01-02;"terça-feira";"15:10:00";"PI";343;52,7;"BURITI DOS LOPES";"Chuva";"Saída de leito carroçável";"Com Vítimas Fatais";"Pleno dia";"Decrescente";"Chuva";"Simples";"Reta";"Não";5;1;4;0;0;0;4;1;-3,194594;-41,841324;"SPRF-PI";"DEL05-PI";"UOP01-DEL05-PI"
587185;2024-02-27;"terça-feira";"14:30:00";"GO";364;4;"SAO SIMAO";"Ausência de reação do condutor";"Colisão com objeto";"Com Vítimas Feridas";"Pleno dia";"Decrescente";"Céu Claro";"Simples";"Reta";"Não";3;0;3;0;0;0;3;1;-19,024111;-50,528896;"SPRF-GO";"DEL05-GO";"UOP02-DEL05-GO"
587194;2024-01-26;"sexta-feira";"15:05:00";"RS";290;53,6;"GLORINHA";"Ausência de reação do condutor";"Colisão traseira";"Com Vítimas Feridas";"Pleno dia";"Crescente";"Céu Claro";"Dupla";"Reta";"Não";2;0;0;1;1;0;1;2;-29,912518;-50,796018;"SPRF-RS";"DEL03-RS";"UOP01-DEL03-RS"
587195;2024-01-06;"sábado";"16:00:00";"RS";116;224;"DOIS IRMAOS";"Reação tardia ou ineficiente do condutor";"Colisão frontal";"Com Vítimas Feridas";"Pleno dia";"Crescente";"Céu Claro";"Simples";"Curva";"Não";3;0;1;1;1;0;2;2;-29,58975513;-51,10781795;"SPRF-RS";"DEL01-RS";"UOP02-DEL01-RS"
587225;2024-02-26;"segunda-feira";"11:50:00";"RO";429;299;"SAO FRANCISCO DO GUAPORE";"Ausência de reação do condutor";"Saída de leito carroçável";"Com Vítimas Fatais";"Pleno dia";"Crescente";"Sol";"Simples";"Reta";"Não";3;1;0;0;0;2;0;2;-12,0794482;-63,84284299;"SPRF-RO";"DEL02-RO";"UOP03-DEL02-RO"
587227;2024-02-21;"quarta-feira";"17:45:00";"RS";116;2;"PORTO ALEGRE";"Reação tardia ou ineficiente do condutor";"Colisão traseira";"Sem Vítimas";"Pleno dia";"Decrescente";"Céu Claro";"Dupla";"Reta";"Sim";4;0;0;0;4;0;0;2;-29,99207707;-51,1854919;"SPRF-RS";"DEL01-RS";"UOP01-DEL01-RS"
587346;2024-01-07;"domingo";"01:00:00";"RS";290;27;"SANTO ANTONIO DA PATRULHA";"Reação tardia ou ineficiente do condutor";"Colisão lateral mesmo sentido";"Com Vítimas Feridas";"Plena Noite";"Crescente";"Céu Claro";"Dupla";"Reta";"Não";2;0;0;1;0;1;1;2;-29,882647;-50,534782;"SPRF-RS";"DEL03-RS";"UOP01-DEL03-RS"
587359;2024-01-28;"domingo";"01:15:00";"SC";101;374;"ICARA";"Ingestão de álcool pelo condutor";"Colisão com objeto";"Sem Vítimas";"Plena Noite";"Decrescente";"Céu Claro";"Dupla";"Reta";"Não";4;0;0;0;4;0;0;1;-28,71534412;-49,22723198;"SPRF-SC";"DEL02-SC";"UOP01-DEL02-SC"
587372;2024-02-18;"domingo";"12:00:00";"PI";343;519,2;"AMARANTE";"Reação tardia ou ineficiente do condutor";"Colisão lateral sentido oposto";"Com Vítimas Feridas";"Pleno dia";"Crescente";"Chuva";"Simples";"Reta;Aclive                   ";"Não";4;0;2;0;2;0;2;2;-6,351139;-42,794685;"SPRF-PI";"DEL03-PI";"UOP01-DEL03-PI"
587384;2024-02-10;"sábado";"11:00:00";"BA";349;935;"CORRENTINA";"Acumulo de água sobre o pavimento";"Capotamento";"Com Vítimas Feridas";"Pleno dia";"Decrescente";"Chuva";"Simples";"Reta";"Não";5;0;4;1;0;0;5;1;-13,34775335;-44,63734466;"SPRF-BA";"DEL08-BA";"UOP04-DEL08-BA"
587390;2024-02-14;"quarta-feira";"18:34:00";"ES";101;410,6;"ITAPEMIRIM";"Animais na Pista";"Atropelamento de Animal";"Com Vítimas Feridas";"Plena Noite";"Decrescente";"Nublado";"Simples";"Reta";"Não";1;0;1;0;0;0;1;1;-20,89672411;-41,04839802;"SPRF-ES";"DEL03-ES";"UOP02-DEL03-ES"
587441;2024-01-02;"terça-feira";"08:34:00";"DF";60;7,3;"BRASILIA";"Chuva";"Tombamento";"Com Vítimas Feridas";"Pleno dia";"Decrescente";"Chuva";"Dupla";"Reta;Aclive                   ";"Sim";2;0;2;0;0;0;2;1;-15,901237;-48,122334;"SPRF-DF";"DEL03-DF";"UOP01-DEL03-DF"
587447;2024-02-29;"quinta-feira";"19:15:00";"PB";230;60,8;"CRUZ DO ESPIRITO SANTO";"Acesso irregular";"Colisão traseira";"Com Vítimas Feridas";"Plena Noite";"Crescente";"Céu Claro";"Dupla";"Reta";"Não";2;0;1;0;1;0;1;2;-7,205;-35,1393;"SPRF-PB";"DEL01-PB";"UOP03-DEL01-PB"
587621;2024-02-23;"sexta-feira";"07:07:00";"SC";280;46,8;"GUARAMIRIM";"Acessar a via sem observar a presença dos outros veículos";"Colisão transversal";"Com Vítimas Feridas";"Pleno dia";"Crescente";"Céu Claro";"Simples";"Interseção de Vias;Reta;Aclive";"Não";2;0;0;1;1;0;1;2;-26,45313073;-48,91017795;"SPRF-SC";"DEL03-SC";"UOP03-DEL03-SC"
587638;2024-01-08;"segunda-feira";"09:25:00";"RS";116;530;"CAPAO DO LEAO";"Desrespeitar a preferência no cruzamento";"Colisão transversal";"Com Vítimas Feridas";"Pleno dia";"Crescente";"Céu Claro";"Simples";"Interseção de Vias";"Não";3;0;2;0;1;0;2;2;-31,7590834;-52,43687971;"SPRF-RS";"DEL07-RS";"UOP01-DEL07-RS"
587809;2024-02-21;"quarta-feira";"21:00:00";"PR";376;174;"MARINGA";"Reação tardia ou ineficiente do condutor";"Colisão lateral mesmo sentido";"Com Vítimas Feridas";"Plena Noite";"Crescente";"Céu Claro";"Múltipla";"Reta";"Sim";2;0;0;1;1;0;1;2;-23,41670927;-51,95660023;"SPRF-PR";"DEL09-PR";"UOP01-DEL09-PR"
587812;2024-01-12;"sexta-feira";"14:30:00";"PI";343;482;"ANGICAL DO PIAUI";"Chuva";"Capotamento";"Com Vítimas Feridas";"Pleno dia";"Crescente";"Chuva";"Simples";"Curva";"Não";1;0;1;0;0;0;1;1;-6,182809;-42,708282;"SPRF-PI";"DEL01-PI";"UOP02-DEL01-PI"
587908;2024-01-07;"domingo";"22:40:00";"RS";101;71;"OSORIO";"Pedestre - Ingestão de álcool/ substâncias psicoativas";"Atropelamento de Pedestre";"Com Vítimas Fatais";"Plena Noite";"Crescente";"Céu Claro";"Dupla";"Reta";"Não";6;1;0;0;4;1;0;3;-29,759604;-50,21723;"SPRF-RS";"DEL03-RS";"UOP01-DEL03-RS"
587954;2024-01-01;"segunda-feira";"18:25:00";"RS";386;12,7;"IRAI";"Ausência de reação do condutor";"Saída de leito carroçável";"Com Vítimas Feridas";"Pleno dia";"Crescente";"Céu Claro";"Simples";"Curva";"Não";5;0;5;0;0;0;5;1;-27,22331;-53,32372;"SPRF-RS";"DEL08-RS";"UOP02-DEL08-RS"
588069;2024-02-04;"domingo";"16:25:00";"BA";110;363;"POJUCA";"Animais na Pista";"Queda de ocupante de veículo";"Com Vítimas Feridas";"Pleno dia";"Decrescente";"Céu Claro";"Simples";"Reta";"Sim";1;0;1;0;0;0;1;1;-12,39805;-38,373071;"SPRF-BA";"DEL01-BA";"UOP04-DEL01-BA"
588136;2024-02-04;"domingo";"14:50:00";"RN";101;80,4;"SAO GONCALO DO AMARANTE";"Manobra de mudança de faixa";"Colisão transversal";"Com Vítimas Feridas";"Pleno dia";"Crescente";"Sol";"Dupla";"Rotatória;Interseção de Vias  ";"Sim";3;0;1;1;1;0;2;3;-5,7630083;-35,28737068;"SPRF-RN";"DEL02-RN";"UOP01-DEL02-RN"
588139;2024-01-24;"quarta-feira";"08:00:00";"RS";392;67;"PELOTAS";"Acessar a via sem observar a presença dos outros veículos";"Colisão transversal";"Com Vítimas Feridas";"Pleno dia";"Crescente";"Céu Claro";"Dupla";"Viaduto;Rotatória             ";"Sim";2;0;0;1;1;0;1;2;-31,75685309;-52,40060091;"SPRF-RS";"DEL07-RS";"UOP01-DEL07-RS"
588171;2024-01-12;"sexta-feira";"22:00:00";"RS";116;488;"TURUCU";"Demais falhas mecânicas ou elétricas";"Saída de leito carroçável";"Com Vítimas Feridas";"Plena Noite";"Crescente";"Céu Claro";"Simples";"Reta";"Não";2;0;1;0;1;0;1;1;-31,45150701;-52,20482999;"SPRF-RS";"DEL07-RS";"UOP01-DEL07-RS"
588172;2024-01-08;"segunda-feira";"08:01:00";"RS";293;2;"CAPAO DO LEAO";"Acessar a via sem observar a presença dos outros veículos";"Colisão transversal";"Com Vítimas Feridas";"Pleno dia";"Crescente";"Céu Claro";"Simples";"Rotatória";"Sim";3;0;2;0;1;0;2;2;-31,76298328;-52,41851807;"SPRF-RS";"DEL07-RS";"UOP01-DEL07-RS"
588173;2024-02-17;"sábado";"03:15:00";"AL";101;46,9;"FLEXEIRAS";"Condutor Dormindo";"Colisão com objeto";"Com Vítimas Feridas";"Plena Noite";"Crescente";"Céu Claro";"Dupla";"Curva";"Não";26;0;5;0;21;0;5;1;-9,20835728;-35,78500271;"SPRF-AL";"DEL01-AL";"UOP02-DEL01-AL"
588177;2024-02-12;"segunda-feira";"19:00:00";"RJ";101;487;"ANGRA DOS REIS";"Reação tardia ou ineficiente do condutor";"Queda de ocupante de veículo";"Com Vítimas Feridas";"Plena Noite";"Crescente";"Céu Claro";"Simples";"Reta";"Não";2;0;1;0;1;0;1;2;-22,96904245;-44,29853797;"SPRF-RJ";"DEL03-RJ";"UOP03-DEL03-RJ"
588190;2024-01-16;"terça-feira";"18:15:00";"RO";364;239,5;"CACOAL";"Demais falhas na via";"Queda de ocupante de veículo";"Com Vítimas Feridas";"Pleno dia";"Crescente";"Céu Claro";"Simples";"Curva";"Sim";2;0;0;1;1;0;1;1;-11,43401078;-61,46878481;"SPRF-RO";"DEL02-RO";"UOP02-DEL02-RO"
588300;2024-02-18;"domingo";"21:00:00";"SC";470;65;"INDAIAL";"Acessar a via sem observar a presença dos outros veículos";"Colisão traseira";"Sem Vítimas";"Plena Noite";"Crescente";"Nublado";"Simples";"Reta";"Não";3;0;0;0;3;0;0;3;-26,87029988;-49,21146512;"SPRF-SC";"DEL04-SC";"UOP01-DEL04-SC"
588301;2024-01-28;"domingo";"02:30:00";"PR";153;17;"JACAREZINHO";"Transitar na contramão";"Colisão lateral sentido oposto";"Com Vítimas Feridas";"Plena Noite";"Decrescente";"Céu Claro";"Simples";"Reta";"Não";2;0;0;1;1;0;1;2;-23,135487;-49,9450358;"SPRF-PR";"DEL07-PR";"UOP04-DEL07-PR"
588305;2024-02-09;"sexta-feira";"19:20:00";"ES";101;149,2;"LINHARES";"Condutor desrespeitou a iluminação vermelha do semáforo";"Colisão transversal";"Com Vítimas Feridas";"Anoitecer";"Decrescente";"Céu Claro";"Dupla";"Reta;Interseção de Vias       ";"Sim";5;0;1;2;2;0;3;3;-19,39619083;-40,06435871;"SPRF-ES";"DEL04-ES";"UOP01-DEL04-ES"
588335;2024-02-04;"domingo";"17:10:00";"BA";324;514;"FEIRA DE SANTANA";"Conversão proibida";"Colisão transversal";"Com Vítimas Feridas";"Pleno dia";"Crescente";"Céu Claro";"Simples";"Interseção de Vias";"Sim";2;0;0;1;1;0;1;2;-12,23229233;-38,95215305;"SPRF-BA";"DEL02-BA";"UOP01-DEL02-BA"
588338;2024-02-04;"domingo";"19:55:00";"RN";406;6,5;"MACAU";"Ausência de reação do condutor";"Colisão traseira";"Com Vítimas Feridas";"Plena Noite";"Crescente";"Céu Claro";"Simples";"Reta";"Não";2;0;0;1;1;0;1;2;-5,154483;-36,586954;"SPRF-RN";"DEL02-RN";"UOP01-DEL02-RN"
588353;2024-02-20;"terça-feira";"17:39:00";"RJ";101;297;"ITABORAI";"Trafegar com motocicleta (ou similar) entre as faixas";"Colisão traseira";"Com Vítimas Feridas";"Pleno dia";"Crescente";"Garoa/Chuvisco";"Dupla";"Declive";"Sim";5;0;0;1;3;1;1;4;-22,76942037;-42,91873581;"SPRF-RJ";"DEL02-RJ";"UOP02-DEL02-RJ"
588370;2024-01-08;"segunda-feira";"07:40:00";"SC";101;335,3;"TUBARAO";"Acessar a via sem observar a presença dos outros veículos";"Colisão traseira";"Com Vítimas Feridas";"Pleno dia";"Crescente";"Céu Claro";"Múltipla";"Viaduto";"Sim";3;0;0;1;2;0;1;2;-28,4762236;-49,0300294;"SPRF-SC";"DEL02-SC";"UOP01-DEL02-SC"
588492;2024-02-05;"segunda-feira";"06:31:00";"RN";304;40,9;"MOSSORO";"Ausência de reação do condutor";"Colisão lateral mesmo sentido";"Com Vítimas Feridas";"Pleno dia";"Crescente";"Céu Claro";"Dupla";"Reta";"Não";2;0;0;1;1;0;1;2;-5,196199;-37,3785;"SPRF-RN";"DEL04-RN";"UOP01-DEL04-RN"
588500;2024-02-09;"sexta-feira";"15:30:00";"MG";365;414,9;"PATOS DE MINAS";"Acumulo de água sobre o pavimento";"Colisão frontal";"Com Vítimas Feridas";"Pleno dia";"Crescente";"Chuva";"Simples";"Curva";"Não";4;0;2;1;1;0;3;2;-18,67838606;-46,55249299;"SPRF-MG";"DEL10-MG";"UOP01-DEL10-MG"
588519;2024-02-23;"sexta-feira";"10:15:00";"PR";476;145;"CURITIBA";"Reação tardia ou ineficiente do condutor";"Colisão lateral mesmo sentido";"Com Vítimas Feridas";"Pleno dia";"Crescente";"Sol";"Dupla";"Reta";"Sim";2;0;0;1;1;0;1;2;-25,547749;-49,32095;"SPRF-PR";"DEL01-PR";"UOP06-DEL01-PR"
588538;2024-02-11;"domingo";"14:30:00";"RS";116;253,3;"SAPUCAIA DO SUL";"Manobra de mudança de faixa";"Queda de ocupante de veículo";"Com Vítimas Feridas";"Pleno dia";"Decrescente";"Céu Claro";"Múltipla";"Viaduto";"Sim";1;0;1;0;0;0;1;1;-29,81784209;-51,16996166;"SPRF-RS";"DEL01-RS";"UOP02-DEL01-RS"
588539;2024-01-19;"sexta-feira";"03:45:00";"RJ";101;305;"SAO GONCALO";"Reação tardia ou ineficiente do condutor";"Atropelamento de Animal";"Com Vítimas Feridas";"Plena Noite";"Decrescente";"Céu Claro";"Dupla";"Reta";"Não";3;0;1;1;1;0;2;1;-22,78702832;-42,99589293;"SPRF-RJ";"DEL02-RJ";"UOP02-DEL02-RJ"
588546;2024-02-21;"quarta-feira";"15:30:00";"RJ";116;184;"NOVA IGUACU";"Ausência de reação do condutor";"Tombamento";"Com Vítimas Feridas";"Pleno dia";"Crescente";"Chuva";"Dupla";"Reta";"Sim";1;0;0;1;0;0;1;1;-22,73841263;-43,49607468;"SPRF-RJ";"DEL06-RJ";"UOP01-DEL06-RJ"
588569;2024-02-15;"quinta-feira";"15:00:00";"RJ";101;276;"TANGUA";"Trafegar com motocicleta (ou similar) entre as faixas";"Colisão traseira";"Com Vítimas Feridas";"Pleno dia";"Crescente";"Nublado";"Dupla";"Reta";"Não";2;0;0;1;1;0;1;2;-22,73796393;-42,73871802;"SPRF-RJ";"DEL02-RJ";"UOP03-DEL02-RJ"
588629;2024-02-26;"segunda-feira";"04:55:00";"MG";381;387;"SAO GONCALO DO RIO ABAIXO";"Transitar na contramão";"Colisão lateral sentido oposto";"Com Vítimas Feridas";"Plena Noite";"Crescente";"Nevoeiro/Neblina";"Simples";"Curva";"Sim";3;0;1;0;2;0;1;2;-19,82692046;-43,38405945;"SPRF-MG";"DEL01-MG";"UOP01-DEL01-MG"
588743;2024-02-08;"quinta-feira";"16:45:00";"RN";304;46;"MOSSORO";"Pedestre cruzava a pista fora da faixa";"Atropelamento de Pedestre";"Com Vítimas Feridas";"Pleno dia";"Crescente";"Céu Claro";"Dupla";"Curva";"Não";2;0;1;1;0;0;2;2;-5,22579384;-37,340046;"SPRF-RN";"DEL04-RN";"UOP01-DEL04-RN"
588758;2024-01-28;"domingo";"18:20:00";"ES";262;87,2;"DOMINGOS MARTINS";"Chuva";"Eventos atípicos";"Com Vítimas Feridas";"Anoitecer";"Crescente";"Chuva";"Simples";"Reta";"Não";4;0;2;0;2;0;2;3;-20,39409905;-41,00077621;"SPRF-ES";"DEL01-ES";"UOP02-DEL01-ES"
588776;2024-02-02;"sexta-feira";"15:00:00";"SP";381;87;"SAO PAULO";"Acumulo de óleo sobre o pavimento";"Tombamento";"Com Vítimas Feridas";"Pleno dia";"Crescente";"Garoa/Chuvisco";"Múltipla";"Reta";"Sim";2;0;0;1;1;0;1;2;-23,46885001;-46,56996601;"SPRF-SP";"DEL03-SP";"UOP01-DEL03-SP"
588785;2024-01-02;"terça-feira";"03:30:00";"MG";381;486,8;"BETIM";"Pedestre andava na pista";"Atropelamento de Pedestre";"Com Vítimas Fatais";"Plena Noite";"Crescente";"Nublado";"Múltipla";"Reta";"Sim";2;1;0;0;0;1;0;2;-19,95644414;-44,13611598;"SPRF-MG";"DEL01-MG";"UOP03-DEL01-MG"
588810;2024-02-10;"sábado";"21:00:00";"ES";262;77;"MARECHAL FLORIANO";"Ausência de reação do condutor";"Colisão com objeto";"Com Vítimas Feridas";"Plena Noite";"Decrescente";"Chuva";"Simples";"Reta";"Não";2;0;0;1;1;0;1;1;-20,40832649;-40,91604228;"SPRF-ES";"DEL01-ES";"UOP02-DEL01-ES"
588815;2024-02-06;"terça-feira";"07:30:00";"ES";262;106;"VENDA NOVA DO IMIGRANTE";"Acessar a via sem observar a presença dos outros veículos";"Colisão transversal";"Com Vítimas Feridas";"Pleno dia";"Decrescente";"Céu Claro";"Simples";"Reta";"Não";2;0;0;1;1;0;1;2;-20,32620639;-41,14442285;"SPRF-ES";"DEL01-ES";"UOP02-DEL01-ES"
588818;2024-02-02;"sexta-feira";"20:50:00";"ES";262;162;"IBATIBA";"Ausência de reação do condutor";"Atropelamento de Pedestre";"Com Vítimas Feridas";"Plena Noite";"Crescente";"Chuva";"Simples";"Reta";"Não";2;0;0;1;1;0;1;2;-20,23593228;-41,53109078;"SPRF-ES";"DEL01-ES";"UOP02-DEL01-ES"
588826;2024-02-24;"sábado";"06:50:00";"SC";470;57,8;"BLUMENAU";"Animais na Pista";"Atropelamento de Animal";"Com Vítimas Feridas";"Pleno dia";"Decrescente";"Céu Claro";"Simples";"Reta";"Não";1;0;1;0;0;0;1;1;-26,880428;-49,136532;"SPRF-SC";"DEL04-SC";"UOP01-DEL04-SC"
588828;2024-02-18;"domingo";"08:40:00";"RN";226;78;"TANGARA";"Entrada inopinada do pedestre";"Atropelamento de Pedestre";"Com Vítimas Feridas";"Pleno dia";"Crescente";"Céu Claro";"Simples";"Reta";"Não";5;0;0;1;3;1;1;2;-6,169488;-35,76115;"SPRF-RN";"DEL01-RN";"UOP02-DEL01-RN"
588868;2024-02-06;"terça-feira";"08:55:00";"SP";116;222;"GUARULHOS";"Condutor deixou de manter distância do veículo da frente";"Colisão lateral mesmo sentido";"Com Vítimas Feridas";"Pleno dia";"Crescente";"Céu Claro";"Múltipla";"Reta";"Sim";3;0;2;0;1;0;2;2;-23,47093408;-46,51631097;"SPRF-SP";"DEL01-SP";"UOP01-DEL01-SP"
588961;2024-02-01;"quinta-feira";"07:50:00";"SC";470;53,4;"BLUMENAU";"Manobra de mudança de faixa";"Colisão lateral mesmo sentido";"Com Vítimas Feridas";"Pleno dia";"Crescente";"Céu Claro";"Simples";"Em Obras;Reta                 ";"Não";3;0;1;0;1;1;1;3;-26,867121;-49,102066;"SPRF-SC";"DEL04-SC";"UOP01-DEL04-SC"
588982;2024-01-04;"quinta-feira";"18:15:00";"RJ";101;282;"ITABORAI";"Pedestre cruzava a pista fora da faixa";"Atropelamento de Pedestre";"Com Vítimas Feridas";"Anoitecer";"Crescente";"Céu Claro";"Dupla";"Reta";"Não";3;0;0;3;0;0;3;2;-22,7371391;-42,79664601;"SPRF-RJ";"DEL02-RJ";"UOP02-DEL02-RJ"
588997;2024-02-22;"quinta-feira";"10:22:00";"BA";324;621;"SALVADOR";"Acessar a via sem observar a presença dos outros veículos";"Queda de ocupante de veículo";"Com Vítimas Feridas";"Pleno dia";"Decrescente";"Céu Claro";"Dupla";"Curva";"Sim";2;0;1;0;1;0;1;2;-12,91233708;-38,45956983;"SPRF-BA";"DEL01-BA";"UOP01-DEL01-BA"
589072;2024-02-21;"quarta-feira";"07:10:00";"PR";376;184;"SARANDI";"Manobra de mudança de faixa";"Colisão lateral mesmo sentido";"Com Vítimas Feridas";"Pleno dia";"Decrescente";"Ignorado";"Dupla";"Declive";"Sim";2;0;1;0;0;1;1;2;-23,44178962;-51,87048912;"SPRF-PR";"DEL09-PR";"UOP01-DEL09-PR"
589169;2024-02-13;"terça-feira";"00:20:00";"PR";116;86;"PIRAQUARA";"Acessar a via sem observar a presença dos outros veículos";"Colisão traseira";"Com Vítimas Feridas";"Plena Noite";"Crescente";"Céu Claro";"Múltipla";"Interseção de Vias";"Sim";2;0;0;1;1;0;1;2;-25,46449003;-49,09006834;"SPRF-PR";"DEL01-PR";"UOP07-DEL01-PR"
589414;2024-02-16;"sexta-feira";"22:00:00";"PI";343;306,5;"ALTOS";"Acessar a via sem observar a presença dos outros veículos";"Colisão transversal";"Com Vítimas Feridas";"Plena Noite";"Crescente";"Céu Claro";"Simples";"Reta";"Sim";2;0;0;1;0;1;1;2;-5,03904;-42,453479;"SPRF-PI";"DEL01-PI";"UOP01-DEL01-PI"
589423;2024-02-29;"quinta-feira";"16:30:00";"PR";277;105;"CAMPO LARGO";"Reação tardia ou ineficiente do condutor";"Atropelamento de Pedestre";"Com Vítimas Feridas";"Pleno dia";"Crescente";"Céu Claro";"Dupla";"Aclive";"Sim";1;0;0;1;0;0;1;1;-25,48824692;-49,34581481;"SPRF-PR";"DEL01-PR";"UOP06-DEL01-PR"